{
"type": "FeatureCollection",
"name": "outline",
"crs": { "type": "name", "properties": { "name": "urn:ogc:def:crs:OGC:1.3:CRS84" } },
"xy_coordinate_resolution": 1e-05,
"features": [
{"type":"Feature","properties":{},"geometry":{"type":"MultiPolygon","coordinates":[[[[73.93018,31.24348],[73.92977,31.24275],[73.92809,31.2431],[73.92746,31.24272],[73.92597,31.24298],[73.92536,31.24254],[73.92515,31.24308],[73.92242,31.24323],[73.92242,31.24251],[73.92201,31.24233],[73.92136,31.24341],[73.92074,31.24268],[73.9199,31.24285],[73.91989,31.24357],[73.92052,31.2434],[73.92114,31.24431],[73.9243,31.24343],[73.92577,31.2438],[73.92641,31.24327],[73.92661,31.24381],[73.92618,31.24435],[73.9266,31.24453],[73.92745,31.24346],[73.92829,31.244],[73.92913,31.24347],[73.92849,31.24437],[73.92912,31.24509],[73.92828,31.24509],[73.92743,31.2458],[73.92826,31.24617],[73.92869,31.24545],[73.92909,31.24708],[73.92994,31.24618],[73.93018,31.24348]]],[[[73.92003,31.24953],[73.91816,31.24969],[73.91993,31.2501],[73.92027,31.25055],[73.92001,31.25163],[73.92064,31.25152],[73.92127,31.25207],[73.92148,31.25135],[73.92107,31.2508],[73.92044,31.25098],[73.92065,31.25062],[73.92003,31.24953]]],[[[73.91832,31.25279],[73.91999,31.25386],[73.92041,31.25368],[73.9202,31.25322],[73.91832,31.25279]]],[[[73.92166,31.2546],[73.9185,31.25511],[73.91808,31.25493],[73.91809,31.2542],[73.91893,31.25439],[73.91915,31.25367],[73.91789,31.25312],[73.91725,31.25384],[73.91724,31.2551],[73.91703,31.25492],[73.91598,31.25491],[73.91578,31.25419],[73.91704,31.25383],[73.91663,31.25329],[73.91685,31.25239],[73.91581,31.25148],[73.91538,31.2522],[73.91601,31.25274],[73.91538,31.25292],[73.91472,31.25472],[73.91765,31.25521],[73.91934,31.25602],[73.92509,31.25645],[73.92518,31.25678],[73.92645,31.2579],[73.92417,31.25516],[73.92166,31.2546]]],[[[73.90962,31.26063],[73.90941,31.26009],[73.90794,31.26007],[73.90919,31.26081],[73.90962,31.26063]]],[[[73.91841,31.26269],[73.91988,31.2627],[73.91947,31.26198],[73.91841,31.26269]]],[[[73.89069,31.26245],[73.89007,31.26154],[73.88814,31.26156],[73.88855,31.26223],[73.88966,31.26243],[73.88854,31.26282],[73.88914,31.26335],[73.88878,31.2637],[73.89047,31.26317],[73.89069,31.26245]]],[[[73.90308,31.26292],[73.9037,31.26329],[73.90455,31.26239],[73.90308,31.26292]]],[[[73.91758,31.26214],[73.91674,31.26213],[73.91694,31.2634],[73.91609,31.26411],[73.91629,31.26466],[73.91692,31.26484],[73.91777,31.26377],[73.91758,31.26214]]],[[[73.91083,31.26443],[73.91126,31.26389],[73.91043,31.26298],[73.91,31.2637],[73.91083,31.26443]]],[[[73.90348,31.26437],[73.90305,31.26563],[73.90409,31.266],[73.90473,31.26492],[73.90348,31.26437]]],[[[73.8938,31.26555],[73.89443,31.26609],[73.89445,31.26429],[73.89382,31.26446],[73.8938,31.26555]]],[[[73.91312,31.26625],[73.91396,31.26662],[73.9146,31.26536],[73.91312,31.26625]]],[[[73.90135,31.26669],[73.90114,31.26723],[73.90219,31.26724],[73.9024,31.26652],[73.90135,31.26669]]],[[[73.93286,31.26732],[73.93244,31.2666],[73.93286,31.2666],[73.93348,31.26787],[73.93411,31.26805],[73.93454,31.26679],[73.93349,31.26678],[73.93308,31.26606],[73.93224,31.26641],[73.93182,31.26605],[73.93139,31.26659],[73.93286,31.26732]]],[[[73.92132,31.26614],[73.91941,31.26775],[73.91961,31.26874],[73.92132,31.26614]]],[[[73.90071,31.26852],[73.90425,31.27026],[73.90363,31.26978],[73.90426,31.26943],[73.90427,31.2687],[73.903,31.26941],[73.9028,31.26887],[73.90175,31.26868],[73.90155,31.26742],[73.90009,31.26722],[73.89988,31.26668],[73.89946,31.26704],[73.89946,31.2665],[73.89904,31.26667],[73.89884,31.26613],[73.89773,31.26737],[73.90071,31.26852]]],[[[73.91456,31.26897],[73.91289,31.26806],[73.91269,31.26751],[73.91205,31.26769],[73.91206,31.26697],[73.9108,31.26695],[73.91039,31.26641],[73.90954,31.26676],[73.90951,31.27001],[73.91182,31.26985],[73.91202,31.27039],[73.91329,31.26968],[73.91434,31.26969],[73.91456,31.26897]],[[73.91183,31.26913],[73.91183,31.26877],[73.91267,31.26878],[73.91183,31.26913]]],[[[73.90448,31.26853],[73.90447,31.26961],[73.9049,31.26889],[73.9051,31.26961],[73.90552,31.26944],[73.90554,31.26781],[73.90511,31.26871],[73.90448,31.26853]]],[[[73.90657,31.26999],[73.9068,31.26818],[73.90574,31.26854],[73.90657,31.26999]]],[[[73.92398,31.27176],[73.92461,31.27176],[73.92566,31.27249],[73.92523,31.27303],[73.92628,31.27322],[73.92776,31.27215],[73.92693,31.27106],[73.9282,31.27053],[73.92842,31.26981],[73.92738,31.2689],[73.92822,31.26836],[73.92948,31.2691],[73.92905,31.26963],[73.92925,31.27072],[73.93093,31.27019],[73.9299,31.26874],[73.93075,31.26784],[73.93159,31.26821],[73.93159,31.26767],[73.93076,31.26712],[73.93076,31.26676],[73.93118,31.26713],[73.93139,31.26677],[73.93056,31.26604],[73.93078,31.2655],[73.93182,31.26605],[73.9312,31.26478],[73.92995,31.26459],[73.92952,31.26549],[73.92903,31.26512],[73.92908,31.26657],[73.92992,31.26693],[73.9297,31.26784],[73.92928,31.26801],[73.92949,31.26747],[73.92887,31.26729],[73.92882,31.26656],[73.92363,31.27151],[73.92246,31.27304],[73.92207,31.27373],[73.92207,31.27391],[73.9227,31.27409],[73.92228,31.27337],[73.92398,31.27176]],[[73.92758,31.2698],[73.92778,31.27035],[73.92715,31.27034],[73.92758,31.2698]],[[73.92653,31.26979],[73.9259,31.26979],[73.92611,31.26943],[73.92674,31.26943],[73.92653,31.26979]],[[73.92629,31.2725],[73.92586,31.27268],[73.92566,31.27195],[73.92629,31.2725]]],[[[73.92275,31.26958],[73.92274,31.27065],[73.92417,31.26869],[73.92275,31.26958]]],[[[73.92106,31.27047],[73.92086,31.26957],[73.92211,31.26994],[73.92339,31.2685],[73.92184,31.26885],[73.92139,31.26937],[73.92071,31.26959],[73.91691,31.27164],[73.91609,31.27223],[73.91811,31.27135],[73.91894,31.27172],[73.91895,31.27135],[73.92106,31.27047]]],[[[73.92241,31.27084],[73.92211,31.2703],[73.92148,31.27029],[73.92125,31.27155],[73.91978,31.27154],[73.91915,31.27208],[73.91978,31.27208],[73.91977,31.27255],[73.92241,31.27084]]],[[[73.91787,31.27317],[73.91893,31.27289],[73.91831,31.27207],[73.91704,31.27278],[73.91787,31.27317]]],[[[73.92124,31.2748],[73.92184,31.27517],[73.92186,31.27382],[73.92115,31.27434],[73.92124,31.2748]]],[[[73.91911,31.27569],[73.92017,31.27479],[73.92079,31.27516],[73.92083,31.27468],[73.92049,31.27454],[73.91888,31.27549],[73.91511,31.27637],[73.91553,31.27638],[73.91573,31.27728],[73.91594,31.27674],[73.91911,31.27569]]],[[[73.91447,31.27691],[73.9132,31.27816],[73.91445,31.27835],[73.9153,31.27764],[73.9151,31.27692],[73.91447,31.27691]]],[[[73.91781,31.27892],[73.91718,31.27838],[73.91738,31.27928],[73.91696,31.27964],[73.91863,31.28019],[73.91885,31.27983],[73.91801,31.27947],[73.91803,31.27838],[73.91781,31.27892]]],[[[73.89339,31.28323],[73.89362,31.28655],[73.89462,31.28594],[73.89524,31.28613],[73.89439,31.28757],[73.89628,31.28758],[73.89566,31.28667],[73.89651,31.28596],[73.89734,31.28615],[73.89649,31.28704],[73.89648,31.28813],[73.89606,31.28848],[73.89753,31.28868],[73.89754,31.28777],[73.89796,31.28778],[73.89773,31.2894],[73.89836,31.2894],[73.89877,31.29013],[73.89919,31.29013],[73.89899,31.28941],[73.89962,31.28887],[73.89899,31.28905],[73.89942,31.28851],[73.89838,31.2876],[73.90006,31.28725],[73.90027,31.28798],[73.89984,31.28852],[73.90047,31.2887],[73.9009,31.2878],[73.90048,31.28762],[73.90049,31.2869],[73.90238,31.28673],[73.90173,31.28871],[73.89982,31.28978],[73.90066,31.28997],[73.9013,31.28925],[73.90148,31.2916],[73.9007,31.29195],[73.90326,31.29269],[73.90388,31.29272],[73.90358,31.29307],[73.90236,31.29268],[73.90482,31.29396],[73.90441,31.29307],[73.90399,31.2927],[73.90378,31.2927],[73.90379,31.29198],[73.9059,31.29163],[73.9059,31.29127],[73.90485,31.29163],[73.90528,31.29019],[73.90569,31.29091],[73.90695,31.2911],[73.90589,31.29218],[73.90756,31.29345],[73.9084,31.29328],[73.9082,31.29274],[73.90946,31.29275],[73.90946,31.29221],[73.91008,31.29311],[73.91051,31.29203],[73.91114,31.29204],[73.91092,31.29294],[73.90924,31.29365],[73.90924,31.29381],[73.91094,31.29302],[73.91296,31.29041],[73.9142,31.28722],[73.91503,31.28684],[73.91729,31.28716],[73.91499,31.2863],[73.91564,31.28522],[73.91523,31.28432],[73.91333,31.28448],[73.91334,31.28358],[73.91398,31.28322],[73.91356,31.28268],[73.91293,31.28267],[73.91312,31.28466],[73.91249,31.28483],[73.91252,31.28195],[73.91462,31.28196],[73.9144,31.28268],[73.91503,31.28269],[73.91483,31.28197],[73.91568,31.28125],[73.91528,31.27998],[73.9155,31.27854],[73.91508,31.27836],[73.91508,31.27908],[73.91424,31.27853],[73.91381,31.27943],[73.91276,31.27942],[73.91235,31.2787],[73.91341,31.27744],[73.91217,31.27635],[73.9109,31.27652],[73.9107,31.27616],[73.91091,31.27562],[73.91511,31.27627],[73.91553,31.27596],[73.91008,31.27543],[73.91049,31.27597],[73.90902,31.27578],[73.90859,31.27632],[73.90776,31.27595],[73.90502,31.27647],[73.90482,31.27611],[73.90545,31.27539],[73.90272,31.27537],[73.90019,31.27607],[73.90062,31.27553],[73.90042,31.27445],[73.89559,31.27404],[73.89539,31.2735],[73.89665,31.27369],[73.8954,31.27296],[73.89603,31.27242],[73.89918,31.27245],[73.89982,31.27173],[73.90192,31.27175],[73.90317,31.27284],[73.90652,31.27432],[73.90483,31.27466],[73.90713,31.2754],[73.90995,31.27543],[73.90882,31.27533],[73.90596,31.27393],[73.90007,31.27051],[73.89899,31.27082],[73.89711,31.27009],[73.89859,31.26974],[73.89837,31.2701],[73.89921,31.27046],[73.89943,31.26974],[73.90007,31.26991],[73.8992,31.2695],[73.89623,31.27029],[73.89239,31.27415],[73.89328,31.27456],[73.89201,31.27546],[73.89199,31.27672],[73.89151,31.27653],[73.89085,31.27887],[73.89132,31.27996],[73.89238,31.27961],[73.89216,31.28015],[73.89083,31.28068],[73.89083,31.28125],[73.89109,31.28178],[73.89194,31.28123],[73.89193,31.28195],[73.89151,31.28177],[73.89162,31.28281],[73.89339,31.28323]],[[73.8911,31.28086],[73.89173,31.28105],[73.89173,31.28123],[73.89089,31.28122],[73.8911,31.28086]],[[73.89662,31.27604],[73.89724,31.27749],[73.8962,31.27603],[73.89557,31.27621],[73.89557,31.27585],[73.89662,31.27604]],[[73.89702,31.27802],[73.89785,31.27857],[73.89639,31.2782],[73.89702,31.27766],[73.89702,31.27802]],[[73.90522,31.27719],[73.90523,31.27683],[73.90691,31.27703],[73.90626,31.27792],[73.90522,31.27719]],[[73.90922,31.27651],[73.90922,31.27669],[73.90838,31.27686],[73.90838,31.2765],[73.90922,31.27651]],[[73.90775,31.27685],[73.90775,31.27667],[73.90817,31.27668],[73.90775,31.27685]],[[73.89409,31.27674],[73.8941,31.27638],[73.89452,31.27638],[73.89472,31.27674],[73.89409,31.27674]],[[73.89494,31.27638],[73.89494,31.27656],[73.89473,31.27656],[73.89494,31.27638]],[[73.89367,31.27709],[73.89471,31.27764],[73.89387,31.27764],[73.89367,31.27709]],[[73.89492,31.27801],[73.89576,31.27801],[73.89554,31.27837],[73.89492,31.27801]],[[73.89471,31.27819],[73.89512,31.27873],[73.89427,31.27926],[73.89386,31.27854],[73.89471,31.27819]],[[73.89302,31.27889],[73.89365,31.2789],[73.89343,31.27962],[73.89302,31.27889]],[[73.89385,31.27926],[73.89364,31.27926],[73.89365,31.27908],[73.89385,31.27926]],[[73.89596,31.2791],[73.89616,31.27946],[73.8949,31.27963],[73.8949,31.27927],[73.89596,31.2791]],[[73.90388,31.28404],[73.90285,31.28259],[73.902,31.28312],[73.90202,31.28168],[73.90118,31.28185],[73.90224,31.28096],[73.90161,31.28077],[73.9014,31.28113],[73.9014,31.28059],[73.90246,31.2797],[73.90247,31.27933],[73.90183,31.27951],[73.90163,31.27915],[73.90394,31.27953],[73.91108,31.27941],[73.91065,31.28031],[73.91107,31.28049],[73.91128,31.27995],[73.91149,31.28049],[73.91106,31.28121],[73.90937,31.2821],[73.90893,31.2839],[73.90851,31.28354],[73.90808,31.28407],[73.90786,31.28516],[73.90849,31.28534],[73.90827,31.28606],[73.90702,31.28569],[73.90722,31.28623],[73.90658,31.28659],[73.9068,31.28605],[73.90661,31.28478],[73.90703,31.28461],[73.90388,31.28404]],[[73.90595,31.2873],[73.90678,31.28767],[73.90698,31.28876],[73.90634,31.28965],[73.90571,31.28947],[73.90572,31.28893],[73.90487,31.28946],[73.9053,31.28856],[73.90614,31.28857],[73.90615,31.28821],[73.90531,31.28802],[73.90574,31.28712],[73.90469,31.28711],[73.90449,31.28603],[73.90639,31.2855],[73.90617,31.28586],[73.90659,31.28623],[73.90595,31.2873]],[[73.91163,31.28681],[73.91164,31.28573],[73.91248,31.28592],[73.91226,31.28682],[73.91163,31.28681]],[[73.90825,31.28805],[73.90826,31.28714],[73.90953,31.28661],[73.90972,31.28842],[73.90908,31.28859],[73.9093,31.28823],[73.90825,31.28805]],[[73.91416,31.28575],[73.91311,31.28556],[73.91437,31.28539],[73.91459,31.28485],[73.9148,31.28521],[73.91416,31.28575]],[[73.9108,31.2859],[73.91038,31.28536],[73.91101,31.28536],[73.9108,31.2859]],[[73.89799,31.28489],[73.89756,31.28561],[73.89693,31.2856],[73.8961,31.28469],[73.89422,31.28396],[73.89422,31.28359],[73.89485,31.28378],[73.89485,31.2836],[73.89403,31.28251],[73.89571,31.28234],[73.89591,31.28289],[73.89527,31.28378],[73.89652,31.28452],[73.89717,31.28308],[73.89634,31.28235],[73.89698,31.28163],[73.89799,31.28489]],[[73.89653,31.2838],[73.8959,31.28361],[73.89612,31.28289],[73.89653,31.2838]],[[73.9024,31.28493],[73.90323,31.28602],[73.90217,31.28655],[73.90155,31.286],[73.9022,31.28438],[73.90157,31.28384],[73.90262,31.28403],[73.9024,31.28493]],[[73.90366,31.28476],[73.90429,31.28476],[73.90408,31.28548],[73.90345,31.2853],[73.90366,31.28476]],[[73.89926,31.284],[73.89968,31.284],[73.89946,31.28454],[73.89926,31.284]],[[73.90235,31.28944],[73.90257,31.28854],[73.90299,31.28872],[73.90298,31.28926],[73.90235,31.28944]],[[73.91139,31.28934],[73.91117,31.29024],[73.91096,31.29023],[73.91096,31.28951],[73.91139,31.28934]],[[73.9099,31.29041],[73.90991,31.28986],[73.91054,31.29005],[73.91075,31.28969],[73.91053,31.29041],[73.9099,31.29041]],[[73.90583,31.279],[73.90499,31.279],[73.90563,31.2781],[73.90626,31.27865],[73.90583,31.279]],[[73.89878,31.271],[73.89878,31.27154],[73.89794,31.27154],[73.89815,31.271],[73.89878,31.271]],[[73.90863,31.29166],[73.90863,31.29112],[73.90926,31.2913],[73.90905,31.29184],[73.90863,31.29166]],[[73.90778,31.29255],[73.90735,31.29273],[73.90715,31.29219],[73.90778,31.29255]],[[73.90337,31.29197],[73.90336,31.29252],[73.90211,31.29196],[73.90337,31.29197]]],[[[73.88737,31.29436],[73.8878,31.29382],[73.8876,31.29274],[73.88634,31.29309],[73.8855,31.29254],[73.88593,31.29218],[73.88552,31.29128],[73.88574,31.29038],[73.88656,31.29093],[73.8857,31.28971],[73.88549,31.28808],[73.88696,31.28647],[73.88744,31.28351],[73.88828,31.28159],[73.88856,31.27719],[73.88803,31.27678],[73.88856,31.27652],[73.88839,31.27452],[73.88907,31.27054],[73.89067,31.26879],[73.89258,31.26773],[73.89605,31.26755],[73.89653,31.26696],[73.89295,31.2668],[73.89315,31.26716],[73.89252,31.26752],[73.89147,31.26733],[73.89062,31.26859],[73.88999,31.26858],[73.88977,31.26948],[73.88873,31.26855],[73.88835,31.26929],[73.88934,31.27002],[73.88849,31.27037],[73.88712,31.27205],[73.88588,31.27252],[73.88778,31.27042],[73.8883,31.26839],[73.88788,31.26874],[73.88789,31.26802],[73.8896,31.26551],[73.8917,31.26571],[73.89232,31.26626],[73.89119,31.26437],[73.89013,31.26399],[73.88919,31.26497],[73.88918,31.26559],[73.88596,31.26776],[73.88598,31.26999],[73.88578,31.26909],[73.88432,31.26835],[73.88493,31.26962],[73.88535,31.26944],[73.88464,31.27214],[73.88532,31.27215],[73.8851,31.27323],[73.88448,31.27268],[73.88384,31.27286],[73.88362,31.2743],[73.8832,31.27394],[73.88277,31.27501],[73.88171,31.27555],[73.88248,31.27585],[73.88166,31.27699],[73.88122,31.27686],[73.88159,31.27573],[73.88129,31.27572],[73.88063,31.27842],[73.87978,31.27878],[73.87977,31.28004],[73.88081,31.28077],[73.88016,31.28239],[73.88172,31.29269],[73.88233,31.29414],[73.8821,31.29576],[73.8896,31.30142],[73.89064,31.30269],[73.89189,31.3036],[73.89252,31.30343],[73.89293,31.30452],[73.89439,31.30561],[73.89479,31.30706],[73.89626,31.30689],[73.89731,31.30744],[73.89627,31.30653],[73.89648,31.30599],[73.89753,31.30618],[73.89753,31.30654],[73.89816,31.306],[73.89858,31.30655],[73.89942,31.3062],[73.89901,31.30583],[73.89986,31.30494],[73.89902,31.30511],[73.89903,31.30367],[73.8984,31.30366],[73.89861,31.3042],[73.89693,31.30401],[73.89694,31.30311],[73.89652,31.30292],[73.89651,31.30346],[73.89588,31.30346],[73.89547,31.30255],[73.89379,31.30254],[73.89484,31.30309],[73.89399,31.30362],[73.89294,31.30343],[73.89337,31.30253],[73.89275,31.30181],[73.89338,31.30163],[73.8936,31.30073],[73.89319,31.30001],[73.89318,31.30073],[73.89255,31.30054],[73.89214,31.29964],[73.89257,31.29928],[73.89236,31.29892],[73.89152,31.29945],[73.89172,31.29981],[73.88983,31.29962],[73.89005,31.29926],[73.89089,31.29945],[73.89238,31.29783],[73.89364,31.29785],[73.89301,31.2973],[73.89344,31.29676],[73.89427,31.29749],[73.89533,31.29714],[73.89574,31.2975],[73.89554,31.29642],[73.89449,31.29641],[73.89471,31.29587],[73.89408,31.29586],[73.8943,31.29532],[73.89367,31.29532],[73.89345,31.29586],[73.89241,31.29531],[73.89262,31.29495],[73.89158,31.2944],[73.89179,31.29386],[73.89116,31.29385],[73.89094,31.29439],[73.88843,31.29383],[73.88737,31.29436]],[[73.88988,31.29583],[73.88988,31.29529],[73.89178,31.29494],[73.89219,31.29531],[73.89198,31.29603],[73.88988,31.29583]],[[73.88757,31.29509],[73.88799,31.29545],[73.88756,31.29599],[73.8863,31.29616],[73.88757,31.29509]],[[73.89049,31.29728],[73.89008,31.29637],[73.89113,31.29692],[73.89239,31.29621],[73.89281,31.29639],[73.89259,31.29748],[73.89196,31.29747],[73.89238,31.29711],[73.89218,31.29675],[73.89049,31.29728]],[[73.88796,31.29798],[73.88712,31.29797],[73.88734,31.29725],[73.88797,31.29744],[73.88796,31.29798]],[[73.88944,31.29727],[73.88985,31.29781],[73.88922,31.29781],[73.88944,31.29727]],[[73.88795,31.2987],[73.88837,31.29852],[73.88857,31.29943],[73.88815,31.29942],[73.88795,31.2987]],[[73.8944,31.30417],[73.89503,31.30435],[73.89503,31.30453],[73.8944,31.30417]],[[73.89419,31.30453],[73.89419,31.30435],[73.8944,31.30435],[73.89419,31.30453]],[[73.8948,31.30579],[73.89565,31.30508],[73.89545,31.30454],[73.89608,31.30436],[73.89712,31.30509],[73.89712,31.30545],[73.8948,31.30579]],[[73.88429,31.28838],[73.88282,31.28837],[73.88282,31.28801],[73.88346,31.28747],[73.8843,31.28802],[73.88514,31.28767],[73.88512,31.28965],[73.88574,31.2902],[73.88449,31.28965],[73.88405,31.29091],[73.88343,31.29],[73.88429,31.28838]],[[73.88684,31.28588],[73.88641,31.28696],[73.88472,31.2873],[73.88453,31.28622],[73.88536,31.28659],[73.8858,31.28533],[73.88684,31.28588]],[[73.88538,31.2855],[73.88474,31.28586],[73.88496,31.2855],[73.88454,31.28514],[73.88538,31.2855]],[[73.88434,31.28441],[73.88477,31.28333],[73.88602,31.28407],[73.88601,31.28479],[73.88517,31.28496],[73.88434,31.28441]],[[73.88433,31.28549],[73.88327,31.28603],[73.88349,31.28531],[73.88433,31.28549]],[[73.88183,31.28313],[73.88183,31.28349],[73.8812,31.2833],[73.88119,31.28402],[73.881,31.28276],[73.88183,31.28313]],[[73.8816,31.28457],[73.88118,31.28456],[73.88119,31.28402],[73.8816,31.28457]],[[73.88287,31.28404],[73.88203,31.28385],[73.88204,31.28349],[73.88287,31.28404]],[[73.88773,31.28173],[73.88709,31.28263],[73.8871,31.28209],[73.88773,31.28173]],[[73.88711,31.28119],[73.88688,31.28245],[73.88563,31.2819],[73.88585,31.28118],[73.88711,31.28119]],[[73.88588,31.27829],[73.88756,31.27848],[73.88715,31.2774],[73.88757,31.27722],[73.8882,31.27741],[73.88756,31.27867],[73.88797,31.27921],[73.88795,31.28138],[73.88732,31.28065],[73.8869,31.28082],[73.88754,31.27993],[73.88588,31.27829]],[[73.88295,31.277],[73.88358,31.27701],[73.88399,31.27791],[73.88274,31.27772],[73.88295,31.277]],[[73.88465,31.27593],[73.88507,31.27594],[73.88548,31.27648],[73.88485,31.27702],[73.88465,31.27593]],[[73.88544,31.28027],[73.88396,31.28062],[73.88354,31.28043],[73.88418,31.27972],[73.88334,31.27989],[73.88333,31.28079],[73.88165,31.28042],[73.88293,31.27935],[73.88294,31.27863],[73.88377,31.27917],[73.88378,31.27845],[73.8842,31.27828],[73.88504,31.27846],[73.8844,31.27936],[73.88565,31.27973],[73.88544,31.28027]],[[73.88824,31.27434],[73.88803,31.27434],[73.88761,31.27379],[73.88804,31.27326],[73.88784,31.27253],[73.88826,31.2729],[73.88824,31.27434]],[[73.88616,31.2727],[73.887,31.27234],[73.88699,31.27289],[73.88615,31.27306],[73.88616,31.2727]]],[[[73.93257,31.29296],[73.93549,31.29101],[73.93869,31.29029],[73.93764,31.29028],[73.93828,31.28956],[73.93933,31.28975],[73.93996,31.28921],[73.94038,31.28958],[73.93932,31.2902],[73.94226,31.29049],[73.94353,31.29014],[73.94417,31.28925],[73.94333,31.28906],[73.94248,31.28978],[73.94228,31.28905],[73.94165,31.28887],[73.94206,31.28959],[73.94121,31.29031],[73.94059,31.28922],[73.94102,31.28868],[73.93998,31.28795],[73.93913,31.28848],[73.93787,31.28847],[73.93831,31.28721],[73.93746,31.28775],[73.93601,31.28611],[73.93602,31.28539],[73.93538,31.28557],[73.93581,31.28503],[73.93477,31.2843],[73.93498,31.28376],[73.93393,31.28411],[73.93289,31.28302],[73.93353,31.28194],[73.93501,31.28177],[73.9348,31.28105],[73.93417,31.28105],[73.93418,31.2805],[73.93229,31.28013],[73.93333,31.28122],[73.9329,31.28194],[73.93248,31.28193],[73.93207,31.28085],[73.93123,31.28084],[73.93185,31.28175],[73.93123,31.28156],[73.93101,31.2821],[73.93018,31.28137],[73.93166,31.27994],[73.93168,31.27832],[73.93316,31.27779],[73.93275,31.27688],[73.93401,31.27689],[73.93276,31.27634],[73.93235,31.27508],[73.933,31.27292],[73.93364,31.27256],[73.93343,31.27202],[73.93428,31.2713],[73.93388,31.27004],[73.93451,31.26968],[73.9341,31.26914],[73.93432,31.26823],[73.93368,31.26913],[73.93263,31.26912],[73.93284,31.26858],[73.93368,31.26859],[73.93306,31.26768],[73.93264,31.26786],[73.93263,31.26858],[73.93158,31.26839],[73.9322,31.26948],[73.93136,31.27001],[73.93156,31.27056],[73.93029,31.27145],[73.92945,31.27144],[73.92923,31.27216],[73.92796,31.27269],[73.92838,31.27342],[73.92732,31.27359],[73.92752,31.27485],[73.92709,31.27539],[73.92562,31.27538],[73.92604,31.27574],[73.92582,31.27628],[73.92456,31.27645],[73.92501,31.27411],[73.92438,31.27375],[73.92396,31.27374],[73.92417,31.2741],[73.92353,31.27464],[73.92248,31.27445],[73.92268,31.27536],[73.92374,31.275],[73.92225,31.27607],[73.9235,31.27735],[73.92349,31.27789],[73.92266,31.27698],[73.92244,31.27788],[73.9212,31.27625],[73.92015,31.27624],[73.91991,31.27894],[73.92034,31.2784],[73.92032,31.27967],[73.91926,31.2802],[73.91904,31.28128],[73.9182,31.28127],[73.91862,31.28182],[73.91714,31.28253],[73.91755,31.28325],[73.91691,31.28361],[73.91775,31.28416],[73.91606,31.2845],[73.91647,31.28559],[73.91689,31.28541],[73.9169,31.28469],[73.91773,31.28542],[73.91688,31.28631],[73.91793,31.28668],[73.91813,31.28758],[73.91916,31.28812],[73.91939,31.28724],[73.91856,31.28651],[73.91962,31.28616],[73.91981,31.2876],[73.92147,31.28978],[73.92189,31.28978],[73.92189,31.28924],[73.92106,31.28833],[73.92108,31.28725],[73.9215,31.28689],[73.92233,31.28744],[73.92234,31.28708],[73.9213,31.28617],[73.92235,31.28618],[73.9232,31.28546],[73.92317,31.28817],[73.92358,31.28872],[73.92273,31.28997],[73.92335,31.29034],[73.92312,31.29208],[73.92442,31.29421],[73.9252,31.2945],[73.92498,31.29488],[73.92622,31.29704],[73.92747,31.29741],[73.92832,31.29706],[73.9281,31.29814],[73.92768,31.29813],[73.92768,31.29759],[73.92663,31.29758],[73.92717,31.29959],[73.92649,31.30108],[73.92328,31.30237],[73.92295,31.30265],[73.92285,31.30281],[73.92405,31.30243],[73.92447,31.30298],[73.92425,31.3037],[73.92613,31.30444],[73.92612,31.30534],[73.92423,31.3055],[73.92382,31.30496],[73.92318,31.30531],[73.92386,31.30665],[73.92575,31.30686],[73.9276,31.30615],[73.9281,31.30572],[73.92738,31.30589],[73.92738,31.30571],[73.92802,31.30499],[73.92654,31.30534],[73.92656,31.30408],[73.92781,31.30463],[73.92762,31.30355],[73.92952,31.30212],[73.92993,31.30321],[73.92887,31.30374],[73.92908,31.30428],[73.92823,31.30481],[73.92823,31.30536],[73.92993,31.30355],[73.93016,31.29635],[73.93154,31.29402],[73.93109,31.29383],[73.93045,31.29437],[73.92983,31.2931],[73.93109,31.29329],[73.93111,31.29203],[73.93257,31.29296]],[[73.92982,31.29436],[73.93024,31.29455],[73.93022,31.29581],[73.9296,31.29544],[73.93002,31.29491],[73.92982,31.29436]],[[73.92812,31.29633],[73.92771,31.29507],[73.92813,31.29507],[73.92854,31.2958],[73.92812,31.29633]],[[73.92875,31.29652],[73.92854,31.29652],[73.92854,31.29616],[73.92875,31.29652]],[[73.9298,31.29599],[73.92958,31.29671],[73.92896,31.29652],[73.92918,31.29562],[73.9298,31.29599]],[[73.92932,31.30103],[73.92933,31.30013],[73.92975,31.3005],[73.92932,31.30103]],[[73.92742,31.30228],[73.92699,31.30264],[73.92637,31.30245],[73.92721,31.30192],[73.92742,31.30228]],[[73.92381,31.30586],[73.92465,31.30587],[73.92464,31.30623],[73.9238,31.30622],[73.92381,31.30586]],[[73.92648,31.29253],[73.92606,31.29271],[73.92459,31.29269],[73.92501,31.29216],[73.92627,31.29217],[73.92648,31.29253]],[[73.93281,31.28988],[73.93366,31.2897],[73.93344,31.2906],[73.93385,31.29097],[73.93299,31.2924],[73.93216,31.29222],[73.93258,31.29186],[73.9326,31.29005],[73.93219,31.28933],[73.93281,31.28988]],[[73.93469,31.29115],[73.93386,31.29061],[73.93407,31.29025],[73.93491,31.29043],[73.93469,31.29115]],[[73.93471,31.28935],[73.93513,31.28953],[73.93491,31.29007],[73.93407,31.28989],[73.93471,31.28935]],[[73.92818,31.2911],[73.92777,31.28947],[73.92819,31.29002],[73.92924,31.29021],[73.92818,31.2911]],[[73.93112,31.29094],[73.93238,31.29114],[73.93216,31.29149],[73.93112,31.29131],[73.93112,31.29094]],[[73.92989,31.28841],[73.9303,31.28913],[73.92968,31.28859],[73.9282,31.28875],[73.92821,31.28839],[73.92989,31.28841]],[[73.91941,31.28561],[73.91857,31.28579],[73.919,31.28471],[73.91941,31.28561]],[[73.93203,31.28446],[73.93287,31.28464],[73.93161,31.28481],[73.93203,31.28446]],[[73.92238,31.28329],[73.92237,31.28438],[73.92112,31.28346],[73.92155,31.28274],[73.92238,31.28329]],[[73.91859,31.2838],[73.91902,31.28344],[73.91943,31.28435],[73.9188,31.28435],[73.91859,31.2838]],[[73.92617,31.2826],[73.92597,31.28206],[73.92702,31.28171],[73.92723,31.28225],[73.92617,31.2826]],[[73.92891,31.28172],[73.92933,31.28155],[73.92954,31.28209],[73.92891,31.28208],[73.92891,31.28172]],[[73.92872,31.28046],[73.92934,31.28082],[73.92934,31.28119],[73.9285,31.281],[73.92872,31.28046]],[[73.92368,31.28024],[73.92262,31.28059],[73.92285,31.27933],[73.92348,31.27897],[73.92368,31.28024]],[[73.93104,31.27921],[73.92999,31.27957],[73.93022,31.27794],[73.93105,31.27867],[73.93104,31.27921]],[[73.92769,31.2781],[73.9277,31.27756],[73.92854,31.27757],[73.92894,31.27956],[73.92831,31.27937],[73.92832,31.27865],[73.92769,31.2781]],[[73.92643,31.27791],[73.92601,31.27827],[73.92621,31.27881],[73.92537,31.27899],[73.9258,31.27809],[73.92643,31.27791]],[[73.92221,31.27968],[73.92199,31.2804],[73.92137,31.28004],[73.9218,31.27932],[73.92221,31.27968]],[[73.92981,31.27704],[73.92897,31.27667],[73.92897,31.27631],[73.92981,31.27632],[73.92981,31.27704]],[[73.93026,31.27416],[73.93068,31.2738],[73.93131,31.27398],[73.93046,31.27452],[73.93026,31.27416]],[[73.9326,31.27111],[73.9328,31.27201],[73.93218,31.27165],[73.9326,31.27111]],[[73.93345,31.27057],[73.93303,31.27057],[73.9322,31.26966],[73.93325,31.27003],[73.93345,31.27057]]],[[[73.89525,31.29226],[73.89178,31.28676],[73.8898,31.28448],[73.88979,31.28554],[73.89041,31.28591],[73.88852,31.28607],[73.88857,31.28553],[73.88821,31.28632],[73.88614,31.2879],[73.88612,31.28953],[73.88727,31.29073],[73.89306,31.29227],[73.89516,31.29327],[73.89474,31.29298],[73.89496,31.29262],[73.89559,31.29263],[73.89558,31.29299],[73.8968,31.293],[73.89525,31.29226]],[[73.8933,31.29099],[73.89371,31.29117],[73.8935,31.29153],[73.89266,31.29152],[73.8933,31.29099]],[[73.89145,31.28754],[73.89102,31.28772],[73.89082,31.28717],[73.89145,31.28754]]],[[[73.88982,31.29248],[73.89027,31.2923],[73.88789,31.29152],[73.88982,31.29248]]],[[[73.89071,31.29296],[73.89,31.29293],[73.8872,31.29149],[73.88782,31.2922],[73.88719,31.29238],[73.89159,31.29332],[73.892,31.29422],[73.89284,31.29387],[73.89305,31.29441],[73.89494,31.29425],[73.89071,31.29296]]],[[[73.89684,31.29301],[73.8981,31.29373],[73.89654,31.2939],[73.89905,31.294],[73.89684,31.29301]]],[[[73.9161,31.29802],[73.91694,31.29814],[73.91928,31.29716],[73.9218,31.29654],[73.92224,31.29592],[73.92374,31.29584],[73.9225,31.29317],[73.92084,31.29097],[73.91874,31.28961],[73.91662,31.28922],[73.91449,31.28975],[73.91386,31.29029],[73.91381,31.2908],[73.91432,31.29026],[73.91621,31.28992],[73.916,31.29046],[73.91662,31.29082],[73.91662,31.29136],[73.91535,31.2919],[73.91576,31.29244],[73.91534,31.29262],[73.91533,31.29316],[73.91681,31.29263],[73.91639,31.29317],[73.91784,31.29426],[73.91596,31.29389],[73.91658,31.29443],[73.91594,31.29515],[73.91532,31.29478],[73.9151,31.2955],[73.91551,31.29605],[73.91615,31.29551],[73.91762,31.29588],[73.91803,31.29661],[73.9174,31.29642],[73.91634,31.2975],[73.91529,31.29749],[73.91487,31.29694],[73.91509,31.2964],[73.91446,31.2964],[73.91466,31.29694],[73.91424,31.29694],[73.91383,31.29603],[73.91257,31.29584],[73.91237,31.2953],[73.91089,31.29565],[73.91006,31.29491],[73.90979,31.29514],[73.90993,31.29545],[73.9161,31.29802]],[[73.91844,31.29715],[73.91845,31.29625],[73.91928,31.29716],[73.91844,31.29715]],[[73.91868,31.29463],[73.91952,31.29464],[73.91951,31.29518],[73.91847,31.29499],[73.91868,31.29463]],[[73.92058,31.29428],[73.9212,31.29483],[73.92036,31.29482],[73.92058,31.29428]],[[73.921,31.29411],[73.921,31.29393],[73.92184,31.29375],[73.921,31.29411]],[[73.92079,31.29356],[73.921,31.29357],[73.921,31.29393],[73.92079,31.29356]],[[73.92019,31.29085],[73.9204,31.2914],[73.91977,31.29103],[73.91871,31.29192],[73.91893,31.29138],[73.91767,31.29065],[73.91831,31.29048],[73.9181,31.28993],[73.91873,31.28994],[73.91915,31.29066],[73.91873,31.29048],[73.91872,31.29084],[73.92019,31.29085]],[[73.91768,31.29029],[73.91768,31.29011],[73.9181,31.29011],[73.91768,31.29029]]],[[[73.91239,31.29313],[73.91197,31.29367],[73.91259,31.2944],[73.91343,31.29441],[73.91365,31.29387],[73.91259,31.29404],[73.91281,31.2935],[73.91239,31.29313]]],[[[73.90305,31.29558],[73.90429,31.29547],[73.90192,31.29506],[73.90305,31.29558]]],[[[73.93646,31.29381],[73.93418,31.29371],[73.93465,31.2947],[73.93507,31.29441],[73.93591,31.29495],[73.93463,31.29675],[73.93379,31.29656],[73.9338,31.29566],[73.93267,31.29814],[73.93484,31.2969],[73.93573,31.29558],[73.93646,31.29381]]],[[[73.90101,31.2961],[73.9014,31.29557],[73.90004,31.29503],[73.89704,31.29447],[73.8985,31.295],[73.89848,31.2968],[73.89933,31.29645],[73.89911,31.29735],[73.89974,31.29681],[73.89975,31.29591],[73.89913,31.29519],[73.9006,31.29538],[73.90101,31.2961]]],[[[73.90016,31.29736],[73.90121,31.29737],[73.90059,31.29646],[73.89996,31.29646],[73.90016,31.29736]]],[[[73.91084,31.29998],[73.91107,31.29854],[73.91254,31.29855],[73.91378,31.29946],[73.91306,31.29877],[73.91108,31.29766],[73.91128,31.29818],[73.91044,31.29817],[73.91065,31.29889],[73.91023,31.29889],[73.90939,31.29834],[73.90918,31.29701],[73.90628,31.29643],[73.90448,31.29667],[73.90186,31.29575],[73.90206,31.29629],[73.90332,31.29648],[73.90289,31.29702],[73.90373,31.29685],[73.90394,31.29739],[73.90457,31.29704],[73.90688,31.29742],[73.90687,31.2985],[73.90582,31.29831],[73.9056,31.29867],[73.90623,31.29886],[73.90622,31.29994],[73.90686,31.2994],[73.9079,31.30013],[73.90813,31.29869],[73.90939,31.2987],[73.9098,31.29961],[73.91084,31.29998]]],[[[73.89722,31.29697],[73.89721,31.29751],[73.89867,31.29897],[73.90014,31.29898],[73.89827,31.29716],[73.89722,31.29697]]],[[[73.90352,31.29757],[73.90287,31.29901],[73.90392,31.2992],[73.90455,31.29866],[73.90352,31.29757]]],[[[73.89595,31.29786],[73.89511,31.29786],[73.89447,31.29875],[73.89363,31.29821],[73.8932,31.2991],[73.89509,31.29894],[73.89508,31.29984],[73.89571,31.30021],[73.89613,31.29985],[73.89551,31.29894],[73.89595,31.29786]]],[[[73.92516,31.29841],[73.92454,31.29759],[73.92397,31.29721],[73.92348,31.2972],[73.92348,31.29792],[73.92432,31.29756],[73.92473,31.29847],[73.92263,31.29845],[73.92243,31.29773],[73.9232,31.2972],[73.9202,31.29782],[73.91936,31.29842],[73.92032,31.29789],[73.92136,31.2988],[73.92514,31.29901],[73.92534,31.29992],[73.9245,31.30045],[73.9247,31.30108],[73.92557,31.29997],[73.92516,31.29841]]],[[[73.91968,31.29897],[73.9182,31.2995],[73.91821,31.29885],[73.91708,31.29936],[73.9177,31.29965],[73.9174,31.30003],[73.91968,31.29951],[73.92009,31.30006],[73.9203,31.2997],[73.92093,31.29988],[73.92052,31.29952],[73.92073,31.29916],[73.91968,31.29897]]],[[[73.88436,31.30011],[73.88605,31.29976],[73.88584,31.29922],[73.88436,31.30011]]],[[[73.9146,31.30254],[73.91355,31.30235],[73.91439,31.30199],[73.91419,31.30109],[73.91357,31.30072],[73.91358,31.3],[73.91315,31.30036],[73.91232,31.29927],[73.91127,31.29926],[73.9119,31.29981],[73.91125,31.30106],[73.91188,31.30089],[73.91229,31.30252],[73.91166,31.30179],[73.91103,31.30214],[73.91124,31.3016],[73.90895,31.30032],[73.90896,31.2996],[73.90789,31.30085],[73.90831,31.30122],[73.90829,31.3023],[73.90893,31.30231],[73.90873,31.3014],[73.90999,31.30141],[73.90977,31.30195],[73.91039,31.3025],[73.90914,31.30231],[73.90976,31.30304],[73.90954,31.30339],[73.9108,31.30395],[73.91269,31.3036],[73.91374,31.30397],[73.91457,31.30506],[73.91479,31.30416],[73.91437,31.30362],[73.9148,31.30344],[73.91417,31.30307],[73.9146,31.30254]]],[[[73.91874,31.30453],[73.91941,31.30456],[73.91963,31.30366],[73.92176,31.30133],[73.92092,31.30096],[73.92006,31.3024],[73.92007,31.3015],[73.9184,31.30076],[73.91818,31.3013],[73.91881,31.30167],[73.91874,31.30453]]],[[[73.93604,31.32076],[73.93772,31.32059],[73.93752,31.32005],[73.93646,31.3204],[73.93626,31.31968],[73.93521,31.31985],[73.93521,31.31936],[73.9347,31.31985],[73.93604,31.32076]]],[[[73.93488,31.33067],[73.93342,31.32958],[73.93257,31.32975],[73.93258,31.32921],[73.93363,31.32904],[73.93447,31.32959],[73.93405,31.32886],[73.93427,31.32814],[73.93302,31.32741],[73.93282,31.32651],[73.93387,31.3267],[73.93346,31.32597],[73.93328,31.32272],[73.93435,31.32147],[73.93414,31.32092],[73.93499,31.32075],[73.93478,31.32021],[73.93207,31.32202],[73.92786,31.32112],[73.92707,31.32153],[73.92683,31.32374],[73.92705,31.32465],[73.92779,31.32484],[73.92674,31.32501],[73.92673,31.32555],[73.92715,31.32574],[73.92756,31.32737],[73.92818,31.32755],[73.92776,31.32827],[73.92649,31.32844],[73.92608,31.32789],[73.9263,31.32717],[73.92525,31.32699],[73.92483,31.32644],[73.92644,31.33259],[73.92686,31.33277],[73.92686,31.33349],[73.92811,31.33405],[73.92789,31.33459],[73.92852,31.33495],[73.92916,31.33424],[73.92999,31.33478],[73.93021,31.33406],[73.93063,31.33407],[73.93103,31.33588],[73.93166,31.33606],[73.93188,31.33498],[73.93147,31.3348],[73.93127,31.33353],[73.93488,31.33067]],[[73.92813,31.33206],[73.92772,31.33152],[73.92836,31.33098],[73.92898,31.33117],[73.92876,31.33207],[73.92813,31.33206]],[[73.93364,31.32868],[73.93174,31.32866],[73.93217,31.32795],[73.93364,31.32868]],[[73.92863,31.32485],[73.92969,31.3245],[73.9301,31.32522],[73.92968,31.32558],[73.93156,31.3265],[73.93156,31.32686],[73.93114,31.32667],[73.93071,31.32739],[73.93072,31.32649],[73.92967,31.32666],[73.92863,31.32485]],[[73.92781,31.32322],[73.92886,31.32341],[73.92865,31.32377],[73.92781,31.32322]],[[73.93097,31.32252],[73.93077,31.32216],[73.93161,31.32217],[73.93097,31.32252]]],[[[73.93736,31.33376],[73.938,31.33323],[73.93842,31.33341],[73.93843,31.33269],[73.93696,31.33232],[73.93634,31.33141],[73.93507,31.33194],[73.93527,31.33266],[73.93422,31.33283],[73.93442,31.33338],[73.93589,31.33375],[73.93526,31.33429],[73.93631,31.3343],[73.93713,31.33611],[73.93818,31.33612],[73.93881,31.33558],[73.93736,31.33376]]],[[[73.93309,31.34004],[73.9333,31.34004],[73.9329,31.33842],[73.93185,31.33805],[73.93309,31.34004]]],[[[73.94324,31.25892],[73.94472,31.25858],[73.94492,31.2593],[73.94534,31.25912],[73.94472,31.25803],[73.94324,31.25892]]],[[[73.95311,31.25973],[73.95352,31.26027],[73.95268,31.26008],[73.9533,31.26117],[73.95415,31.26082],[73.95311,31.25973]]],[[[73.93713,31.26122],[73.93775,31.26141],[73.93734,31.26068],[73.93818,31.26069],[73.93819,31.26033],[73.93756,31.26014],[73.93734,31.2605],[73.93713,31.26122]]],[[[73.94355,31.26885],[73.9425,31.26884],[73.94312,31.27011],[73.94417,31.27012],[73.9446,31.2694],[73.94418,31.26922],[73.94419,31.26832],[73.94483,31.2676],[73.94841,31.26691],[73.94694,31.26653],[73.9461,31.26689],[73.9461,31.26635],[73.94505,31.26634],[73.94399,31.26705],[73.94441,31.26742],[73.94355,31.26885]]],[[[73.94122,31.271],[73.94122,31.27118],[73.94206,31.27119],[73.9427,31.27029],[73.94122,31.271]]],[[[73.95277,31.27109],[73.95256,31.27163],[73.95298,31.27128],[73.95403,31.27146],[73.9534,31.27092],[73.95277,31.27109]]],[[[73.94054,31.27532],[73.94201,31.27516],[73.94118,31.27407],[73.93971,31.27423],[73.94054,31.27532]]],[[[73.96884,31.28133],[73.97051,31.28188],[73.97073,31.28134],[73.96885,31.28043],[73.96884,31.28133]]],[[[73.93814,31.28342],[73.93813,31.28415],[73.93896,31.28469],[73.93918,31.28379],[73.93814,31.28342]]],[[[73.99296,31.28531],[73.99254,31.28549],[73.99358,31.28604],[73.99378,31.28676],[73.99484,31.28623],[73.99296,31.28531]]],[[[73.9377,31.28541],[73.93853,31.28631],[73.93768,31.28703],[73.93915,31.28668],[73.93937,31.28614],[73.9377,31.28541]]],[[[73.99043,31.28637],[73.99042,31.28673],[73.99168,31.2871],[73.99271,31.28874],[73.99355,31.28874],[73.99356,31.28766],[73.99293,31.2882],[73.99251,31.28747],[73.99336,31.28676],[73.99295,31.28603],[73.9919,31.28584],[73.99043,31.28637]]],[[[73.99396,31.28965],[73.99438,31.28965],[73.99481,31.28875],[73.99439,31.28857],[73.99396,31.28965]]],[[[73.97441,31.29076],[73.97357,31.29021],[73.97358,31.28967],[73.97273,31.2902],[73.9719,31.28947],[73.97168,31.29001],[73.97106,31.28947],[73.97064,31.28964],[73.97251,31.29182],[73.97315,31.29075],[73.97398,31.29111],[73.97441,31.29076]]],[[[73.96299,31.2971],[73.96216,31.29661],[73.96258,31.29607],[73.96321,31.29626],[73.96341,31.29698],[73.96384,31.29663],[73.96636,31.29665],[73.9672,31.29683],[73.96719,31.29737],[73.96316,31.29716],[73.96865,31.29886],[73.96844,31.29829],[73.96908,31.29811],[73.96949,31.29884],[73.96899,31.29901],[73.96991,31.29938],[73.97826,31.3],[73.98123,31.30149],[73.98249,31.30314],[73.98301,31.30477],[73.98276,31.30754],[73.9784,31.31474],[73.9782,31.31865],[73.97785,31.31643],[73.97899,31.31256],[73.97358,31.31629],[73.9714,31.32039],[73.97148,31.32297],[73.97252,31.325],[73.97805,31.32911],[73.98009,31.32987],[73.98818,31.32928],[73.99241,31.32678],[73.99471,31.32396],[73.99692,31.32269],[73.99445,31.32303],[73.99128,31.32463],[73.98916,31.32642],[73.98747,31.32695],[73.98644,31.32496],[73.98665,31.3246],[73.98624,31.32405],[73.9854,31.32405],[73.98478,31.32278],[73.98415,31.32259],[73.98246,31.3233],[73.98121,31.32221],[73.98248,31.3215],[73.98395,31.32223],[73.98375,31.32133],[73.98291,31.3206],[73.98355,31.31988],[73.98357,31.3179],[73.98502,31.32025],[73.98586,31.32044],[73.98565,31.3199],[73.98608,31.31936],[73.98504,31.31827],[73.98567,31.31809],[73.98548,31.31683],[73.98674,31.31648],[73.98717,31.31558],[73.98443,31.3161],[73.98486,31.31538],[73.98633,31.31539],[73.98592,31.31485],[73.98634,31.31431],[73.98551,31.31376],[73.98657,31.31323],[73.98658,31.31215],[73.98511,31.31213],[73.98595,31.31142],[73.9849,31.31159],[73.98491,31.31123],[73.98575,31.31088],[73.987,31.31179],[73.98723,31.31053],[73.98849,31.30982],[73.98891,31.31018],[73.98848,31.31108],[73.9889,31.31162],[73.98784,31.31198],[73.98847,31.31234],[73.98845,31.3136],[73.98782,31.3136],[73.98804,31.31324],[73.98762,31.31306],[73.9874,31.3136],[73.98824,31.31414],[73.98802,31.31468],[73.98865,31.31487],[73.98927,31.31614],[73.98737,31.31666],[73.98758,31.31703],[73.98715,31.31738],[73.98947,31.31668],[73.99178,31.31742],[73.99239,31.31905],[73.99302,31.31869],[73.99303,31.31797],[73.99387,31.31798],[73.99428,31.31924],[73.99513,31.31817],[73.99575,31.31889],[73.99639,31.31854],[73.99722,31.31909],[73.99807,31.31855],[73.9989,31.31928],[73.99912,31.31874],[73.99807,31.31837],[73.99641,31.31655],[73.99914,31.31712],[74.0002,31.31604],[74.00019,31.31712],[73.99913,31.31802],[73.99975,31.31838],[74.00057,31.32092],[73.99868,31.3209],[73.99846,31.32162],[73.99697,31.32267],[74.00239,31.32049],[74.0066,31.32079],[74.01142,31.32405],[74.01461,31.32538],[74.01611,31.32696],[74.0176,31.32771],[74.0213,31.32877],[74.02089,31.32757],[74.02109,31.32793],[74.02257,31.32776],[74.01942,31.32684],[74.01944,31.32485],[74.01966,31.32431],[74.02029,31.32432],[74.02049,31.32486],[74.0226,31.32488],[74.0228,31.32524],[74.02282,31.32325],[74.02345,31.32344],[74.02388,31.32272],[74.02326,31.32199],[74.022,31.3218],[74.022,31.32126],[74.02158,31.3218],[74.02241,31.32271],[74.02178,31.32288],[74.02178,31.32252],[74.01906,31.32178],[74.01927,31.32142],[74.0199,31.32161],[74.02012,31.32089],[74.01928,31.32016],[74.01886,31.32034],[74.01885,31.32106],[74.01802,31.32069],[74.01865,31.31997],[74.01845,31.31943],[74.01761,31.31942],[74.01654,31.32086],[74.01402,31.32048],[74.01403,31.32012],[74.01571,31.32013],[74.01593,31.31905],[74.01635,31.3196],[74.01677,31.31942],[74.01677,31.31888],[74.01635,31.31905],[74.01594,31.31833],[74.01488,31.31868],[74.01511,31.31724],[74.0145,31.31561],[74.01513,31.31526],[74.01723,31.31491],[74.01744,31.31563],[74.0168,31.31617],[74.01827,31.31636],[74.01784,31.31726],[74.01742,31.31726],[74.01743,31.31672],[74.01658,31.31707],[74.01615,31.31779],[74.01678,31.31797],[74.01804,31.31798],[74.01889,31.31709],[74.01952,31.31745],[74.01931,31.31709],[74.01995,31.31674],[74.02099,31.31747],[74.02225,31.31729],[74.02164,31.31621],[74.02079,31.31638],[74.02017,31.31565],[74.0187,31.31528],[74.0183,31.31347],[74.01766,31.31419],[74.01703,31.31419],[74.01683,31.31346],[74.01641,31.31346],[74.01535,31.31435],[74.01557,31.31345],[74.01473,31.31291],[74.01495,31.31255],[74.01726,31.31293],[74.01622,31.31111],[74.01517,31.31111],[74.01539,31.3102],[74.01728,31.31094],[74.01728,31.31022],[74.01771,31.31004],[74.01896,31.31041],[74.01958,31.31132],[74.02022,31.31114],[74.02002,31.31006],[74.02086,31.30952],[74.02004,31.30771],[74.02047,31.30736],[74.02026,31.30699],[74.02131,31.307],[74.02067,31.30772],[74.02193,31.30809],[74.02235,31.30791],[74.02215,31.30719],[74.02321,31.30647],[74.02279,31.30593],[74.02216,31.30611],[74.02196,31.30556],[74.01986,31.30537],[74.01924,31.3041],[74.01945,31.30356],[74.02008,31.30392],[74.0203,31.30338],[74.02219,31.3034],[74.0224,31.30286],[74.0203,31.30284],[74.01989,31.30212],[74.01821,31.30193],[74.01799,31.30247],[74.01862,31.30265],[74.01903,31.30392],[74.01818,31.30481],[74.01881,31.30518],[74.01755,31.30517],[74.01606,31.3066],[74.01375,31.30604],[74.01376,31.30532],[74.01313,31.3055],[74.01313,31.30513],[74.01418,31.30532],[74.01461,31.3046],[74.01379,31.30297],[74.01443,31.3019],[74.01234,31.30044],[74.01298,31.30008],[74.01277,31.29936],[74.0132,31.29918],[74.01466,31.29973],[74.01529,31.29974],[74.01551,31.2992],[74.01343,31.29702],[74.01343,31.29648],[74.0128,31.29683],[74.01321,31.29738],[74.01196,31.29701],[74.01196,31.29664],[74.01111,31.29718],[74.01195,31.29791],[74.013,31.29774],[74.01383,31.29828],[74.01278,31.29846],[74.01171,31.30079],[74.01045,31.30042],[74.0117,31.30133],[74.01085,31.30205],[74.01127,31.30205],[74.01105,31.30295],[74.01189,31.3035],[74.01167,31.30404],[74.01062,31.30385],[74.01062,31.30439],[74.00999,31.30385],[74.00957,31.3042],[74.00979,31.30348],[74.00938,31.30258],[74.00874,31.30275],[74.00875,31.30239],[74.00959,31.30222],[74.00876,31.30149],[74.00939,31.30114],[74.0096,31.3015],[74.00982,31.30078],[74.00856,31.30077],[74.00773,31.29968],[74.00709,31.30004],[74.00604,31.29967],[74.00561,31.30075],[74.00666,31.30111],[74.00435,31.30128],[74.00476,31.30164],[74.00455,31.30236],[74.00349,31.30235],[74.00267,31.30126],[74.00265,31.30253],[74.00097,31.30251],[74.00014,31.30197],[73.99971,31.30287],[73.99866,31.30268],[73.99822,31.3043],[73.99676,31.30356],[73.99698,31.3023],[73.99614,31.30212],[73.99678,31.30104],[73.99615,31.30103],[73.99636,31.30158],[73.9953,31.30229],[73.99592,31.30284],[73.99549,31.30392],[73.99612,31.30374],[73.99654,31.30465],[73.99506,31.30463],[73.99464,31.30535],[73.9938,31.30535],[73.99357,31.30679],[73.99546,31.30662],[73.9965,31.30807],[73.99669,31.30952],[73.99818,31.30827],[74.00007,31.30828],[73.99964,31.309],[74.00006,31.30936],[73.99983,31.31063],[73.99899,31.31134],[73.99773,31.31133],[73.99772,31.31223],[73.9973,31.31223],[73.99752,31.31115],[73.9971,31.3106],[73.99605,31.3106],[73.99585,31.31005],[73.99522,31.30987],[73.995,31.31023],[73.9948,31.30968],[73.99354,31.30949],[73.99315,31.30714],[73.99251,31.30768],[73.99292,31.30877],[73.99228,31.3093],[73.9929,31.31075],[73.99121,31.31092],[73.99017,31.31019],[73.99018,31.30947],[73.99081,31.30911],[73.99102,31.30965],[73.99124,31.30839],[73.98956,31.3082],[73.98915,31.30711],[73.98851,31.30801],[73.98956,31.30856],[73.98934,31.30892],[73.98871,31.30891],[73.98851,31.30837],[73.98724,31.30872],[73.98641,31.30835],[73.98683,31.30782],[73.98809,31.30783],[73.98726,31.3071],[73.98727,31.30656],[73.98557,31.30781],[73.98453,31.30726],[73.98748,31.3062],[73.9877,31.30548],[73.98833,31.3053],[73.98938,31.30531],[73.98832,31.30602],[73.98853,31.30639],[73.99063,31.30622],[73.99106,31.30568],[73.99023,31.30442],[73.99025,31.30279],[73.99109,31.30244],[73.98983,31.30243],[73.98984,31.30207],[73.99068,31.30207],[73.99005,31.30153],[73.99069,31.30099],[73.99006,31.3008],[73.98924,31.29935],[73.98839,31.30025],[73.9882,31.29826],[73.98757,31.29772],[73.988,31.29736],[73.98841,31.2979],[73.98967,31.29773],[73.98989,31.29683],[73.98928,31.29539],[73.99013,31.29449],[73.99287,31.29361],[73.99267,31.29252],[73.99183,31.2927],[73.99184,31.2918],[73.99247,31.29198],[73.99248,31.29108],[73.99331,31.29145],[73.9931,31.29199],[73.99373,31.29181],[73.99435,31.29236],[73.99436,31.29182],[73.99541,31.29164],[73.995,31.29128],[73.99521,31.29092],[73.99647,31.29057],[73.99543,31.29038],[73.99564,31.28984],[73.99522,31.28966],[73.99501,31.2902],[73.99374,31.29055],[73.99354,31.28982],[73.99249,31.28982],[73.99166,31.28855],[73.99124,31.2889],[73.99165,31.28945],[73.99102,31.28962],[73.9904,31.28908],[73.99082,31.28854],[73.99062,31.28782],[73.99041,31.28818],[73.98978,31.28799],[73.98999,31.28745],[73.98916,31.28636],[73.98683,31.28833],[73.98642,31.28778],[73.98685,31.28688],[73.9856,31.28597],[73.98475,31.28633],[73.98497,31.28597],[73.98414,31.28506],[73.98456,31.28434],[73.98582,31.28471],[73.98667,31.28418],[73.9875,31.28454],[73.98793,31.28365],[73.99022,31.28601],[73.98877,31.28437],[73.98877,31.28383],[73.98941,31.28348],[73.98939,31.28456],[73.99107,31.28457],[73.99256,31.28278],[73.99215,31.28223],[73.99362,31.28225],[73.99363,31.28134],[73.99511,31.28063],[73.99554,31.27992],[73.99491,31.27991],[73.9947,31.27937],[73.99029,31.27915],[73.98818,31.27986],[73.98714,31.27949],[73.98692,31.28039],[73.98608,31.27966],[73.98335,31.28036],[73.97937,31.27907],[73.97895,31.27852],[73.97832,31.27852],[73.97832,31.27888],[73.97769,31.27851],[73.97748,31.27905],[73.97706,31.27887],[73.97642,31.2794],[73.97496,31.27867],[73.97518,31.27795],[73.97454,31.27831],[73.97434,31.27758],[73.97371,31.27794],[73.9739,31.2792],[73.97348,31.2792],[73.97329,31.27794],[73.97161,31.27774],[73.97098,31.2772],[73.97141,31.2763],[73.97057,31.27683],[73.96804,31.27717],[73.96617,31.27517],[73.96511,31.27607],[73.96491,31.27516],[73.96345,31.27407],[73.96346,31.27353],[73.96409,31.27371],[73.9641,31.27281],[73.96494,31.27245],[73.96453,31.27209],[73.96474,31.27173],[73.9639,31.27172],[73.96433,31.27101],[73.96328,31.271],[73.96264,31.27171],[73.96244,31.27117],[73.96139,31.27116],[73.96139,31.27044],[73.96075,31.27134],[73.95993,31.26989],[73.95803,31.27041],[73.95783,31.26969],[73.95847,31.26897],[73.96016,31.26809],[73.95995,31.26754],[73.95911,31.26772],[73.95912,31.26736],[73.95975,31.26682],[73.96038,31.26718],[73.96038,31.26664],[73.95935,31.26555],[73.95788,31.265],[73.95727,31.26337],[73.95664,31.26355],[73.95581,31.26264],[73.95476,31.26245],[73.95455,31.2619],[73.9535,31.2619],[73.95309,31.26117],[73.95162,31.26152],[73.95099,31.26115],[73.9512,31.2617],[73.95035,31.26187],[73.94952,31.26114],[73.9491,31.26168],[73.9493,31.26222],[73.94846,31.26222],[73.94868,31.26168],[73.94784,31.26095],[73.94806,31.26059],[73.94932,31.26078],[73.94911,31.26024],[73.95017,31.2597],[73.95037,31.26025],[73.94974,31.26078],[73.95015,31.26097],[73.95164,31.2599],[73.95101,31.25971],[73.95122,31.25917],[73.95081,31.25863],[73.94912,31.25951],[73.94871,31.25879],[73.94745,31.25842],[73.9466,31.25931],[73.94722,31.26022],[73.94574,31.26111],[73.94594,31.2622],[73.94469,31.2611],[73.94575,31.26039],[73.94576,31.25967],[73.94534,31.25948],[73.94512,31.2602],[73.94387,31.25947],[73.94365,31.26001],[73.94281,31.26018],[73.94345,31.25947],[73.94241,31.25856],[73.94177,31.25891],[73.94198,31.25964],[73.94092,31.26035],[73.94133,31.26107],[73.93902,31.26142],[73.93901,31.26178],[73.93817,31.26141],[73.93859,31.26213],[73.93817,31.26195],[73.9369,31.26284],[73.93521,31.26319],[73.93439,31.26174],[73.93355,31.26155],[73.93312,31.26227],[73.93375,31.263],[73.93311,31.26353],[73.93249,31.26299],[73.93102,31.26297],[73.93144,31.26226],[73.93313,31.26173],[73.93272,31.261],[73.93145,31.26171],[73.9304,31.26153],[73.93081,31.26261],[73.93019,31.26188],[73.92858,31.26205],[73.92906,31.26241],[73.92857,31.26251],[73.92866,31.26321],[73.92953,31.26422],[73.931,31.26406],[73.93163,31.2646],[73.93289,31.26461],[73.93392,31.26625],[73.93372,31.26498],[73.93579,31.26464],[73.93396,31.26428],[73.93369,31.26496],[73.9333,31.26455],[73.92982,31.26334],[73.9314,31.26308],[73.93332,31.26398],[73.93744,31.26474],[73.93835,31.26412],[73.93794,31.26339],[73.93921,31.26304],[73.93922,31.26232],[73.94049,31.26143],[73.94133,31.26144],[73.94236,31.26271],[73.94131,31.26324],[73.94234,31.26451],[73.94149,31.26523],[73.94191,31.26595],[73.94359,31.26524],[73.94401,31.26579],[73.9459,31.26562],[73.94631,31.26635],[73.94737,31.26582],[73.94717,31.26491],[73.94843,31.26492],[73.948,31.26546],[73.95094,31.26585],[73.95094,31.26621],[73.95261,31.26694],[73.95238,31.26838],[73.95133,31.26837],[73.95176,31.26784],[73.95134,31.26747],[73.94987,31.268],[73.95028,31.26873],[73.95028,31.26819],[73.95112,31.26855],[73.95069,31.26945],[73.95131,31.27],[73.94962,31.27107],[73.94838,31.26979],[73.94857,31.27124],[73.94794,31.27087],[73.9471,31.27123],[73.94689,31.27068],[73.94774,31.27015],[73.94754,31.26943],[73.94923,31.26818],[73.94692,31.26816],[73.94588,31.26761],[73.94482,31.26868],[73.94586,31.26887],[73.94605,31.27068],[73.94563,31.27085],[73.94543,31.27031],[73.94289,31.27209],[73.94266,31.27336],[73.94308,31.27408],[73.94202,31.27461],[73.94243,31.27534],[73.94137,31.27605],[73.93885,31.27585],[73.93823,31.27548],[73.93928,31.27549],[73.93949,31.27495],[73.93845,31.2744],[73.93888,31.27387],[73.93867,31.27332],[73.93952,31.27297],[73.9393,31.27369],[73.93993,31.27369],[73.94141,31.27226],[73.94142,31.27172],[73.93953,31.27153],[73.94081,31.27027],[73.93956,31.269],[73.93957,31.26846],[73.94041,31.26847],[73.94042,31.26756],[73.94106,31.26685],[73.94147,31.26721],[73.94083,31.26829],[73.94273,31.26704],[73.94169,31.26685],[73.94086,31.26594],[73.94129,31.26504],[73.94025,31.26413],[73.93982,31.26449],[73.93856,31.2643],[73.93856,31.26484],[73.93982,31.26485],[73.94002,31.26558],[73.93769,31.26736],[73.93852,31.26827],[73.93809,31.26881],[73.93829,31.26953],[73.93703,31.2697],[73.93725,31.26898],[73.93641,31.26879],[73.93683,31.26934],[73.9364,31.2697],[73.93744,31.27097],[73.93659,31.27132],[73.93701,31.27187],[73.93595,31.2724],[73.93595,31.27276],[73.93637,31.27258],[73.93636,31.2733],[73.937,31.27241],[73.93763,31.27259],[73.93699,31.27367],[73.93803,31.27422],[73.93801,31.27584],[73.93739,31.27566],[73.93738,31.27638],[73.93632,31.27673],[73.9357,31.27619],[73.93465,31.27618],[73.93571,31.27528],[73.93424,31.27527],[73.93401,31.27671],[73.93506,31.2769],[73.93568,31.27763],[73.93526,31.27817],[73.93567,31.27907],[73.93481,31.28033],[73.93607,31.28052],[73.93564,31.28124],[73.93606,31.28178],[73.93648,31.28143],[73.93731,31.28197],[73.93667,31.28323],[73.93794,31.2827],[73.93982,31.28326],[73.94063,31.28633],[73.94126,31.28616],[73.94169,31.28526],[73.94211,31.28544],[73.94189,31.28598],[73.94315,31.28599],[73.94335,31.2869],[73.94187,31.28815],[73.94522,31.2889],[73.94501,31.28944],[73.94459,31.28925],[73.94395,31.28979],[73.94436,31.29051],[73.94327,31.29068],[73.94384,31.29086],[73.94541,31.29109],[73.945,31.29034],[73.94584,31.29016],[73.94626,31.29035],[73.94625,31.29107],[73.9458,31.29125],[73.94709,31.29161],[73.94855,31.29173],[73.94666,31.29143],[73.94688,31.29071],[73.94605,31.2898],[73.94899,31.29037],[73.94942,31.28929],[73.94816,31.28874],[73.9488,31.28802],[73.9467,31.28837],[73.94566,31.28764],[73.94523,31.28781],[73.94524,31.28745],[73.94608,31.28692],[73.94671,31.28728],[73.9465,31.28746],[73.9467,31.28783],[73.9501,31.28515],[73.94948,31.28406],[73.95095,31.28425],[73.95095,31.28371],[73.95307,31.28228],[73.95286,31.28174],[73.95413,31.28103],[73.95245,31.28102],[73.95118,31.28191],[73.95119,31.28137],[73.95077,31.28154],[73.94994,31.28045],[73.95058,31.27956],[73.9512,31.28064],[73.95267,31.28066],[73.95247,31.27921],[73.95353,31.27904],[73.95311,31.27831],[73.95396,31.2776],[73.95292,31.27669],[73.95187,31.27704],[73.95146,31.27595],[73.95252,31.27524],[73.9521,31.27488],[73.95231,31.27452],[73.95379,31.27435],[73.95357,31.27525],[73.9544,31.27634],[73.95544,31.27689],[73.95793,31.2798],[73.95729,31.28069],[73.95582,31.28014],[73.95644,31.28123],[73.95517,31.28194],[73.95558,31.28285],[73.95474,31.28356],[73.95348,31.28301],[73.95242,31.2839],[73.9524,31.28553],[73.95303,31.28553],[73.95386,31.28662],[73.95386,31.28716],[73.95322,31.28734],[73.95406,31.28807],[73.9549,31.28807],[73.95532,31.28753],[73.95448,31.28771],[73.95449,31.28663],[73.95576,31.28628],[73.95595,31.28754],[73.95531,31.28862],[73.95341,31.28986],[73.95381,31.29113],[73.95318,31.29167],[73.95044,31.29201],[73.95045,31.2911],[73.95003,31.29092],[73.94919,31.29109],[73.95003,31.29146],[73.94981,31.29182],[73.94896,31.29181],[73.95253,31.29304],[73.95254,31.29256],[73.95359,31.29239],[73.9527,31.29311],[73.95462,31.29366],[73.954,31.29294],[73.95464,31.29258],[73.95505,31.29331],[73.95484,31.29276],[73.95547,31.29277],[73.95672,31.29422],[73.95756,31.29405],[73.95756,31.29459],[73.95839,31.29496],[73.95824,31.29539],[73.9619,31.29698],[73.96299,31.2971]],[[74.0081,31.30383],[74.00601,31.30346],[74.00643,31.30292],[74.00559,31.30273],[74.00539,31.30183],[74.00707,31.30166],[74.00769,31.30311],[74.00854,31.30239],[74.00874,31.30312],[74.0081,31.30383]],[[73.98957,31.28763],[73.98893,31.28834],[73.98724,31.28905],[73.98789,31.28761],[73.98937,31.28727],[73.98957,31.28763]],[[73.95059,31.25935],[73.95101,31.25935],[73.95101,31.25953],[73.95059,31.25935]],[[73.9433,31.27318],[73.94352,31.2721],[73.94415,31.27192],[73.94457,31.27229],[73.94414,31.27301],[73.94477,31.27319],[73.94559,31.27446],[73.94475,31.275],[73.94392,31.27355],[73.94329,31.2739],[73.94288,31.273],[73.9433,31.27318]],[[73.94537,31.27518],[73.94665,31.27411],[73.94727,31.2743],[73.94684,31.27519],[73.94537,31.27554],[73.94578,31.27645],[73.94535,31.27699],[73.94598,31.27717],[73.94555,31.27789],[73.94451,31.27716],[73.94494,31.27662],[73.94368,31.27625],[73.94411,31.27589],[73.94369,31.27517],[73.94537,31.27518]],[[73.96111,31.29606],[73.96111,31.29642],[73.9609,31.29642],[73.96111,31.29606]],[[73.97937,31.31786],[73.98,31.31769],[73.98041,31.31895],[73.97937,31.31786]],[[73.98271,31.31987],[73.98167,31.3186],[73.98252,31.31843],[73.9823,31.31879],[73.98314,31.31916],[73.98271,31.31987]],[[73.98273,31.31789],[73.98126,31.3177],[73.98106,31.31697],[73.98316,31.31753],[73.98273,31.31789]],[[73.97553,31.32288],[73.97595,31.32307],[73.97551,31.32469],[73.97489,31.32414],[73.97553,31.32288]],[[73.97803,31.32543],[73.97782,31.32507],[73.97845,31.32489],[73.97803,31.32543]],[[73.97445,31.32612],[73.97445,31.32576],[73.9755,31.32559],[73.97549,31.32649],[73.97445,31.32612]],[[73.98023,31.3157],[73.98044,31.31571],[73.98023,31.31643],[73.98023,31.3157]],[[73.98152,31.31301],[73.98089,31.313],[73.98175,31.31193],[73.98216,31.31211],[73.98152,31.31301]],[[73.98426,31.31231],[73.98343,31.31212],[73.98364,31.31158],[73.98448,31.31159],[73.98426,31.31231]],[[73.9828,31.31175],[73.98238,31.31193],[73.98197,31.31085],[73.98281,31.31085],[73.9828,31.31175]],[[73.98638,31.31088],[73.98576,31.30997],[73.98681,31.30998],[73.98681,31.30962],[73.98555,31.30961],[73.98535,31.30889],[73.98703,31.30926],[73.98745,31.3089],[73.98744,31.30999],[73.98638,31.31088]],[[73.98451,31.30888],[73.98452,31.30762],[73.98473,31.30834],[73.98536,31.30853],[73.98451,31.30888]],[[73.98325,31.30887],[73.98345,31.30941],[73.98303,31.30959],[73.98262,31.30905],[73.9824,31.30941],[73.98241,31.30905],[73.98325,31.30887]],[[73.98976,31.3091],[73.9904,31.30875],[73.99039,31.30911],[73.98976,31.30964],[73.98976,31.3091]],[[73.98686,31.30529],[73.98622,31.30637],[73.98559,31.306],[73.98602,31.30528],[73.98518,31.3051],[73.98519,31.30474],[73.98686,31.30529]],[[73.98771,31.3044],[73.98834,31.30422],[73.98833,31.30512],[73.98666,31.30475],[73.98666,31.30403],[73.98793,31.30386],[73.98771,31.3044]],[[73.98982,31.30333],[73.9894,31.30405],[73.98877,31.30404],[73.98919,31.30332],[73.98814,31.3035],[73.98941,31.30297],[73.98982,31.30333]],[[73.98272,31.2993],[73.9825,31.30002],[73.98313,31.30021],[73.98291,31.30165],[73.98249,31.30165],[73.98249,31.30111],[73.98207,31.30128],[73.9825,31.30056],[73.98145,31.3002],[73.98272,31.2993]],[[73.97369,31.29869],[73.97369,31.29905],[73.97306,31.29905],[73.97306,31.29869],[73.97369,31.29869]],[[73.97477,31.29635],[73.97204,31.29561],[73.97226,31.29525],[73.96707,31.28961],[73.96707,31.28907],[73.96834,31.28854],[73.97044,31.28892],[73.97023,31.28856],[73.97087,31.28802],[73.97128,31.2882],[73.97108,31.28748],[73.97151,31.28712],[73.97149,31.28857],[73.97211,31.28929],[73.97316,31.28948],[73.97359,31.28895],[73.9742,31.29021],[73.97525,31.29022],[73.97461,31.29148],[73.97669,31.29366],[73.9773,31.29511],[73.97877,31.29584],[73.97834,31.29638],[73.97958,31.29838],[73.97726,31.2989],[73.97477,31.29635]],[[73.98253,31.29768],[73.98315,31.29877],[73.98231,31.29876],[73.9821,31.29822],[73.98126,31.29839],[73.98085,31.29766],[73.98253,31.29768]],[[73.98089,31.29424],[73.98151,31.29442],[73.98089,31.29351],[73.98215,31.2937],[73.98279,31.29263],[73.983,31.29317],[73.98215,31.29425],[73.98319,31.29516],[73.9838,31.29679],[73.98296,31.29696],[73.98214,31.29515],[73.97982,31.29549],[73.98089,31.29424]],[[73.98886,31.29502],[73.98802,31.29556],[73.98801,31.2961],[73.98738,31.29609],[73.98781,31.29537],[73.98761,31.29411],[73.98845,31.2943],[73.98886,31.29502]],[[73.98784,31.29231],[73.98827,31.29177],[73.98806,31.29104],[73.9887,31.29051],[73.98975,31.29052],[73.98974,31.29178],[73.98932,31.29196],[73.98994,31.29232],[73.98951,31.29322],[73.98992,31.29395],[73.98825,31.29303],[73.98868,31.29249],[73.98784,31.29231]],[[73.98723,31.2905],[73.98807,31.2905],[73.98786,31.29086],[73.98723,31.29086],[73.98723,31.2905]],[[73.98133,31.29225],[73.98069,31.29243],[73.97987,31.29116],[73.97945,31.29134],[73.98048,31.29279],[73.97984,31.29333],[73.9786,31.29169],[73.97693,31.29114],[73.97736,31.29006],[73.9759,31.2886],[73.97653,31.28861],[73.97654,31.28807],[73.97779,31.28862],[73.97736,31.28952],[73.97926,31.28899],[73.97967,31.29008],[73.9803,31.2899],[73.98093,31.29045],[73.98029,31.29098],[73.98133,31.29171],[73.98133,31.29225]],[[73.98033,31.28756],[73.98138,31.28756],[73.98116,31.28846],[73.98199,31.28955],[73.98073,31.28936],[73.98031,31.28882],[73.98053,31.2881],[73.9799,31.28809],[73.98033,31.28756]],[[73.98326,31.28866],[73.98305,31.28812],[73.9839,31.2874],[73.98326,31.28866]],[[73.98537,31.28778],[73.98496,31.28687],[73.98538,31.28669],[73.98579,31.28742],[73.98537,31.28778]],[[73.98243,31.28721],[73.98202,31.28649],[73.98307,31.28667],[73.98243,31.28721]],[[73.98349,31.2865],[73.98308,31.28559],[73.98371,31.28542],[73.98413,31.28578],[73.98349,31.2865]],[[73.9665,31.28384],[73.96712,31.28438],[73.9667,31.2851],[73.96754,31.28511],[73.96732,31.28583],[73.96586,31.28509],[73.9665,31.28384]],[[73.96879,31.2853],[73.96816,31.28529],[73.96755,31.2842],[73.96817,31.28439],[73.96839,31.28403],[73.96901,31.28476],[73.96879,31.2853]],[[73.98142,31.28359],[73.9812,31.28431],[73.98162,31.28468],[73.98098,31.28521],[73.97972,31.2852],[73.97994,31.28485],[73.98056,31.28503],[73.98058,31.28395],[73.98142,31.28359]],[[73.98393,31.2847],[73.9833,31.28469],[73.98373,31.28361],[73.98457,31.28398],[73.98393,31.2847]],[[73.97303,31.2819],[73.97283,31.28136],[73.97451,31.28137],[73.97388,31.28101],[73.9741,31.28047],[73.97577,31.28102],[73.97513,31.2821],[73.97595,31.28409],[73.97469,31.28426],[73.9747,31.28318],[73.97386,31.28281],[73.97408,31.28209],[73.97303,31.2819]],[[73.97363,31.28461],[73.97322,31.28425],[73.97449,31.28354],[73.97447,31.2848],[73.97363,31.28461]],[[73.97679,31.28428],[73.9768,31.28374],[73.97742,31.28392],[73.97679,31.28428]],[[73.97785,31.28339],[73.97807,31.28267],[73.97912,31.28267],[73.97785,31.28339]],[[73.98082,31.28106],[73.98018,31.28124],[73.9806,31.28178],[73.97976,31.2816],[73.9787,31.28249],[73.97828,31.28231],[73.97871,31.28141],[73.97976,31.28142],[73.97977,31.28087],[73.98061,31.2807],[73.98082,31.28106]],[[73.98963,31.28203],[73.989,31.28185],[73.98922,31.28131],[73.98985,31.28131],[73.98963,31.28203]],[[73.9846,31.28127],[73.98544,31.28146],[73.98543,31.28182],[73.9846,31.28127]],[[73.96527,31.2813],[73.96486,31.27967],[73.96424,31.27913],[73.96487,31.27895],[73.9657,31.27968],[73.96676,31.27915],[73.96656,31.2786],[73.9674,31.27861],[73.9676,31.27915],[73.96675,31.27969],[73.96781,31.2797],[73.96781,31.27879],[73.9697,31.27899],[73.97054,31.27954],[73.96969,31.28043],[73.97115,31.28099],[73.97218,31.2828],[73.97135,31.28261],[73.97028,31.28351],[73.96944,31.2835],[73.96924,31.28278],[73.9684,31.28259],[73.96904,31.28205],[73.96883,31.28169],[73.96652,31.28185],[73.96527,31.2813]],[[73.96882,31.28295],[73.9686,31.28367],[73.96672,31.28257],[73.96757,31.28222],[73.96882,31.28295]],[[73.97852,31.2796],[73.97957,31.27943],[73.97915,31.28015],[73.97852,31.2796]],[[73.96572,31.27824],[73.96635,31.2786],[73.96634,31.27878],[73.96571,31.27878],[73.96572,31.27824]],[[73.96488,31.27841],[73.96425,31.27822],[73.96489,31.27733],[73.96552,31.27751],[73.96488,31.27841]],[[73.97098,31.27756],[73.96951,31.27754],[73.96951,31.27718],[73.97036,31.27701],[73.97098,31.27756]],[[73.96361,31.27912],[73.96423,31.28003],[73.96211,31.28182],[73.96085,31.28181],[73.96044,31.2809],[73.96129,31.28018],[73.96025,31.27891],[73.96109,31.27892],[73.96171,31.27965],[73.96234,31.27947],[73.96255,31.28001],[73.96318,31.28002],[73.96297,31.27966],[73.96361,31.27912]],[[73.95854,31.28179],[73.95706,31.28214],[73.95686,31.28177],[73.95834,31.2807],[73.95917,31.28125],[73.95917,31.28197],[73.95854,31.28179]],[[73.95916,31.28215],[73.96021,31.28216],[73.95937,31.2827],[73.95916,31.28215]],[[73.96462,31.28292],[73.96524,31.28401],[73.96334,31.28435],[73.96273,31.28308],[73.96357,31.28255],[73.96399,31.28291],[73.96356,31.28381],[73.96462,31.28292]],[[73.96249,31.28525],[73.9629,31.28597],[73.96248,31.28633],[73.96143,31.28614],[73.96165,31.28542],[73.96039,31.28559],[73.96058,31.28668],[73.95891,31.28594],[73.95892,31.28558],[73.95975,31.28577],[73.95997,31.28541],[73.95955,31.28522],[73.95998,31.28469],[73.95914,31.28468],[73.95893,31.28396],[73.96019,31.28433],[73.96083,31.28379],[73.96084,31.28289],[73.96187,31.28416],[73.96272,31.28399],[73.96249,31.28525]],[[73.95621,31.28339],[73.95599,31.28447],[73.95472,31.28464],[73.95494,31.28374],[73.95621,31.28339]],[[73.95746,31.28466],[73.95682,31.28484],[73.95662,31.2843],[73.95851,31.28467],[73.95808,31.28557],[73.95744,31.28575],[73.95746,31.28466]],[[73.96247,31.28687],[73.96205,31.28723],[73.96142,31.28704],[73.96143,31.28668],[73.96247,31.28687]],[[73.95974,31.28703],[73.96058,31.28704],[73.96036,31.28758],[73.95974,31.28703]],[[73.97003,31.28729],[73.96982,31.28783],[73.9694,31.28765],[73.96962,31.28657],[73.97003,31.28729]],[[73.9734,31.2866],[73.97466,31.28661],[73.97445,31.28697],[73.9734,31.2866]],[[73.98075,31.28684],[73.98097,31.28612],[73.98056,31.28557],[73.98203,31.28576],[73.98202,31.28631],[73.98075,31.28684]],[[73.97656,31.2859],[73.97657,31.28554],[73.9774,31.28591],[73.97698,31.28627],[73.97656,31.2859]],[[73.96521,31.28635],[73.96416,31.2867],[73.96459,31.28581],[73.96522,31.28563],[73.96521,31.28635]],[[73.96354,31.28544],[73.96459,31.28544],[73.96416,31.28598],[73.96354,31.28544]],[[73.97235,31.28659],[73.97194,31.28623],[73.97278,31.28623],[73.97235,31.28659]],[[73.97154,31.28406],[73.97218,31.28352],[73.97216,31.2846],[73.97132,31.28478],[73.97154,31.28406]],[[73.97754,31.29259],[73.9767,31.2924],[73.97713,31.29186],[73.97754,31.29259]],[[73.98722,31.29158],[73.98764,31.29176],[73.98742,31.29212],[73.98679,31.29194],[73.98722,31.29158]],[[73.98492,31.29048],[73.98597,31.29067],[73.98554,31.29103],[73.98575,31.29139],[73.98512,31.2912],[73.98492,31.29048]],[[73.9872,31.29284],[73.98762,31.29357],[73.9872,31.2932],[73.98615,31.2932],[73.9872,31.29284]],[[73.97837,31.29349],[73.97858,31.29386],[73.97795,31.29385],[73.97837,31.29349]],[[73.95677,31.28953],[73.95636,31.28881],[73.95803,31.28972],[73.95761,31.29008],[73.95635,31.28989],[73.95677,31.28953]],[[73.95571,31.29043],[73.95424,31.29041],[73.95508,31.29024],[73.95509,31.2897],[73.95571,31.29043]],[[73.96012,31.29046],[73.95823,31.29027],[73.95887,31.28955],[73.96012,31.29046]],[[73.96202,31.28993],[73.96266,31.2894],[73.9637,31.28995],[73.96284,31.29175],[73.96158,31.29137],[73.96222,31.29084],[73.96201,31.29048],[73.96034,31.29028],[73.95993,31.2892],[73.96056,31.28884],[73.96076,31.28956],[73.96202,31.28993]],[[73.95991,31.29118],[73.96075,31.29083],[73.96053,31.29155],[73.9599,31.29154],[73.95991,31.29118]],[[73.95654,31.29151],[73.95801,31.29135],[73.95737,31.29242],[73.95611,31.29223],[73.95654,31.29151]],[[73.96369,31.29067],[73.96475,31.28978],[73.9658,31.29033],[73.96706,31.29016],[73.966,31.29105],[73.96684,31.29124],[73.96704,31.29214],[73.96767,31.29197],[73.96768,31.29142],[73.96852,31.29143],[73.96766,31.29287],[73.9687,31.2936],[73.96786,31.29395],[73.96662,31.29196],[73.96536,31.29195],[73.96536,31.29159],[73.96599,31.29177],[73.96369,31.29067]],[[73.9687,31.29378],[73.96912,31.2936],[73.96996,31.29433],[73.9687,31.29378]],[[73.96644,31.28961],[73.96559,31.28978],[73.96581,31.28924],[73.96644,31.28961]],[[73.96741,31.29665],[73.96825,31.29666],[73.96804,31.29702],[73.96741,31.29702],[73.96741,31.29665]],[[73.97559,31.29852],[73.97516,31.29888],[73.97411,31.29869],[73.97538,31.29798],[73.97559,31.29852]],[[73.95608,31.27563],[73.95651,31.27545],[73.95692,31.27636],[73.95755,31.27636],[73.95714,31.27546],[73.95798,31.27511],[73.95757,31.27456],[73.95778,31.27384],[73.95967,31.27386],[73.95903,31.27493],[73.96029,31.27494],[73.95987,31.27566],[73.96028,31.27603],[73.95944,31.2762],[73.96027,31.27711],[73.95944,31.27656],[73.9567,31.2769],[73.95608,31.27563]],[[73.96009,31.27458],[73.96051,31.27404],[73.96156,31.27405],[73.96198,31.2746],[73.96154,31.27586],[73.96091,31.27621],[73.96029,31.27548],[73.96134,31.27531],[73.96134,31.27495],[73.96009,31.27458]],[[73.95001,31.27414],[73.95065,31.27288],[73.94939,31.27269],[73.95004,31.27089],[73.95088,31.27162],[73.95109,31.27126],[73.95235,31.27127],[73.95194,31.27],[73.95384,31.26912],[73.9553,31.27057],[73.95741,31.27005],[73.95592,31.2713],[73.95551,31.27075],[73.95487,31.27111],[73.95633,31.27257],[73.95696,31.27239],[73.95634,31.27112],[73.95739,31.27149],[73.95844,31.27114],[73.95802,31.27186],[73.95885,31.27277],[73.95779,31.2733],[73.95632,31.27329],[73.95549,31.2722],[73.95423,31.27219],[73.95275,31.27326],[73.95233,31.27271],[73.95191,31.27343],[73.95316,31.27362],[73.95316,31.27398],[73.95253,31.27398],[73.95125,31.27559],[73.95001,31.27414]],[[73.9618,31.27207],[73.96221,31.27225],[73.96179,31.27297],[73.96095,31.27296],[73.96053,31.27206],[73.96117,31.27188],[73.96179,31.27243],[73.9618,31.27207]],[[73.95907,31.27169],[73.95887,31.27042],[73.95929,31.2706],[73.9597,31.27115],[73.95907,31.27169]],[[73.95344,31.26767],[73.95449,31.26786],[73.95449,31.26732],[73.95325,31.26604],[73.95219,31.2664],[73.95095,31.2653],[73.95032,31.2653],[73.94991,31.26385],[73.95096,31.26404],[73.95095,31.26476],[73.95222,31.26405],[73.95326,31.2646],[73.95285,31.26388],[73.95349,31.26352],[73.9541,31.26479],[73.95388,31.26569],[73.95451,31.26587],[73.95515,31.26534],[73.95617,31.26751],[73.9568,31.26824],[73.95764,31.26788],[73.95784,31.26861],[73.95574,31.26913],[73.95532,31.26841],[73.95406,31.26876],[73.95344,31.26767]],[[73.95723,31.2668],[73.95787,31.26644],[73.95849,31.26735],[73.95764,31.26752],[73.95723,31.2668]],[[73.95662,31.26481],[73.9564,31.26571],[73.95725,31.26517],[73.95787,31.26572],[73.95703,31.26626],[73.9564,31.26607],[73.95577,31.2657],[73.95599,31.26498],[73.95558,31.26444],[73.956,31.26426],[73.95662,31.26481]],[[73.95224,31.26207],[73.95225,31.26152],[73.95288,31.26171],[73.95224,31.26243],[73.95244,31.26297],[73.95181,31.26333],[73.95243,31.26387],[73.95138,31.26368],[73.95139,31.26296],[73.95055,31.26295],[73.95224,31.26207]],[[73.94361,31.26344],[73.94467,31.26255],[73.9453,31.26327],[73.94529,31.26417],[73.94444,31.26435],[73.94361,31.26344]],[[73.9476,31.26419],[73.94696,31.26437],[73.94571,31.26364],[73.94677,31.26328],[73.9476,31.26419]],[[73.9499,31.26457],[73.94927,31.26457],[73.94928,31.26403],[73.9499,31.26457]],[[73.94612,31.26508],[73.94632,31.26545],[73.9457,31.26508],[73.9457,31.26454],[73.94612,31.26508]],[[73.94687,31.27321],[73.94666,31.27285],[73.94729,31.27267],[73.94687,31.27321]],[[73.94872,31.27629],[73.94977,31.2763],[73.94935,31.27666],[73.94956,31.27702],[73.9504,31.27667],[73.95081,31.27721],[73.95018,31.27793],[73.94871,31.27756],[73.94828,31.27827],[73.9487,31.27882],[73.94848,31.27954],[73.94806,31.27936],[73.947,31.28025],[73.94702,31.27862],[73.94829,31.27773],[73.94745,31.27755],[73.94702,31.27844],[73.94576,31.27843],[73.94682,31.277],[73.94621,31.27591],[73.94725,31.2761],[73.94705,31.27538],[73.9479,31.27484],[73.94831,31.27575],[73.94894,31.27557],[73.9483,31.27611],[73.94872,31.27683],[73.94872,31.27629]],[[73.9432,31.28202],[73.94404,31.28203],[73.94445,31.28257],[73.94445,31.28312],[73.94381,31.28347],[73.94339,31.28347],[73.9436,31.28311],[73.94299,31.28202],[73.94173,31.28165],[73.94173,31.28129],[73.94026,31.28128],[73.93984,31.28181],[73.939,31.28181],[73.93858,31.28126],[73.9388,31.28036],[73.93922,31.28055],[73.93944,31.27983],[73.94071,31.27911],[73.93988,31.27839],[73.93988,31.27784],[73.94051,31.27803],[73.94073,31.27749],[73.94072,31.27785],[73.94135,31.27786],[73.94094,31.27749],[73.94115,31.27695],[73.94198,31.27768],[73.94346,31.27769],[73.94366,31.27842],[73.94323,31.27932],[73.94364,31.27986],[73.94322,31.28004],[73.9432,31.28202]],[[73.93649,31.28088],[73.93628,31.28016],[73.9367,31.28052],[73.93649,31.28088]],[[73.94551,31.28222],[73.94571,31.28294],[73.94487,31.28258],[73.94551,31.28222]],[[73.94342,31.28094],[73.94489,31.28077],[73.94425,31.28149],[73.94342,31.28094]],[[73.94867,31.2808],[73.94867,31.28116],[73.94804,31.28098],[73.94826,31.28044],[73.94867,31.2808]],[[73.94868,31.28026],[73.94847,31.2799],[73.94931,31.27991],[73.94868,31.28026]],[[73.94651,31.28656],[73.94694,31.28566],[73.94611,31.28493],[73.94674,31.2844],[73.94758,31.28458],[73.94736,31.2853],[73.94799,31.28567],[73.94651,31.28656]],[[73.94883,31.2855],[73.94862,31.2855],[73.94821,31.28477],[73.94884,31.28459],[73.94883,31.2855]],[[73.93933,31.27098],[73.93892,31.2699],[73.93997,31.26954],[73.93933,31.27098]],[[73.93999,31.26774],[73.93957,31.26774],[73.93914,31.26864],[73.93915,31.26809],[73.93852,31.26791],[73.93895,31.26755],[73.93874,31.26701],[73.93979,31.2672],[73.93999,31.26774]],[[73.947,31.26094],[73.94742,31.26094],[73.94763,31.26149],[73.94657,31.26202],[73.947,31.26094]],[[73.99226,31.31129],[73.99289,31.31129],[73.99268,31.31183],[73.99226,31.31129]],[[73.99898,31.31242],[74.00003,31.31189],[73.99981,31.31333],[73.99897,31.31315],[73.99898,31.31242]],[[73.99392,31.31347],[73.99329,31.31328],[73.99329,31.31292],[73.99435,31.31257],[73.99392,31.31347]],[[74.00569,31.31338],[74.00464,31.31373],[74.00507,31.31211],[74.00549,31.31211],[74.00569,31.31338]],[[74.00802,31.31159],[74.00865,31.31178],[74.00885,31.3125],[74.00969,31.31251],[74.00989,31.31359],[74.00862,31.3143],[74.00715,31.31411],[74.0061,31.31482],[74.00611,31.31356],[74.00738,31.31303],[74.00717,31.31249],[74.00758,31.31321],[74.00822,31.31304],[74.00822,31.3125],[74.00718,31.31195],[74.00698,31.31104],[74.00635,31.31068],[74.00613,31.31122],[74.00362,31.31084],[74.00256,31.31137],[74.00258,31.30974],[74.0009,31.30973],[74.00028,31.30864],[74.0005,31.30774],[73.99819,31.30718],[73.99776,31.30772],[73.99756,31.30664],[73.99883,31.30647],[73.99903,31.30719],[73.99967,31.30665],[73.99987,31.3072],[74.00113,31.30721],[74.00135,31.30685],[74.00093,31.30648],[74.00135,31.30631],[74.00218,31.3074],[74.00133,31.30811],[74.00301,31.3083],[74.00323,31.30758],[74.00282,31.30704],[74.00324,31.3065],[74.00262,31.30578],[74.00326,31.30506],[74.00305,31.30433],[74.00368,31.30434],[74.00388,31.3056],[74.00704,31.30545],[74.00746,31.30491],[74.00766,31.30581],[74.00829,31.306],[74.00765,31.3069],[74.00891,31.30745],[74.00827,31.30816],[74.00847,31.30925],[74.00762,31.30978],[74.00802,31.31159]],[[74.00953,31.30817],[74.00952,31.30872],[74.0089,31.30835],[74.00911,31.30763],[74.00953,31.30817]],[[74.01774,31.30679],[74.01711,31.30679],[74.01733,31.30607],[74.01817,31.30608],[74.01774,31.30679]],[[74.02215,31.30665],[74.02153,31.30646],[74.02153,31.3061],[74.02215,31.30665]],[[74.01271,31.30567],[74.01249,31.30603],[74.01207,31.30585],[74.01229,31.30531],[74.01271,31.30567]],[[74.01061,31.3053],[74.00998,31.30547],[74.00998,31.30511],[74.01061,31.30493],[74.01061,31.3053]],[[74.01272,31.30441],[74.01313,31.30495],[74.01229,31.30513],[74.01272,31.30441]],[[74.01377,31.30478],[74.01335,31.30478],[74.01314,31.30405],[74.01357,31.30387],[74.01377,31.30478]],[[73.99906,31.30448],[73.99886,31.30358],[73.9997,31.30323],[73.99969,31.30413],[73.99906,31.30448]],[[74.00411,31.30362],[74.00348,31.3038],[74.00349,31.30326],[74.00391,31.30308],[74.00411,31.30362]],[[74.00223,31.30307],[74.00201,31.30342],[73.99991,31.30323],[74.00034,31.30269],[74.00223,31.30307]],[[74.00424,31.31138],[74.00487,31.31175],[74.00443,31.31301],[74.00401,31.313],[74.00444,31.31211],[74.00402,31.31192],[74.00424,31.31138]],[[74.00526,31.31446],[74.004,31.31427],[74.004,31.31409],[74.00526,31.31446]],[[73.99936,31.31531],[73.99894,31.31567],[73.99874,31.31477],[73.99916,31.31459],[73.99936,31.31531]],[[73.99095,31.31633],[73.99095,31.31597],[73.9918,31.31525],[73.99306,31.31526],[73.99326,31.31635],[73.99283,31.31671],[73.99095,31.31633]],[[74.0086,31.31611],[74.00818,31.3161],[74.0084,31.31538],[74.00799,31.31502],[74.00883,31.31467],[74.0086,31.31611]],[[74.01092,31.31576],[74.01154,31.31649],[74.01007,31.31648],[74.01092,31.31576]],[[74.0029,31.31877],[74.00166,31.31732],[74.00166,31.31659],[74.00272,31.31642],[74.00355,31.31697],[74.00355,31.31733],[74.00271,31.31732],[74.00333,31.31805],[74.0029,31.31877]],[[74.00501,31.3177],[74.00606,31.31861],[74.00521,31.31897],[74.0048,31.31806],[74.00479,31.31878],[74.00416,31.31896],[74.00439,31.31698],[74.00544,31.31698],[74.00501,31.3177]],[[74.00268,31.31985],[74.00248,31.31931],[74.00395,31.31914],[74.00268,31.31985]],[[74.00226,31.32021],[74.00205,31.31967],[74.00268,31.31985],[74.00226,31.32021]],[[74.00688,31.32042],[74.00583,31.32024],[74.00604,31.3197],[74.00688,31.32042]],[[74.01236,31.31866],[74.01216,31.31812],[74.01279,31.31758],[74.01405,31.31759],[74.01426,31.31832],[74.01362,31.31885],[74.01425,31.31904],[74.01424,31.31976],[74.01298,31.31939],[74.01278,31.31867],[74.01235,31.31938],[74.01194,31.3192],[74.01236,31.31866]],[[74.00689,31.3197],[74.00668,31.31898],[74.0088,31.31755],[74.00922,31.31792],[74.01027,31.31756],[74.01026,31.31883],[74.00689,31.3197]],[[74.0097,31.31178],[74.01033,31.31233],[74.00928,31.31214],[74.0097,31.31178]],[[74.01307,31.31091],[74.01328,31.31145],[74.0118,31.31162],[74.01139,31.31108],[74.0116,31.31072],[74.01307,31.31091]],[[74.01708,31.3095],[74.01898,31.30915],[74.01876,31.30969],[74.01708,31.3095]],[[74.0154,31.3093],[74.0152,31.30894],[74.01541,31.30804],[74.01583,31.30822],[74.01582,31.30913],[74.0154,31.3093]],[[74.01772,31.30878],[74.01625,31.30895],[74.01773,31.3077],[74.01836,31.3077],[74.01772,31.30878]],[[74.01962,31.30825],[74.01878,31.30825],[74.01899,31.30789],[74.01962,31.30825]],[[74.01015,31.30926],[74.01014,31.30962],[74.00951,31.30962],[74.01015,31.30926]],[[74.01162,31.30909],[74.01246,31.3091],[74.01225,31.30946],[74.01162,31.30909]],[[74.01232,31.30242],[74.01274,31.30279],[74.01169,31.30278],[74.01232,31.30242]],[[74.0159,31.32158],[74.01716,31.32195],[74.01695,31.32249],[74.01526,31.3232],[74.01525,31.32392],[74.01588,31.32428],[74.0144,31.32445],[74.01316,31.32318],[74.01401,31.32192],[74.01317,31.32192],[74.01297,31.32083],[74.01465,31.32103],[74.01464,31.32211],[74.01505,31.32247],[74.0159,31.32158]],[[74.01003,31.32081],[74.01107,31.32118],[74.01086,31.3219],[74.01002,31.32171],[74.01003,31.32081]],[[74.0205,31.32414],[74.02051,31.32378],[74.02114,31.32378],[74.0205,31.32414]],[[74.01988,31.32359],[74.01904,31.32341],[74.01904,31.32304],[74.01988,31.32305],[74.01988,31.32359]],[[74.02004,31.32792],[74.0192,31.3281],[74.01899,31.32774],[74.01963,31.32738],[74.02004,31.32792]],[[73.99472,31.31762],[73.99493,31.31708],[73.99661,31.31746],[73.99513,31.31799],[73.99472,31.31762]]],[[[73.99328,31.29469],[73.99433,31.29452],[73.9935,31.29361],[73.99307,31.29415],[73.99328,31.29469]]],[[[73.98903,31.29899],[73.98987,31.29918],[73.98986,31.29954],[73.9905,31.29936],[73.9905,31.299],[73.98966,31.29882],[73.98988,31.29828],[73.98903,31.29899]]],[[[73.99133,31.30045],[73.99113,31.29955],[73.9907,31.29973],[73.9911,31.30226],[73.99278,31.30173],[73.99321,31.30137],[73.99133,31.30045]]],[[[73.99255,31.30353],[73.9936,31.30372],[73.99361,31.30336],[73.99487,31.30319],[73.99382,31.30282],[73.99362,31.30228],[73.99255,31.30353]]],[[[73.99066,31.3037],[73.99127,31.30533],[73.9919,31.30551],[73.99147,31.30659],[73.9919,31.30605],[73.99316,31.30588],[73.99211,31.30569],[73.99233,31.30497],[73.9917,31.30515],[73.99066,31.3037]]],[[[73.94376,31.30675],[73.94438,31.30748],[73.94376,31.30729],[73.94374,31.30837],[73.9448,31.30784],[73.94482,31.30567],[73.94376,31.30675]]],[[[73.9902,31.30712],[73.9904,31.30803],[73.99125,31.30731],[73.99084,31.30677],[73.9902,31.30712]]],[[[73.95001,31.31149],[73.95106,31.31168],[73.95106,31.31204],[73.95316,31.31188],[73.95296,31.31152],[73.95148,31.31168],[73.9517,31.31132],[73.95023,31.31113],[73.95001,31.31149]]],[[[73.94978,31.31383],[73.94978,31.31329],[73.94894,31.31383],[73.94934,31.31527],[73.95061,31.31438],[73.94978,31.31383]]],[[[73.95945,31.31391],[73.95881,31.31409],[73.95859,31.31481],[73.95944,31.31482],[73.95945,31.31391]]],[[[73.95985,31.31554],[73.95984,31.3159],[73.96089,31.31591],[73.96154,31.31483],[73.96049,31.31428],[73.96069,31.31501],[73.95985,31.31554]]],[[[73.99154,31.32012],[73.99091,31.32012],[73.98985,31.32029],[73.98943,31.32083],[73.9911,31.32211],[73.99299,31.32194],[73.99154,31.32012]]],[[[73.95788,31.3222],[73.95893,31.32221],[73.95873,31.32149],[73.9579,31.32094],[73.95788,31.3222]]],[[[73.94673,31.32319],[73.94757,31.32302],[73.94778,31.32338],[73.9482,31.32302],[73.94821,31.32212],[73.94738,31.32175],[73.94673,31.32319]]],[[[73.9625,31.32314],[73.96312,31.32387],[73.96396,31.32369],[73.96376,31.32333],[73.96312,31.32351],[73.96271,31.32278],[73.9625,31.32314]]],[[[73.9429,31.32713],[73.94333,31.32677],[73.94292,31.32587],[73.94228,31.3264],[73.9429,31.32713]]],[[[73.93934,31.32638],[73.9387,31.32728],[73.9389,31.328],[73.94016,31.32819],[73.94059,31.32747],[73.94017,31.32675],[73.94081,31.32621],[73.93934,31.32638]]],[[[73.98501,31.33062],[73.98524,31.33003],[73.98011,31.33052],[73.98199,31.33123],[73.98501,31.33062]]],[[[73.97802,31.33154],[73.9788,31.33173],[73.97828,31.33088],[73.97677,31.33014],[73.97802,31.33154]]],[[[73.93946,31.3345],[73.93988,31.33414],[73.93947,31.3336],[73.93842,31.33359],[73.93945,31.33504],[73.93881,31.33594],[73.94029,31.33559],[73.93946,31.3345]]],[[[73.98673,31.33669],[73.988,31.3367],[73.98716,31.33615],[73.98738,31.33579],[73.98673,31.33669]]],[[[73.94196,31.33633],[73.9407,31.33614],[73.94049,31.33649],[73.94132,31.33722],[73.94069,31.33722],[73.94007,31.33631],[73.93902,31.3363],[73.94047,31.33776],[73.94153,31.33741],[73.94278,31.33832],[73.94256,31.33868],[73.94404,31.33869],[73.94196,31.33633]]],[[[73.98672,31.33795],[73.98735,31.33814],[73.98713,31.33868],[73.98755,31.33868],[73.98777,31.33796],[73.98736,31.33723],[73.98673,31.33741],[73.98672,31.33795]]],[[[73.94487,31.33942],[73.94445,31.33887],[73.94445,31.33941],[73.94403,31.33941],[73.94361,31.33905],[73.94339,31.33959],[73.94382,31.33941],[73.94381,31.33995],[73.94548,31.34105],[73.94632,31.34087],[73.94529,31.33906],[73.94487,31.33942]]],[[[73.94779,31.34125],[73.94736,31.34196],[73.9503,31.34235],[73.94947,31.3418],[73.94947,31.34126],[73.94925,31.34198],[73.94779,31.34125]]],[[[73.95071,31.34308],[73.95115,31.34182],[73.95094,31.34181],[73.95009,31.34271],[73.95071,31.34308]]],[[[73.98625,31.343],[73.98668,31.34228],[73.98541,31.34227],[73.9852,31.34263],[73.98625,31.343]]],[[[73.98288,31.34333],[73.98287,31.34424],[73.98435,31.34353],[73.98415,31.3428],[73.98331,31.3428],[73.98288,31.34333]]],[[[74.04973,31.38607],[74.04931,31.38553],[74.05015,31.38571],[74.04951,31.38679],[74.04992,31.38752],[74.04908,31.38769],[74.04887,31.38823],[74.04928,31.38859],[74.04844,31.38859],[74.04823,31.38913],[74.04842,31.39039],[74.04926,31.39094],[74.04862,31.3913],[74.04842,31.39075],[74.04737,31.39057],[74.04841,31.39202],[74.04819,31.39274],[74.04924,31.39311],[74.04987,31.39275],[74.04986,31.39347],[74.05091,31.39456],[74.0507,31.39366],[74.05113,31.39348],[74.05238,31.39421],[74.05195,31.39529],[74.053,31.3953],[74.05278,31.39656],[74.05562,31.39929],[74.05396,31.39712],[74.05439,31.39689],[74.05366,31.39289],[74.05364,31.39422],[74.05301,31.39404],[74.05323,31.3935],[74.05281,31.39331],[74.05324,31.39223],[74.05359,31.39242],[74.05362,31.38976],[74.0528,31.38542],[74.0508,31.38212],[74.05033,31.38349],[74.05032,31.38127],[74.04891,31.37872],[74.04703,31.37328],[74.04549,31.37029],[74.04313,31.36731],[74.0423,31.36204],[74.04167,31.36132],[74.03938,31.35968],[74.03671,31.35879],[74.033,31.35638],[74.03034,31.3567],[74.02623,31.35588],[74.0264,31.35667],[74.02476,31.35472],[74.02452,31.35327],[74.0227,31.35001],[74.0225,31.34815],[74.02359,31.34523],[74.02588,31.34301],[74.02659,31.34056],[74.0286,31.33685],[74.02807,31.33523],[74.0275,31.33554],[74.02451,31.33232],[74.02008,31.33046],[74.01913,31.33048],[74.02086,31.33156],[74.02157,31.33242],[74.01905,31.331],[74.0164,31.33049],[74.01343,31.327],[74.00738,31.32298],[74.00497,31.32258],[74.00223,31.32248],[73.99694,31.3238],[73.99373,31.32798],[73.99388,31.32806],[73.99575,31.32712],[73.99703,31.32673],[73.99507,31.32773],[73.99545,31.32791],[73.99523,31.32827],[73.9946,31.32827],[73.99503,31.32775],[73.99205,31.32897],[73.99354,31.32952],[73.99332,31.3306],[73.99247,31.3315],[73.99057,31.33221],[73.98952,31.33202],[73.98868,31.33129],[73.9889,31.33076],[73.986,31.3322],[73.98525,31.33307],[73.98519,31.33244],[73.98014,31.33303],[73.97791,31.33245],[73.97581,31.33126],[73.97437,31.3298],[73.97349,31.32806],[73.97317,31.32757],[73.97337,31.32828],[73.9721,31.32935],[73.97105,31.32898],[73.97253,31.32809],[73.97275,31.32721],[73.97106,31.32564],[73.9697,31.32334],[73.96931,31.31914],[73.97061,31.3171],[73.97234,31.31626],[73.97781,31.31045],[73.97714,31.31009],[73.97714,31.31063],[73.97651,31.31062],[73.97693,31.3099],[73.97652,31.30936],[73.97799,31.30919],[73.9784,31.30992],[73.97895,31.30925],[73.97993,31.30662],[73.98006,31.3046],[73.97881,31.30192],[73.97639,31.3016],[73.97619,31.30115],[73.96974,31.3014],[73.97111,31.30272],[73.96735,31.30073],[73.96177,31.29893],[73.9546,31.2955],[73.95543,31.29656],[73.95481,31.29619],[73.95396,31.29691],[73.95312,31.29672],[73.95271,31.29545],[73.95351,31.2951],[73.95323,31.29494],[73.95129,31.29455],[73.94895,31.29442],[73.94329,31.29268],[73.94412,31.29376],[73.9439,31.29448],[73.94306,31.29411],[73.94307,31.29339],[73.94265,31.29375],[73.9416,31.29338],[73.9418,31.29446],[73.94095,31.29463],[73.94096,31.29373],[73.94034,31.29301],[73.94182,31.29284],[73.94126,31.29266],[73.93766,31.29391],[73.93494,31.29736],[73.93267,31.29911],[73.93242,31.30005],[73.93301,31.3027],[73.93095,31.30502],[73.9318,31.30503],[73.93075,31.30527],[73.9296,31.3066],[73.92779,31.30768],[73.9252,31.3084],[73.9229,31.30791],[73.92059,31.30623],[73.9204,31.30456],[73.9211,31.30313],[73.92004,31.30402],[73.91958,31.30781],[73.91977,31.30701],[73.92029,31.30684],[73.92091,31.30771],[73.92252,31.30821],[73.92202,31.30873],[73.92272,31.30856],[73.92272,31.30892],[73.9244,31.30929],[73.92334,31.30965],[73.92188,31.30909],[73.92188,31.30874],[73.91979,31.30828],[73.92019,31.3098],[73.92124,31.30981],[73.92165,31.31035],[73.92143,31.31107],[73.92292,31.30982],[73.92481,31.31038],[73.9246,31.31002],[73.92523,31.30966],[73.92501,31.31056],[73.92586,31.30985],[73.92753,31.31149],[73.92941,31.31186],[73.92982,31.31295],[73.93171,31.31351],[73.93213,31.31315],[73.93234,31.31351],[73.93191,31.31423],[73.93231,31.31586],[73.93126,31.31549],[73.93169,31.31477],[73.93128,31.3144],[73.93021,31.31548],[73.93062,31.31674],[73.93039,31.31837],[73.92976,31.31818],[73.92935,31.31728],[73.92872,31.31727],[73.92892,31.31817],[73.92659,31.31978],[73.92658,31.32086],[73.92848,31.31997],[73.92913,31.31854],[73.93017,31.31945],[73.9306,31.31855],[73.93102,31.31873],[73.93058,31.31999],[73.931,31.32054],[73.93037,31.32017],[73.92973,31.32064],[73.93101,31.32096],[73.9336,31.32032],[73.9352,31.31792],[73.93586,31.31407],[73.93634,31.31407],[73.93654,31.31643],[73.93902,31.31681],[73.93776,31.31735],[73.93775,31.31825],[73.93691,31.31806],[73.93713,31.31698],[73.93692,31.31698],[73.93627,31.31878],[73.93564,31.31896],[73.93584,31.31967],[73.93626,31.31968],[73.93689,31.31968],[73.93668,31.31932],[73.93816,31.31933],[73.93837,31.31861],[73.939,31.31916],[73.93921,31.31862],[73.93899,31.31952],[73.94004,31.31971],[73.93983,31.32043],[73.93877,31.32078],[73.93939,31.32151],[73.93855,31.32132],[73.93728,31.32203],[73.93603,31.32166],[73.93517,31.32274],[73.93685,31.32347],[73.93642,31.32455],[73.93705,31.32438],[73.93725,31.32474],[73.93661,31.32582],[73.93724,31.32582],[73.93744,31.32655],[73.93807,31.32655],[73.9385,31.32619],[73.93829,31.32583],[73.93913,31.3262],[73.93935,31.32512],[73.94041,31.32495],[73.94231,31.32334],[73.94315,31.32352],[73.94338,31.32226],[73.94401,31.32245],[73.9455,31.32084],[73.94719,31.31995],[73.94739,31.32103],[73.94822,31.32176],[73.94906,31.32177],[73.94907,31.32087],[73.94823,31.32032],[73.9476,31.32049],[73.94761,31.31959],[73.94825,31.31924],[73.94825,31.31869],[73.94973,31.31835],[73.95185,31.31656],[73.95353,31.31657],[73.95352,31.31784],[73.95415,31.31784],[73.95435,31.31856],[73.95457,31.31766],[73.9552,31.31803],[73.95497,31.31929],[73.95455,31.31929],[73.95391,31.32055],[73.95286,31.32036],[73.95138,31.32125],[73.95095,31.32215],[73.95053,31.32178],[73.95072,31.32341],[73.95029,31.32467],[73.9507,31.32521],[73.94986,31.32538],[73.94985,31.32611],[73.94943,31.32592],[73.94858,31.32664],[73.94858,31.32718],[73.95027,31.32647],[73.95027,31.32611],[73.95131,31.32702],[73.95195,31.32666],[73.95154,31.32594],[73.95281,31.32505],[73.95241,31.32306],[73.95325,31.32252],[73.95348,31.32126],[73.95517,31.32074],[73.95581,31.31984],[73.95749,31.31967],[73.95769,31.32022],[73.95832,31.32022],[73.95832,31.32094],[73.95937,31.32095],[73.95854,31.31986],[73.95981,31.31933],[73.95979,31.32059],[73.96064,31.31988],[73.96061,31.32222],[73.95998,31.32258],[73.9604,31.32294],[73.96103,31.32259],[73.96083,31.32186],[73.96125,31.32151],[73.96272,31.3217],[73.96273,31.32134],[73.96147,31.32115],[73.96252,31.32116],[73.9621,31.32079],[73.96232,31.31971],[73.96232,31.32025],[73.96336,31.32098],[73.96334,31.32279],[73.96376,31.32279],[73.96461,31.32171],[73.96398,31.32189],[73.96378,31.32153],[73.96379,31.32008],[73.96442,31.32027],[73.96548,31.31902],[73.9659,31.3192],[73.96592,31.31794],[73.96655,31.31776],[73.9678,31.31867],[73.96802,31.31813],[73.96907,31.31778],[73.96927,31.3185],[73.96779,31.31921],[73.96653,31.3192],[73.96633,31.31884],[73.96547,31.32028],[73.96673,31.32083],[73.96693,31.32137],[73.96799,31.32048],[73.96862,31.32084],[73.96944,31.32266],[73.96922,31.32374],[73.9671,31.32498],[73.96647,31.3248],[73.96668,31.32534],[73.96562,31.32605],[73.96561,31.32659],[73.96519,31.32659],[73.96541,31.32623],[73.96478,31.32569],[73.96521,31.32533],[73.96522,31.3237],[73.96459,31.32424],[73.96456,31.32713],[73.96519,31.32713],[73.96475,31.32857],[73.96538,31.3284],[73.96579,31.32966],[73.96536,31.33002],[73.96551,31.3358],[73.96635,31.33598],[73.9655,31.3367],[73.96611,31.33869],[73.96738,31.3378],[73.96906,31.33835],[73.96841,31.33943],[73.96925,31.33998],[73.97072,31.33999],[73.97155,31.34126],[73.97092,31.34143],[73.97092,31.34107],[73.96924,31.3407],[73.96882,31.34124],[73.96819,31.34051],[73.96841,31.33961],[73.96799,31.33943],[73.968,31.33852],[73.96547,31.33977],[73.96337,31.33957],[73.96546,31.34049],[73.96565,31.34229],[73.9667,31.34266],[73.96752,31.34429],[73.96791,31.34682],[73.96897,31.34665],[73.96898,31.34557],[73.9694,31.34521],[73.97004,31.34486],[73.97066,31.34522],[73.97006,31.34251],[73.97111,31.34252],[73.97154,31.34162],[73.97239,31.34127],[73.97219,31.34054],[73.97155,31.3409],[73.97156,31.34036],[73.97219,31.34],[73.97199,31.33928],[73.97387,31.34019],[73.97386,31.34092],[73.97533,31.34183],[73.97553,31.34291],[73.97823,31.34546],[73.97844,31.3451],[73.97782,31.3442],[73.97719,31.34419],[73.97783,31.34365],[73.97742,31.34293],[73.97805,31.34293],[73.97888,31.3442],[73.97952,31.34331],[73.98015,31.34331],[73.98015,31.34259],[73.97931,31.34258],[73.97932,31.34204],[73.98016,31.34169],[73.98058,31.34205],[73.98038,31.34151],[73.9808,31.34097],[73.97933,31.3406],[73.97933,31.34114],[73.97891,31.34096],[73.97827,31.34149],[73.97849,31.34113],[73.97744,31.34095],[73.97744,31.3404],[73.97829,31.34023],[73.97872,31.33951],[73.97703,31.33968],[73.97578,31.33841],[73.976,31.33769],[73.97642,31.33769],[73.9758,31.33696],[73.97728,31.33643],[73.97729,31.33535],[73.97855,31.33518],[73.97814,31.33482],[73.9754,31.33497],[73.97709,31.33463],[73.97689,31.33372],[73.97626,31.33354],[73.9769,31.33282],[73.97774,31.33265],[73.97836,31.33337],[73.98046,31.33339],[73.98109,31.33412],[73.9836,31.33486],[73.98717,31.33507],[73.98907,31.33436],[73.99096,31.33438],[73.99138,31.33474],[73.99136,31.33636],[73.99094,31.33654],[73.99049,31.33942],[73.98985,31.34014],[73.98922,31.34014],[73.989,31.34122],[73.98752,31.34229],[73.98709,31.34319],[73.98624,31.3439],[73.98519,31.34389],[73.9856,31.34426],[73.98516,31.34642],[73.98411,31.34659],[73.98412,31.34533],[73.98223,31.34549],[73.98243,31.34622],[73.98306,31.34568],[73.98369,31.34587],[73.98348,31.34641],[73.9841,31.34695],[73.98113,31.34946],[73.98069,31.35144],[73.98027,31.35125],[73.98026,31.35197],[73.98068,31.35216],[73.98046,31.35324],[73.98151,31.35325],[73.98087,31.35451],[73.98085,31.35577],[73.98148,31.35613],[73.98106,31.35649],[73.98125,31.35758],[73.98168,31.35668],[73.98229,31.35867],[73.98313,31.35885],[73.98333,31.3603],[73.98416,31.36067],[73.98353,31.36084],[73.98353,31.36138],[73.985,31.36122],[73.98522,31.36013],[73.98564,31.36014],[73.98605,31.36104],[73.98668,31.36105],[73.98668,31.36177],[73.98794,31.36178],[73.98795,31.36106],[73.98711,31.36033],[73.98712,31.35961],[73.98775,31.35925],[73.98734,31.35871],[73.9884,31.35835],[73.98817,31.35944],[73.9888,31.35962],[73.98923,31.35872],[73.98757,31.35727],[73.98988,31.35692],[73.98946,31.35746],[73.98987,31.35764],[73.99072,31.35711],[73.99031,31.35657],[73.98946,31.35674],[73.99031,31.3562],[73.98905,31.35601],[73.98906,31.35547],[73.9899,31.35512],[73.98992,31.35386],[73.99075,31.35476],[73.99159,31.35477],[73.99181,31.35387],[73.99118,31.35332],[73.9914,31.35242],[73.99099,31.35206],[73.98888,31.35222],[73.98973,31.35187],[73.98995,31.35097],[73.98974,31.35025],[73.98932,31.3506],[73.9889,31.35006],[73.9891,31.35132],[73.9872,31.35221],[73.9874,31.35329],[73.98697,31.35401],[73.98592,31.35346],[73.98487,31.35382],[73.98466,31.35345],[73.98422,31.3558],[73.98423,31.35489],[73.9836,31.35489],[73.98319,31.35344],[73.98424,31.35327],[73.98384,31.35218],[73.98447,31.35183],[73.9851,31.35219],[73.98509,31.35292],[73.98572,31.3531],[73.98573,31.35166],[73.98469,31.35075],[73.98511,31.35057],[73.98491,31.35021],[73.98639,31.34968],[73.9868,31.35058],[73.9868,31.34986],[73.98723,31.34968],[73.98764,31.35059],[73.98849,31.34969],[73.9906,31.34917],[73.99102,31.34881],[73.99061,31.34809],[73.99083,31.34683],[73.99146,31.34719],[73.99167,31.34665],[73.99188,31.34719],[73.99272,31.34738],[73.9921,31.34575],[73.99169,31.34557],[73.99126,31.34647],[73.99105,31.34574],[73.99212,31.34467],[73.99275,31.34468],[73.99296,31.34395],[73.99338,31.34414],[73.99295,31.34486],[73.99379,31.34522],[73.99358,31.34558],[73.99526,31.34578],[73.99483,31.34686],[73.9961,31.3456],[73.99778,31.3458],[73.99608,31.34777],[73.99607,31.34831],[73.99733,31.34886],[73.99755,31.34742],[73.9984,31.34725],[73.99841,31.34598],[73.99947,31.34473],[74.00031,31.34546],[73.99987,31.34672],[74.0007,31.34799],[73.9986,31.34815],[73.99879,31.34941],[73.99795,31.34923],[73.99774,31.34959],[73.99836,31.35067],[73.99984,31.35032],[74.00067,31.35069],[74.00003,31.35213],[74.00108,31.35232],[74.00107,31.35268],[73.99918,31.35303],[73.99917,31.35393],[73.99833,31.35356],[73.99897,31.35284],[73.99877,31.3514],[73.99835,31.3514],[73.99835,31.35194],[73.9973,31.35193],[73.995,31.35065],[73.99542,31.35011],[73.99604,31.35102],[73.9971,31.35084],[73.99668,31.35012],[73.99605,31.35029],[73.99501,31.34956],[73.9948,31.34902],[73.99544,31.34885],[73.99566,31.34795],[73.99503,31.3474],[73.99377,31.34685],[73.99398,31.34775],[73.99355,31.34811],[73.99229,31.34792],[73.99271,31.34846],[73.99228,31.34882],[73.99249,31.34936],[73.99312,31.34955],[73.99333,31.34883],[73.99375,31.34937],[73.99353,31.35046],[73.99268,31.35063],[73.99289,31.35135],[73.99393,31.35154],[73.9933,31.3519],[73.99329,31.35244],[73.99392,31.35298],[73.99497,31.35263],[73.99602,31.35336],[73.99708,31.35229],[73.99812,31.35356],[73.9979,31.35428],[73.99853,31.35428],[73.99769,31.35482],[73.99999,31.3552],[73.99999,31.35574],[73.99936,31.35555],[73.99935,31.35609],[73.99831,31.35555],[73.99746,31.35608],[73.99744,31.35788],[73.99681,31.3577],[73.99661,31.3568],[73.99725,31.35608],[73.9962,31.35571],[73.99641,31.35607],[73.99578,31.35607],[73.99496,31.35444],[73.99432,31.35479],[73.99495,31.35516],[73.99473,31.3557],[73.99326,31.35569],[73.99326,31.35605],[73.99557,31.35643],[73.99576,31.35787],[73.99449,31.35894],[73.99553,31.35931],[73.99659,31.35878],[73.9968,31.35914],[73.99595,31.3595],[73.99657,31.36058],[73.99531,31.36112],[73.99571,31.3622],[73.99656,31.36221],[73.99698,31.36149],[73.99761,31.36149],[73.99762,31.36077],[73.99804,31.36096],[73.99889,31.36024],[73.99929,31.36169],[73.99845,31.36204],[73.9995,31.36205],[73.99969,31.36404],[74.00052,31.36495],[74.00157,31.36495],[74.0022,31.3655],[74.00198,31.36586],[74.00282,31.36659],[74.00219,31.3664],[74.00218,31.36676],[74.0051,31.36913],[74.00742,31.36879],[74.00764,31.36753],[74.00723,31.36716],[74.00617,31.36806],[74.00469,31.36823],[74.00491,31.36769],[74.00387,31.3666],[74.00367,31.36551],[74.00262,31.36568],[74.00243,31.36388],[74.00138,31.36315],[74.00181,31.36243],[74.00118,31.36206],[74.0012,31.3608],[74.00183,31.36045],[74.00203,31.36117],[74.00287,31.36136],[74.00307,31.36226],[74.00599,31.36481],[74.00662,31.36463],[74.00537,31.36408],[74.00495,31.36336],[74.00748,31.3632],[74.00938,31.36249],[74.01042,31.36322],[74.0102,31.3643],[74.00894,31.36447],[74.00913,31.36628],[74.01017,31.36773],[74.01121,31.3681],[74.01246,31.36937],[74.01373,31.36848],[74.01394,31.36902],[74.01351,31.36938],[74.0154,31.36975],[74.01519,31.37029],[74.0175,31.37013],[74.01897,31.37086],[74.02149,31.37088],[74.02235,31.3689],[74.02215,31.36782],[74.02278,31.36782],[74.02364,31.36603],[74.02512,31.36532],[74.02408,31.36404],[74.02513,31.36441],[74.02596,31.3655],[74.02448,31.36693],[74.02342,31.36711],[74.02126,31.37268],[74.02168,31.37323],[74.02146,31.37377],[74.0221,31.37323],[74.02252,31.37342],[74.02207,31.3754],[74.02291,31.37558],[74.02291,31.37595],[74.02228,31.37594],[74.02206,31.37702],[74.02331,31.37829],[74.02246,31.37865],[74.02245,31.37937],[74.0235,31.37974],[74.02326,31.38244],[74.02389,31.38263],[74.02326,31.38299],[74.02473,31.38318],[74.02452,31.38263],[74.02579,31.3821],[74.02432,31.38155],[74.02518,31.38029],[74.02538,31.38138],[74.02727,31.38139],[74.02705,31.38247],[74.02535,31.38426],[74.02576,31.38481],[74.02511,31.38661],[74.02553,31.38733],[74.02488,31.38859],[74.0253,31.38932],[74.02467,31.38913],[74.02445,31.38967],[74.02529,31.39004],[74.02549,31.39094],[74.02465,31.39112],[74.02485,31.39148],[74.0259,31.39167],[74.02633,31.39059],[74.02759,31.39168],[74.02737,31.39204],[74.02885,31.39151],[74.02907,31.39061],[74.02825,31.38826],[74.02868,31.38718],[74.02827,31.38645],[74.02849,31.38555],[74.02996,31.3861],[74.03039,31.38521],[74.03164,31.38558],[74.03164,31.38594],[74.0308,31.38575],[74.03016,31.38629],[74.03079,31.38701],[74.03036,31.38755],[74.03099,31.38738],[74.031,31.38683],[74.03205,31.38738],[74.03269,31.38631],[74.03332,31.38613],[74.0329,31.38595],[74.03333,31.38523],[74.03292,31.3845],[74.03291,31.3854],[74.03227,31.38576],[74.03207,31.38468],[74.03019,31.38412],[74.03018,31.38502],[74.02829,31.38429],[74.02791,31.38104],[74.02832,31.38158],[74.03,31.38177],[74.03,31.38231],[74.03063,31.38232],[74.03062,31.38322],[74.03124,31.38359],[74.03083,31.38268],[74.03106,31.38142],[74.03001,31.38105],[74.03043,31.38051],[74.03023,31.37961],[74.02896,31.38068],[74.02833,31.3805],[74.02813,31.37959],[74.02877,31.37906],[74.02836,31.37797],[74.02858,31.37707],[74.02984,31.37654],[74.03068,31.37691],[74.03088,31.37799],[74.03004,31.37816],[74.02961,31.37888],[74.03108,31.37871],[74.03215,31.37764],[74.0332,31.37783],[74.03383,31.37801],[74.03361,31.37837],[74.03445,31.37892],[74.03444,31.37946],[74.03507,31.37929],[74.03633,31.3802],[74.03632,31.38074],[74.03779,31.38111],[74.03906,31.3804],[74.03844,31.37931],[74.0395,31.37878],[74.03676,31.37858],[74.03573,31.37694],[74.03637,31.37569],[74.03553,31.37568],[74.03553,31.37604],[74.03511,31.37568],[74.03511,31.37532],[74.03638,31.37515],[74.03702,31.37425],[74.03786,31.37425],[74.03827,31.37534],[74.03932,31.37571],[74.0391,31.37625],[74.03994,31.3768],[74.04034,31.37806],[74.04139,31.37825],[74.04097,31.37879],[74.03971,31.37878],[74.04075,31.37951],[74.04073,31.38113],[74.04179,31.38078],[74.04181,31.37916],[74.04139,31.37879],[74.04244,31.37898],[74.04265,31.37862],[74.04182,31.37825],[74.0414,31.37735],[74.04015,31.37698],[74.04225,31.37645],[74.04267,31.377],[74.04456,31.37755],[74.04434,31.37845],[74.04518,31.3781],[74.04518,31.37864],[74.0456,31.37864],[74.04562,31.37648],[74.04646,31.3763],[74.04751,31.37685],[74.04729,31.37757],[74.04833,31.37848],[74.0479,31.37938],[74.04874,31.37993],[74.0481,31.38101],[74.04747,31.38082],[74.04769,31.37992],[74.04705,31.38028],[74.04704,31.38118],[74.04809,31.38155],[74.04808,31.38245],[74.0485,31.38263],[74.04807,31.38335],[74.04891,31.38354],[74.04807,31.38389],[74.04806,31.38516],[74.04763,31.38533],[74.04762,31.3866],[74.04973,31.38607]],[[73.98406,31.35128],[73.98406,31.35074],[73.98469,31.35075],[73.98406,31.35128]],[[74.04155,31.36273],[74.04177,31.36183],[74.04219,31.3622],[74.04217,31.36364],[74.04133,31.36399],[74.04134,31.36255],[74.04113,31.36273],[74.04071,31.36255],[74.04114,31.36237],[74.04093,31.36165],[74.04157,31.36129],[74.04155,31.36273]],[[73.93963,31.31916],[73.93942,31.31916],[73.93942,31.31898],[73.93963,31.31916]],[[74.03509,31.37748],[74.0351,31.37694],[74.03552,31.37676],[74.03573,31.37731],[74.03509,31.37748]],[[74.04975,31.38427],[74.04932,31.38517],[74.04827,31.38516],[74.0487,31.3839],[74.04975,31.38427]],[[74.03755,31.36379],[74.03817,31.36397],[74.03796,31.36487],[74.03648,31.36486],[74.03755,31.36379]],[[74.02029,31.3651],[74.02135,31.36366],[74.02197,31.36493],[74.02155,31.36547],[74.02029,31.3651]],[[74.01317,31.36162],[74.01402,31.36108],[74.01423,31.36144],[74.01528,31.36127],[74.01528,31.36181],[74.0157,31.36182],[74.01633,31.36128],[74.01864,31.36184],[74.01863,31.36292],[74.01905,31.36256],[74.01967,31.36347],[74.01862,31.36418],[74.01883,31.36382],[74.01799,31.36364],[74.01799,31.36328],[74.01757,31.36381],[74.01715,31.36345],[74.01546,31.3638],[74.01442,31.36325],[74.01463,31.36289],[74.0119,31.36305],[74.01127,31.3625],[74.01128,31.36178],[74.01044,31.36214],[74.00939,31.36177],[74.00772,31.36031],[74.00605,31.35958],[74.00628,31.35723],[74.0067,31.35705],[74.00711,31.35796],[74.00837,31.35869],[74.00794,31.35959],[74.00857,31.35996],[74.00856,31.36068],[74.00899,31.35978],[74.00962,31.35996],[74.00983,31.35942],[74.00983,31.35997],[74.01045,31.36033],[74.01024,31.36069],[74.01066,31.36087],[74.01109,31.36016],[74.01129,31.36124],[74.01317,31.36162]],[[74.01466,31.36054],[74.01424,31.36054],[74.01403,31.35982],[74.01466,31.36054]],[[74.01867,31.35877],[74.01909,31.35895],[74.01887,31.35949],[74.01825,31.35931],[74.01867,31.35877]],[[74.02036,31.35824],[74.0212,31.35807],[74.02162,31.35861],[74.02035,31.35896],[74.01889,31.35823],[74.01973,31.3577],[74.02036,31.35824]],[[74.00755,31.3567],[74.00901,31.35743],[74.0088,31.35779],[74.00943,31.35762],[74.00942,31.35834],[74.00795,31.35815],[74.00755,31.3567]],[[74.00481,31.35722],[74.00523,31.35704],[74.00564,31.35777],[74.00543,31.35849],[74.00438,31.35812],[74.00397,31.35721],[74.00439,31.35686],[74.00419,31.35649],[74.00377,31.35649],[74.00375,31.35757],[74.00291,31.35793],[74.00269,31.35865],[74.00185,31.35828],[74.00209,31.35612],[74.00335,31.35595],[74.00378,31.35541],[74.00337,31.3545],[74.00443,31.35325],[74.00463,31.35397],[74.00547,31.35434],[74.00525,31.35488],[74.00463,31.35433],[74.00483,31.35524],[74.00399,31.35523],[74.00483,31.3556],[74.00481,31.35722]],[[74.0063,31.35561],[74.00545,31.35632],[74.00567,31.35524],[74.00525,31.35488],[74.0063,31.35561]],[[74.01452,31.35405],[74.01515,31.35333],[74.01535,31.35441],[74.01472,31.35459],[74.01452,31.35405]],[[74.01661,31.35442],[74.01556,31.35424],[74.01557,31.35369],[74.01641,31.35334],[74.01831,31.35335],[74.01661,31.35442]],[[74.01221,31.35313],[74.01283,31.35403],[74.0101,31.35383],[74.01032,31.35347],[74.01221,31.35313]],[[74.00128,31.35304],[74.0017,31.35323],[74.00169,31.35377],[74.00106,31.35358],[74.00128,31.35304]],[[74.00122,31.35827],[73.99996,31.35827],[73.99996,31.35863],[73.99849,31.35789],[73.9985,31.35735],[73.99934,31.357],[73.99999,31.35592],[74.00103,31.35665],[74.00081,31.35719],[74.00122,31.35827]],[[74.0187,31.35642],[74.01806,31.3566],[74.01807,31.35624],[74.0187,31.35642]],[[74.01471,31.35567],[74.0145,31.35513],[74.01513,31.35513],[74.01471,31.35567]],[[74.01324,31.35548],[74.01345,31.35494],[74.01408,31.35513],[74.01324,31.35548]],[[74.01195,31.35836],[74.01111,31.35835],[74.01111,31.35799],[74.01195,31.35836]],[[73.99699,31.36095],[73.99678,31.36041],[73.99742,31.35969],[73.99699,31.36095]],[[74.00036,31.36007],[74.0012,31.36008],[74.00099,31.36044],[74.00036,31.36007]],[[74.01502,31.36578],[74.01355,31.36595],[74.01377,31.36541],[74.01293,31.36522],[74.01147,31.36359],[74.0121,31.36359],[74.01293,31.36468],[74.01482,31.36524],[74.01502,31.36578]],[[74.01146,31.36431],[74.01167,31.36467],[74.01104,31.36503],[74.01187,31.36539],[74.01061,31.36539],[74.01062,31.36466],[74.01146,31.36431]],[[74.01861,31.36509],[74.01965,31.36545],[74.01965,31.36582],[74.01881,31.36563],[74.01861,31.36509]],[[74.02557,31.36297],[74.02599,31.36316],[74.02577,31.36352],[74.02514,31.36333],[74.02557,31.36297]],[[74.03947,31.36109],[74.0401,31.36074],[74.0403,31.36146],[74.03967,31.36164],[74.03947,31.36109]],[[74.04073,31.36092],[74.04052,31.36092],[74.04052,31.36074],[74.04073,31.36092]],[[74.02219,31.36385],[74.02325,31.36386],[74.02303,31.3644],[74.0224,31.36439],[74.02219,31.36385]],[[74.0409,31.36453],[74.04153,31.36454],[74.04153,31.3649],[74.0409,31.36453]],[[74.02953,31.36661],[74.02889,31.36733],[74.02869,31.36588],[74.03017,31.36571],[74.02995,31.36625],[74.03058,31.36608],[74.03079,31.36644],[74.03057,31.36698],[74.02953,31.36661]],[[74.03793,31.36704],[74.03835,31.36722],[74.03813,31.36812],[74.03708,31.36775],[74.03793,31.36704]],[[74.02762,31.36768],[74.02889,31.36751],[74.03014,31.3686],[74.02803,31.36877],[74.02762,31.36768]],[[74.02508,31.36983],[74.02445,31.36964],[74.02488,31.36874],[74.02551,31.36875],[74.02508,31.36983]],[[74.02676,31.3693],[74.02739,31.36966],[74.02697,31.37002],[74.02634,31.37002],[74.02676,31.3693]],[[74.02885,31.37076],[74.02738,31.37093],[74.02822,31.37039],[74.02844,31.36949],[74.0295,31.3695],[74.02949,31.36986],[74.02865,31.36985],[74.02885,31.37076]],[[74.02422,31.3709],[74.02443,31.3709],[74.02442,31.37181],[74.02358,31.37216],[74.02422,31.3709]],[[74.02295,31.37198],[74.02232,31.37179],[74.02233,31.37125],[74.02296,31.37143],[74.02295,31.37198]],[[74.0356,31.36936],[74.03602,31.36919],[74.03643,31.36973],[74.0379,31.36992],[74.0381,31.37101],[74.03725,31.37226],[74.03578,31.37153],[74.03598,31.37298],[74.03472,31.37315],[74.03431,31.37152],[74.03515,31.37153],[74.03495,31.37098],[74.03558,31.37081],[74.0356,31.36936]],[[74.02988,31.37293],[74.02989,31.37239],[74.03157,31.37222],[74.03177,31.37295],[74.03009,31.37347],[74.03051,31.37312],[74.0301,31.37257],[74.02988,31.37293]],[[74.02714,31.37363],[74.02672,31.37309],[74.02757,31.37309],[74.02714,31.37363]],[[74.02588,31.37344],[74.0265,31.37489],[74.02587,31.37452],[74.02588,31.37344]],[[74.03996,31.37463],[74.03955,31.37391],[74.04039,31.37391],[74.04059,31.37445],[74.03996,31.37463]],[[74.0385,31.37372],[74.03808,31.37299],[74.03934,31.37318],[74.0385,31.37372]],[[74.04355,31.37357],[74.04166,31.3732],[74.04166,31.37284],[74.04334,31.37303],[74.04355,31.37357]],[[74.04082,31.37301],[74.03997,31.37319],[74.03977,31.37228],[74.04104,31.37211],[74.04082,31.37301]],[[74.04022,31.36994],[74.04232,31.37014],[74.04189,31.37104],[74.04021,31.37102],[74.04022,31.36994]],[[74.04044,31.36904],[74.0398,31.36994],[74.03897,31.36867],[74.03939,31.36813],[74.04044,31.36904]],[[74.02991,31.3704],[74.0297,31.36986],[74.03054,31.37005],[74.03034,31.36969],[74.03118,31.36897],[74.03202,31.36898],[74.03075,31.37023],[74.02991,31.3704]],[[74.03243,31.37024],[74.03285,31.37079],[74.03221,31.37096],[74.03243,31.37024]],[[74.02527,31.37145],[74.0259,31.37146],[74.02568,31.372],[74.02527,31.37145]],[[74.03479,31.36593],[74.03521,31.36647],[74.03457,31.36647],[74.03479,31.36593]],[[74.04605,31.37594],[74.04478,31.37593],[74.04542,31.37521],[74.04605,31.37594]],[[74.04205,31.37573],[74.04247,31.37555],[74.04268,31.37627],[74.04205,31.37573]],[[74.04955,31.38282],[74.04871,31.38282],[74.04893,31.3821],[74.04852,31.38119],[74.04895,31.38029],[74.04894,31.38101],[74.04998,31.38192],[74.04955,31.38282]],[[74.05094,31.39149],[74.05115,31.39113],[74.05156,31.39186],[74.05135,31.39222],[74.05094,31.39149]],[[74.05009,31.39221],[74.0503,31.39185],[74.05093,31.39204],[74.05134,31.3933],[74.05009,31.39221]],[[74.05177,31.39258],[74.05197,31.39349],[74.05134,31.39294],[74.05177,31.39258]],[[74.02879,31.37653],[74.02816,31.37653],[74.02817,31.3758],[74.0288,31.37599],[74.02879,31.37653]],[[74.02543,31.37669],[74.02479,31.37686],[74.02459,31.3765],[74.02522,31.37614],[74.02543,31.37669]],[[74.03131,31.37691],[74.03194,31.37692],[74.03173,31.37746],[74.03131,31.37691]],[[74.02658,31.38752],[74.02679,31.38698],[74.02721,31.38717],[74.02658,31.38752]],[[74.02741,31.38843],[74.02804,31.38825],[74.02783,31.38879],[74.02741,31.38843]],[[74.01144,31.36611],[74.01185,31.36756],[74.01269,31.36811],[74.01142,31.3681],[74.01101,31.36737],[74.01144,31.36611]],[[74.01712,31.36688],[74.0169,31.36724],[74.01753,31.36742],[74.01817,31.36671],[74.01943,31.36672],[74.02194,31.36782],[74.02005,31.36762],[74.01922,31.36708],[74.01689,31.36796],[74.01669,31.36724],[74.01606,31.36741],[74.01585,31.36687],[74.01712,31.36688]],[[74.01858,31.36779],[74.01837,31.36779],[74.01837,31.36761],[74.01858,31.36779]],[[74.01562,31.36885],[74.0152,31.36867],[74.01542,31.36831],[74.01584,31.36849],[74.01562,31.36885]],[[74.01877,31.36996],[74.01772,31.36977],[74.01814,31.36905],[74.01898,31.36942],[74.01877,31.36996]],[[74.01749,31.35118],[74.01792,31.3501],[74.01876,31.35047],[74.01877,31.34957],[74.0196,31.3503],[74.01959,31.35084],[74.01896,31.35083],[74.01875,31.35137],[74.01895,31.3521],[74.01832,31.35227],[74.0181,31.35299],[74.01726,31.35299],[74.01684,31.35244],[74.01621,31.3528],[74.01601,31.35207],[74.01749,31.35118]],[[74.02231,31.35248],[74.02168,31.35248],[74.02274,31.35212],[74.02231,31.35248]],[[74.01119,31.35023],[74.01078,31.34951],[74.01119,31.34987],[74.01182,31.35006],[74.01119,31.35023]],[[74.00763,31.34858],[74.00826,31.34877],[74.00827,31.3484],[74.01037,31.34824],[74.01038,31.34716],[74.01102,31.3468],[74.01122,31.34716],[74.0108,31.34752],[74.01227,31.34717],[74.01206,31.34789],[74.00889,31.34877],[74.00909,31.3504],[74.00825,31.35021],[74.00826,31.34913],[74.00721,31.3493],[74.00763,31.34858]],[[74.00555,31.34712],[74.00554,31.34802],[74.00428,31.34765],[74.00471,31.34711],[74.00555,31.34712]],[[74.00237,31.34962],[74.00425,31.35],[74.00425,31.35054],[74.0034,31.35089],[74.00234,31.35251],[74.0017,31.3525],[74.00089,31.34979],[73.99985,31.34888],[74.00132,31.34907],[74.00175,31.34853],[74.00134,31.34763],[74.00218,31.34764],[74.00259,31.348],[74.00238,31.34836],[74.00322,31.34873],[74.00237,31.3489],[74.00237,31.34962]],[[74.00887,31.3513],[74.00887,31.35057],[74.00993,31.35058],[74.00887,31.3513]],[[74.00725,31.34497],[74.00893,31.34516],[74.0085,31.3457],[74.00746,31.34551],[74.00725,31.34497]],[[74.00178,31.34529],[74.00073,31.34528],[74.00116,31.34474],[74.00221,31.34475],[74.00178,31.34529]],[[73.9955,31.34325],[73.99527,31.34469],[73.99423,31.34378],[73.99508,31.34307],[73.9955,31.34325]],[[74.0037,31.34241],[74.00433,31.34296],[74.00284,31.34439],[74.00243,31.34385],[74.00054,31.34347],[74.00075,31.34311],[74.00222,31.34313],[74.0037,31.34241]],[[74.01063,31.34337],[74.01105,31.34355],[74.00957,31.3439],[74.01063,31.34337]],[[74.01294,31.34339],[74.01231,31.34338],[74.01232,31.34302],[74.01316,31.34303],[74.01294,31.34339]],[[74.00832,31.34353],[74.00854,31.34191],[74.00896,31.34191],[74.00896,31.34282],[74.00832,31.34353]],[[74.02494,31.3424],[74.02431,31.34221],[74.02367,31.34275],[74.02368,31.34185],[74.02558,31.34132],[74.02494,31.3424]],[[74.01129,31.34121],[74.01086,31.34157],[74.01024,31.3403],[74.01172,31.34013],[74.01129,31.34121]],[[73.99107,31.33738],[73.99174,31.33569],[73.99199,31.33655],[73.992,31.33583],[73.99348,31.33494],[73.9943,31.33711],[73.99304,31.3371],[73.99283,31.33674],[73.99218,31.33835],[73.99149,31.33745],[73.99141,31.34013],[73.99107,31.33738]],[[73.99281,31.3389],[73.99365,31.33909],[73.99343,31.33963],[73.99238,31.33944],[73.99281,31.3389]],[[74.0212,31.3384],[74.02182,31.33931],[74.01971,31.33965],[74.01972,31.33893],[74.02077,31.33912],[74.02056,31.33839],[74.0212,31.3384]],[[74.00921,31.33849],[74.00837,31.33812],[74.00859,31.33722],[74.00922,31.33759],[74.00921,31.33849]],[[74.00963,31.33867],[74.00963,31.33831],[74.0111,31.33886],[74.01151,31.33959],[74.00963,31.33867]],[[73.99765,31.33876],[73.9987,31.33877],[73.99848,31.33931],[73.99765,31.33876]],[[73.9951,31.3409],[73.99405,31.34053],[73.99448,31.34018],[73.9951,31.3409]],[[73.99867,31.34111],[73.99742,31.34056],[73.99931,31.3404],[73.99887,31.34202],[73.99845,31.34201],[73.99867,31.34111]],[[73.98956,31.3479],[73.98977,31.34736],[73.99019,31.34754],[73.98956,31.3479]],[[73.98929,31.35349],[73.98845,31.35348],[73.98909,31.35277],[73.98971,31.35313],[73.98929,31.35349]],[[73.98546,31.35743],[73.98316,31.35669],[73.98316,31.35633],[73.98421,31.35634],[73.98463,31.35688],[73.98589,31.35653],[73.98546,31.35743]],[[73.98523,31.35905],[73.98586,31.35906],[73.98565,31.35942],[73.98523,31.35905]],[[73.98501,31.35995],[73.98396,31.35994],[73.98439,31.35941],[73.98501,31.35995]],[[74.01704,31.33331],[74.01745,31.33422],[74.01703,31.33422],[74.01662,31.33385],[74.01704,31.33331]],[[73.97479,31.3328],[73.97584,31.33281],[73.975,31.33353],[73.97437,31.33334],[73.97479,31.3328]],[[73.9672,31.33509],[73.96677,31.33563],[73.96658,31.33418],[73.9672,31.33509]],[[73.97308,31.33532],[73.97392,31.3355],[73.97328,31.33658],[73.9695,31.33673],[73.96887,31.33618],[73.97056,31.3353],[73.97161,31.33549],[73.9714,31.33584],[73.97287,31.33586],[73.97308,31.33532]],[[73.96991,31.33728],[73.97138,31.33729],[73.97138,31.33783],[73.97201,31.33783],[73.97052,31.33927],[73.97011,31.33818],[73.96927,31.33835],[73.96802,31.33708],[73.96634,31.33725],[73.96634,31.33689],[73.96887,31.33655],[73.96949,31.33691],[73.96949,31.33727],[73.96886,31.33727],[73.96906,31.33781],[73.97074,31.338],[73.96991,31.33728]],[[73.97495,31.33768],[73.97411,31.33749],[73.97475,31.33695],[73.97538,31.33696],[73.97495,31.33768]],[[73.9756,31.33606],[73.9754,31.33533],[73.97624,31.33534],[73.9756,31.33606]],[[73.97707,31.33571],[73.97686,31.33571],[73.97687,31.33553],[73.97707,31.33571]],[[73.97535,31.33985],[73.97451,31.33984],[73.97472,31.33948],[73.97535,31.33985]],[[73.97785,31.34185],[73.97805,31.34239],[73.97742,31.34257],[73.9768,31.34184],[73.97785,31.34185]],[[73.96754,31.34213],[73.96671,31.34194],[73.96713,31.3414],[73.96754,31.34213]],[[73.96733,31.34267],[73.96881,31.34214],[73.96985,31.34269],[73.96942,31.34395],[73.96773,31.34412],[73.96733,31.34267]],[[73.96998,31.33114],[73.97082,31.33115],[73.9706,31.33169],[73.96998,31.33114]],[[73.97397,31.33117],[73.97355,31.33099],[73.97377,31.32991],[73.97397,31.33117]],[[73.97273,31.32972],[73.97314,31.33063],[73.97272,31.33062],[73.97273,31.32972]],[[73.96894,31.33023],[73.96978,31.3297],[73.96977,31.33042],[73.96872,31.33095],[73.96894,31.33023]],[[73.96641,31.33057],[73.96599,31.33039],[73.96747,31.33004],[73.96641,31.33057]],[[73.97082,31.33079],[73.97146,31.33043],[73.97124,31.33097],[73.97082,31.33079]],[[73.97166,31.33115],[73.97145,31.33115],[73.97145,31.33079],[73.97166,31.33115]],[[73.9681,31.32932],[73.96642,31.32931],[73.96706,31.32877],[73.96811,31.32878],[73.9681,31.32932]],[[73.96961,31.32627],[73.97044,31.32681],[73.97023,31.32717],[73.96876,31.32662],[73.96941,31.325],[73.96961,31.32627]],[[73.94183,31.3107],[73.94245,31.31107],[73.94288,31.31035],[73.94456,31.31036],[73.94454,31.31199],[73.94496,31.31253],[73.9458,31.312],[73.94727,31.31255],[73.9477,31.31201],[73.94749,31.31147],[73.94812,31.31148],[73.94813,31.31075],[73.94729,31.31093],[73.94729,31.31057],[73.94835,31.31021],[73.94939,31.31076],[73.94898,31.3095],[73.94981,31.31059],[73.95066,31.31005],[73.95128,31.31096],[73.95191,31.31078],[73.95171,31.31042],[73.95213,31.31006],[73.95276,31.31061],[73.95423,31.31062],[73.95401,31.31116],[73.95317,31.31098],[73.95317,31.31152],[73.95548,31.31099],[73.95611,31.31172],[73.95821,31.31156],[73.95843,31.31102],[73.95927,31.31103],[73.95991,31.31031],[73.96031,31.31194],[73.95967,31.31283],[73.9584,31.313],[73.95798,31.31372],[73.95861,31.31373],[73.95861,31.31337],[73.95903,31.31373],[73.96092,31.31356],[73.96135,31.31267],[73.96218,31.31376],[73.96261,31.31268],[73.96324,31.3125],[73.96304,31.31214],[73.96388,31.31196],[73.96408,31.31323],[73.96365,31.31377],[73.9647,31.31432],[73.96468,31.31594],[73.96446,31.31648],[73.96341,31.31665],[73.96279,31.31593],[73.96236,31.31646],[73.96089,31.31609],[73.9613,31.317],[73.96045,31.31789],[73.95961,31.31788],[73.9592,31.31698],[73.95836,31.31697],[73.95816,31.31625],[73.95901,31.31535],[73.95691,31.31534],[73.95773,31.31697],[73.95626,31.31714],[73.95564,31.31587],[73.9567,31.31515],[73.95629,31.31443],[73.95671,31.31461],[73.95693,31.31371],[73.95609,31.31335],[73.95524,31.31442],[73.95397,31.31459],[73.95462,31.31351],[73.95524,31.31388],[73.95525,31.31316],[73.95252,31.31259],[73.95231,31.31313],[73.95147,31.31277],[73.95126,31.31313],[73.95124,31.31493],[73.9506,31.31547],[73.95038,31.31655],[73.94954,31.316],[73.9487,31.31653],[73.94829,31.31563],[73.94745,31.31526],[73.94638,31.31651],[73.94387,31.31577],[73.94008,31.3161],[73.93884,31.31501],[73.93799,31.315],[73.9382,31.31536],[73.93757,31.31554],[73.93674,31.31463],[73.93696,31.31319],[73.93781,31.31301],[73.93762,31.31121],[73.94183,31.3107]],[[73.93676,31.31301],[73.93571,31.31228],[73.93718,31.31265],[73.93676,31.31301]],[[73.955,31.31695],[73.95416,31.31712],[73.95374,31.31657],[73.95396,31.31549],[73.95459,31.3155],[73.955,31.31695]],[[73.95398,31.31387],[73.95314,31.31368],[73.95334,31.31441],[73.95188,31.31421],[73.95252,31.31314],[73.9542,31.31333],[73.95398,31.31387]],[[73.95836,31.31733],[73.95898,31.3177],[73.95834,31.3186],[73.95624,31.31822],[73.95836,31.31733]],[[73.97057,31.31563],[73.97204,31.31582],[73.97182,31.31636],[73.97056,31.31653],[73.97057,31.31563]],[[73.96868,31.31507],[73.97036,31.3149],[73.96973,31.31544],[73.97014,31.31598],[73.96972,31.31634],[73.96741,31.31632],[73.96868,31.31507]],[[73.9708,31.31364],[73.97016,31.31436],[73.96996,31.31364],[73.97185,31.31329],[73.97246,31.31528],[73.97162,31.31546],[73.97184,31.31455],[73.97121,31.31419],[73.971,31.31455],[73.9708,31.31364]],[[73.9683,31.31146],[73.96893,31.31164],[73.96829,31.31236],[73.96849,31.31345],[73.96787,31.31272],[73.96786,31.31326],[73.96701,31.31361],[73.9683,31.31146]],[[73.97544,31.31224],[73.9746,31.31223],[73.9746,31.31187],[73.97544,31.31188],[73.97544,31.31224]],[[73.96531,31.3154],[73.96532,31.31486],[73.96596,31.31433],[73.96512,31.31396],[73.96555,31.31342],[73.9668,31.31415],[73.96679,31.31506],[73.96616,31.31523],[73.96595,31.31487],[73.96531,31.3154]],[[73.9649,31.31504],[73.96511,31.31504],[73.96511,31.31522],[73.9649,31.31504]],[[73.96663,31.31036],[73.96537,31.30999],[73.9656,31.30873],[73.96519,31.30764],[73.96351,31.30727],[73.96667,31.30675],[73.96708,31.30802],[73.9675,31.3073],[73.96813,31.30749],[73.9677,31.30857],[73.96875,31.30912],[73.96873,31.3102],[73.96915,31.31056],[73.96851,31.3111],[73.96746,31.31109],[73.96726,31.31055],[73.96642,31.31072],[73.96663,31.31036]],[[73.97928,31.30631],[73.97905,31.30884],[73.9782,31.30919],[73.97863,31.30883],[73.97843,31.30721],[73.97928,31.30631]],[[73.96773,31.30568],[73.96878,31.30587],[73.96856,31.30695],[73.96709,31.30658],[73.96815,31.30604],[73.96773,31.30568]],[[73.96161,31.30798],[73.96163,31.30671],[73.96099,31.30689],[73.96058,31.3058],[73.95975,31.30562],[73.95953,31.30652],[73.96015,31.3067],[73.95993,31.3076],[73.95972,31.30796],[73.95888,31.30777],[73.95868,31.30687],[73.9591,31.30669],[73.95806,31.30632],[73.95828,31.30524],[73.95912,31.30543],[73.9583,31.3038],[73.96061,31.30328],[73.96375,31.30438],[73.96333,31.30492],[73.96479,31.30548],[73.9652,31.30656],[73.96373,31.30655],[73.96161,31.30798]],[[73.9795,31.30577],[73.97887,31.30613],[73.97887,31.30559],[73.9795,31.30577]],[[73.96753,31.30496],[73.96816,31.30496],[73.96795,31.30532],[73.96753,31.30496]],[[73.9793,31.30469],[73.97888,31.30505],[73.97868,31.30432],[73.9793,31.30469]],[[73.95514,31.30413],[73.95451,31.30431],[73.95429,31.30503],[73.95388,31.30394],[73.95536,31.30341],[73.95431,31.30286],[73.95368,31.30322],[73.95242,31.30285],[73.95243,31.30231],[73.95327,31.30195],[73.95307,31.30123],[73.95454,31.30124],[73.95495,31.30179],[73.95643,31.30126],[73.95832,31.30163],[73.95789,31.30217],[73.9581,31.3029],[73.95767,31.30289],[73.95724,31.30379],[73.95619,31.30378],[73.95514,31.3045],[73.95514,31.30413]],[[73.96525,31.30241],[73.96651,31.30206],[73.9665,31.30296],[73.96566,31.30296],[73.96525,31.30241]],[[73.96251,31.30239],[73.96314,31.30239],[73.96293,31.30293],[73.96251,31.30239]],[[73.96652,31.30152],[73.96569,31.30061],[73.96715,31.3008],[73.96736,31.30135],[73.96652,31.30152]],[[73.96422,31.30024],[73.96548,31.30043],[73.96526,31.30079],[73.96442,31.30078],[73.96422,31.30024]],[[73.95854,31.30055],[73.95834,31.30001],[73.95939,31.30002],[73.95854,31.30055]],[[73.94908,31.30066],[73.94973,31.29958],[73.95078,31.29923],[73.95099,31.29959],[73.9533,31.29961],[73.95329,31.30015],[73.95119,31.30031],[73.95034,31.30103],[73.94908,31.30066]],[[73.96128,31.29949],[73.96087,31.29913],[73.96171,31.29914],[73.96213,31.29932],[73.96128,31.29949]],[[73.93312,31.30034],[73.9327,31.30016],[73.93334,31.29944],[73.93312,31.30034]],[[73.93417,31.29981],[73.9348,31.29964],[73.93459,31.30036],[73.93396,31.30035],[73.93417,31.29981]],[[73.94048,31.29968],[73.94047,31.30022],[73.94005,31.30022],[73.94006,31.29968],[73.94048,31.29968]],[[73.93458,31.30072],[73.93415,31.30162],[73.93352,31.30179],[73.93458,31.30072]],[[73.93541,31.30163],[73.93583,31.30163],[73.93582,31.30235],[73.93519,31.30253],[73.93541,31.30163]],[[73.95094,31.30374],[73.95053,31.30247],[73.95117,31.30212],[73.95116,31.30302],[73.95158,31.3032],[73.95094,31.30374]],[[73.9339,31.30568],[73.93389,31.30613],[73.93284,31.3063],[73.93284,31.30576],[73.93368,31.30576],[73.93453,31.30506],[73.93433,31.30469],[73.93559,31.30453],[73.9356,31.30397],[73.93666,31.30308],[73.93834,31.30291],[73.93876,31.30328],[73.9339,31.30568]],[[73.93223,31.30467],[73.9316,31.30448],[73.93202,31.30412],[73.93244,31.30431],[73.93223,31.30467]],[[73.93391,31.30468],[73.93327,31.30504],[73.93328,31.3045],[73.93391,31.30468]],[[73.93915,31.30545],[73.93831,31.3058],[73.93809,31.3067],[73.93682,31.30759],[73.93702,31.30832],[73.93828,31.30797],[73.93828,31.30869],[73.93554,31.30867],[73.93555,31.30794],[73.93281,31.30846],[73.9303,31.30754],[73.93052,31.30718],[73.93472,31.3074],[73.93515,31.3065],[73.93874,31.3049],[73.93915,31.30545]],[[73.93363,31.31045],[73.93216,31.3108],[73.93236,31.31135],[73.93173,31.31134],[73.93134,31.30881],[73.9305,31.3088],[73.93029,31.30826],[73.92924,31.30861],[73.92924,31.30825],[73.9303,31.3079],[73.93176,31.30899],[73.93323,31.30901],[73.93301,31.30955],[73.93363,31.31045]],[[73.92808,31.31046],[73.9273,31.31057],[73.92674,31.30949],[73.92586,31.30967],[73.92545,31.30912],[73.92735,31.30842],[73.92797,31.30932],[73.92728,31.3095],[73.92778,31.30954],[73.92808,31.31046]],[[73.93489,31.31064],[73.93405,31.31064],[73.93385,31.30991],[73.93448,31.30956],[73.93511,31.30992],[73.93489,31.31064]],[[73.94603,31.3102],[73.94667,31.3102],[73.94581,31.3111],[73.94561,31.31073],[73.94603,31.3102]],[[73.94604,31.30983],[73.94562,31.30929],[73.9473,31.30948],[73.94708,31.31038],[73.94604,31.30983]],[[73.93932,31.3096],[73.94015,31.31015],[73.94015,31.31033],[73.93931,31.31032],[73.93932,31.3096]],[[73.9452,31.31001],[73.94477,31.31018],[73.94457,31.30982],[73.9452,31.31001]],[[73.94755,31.30588],[73.94797,31.3066],[73.94818,31.30588],[73.94881,31.30625],[73.95071,31.3059],[73.95007,31.30662],[73.95111,31.30699],[73.9511,31.30825],[73.94879,31.30841],[73.94858,31.30787],[73.94901,31.30769],[73.95069,31.30771],[73.9488,31.30751],[73.94923,31.30679],[73.94775,31.3075],[73.94796,31.30714],[73.94775,31.30678],[73.94711,31.30804],[73.94648,31.30785],[73.94605,31.30857],[73.94521,31.30856],[73.94436,31.30928],[73.94353,31.30909],[73.9431,31.30963],[73.94185,31.30872],[73.94228,31.30764],[73.94187,31.30691],[73.9406,31.30726],[73.94059,31.30817],[73.93913,31.30779],[73.9387,31.30833],[73.93892,31.30743],[73.94082,31.30636],[73.94166,31.30655],[73.94251,31.30566],[73.94419,31.30567],[73.94546,31.30496],[73.94588,31.30514],[73.94546,31.3055],[73.94587,31.30586],[73.94565,31.30676],[73.94608,31.30623],[73.94755,31.30588]],[[73.94609,31.3055],[73.94588,31.3055],[73.94588,31.30532],[73.94609,31.3055]],[[73.95765,31.30506],[73.95743,31.3056],[73.9568,31.30559],[73.95681,31.30523],[73.95638,31.30559],[73.95639,31.30505],[73.95765,31.30506]],[[73.95152,31.30826],[73.95173,31.30826],[73.95172,31.30916],[73.9513,31.30898],[73.95152,31.30826]],[[73.95678,31.30812],[73.95846,31.30795],[73.95824,31.30885],[73.95718,31.30993],[73.9555,31.30991],[73.9553,31.30901],[73.95593,31.30865],[73.95573,31.30793],[73.95594,31.30757],[73.95678,31.30776],[73.95678,31.30812]],[[73.94773,31.30859],[73.94837,31.30841],[73.94836,31.30877],[73.94773,31.30859]],[[73.95153,31.30753],[73.95175,31.30699],[73.95258,31.30718],[73.95153,31.30753]],[[73.95371,31.30015],[73.95434,31.30034],[73.95413,31.3007],[73.9537,31.30087],[73.95371,31.30015]],[[73.97316,31.30915],[73.97274,31.30897],[73.97296,31.30825],[73.9738,31.30825],[73.97316,31.30915]],[[73.95738,31.31065],[73.95675,31.31082],[73.95675,31.31046],[73.95801,31.31065],[73.95801,31.31101],[73.95738,31.31101],[73.95738,31.31065]],[[73.96169,31.32043],[73.96127,31.32024],[73.96148,31.3197],[73.9619,31.31989],[73.96169,31.32043]],[[73.94595,31.31813],[73.94658,31.31796],[73.9472,31.31869],[73.94595,31.31813]],[[73.94048,31.31863],[73.94173,31.31882],[73.94237,31.3181],[73.94321,31.31811],[73.94321,31.31865],[73.94215,31.31937],[73.94025,31.31971],[73.94048,31.31863]],[[73.94256,31.31991],[73.94362,31.31938],[73.94488,31.31993],[73.94466,31.32029],[73.94277,31.32027],[73.94256,31.31991]],[[73.94656,31.31958],[73.94635,31.31922],[73.9472,31.31923],[73.94656,31.31958]],[[73.94191,31.32225],[73.94233,31.32244],[73.94147,31.32351],[73.94127,31.32261],[73.9419,31.32261],[73.94191,31.32225]],[[73.94042,31.32368],[73.93979,31.3235],[73.93979,31.32314],[73.94064,31.32314],[73.94042,31.32368]],[[73.93146,31.31657],[73.93188,31.31657],[73.93208,31.3173],[73.93166,31.31766],[73.93146,31.31657]],[[73.94091,31.29897],[73.9407,31.29842],[73.94217,31.29843],[73.94196,31.29897],[73.94091,31.29897]],[[73.95794,31.29766],[73.95773,31.2982],[73.95731,31.29802],[73.95731,31.29766],[73.95794,31.29766]],[[73.95836,31.29803],[73.95794,31.29802],[73.95794,31.29784],[73.95836,31.29803]],[[73.9527,31.29636],[73.95227,31.29725],[73.95185,31.29707],[73.9527,31.29636]],[[73.94703,31.29613],[73.94662,31.29558],[73.94705,31.2945],[73.94809,31.29523],[73.94936,31.29452],[73.94999,31.29471],[73.94998,31.29561],[73.94956,31.29525],[73.94956,31.29579],[73.94914,31.29578],[73.94872,31.29524],[73.94767,31.29577],[73.94892,31.29632],[73.94892,31.29687],[73.94576,31.29702],[73.94703,31.29613]],[[73.95061,31.29598],[73.95041,31.29471],[73.95209,31.29509],[73.95061,31.29598]],[[73.94053,31.29535],[73.94011,31.29535],[73.9399,31.29463],[73.94053,31.29535]],[[73.93715,31.29641],[73.93631,31.29694],[73.93631,31.2964],[73.93695,31.29587],[73.93715,31.29641]],[[74.01559,31.33132],[74.01518,31.33077],[74.0156,31.3306],[74.01623,31.33114],[74.01559,31.33132]]],[[[73.99227,31.35008],[73.99227,31.34972],[73.99165,31.34918],[73.99101,31.34971],[73.99227,31.35008]]],[[[73.99115,31.35621],[73.99073,31.35657],[73.99135,31.35693],[73.99179,31.35567],[73.99137,31.35531],[73.99095,31.35567],[73.99115,31.35621]]],[[[73.99364,31.35966],[73.99133,31.35928],[73.99153,31.35982],[73.99363,31.36038],[73.9932,31.36128],[73.99236,31.36109],[73.99215,31.36163],[73.99341,31.36164],[73.99468,31.36039],[73.99364,31.35966]]],[[[73.99127,31.36505],[73.99401,31.36435],[73.99443,31.364],[73.99402,31.36327],[73.99528,31.36346],[73.9955,31.36292],[73.99361,31.36273],[73.99298,31.362],[73.99193,31.36217],[73.99193,31.36181],[73.99172,31.36235],[73.99066,31.36252],[73.99024,31.36252],[73.99025,31.36162],[73.98941,31.36215],[73.9892,31.36179],[73.99006,31.36035],[73.98985,31.35963],[73.98943,31.35963],[73.98921,31.36125],[73.98751,31.36232],[73.98479,31.36157],[73.98499,31.36212],[73.98666,31.36285],[73.98582,31.36303],[73.98624,31.36357],[73.98813,31.36322],[73.98749,31.36394],[73.98791,31.36449],[73.98707,31.36448],[73.98729,31.36376],[73.98708,31.36376],[73.9856,31.36429],[73.98538,31.36483],[73.98832,31.36539],[73.9898,31.36486],[73.98959,31.36414],[73.99127,31.36505]],[[73.98875,31.36449],[73.98833,31.36449],[73.98876,31.36395],[73.98875,31.36449]]],[[[73.98075,31.36533],[73.98139,31.36425],[73.97992,31.36406],[73.97947,31.36695],[73.98073,31.36714],[73.98158,31.36642],[73.98075,31.36533]]],[[[73.9904,31.36721],[73.98914,31.36702],[73.98872,31.36738],[73.98997,31.36811],[73.98998,31.36739],[73.99124,31.36776],[73.99083,31.36686],[73.9904,31.36721]]],[[[73.98702,31.36899],[73.9864,31.36826],[73.98703,31.36791],[73.98556,31.36735],[73.98704,31.36683],[73.98621,31.36628],[73.98473,31.36645],[73.98451,31.36789],[73.98619,31.36826],[73.98576,31.36916],[73.98702,31.36899]]],[[[73.98472,31.36807],[73.98366,31.36806],[73.98407,31.36915],[73.98492,31.36897],[73.98472,31.36807]]],[[[73.98745,31.36827],[73.98723,31.36935],[73.98828,31.36936],[73.9887,31.369],[73.98745,31.36827]]],[[[73.98322,31.37022],[73.98365,31.36951],[73.9826,31.36896],[73.9824,31.36823],[73.98239,31.36895],[73.98155,31.36931],[73.98156,31.36859],[73.98198,31.36841],[73.98157,31.3675],[73.97946,31.36803],[73.97966,31.36857],[73.9805,31.36876],[73.98174,31.37075],[73.9811,31.37183],[73.9813,31.37237],[73.98194,31.37238],[73.98173,31.37184],[73.98215,31.37166],[73.98236,31.37238],[73.98299,31.37203],[73.9832,31.37257],[73.98404,31.37258],[73.98447,31.37132],[73.98322,31.37022]]],[[[74.01504,31.28368],[74.01336,31.28312],[74.01588,31.28314],[74.01651,31.28387],[74.01735,31.28351],[74.01797,31.2846],[74.01649,31.28513],[74.01712,31.28586],[74.0188,31.28551],[74.01902,31.28497],[74.02007,31.28498],[74.01987,31.28407],[74.02071,31.28354],[74.02113,31.28408],[74.02028,31.28462],[74.02028,31.28516],[74.02238,31.28481],[74.02134,31.2839],[74.02177,31.28282],[74.02114,31.28282],[74.02092,31.28336],[74.01883,31.28316],[74.01758,31.28207],[74.01801,31.28081],[74.01695,31.28116],[74.01738,31.28063],[74.01676,31.2799],[74.01718,31.27954],[74.02054,31.27957],[74.02012,31.28029],[74.02054,31.28029],[74.02117,31.28011],[74.02097,31.27903],[74.02013,31.27902],[74.0193,31.27793],[74.01887,31.27865],[74.0174,31.27882],[74.01719,31.27846],[74.01656,31.27918],[74.01529,31.27935],[74.01508,31.27989],[74.01445,31.2797],[74.01507,31.28025],[74.01485,31.28151],[74.01401,31.28132],[74.01423,31.28078],[74.0136,31.2806],[74.0134,31.27987],[74.01192,31.28004],[74.0113,31.2795],[74.01087,31.28003],[74.00982,31.28003],[74.01065,31.28112],[74.00918,31.28147],[74.00941,31.27966],[74.00856,31.28002],[74.00897,31.28074],[74.00793,31.28019],[74.00794,31.27929],[74.0073,31.27983],[74.00626,31.27964],[74.00647,31.2791],[74.00753,31.27875],[74.00732,31.27802],[74.00647,31.27892],[74.00564,31.27855],[74.00542,31.27909],[74.00479,31.27909],[74.00501,31.27782],[74.00585,31.27819],[74.00649,31.27765],[74.00565,31.27711],[74.00649,31.27693],[74.0063,31.27549],[74.00714,31.27495],[74.00569,31.27368],[74.00464,31.27349],[74.00422,31.27349],[74.00441,31.27493],[74.00505,31.27476],[74.00567,31.27548],[74.00545,31.27638],[74.00419,31.27655],[74.00378,31.27547],[74.00294,31.2751],[74.0023,31.27618],[74.00356,31.27583],[74.00377,31.27655],[74.00293,31.27654],[74.00313,31.27745],[74.00187,31.27726],[74.00185,31.27852],[74.00122,31.2787],[74.00143,31.27924],[74.00038,31.27923],[73.99932,31.28013],[73.9989,31.27976],[73.99722,31.27993],[73.99637,31.28046],[73.99679,31.28101],[73.99636,31.28119],[73.99636,31.28191],[73.99488,31.28226],[73.99593,31.28281],[73.99591,31.28389],[73.99675,31.28408],[73.99737,31.28498],[73.9978,31.28444],[73.99739,31.2839],[73.99781,31.28354],[73.99761,31.28282],[73.99887,31.28301],[73.99907,31.28373],[73.99758,31.28535],[73.99778,31.28589],[73.99884,31.28572],[73.99864,31.28481],[73.99948,31.28428],[73.99928,31.28373],[74.00012,31.28356],[74.00055,31.28266],[74.00159,31.28321],[74.00139,31.28231],[74.00246,31.28105],[74.00308,31.28142],[74.00266,31.28178],[74.00287,31.28214],[74.00392,31.28215],[74.00372,31.28088],[74.00267,31.28051],[74.00268,31.28015],[74.0031,31.28034],[74.00289,31.27997],[74.00311,31.27943],[74.00373,31.2798],[74.00352,31.28016],[74.00436,31.28016],[74.00412,31.28269],[74.00454,31.28287],[74.00412,31.28323],[74.0037,31.28269],[74.00327,31.2834],[74.0039,31.28395],[74.00516,31.28396],[74.00494,31.2845],[74.00725,31.28506],[74.00684,31.28397],[74.00746,31.28452],[74.00789,31.28398],[74.00769,31.28326],[74.00832,31.2829],[74.00831,31.28417],[74.00915,31.28381],[74.01061,31.2849],[74.0102,31.28382],[74.01125,31.28383],[74.01082,31.28509],[74.01166,31.28527],[74.01186,31.28582],[74.01228,31.28582],[74.0125,31.28492],[74.01356,31.28457],[74.01334,31.28511],[74.01459,31.28638],[74.01461,31.28421],[74.01504,31.28368]],[[74.0079,31.2829],[74.00664,31.28307],[74.00686,31.28235],[74.00791,31.28218],[74.0079,31.2829]],[[74.00624,31.28144],[74.00665,31.28217],[74.00517,31.28252],[74.00476,31.28197],[74.00624,31.28144]],[[73.99846,31.2821],[73.99888,31.28157],[73.99971,31.28229],[73.9997,31.2832],[73.99846,31.2821]],[[74.01528,31.28043],[74.01529,31.28007],[74.01634,31.28008],[74.01591,31.28061],[74.01528,31.28043]]],[[[74.01842,31.2819],[74.01926,31.28154],[74.01906,31.28082],[74.01843,31.28118],[74.01842,31.2819]]],[[[73.99632,31.28497],[73.99568,31.28659],[73.99715,31.28642],[73.99716,31.28516],[73.99632,31.28497]]],[[[74.00152,31.28989],[74.00068,31.29024],[74.00026,31.28988],[73.99984,31.29005],[73.99983,31.29096],[74.00173,31.29079],[74.00194,31.29043],[74.00152,31.28989]]],[[[74.00464,31.29298],[74.00528,31.2928],[74.0059,31.29335],[74.00591,31.29281],[74.00465,31.29226],[74.00466,31.29136],[74.00403,31.29099],[74.00425,31.29045],[74.00299,31.29044],[74.00256,31.29134],[74.00275,31.29333],[74.00338,31.29333],[74.00339,31.29243],[74.00465,31.29262],[74.00464,31.29298]]],[[[73.99962,31.29095],[73.9971,31.29057],[73.99731,31.29112],[73.99794,31.29112],[73.99709,31.29238],[73.99792,31.29311],[73.99812,31.29401],[73.99875,31.29384],[73.99897,31.29275],[73.99856,31.29167],[73.99962,31.29095]]],[[[74.00127,31.29367],[74.00127,31.29386],[74.00253,31.29386],[74.00274,31.29423],[74.00275,31.29333],[74.00127,31.29367]]],[[[73.99561,31.29309],[73.9956,31.29417],[73.99496,31.29435],[73.99496,31.29489],[73.99622,31.29508],[73.99623,31.29418],[73.99664,31.29454],[73.99665,31.294],[73.99581,31.29381],[73.99624,31.29327],[73.99561,31.29309]]],[[[74.01029,31.29537],[74.0105,31.29591],[74.00986,31.29627],[74.01112,31.297],[74.01112,31.29646],[74.0105,31.29609],[74.01113,31.2961],[74.01134,31.29538],[74.01072,31.29501],[74.01029,31.29537]]],[[[74.00735,31.29571],[74.00693,31.2957],[74.00692,31.29643],[74.00629,31.29642],[74.00629,31.29678],[74.00587,31.2966],[74.00609,31.2957],[74.00525,31.29569],[74.00566,31.29623],[74.00524,31.29659],[74.00607,31.2975],[74.00649,31.2975],[74.00628,31.29696],[74.00796,31.29715],[74.00734,31.29661],[74.00735,31.29571]]],[[[74.0067,31.29769],[74.00606,31.29786],[74.00648,31.29823],[74.00627,31.29859],[74.00543,31.29804],[74.00565,31.2975],[74.00502,31.29731],[74.00503,31.29641],[74.0044,31.29586],[74.00462,31.29532],[74.00399,31.29514],[74.00442,31.29478],[74.00379,31.29424],[74.00337,31.29405],[74.00231,31.29477],[74.0021,31.29549],[74.00315,31.29549],[74.00314,31.2964],[74.00165,31.29747],[74.00271,31.29729],[74.00312,31.29766],[74.00291,31.29802],[74.00354,31.29802],[74.00397,31.29694],[74.00356,31.29658],[74.00419,31.29622],[74.00418,31.29731],[74.00502,31.29767],[74.00438,31.29839],[74.00437,31.29947],[74.00562,31.29966],[74.00626,31.29895],[74.00689,31.29931],[74.0067,31.29769]]],[[[73.99514,31.29742],[73.99514,31.29706],[73.99472,31.29741],[73.99492,31.29832],[73.99618,31.29869],[73.99574,31.29995],[73.99722,31.2996],[73.99681,31.29815],[73.99514,31.29742]]],[[[74.00143,31.29927],[74.00226,31.29982],[74.00248,31.29856],[74.00186,31.29837],[74.00143,31.29927]]],[[[74.01803,31.2994],[74.01698,31.29885],[74.01592,31.29992],[74.01612,31.30101],[74.01674,31.30155],[74.01801,31.30138],[74.01738,31.30102],[74.01803,31.2994]]],[[[74.00477,31.30074],[74.0052,31.3002],[74.00415,31.30037],[74.00394,31.30001],[74.00393,31.30055],[74.00477,31.30074]]],[[[74.01568,31.30281],[74.01757,31.30282],[74.01756,31.30336],[74.01799,31.30301],[74.01716,31.30228],[74.01547,31.30245],[74.01568,31.30281]]],[[[74.02996,31.30364],[74.0285,31.30291],[74.02619,31.30289],[74.02681,31.30307],[74.0266,31.30379],[74.02597,31.30397],[74.02617,31.30487],[74.02679,31.30506],[74.02658,31.3056],[74.02574,31.30541],[74.02534,31.30378],[74.02471,31.30378],[74.02449,31.30432],[74.02469,31.30486],[74.02533,31.30487],[74.02553,31.30577],[74.02763,31.30597],[74.02806,31.30471],[74.02848,31.30435],[74.02974,31.30454],[74.02996,31.30364]],[[74.02744,31.30344],[74.02744,31.30362],[74.02702,31.30362],[74.02702,31.30326],[74.02744,31.30344]]],[[[74.02443,31.30973],[74.02318,31.30954],[74.02296,31.31008],[74.02526,31.31082],[74.02633,31.30975],[74.02507,31.30956],[74.02508,31.30829],[74.02593,31.30758],[74.02719,31.30759],[74.02699,31.30686],[74.02657,31.3065],[74.02342,31.30648],[74.0232,31.30738],[74.02425,31.3072],[74.02467,31.30757],[74.02443,31.30973]]],[[[73.99753,31.30971],[73.99648,31.30988],[73.99648,31.31024],[73.99711,31.31006],[73.99731,31.31043],[73.99816,31.30953],[73.99901,31.30954],[73.99859,31.30881],[73.99753,31.30971]]],[[[74.03745,31.31127],[74.03725,31.31073],[74.03788,31.31038],[74.03725,31.31019],[74.03682,31.31109],[74.03745,31.31127]]],[[[74.04186,31.31131],[74.04354,31.31168],[74.04375,31.31222],[74.0448,31.31187],[74.0446,31.31043],[74.04292,31.31059],[74.04186,31.31131]]],[[[74.02545,31.31317],[74.0265,31.31372],[74.02588,31.31263],[74.02609,31.31209],[74.02547,31.31136],[74.02545,31.31317]]],[[[74.03028,31.31375],[74.02694,31.31174],[74.02883,31.31103],[74.02821,31.31066],[74.02715,31.31102],[74.02716,31.31029],[74.02611,31.31047],[74.0261,31.31155],[74.02652,31.31101],[74.02694,31.31119],[74.02631,31.31173],[74.02651,31.31264],[74.02713,31.313],[74.02735,31.31228],[74.02819,31.31283],[74.02816,31.31535],[74.02858,31.31518],[74.02859,31.31427],[74.02901,31.31446],[74.02965,31.31356],[74.03028,31.31375]]],[[[74.04917,31.31605],[74.04877,31.31461],[74.04854,31.31569],[74.04812,31.31605],[74.04917,31.31605]]],[[[74.04618,31.32072],[74.04429,31.32053],[74.04409,31.31926],[74.04325,31.31926],[74.04348,31.31818],[74.0439,31.31818],[74.04348,31.31763],[74.0435,31.31601],[74.04371,31.31565],[74.04434,31.31584],[74.04411,31.31764],[74.04475,31.31728],[74.04476,31.31584],[74.04538,31.31729],[74.04559,31.31657],[74.04685,31.31676],[74.04665,31.31621],[74.04728,31.31604],[74.04687,31.31549],[74.04813,31.31496],[74.04899,31.31353],[74.04962,31.31371],[74.05026,31.31281],[74.05026,31.31227],[74.05005,31.31263],[74.04963,31.31227],[74.04985,31.31173],[74.04838,31.31136],[74.04711,31.31171],[74.04628,31.31098],[74.04647,31.31297],[74.04605,31.31296],[74.04627,31.31224],[74.04501,31.31223],[74.04521,31.3126],[74.04437,31.31295],[74.0452,31.3135],[74.04478,31.31404],[74.04479,31.31331],[74.04436,31.31349],[74.04457,31.31403],[74.04414,31.31457],[74.04372,31.31457],[74.04415,31.31385],[74.04352,31.3133],[74.04395,31.31277],[74.04332,31.31258],[74.04289,31.3133],[74.04184,31.31347],[74.04161,31.31546],[74.04097,31.31599],[74.04286,31.31619],[74.04306,31.31745],[74.04159,31.31744],[74.042,31.31835],[74.04158,31.31852],[74.04242,31.31871],[74.04304,31.31998],[74.04241,31.31997],[74.04241,31.31943],[74.04136,31.31924],[74.04095,31.3187],[74.03885,31.3185],[74.04074,31.31798],[74.04054,31.31707],[74.0397,31.31707],[74.03885,31.31814],[74.03801,31.31814],[74.0376,31.31723],[74.03697,31.31704],[74.03783,31.31561],[74.03741,31.31524],[74.03698,31.31578],[74.037,31.31434],[74.03742,31.31398],[74.03911,31.31381],[74.03975,31.31219],[74.04059,31.3122],[74.041,31.31311],[74.04163,31.31311],[74.04143,31.31221],[74.04206,31.31221],[74.04186,31.31149],[74.04144,31.31166],[74.04102,31.31112],[74.04039,31.31166],[74.0406,31.31112],[74.04019,31.31075],[74.03871,31.31092],[74.03786,31.31236],[74.03723,31.31236],[74.03702,31.31181],[74.03597,31.31235],[74.03722,31.31308],[74.03574,31.31361],[74.03594,31.31487],[74.03552,31.31469],[74.03553,31.31379],[74.0349,31.31396],[74.03403,31.31648],[74.03444,31.31829],[74.03318,31.31792],[74.03296,31.31882],[74.03254,31.31882],[74.03316,31.31972],[74.03358,31.31973],[74.03359,31.31918],[74.03379,31.31973],[74.03527,31.31938],[74.03504,31.32064],[74.03737,31.31939],[74.03735,31.3212],[74.03821,31.31958],[74.03862,31.31976],[74.0382,31.3203],[74.03946,31.32049],[74.03861,31.32121],[74.03966,31.32103],[74.04009,31.31996],[74.04093,31.32032],[74.04093,31.32086],[74.04177,31.32033],[74.04302,31.32124],[74.04281,31.32178],[74.04365,31.32197],[74.04364,31.32287],[74.04492,31.32107],[74.04618,31.32072]],[[74.03593,31.31632],[74.03635,31.31632],[74.03717,31.31777],[74.03695,31.31885],[74.03506,31.31884],[74.03486,31.31775],[74.03593,31.31632]],[[74.04644,31.31639],[74.04623,31.31639],[74.04623,31.31621],[74.04644,31.31639]]],[[[74.01971,31.31944],[74.0197,31.31998],[74.02055,31.31981],[74.02097,31.31927],[74.02056,31.31818],[74.01951,31.31836],[74.0195,31.31908],[74.01845,31.31925],[74.01908,31.3198],[74.01971,31.31944]]],[[[74.0239,31.32074],[74.02369,31.32091],[74.02411,31.32092],[74.02433,31.31948],[74.02327,31.32055],[74.0239,31.32074]]],[[[74.03231,31.32098],[74.0321,31.32026],[74.03083,31.32097],[74.03167,31.32116],[74.03167,31.32152],[74.03314,31.32153],[74.03378,31.32099],[74.03231,31.32098]]],[[[74.04702,31.32127],[74.04513,31.32126],[74.04533,31.32162],[74.04702,31.32127]]],[[[74.04741,31.3238],[74.04783,31.32452],[74.04909,31.32417],[74.04868,31.32327],[74.04741,31.3238]]],[[[74.02385,31.32525],[74.02449,31.32471],[74.02512,31.32526],[74.02512,31.32435],[74.02429,31.32417],[74.02323,31.32488],[74.02385,31.32525]]],[[[74.04991,31.32671],[74.05117,31.32635],[74.05033,31.32581],[74.05013,31.3249],[74.04781,31.32615],[74.04968,31.32833],[74.05199,31.32816],[74.05074,31.32779],[74.04991,31.32671]]],[[[74.04738,31.32651],[74.04655,31.32596],[74.04632,31.3274],[74.04527,31.32811],[74.04588,31.32938],[74.0463,31.32939],[74.0461,31.32866],[74.04716,31.32777],[74.04696,31.32704],[74.04738,31.32651]]],[[[74.03245,31.32784],[74.03098,31.32765],[74.03076,31.32819],[74.03265,31.3282],[74.03287,31.3273],[74.03245,31.32784]]],[[[74.04791,31.33716],[74.04855,31.3359],[74.04792,31.33571],[74.0475,31.33625],[74.04791,31.33716]]],[[[74.03232,31.34011],[74.03379,31.33994],[74.0338,31.33958],[74.03254,31.33939],[74.03232,31.34011]]],[[[74.05746,31.34914],[74.05747,31.34823],[74.0562,31.34877],[74.05703,31.34986],[74.05661,31.35039],[74.05829,31.35041],[74.05849,31.35113],[74.05913,31.35059],[74.05954,31.35132],[74.05934,31.35023],[74.05746,31.34914]]],[[[74.03762,31.37678],[74.03804,31.3775],[74.03846,31.37733],[74.03805,31.37624],[74.03658,31.37641],[74.03636,31.37695],[74.03762,31.37678]]],[[[74.02163,31.37774],[74.02163,31.37738],[74.0208,31.37701],[74.02058,31.37773],[74.02016,31.37773],[74.02017,31.37665],[74.01975,31.37646],[74.01973,31.37791],[74.01826,31.37844],[74.01888,31.3788],[74.01888,31.37952],[74.02015,31.37881],[74.01952,31.37827],[74.02163,31.37774]]],[[[74.042,31.38096],[74.04199,31.38186],[74.04325,31.38169],[74.042,31.38096]]],[[[74.03292,31.38414],[74.03335,31.3836],[74.03166,31.38359],[74.03292,31.38414]]],[[[74.04344,31.38422],[74.04386,31.38386],[74.04512,31.38405],[74.04492,31.38351],[74.04534,31.38369],[74.04534,31.38333],[74.04302,31.38368],[74.04345,31.38314],[74.04325,31.38241],[74.04219,31.38295],[74.04157,31.38186],[74.03946,31.38203],[74.04007,31.38438],[74.04259,31.38512],[74.04342,31.38639],[74.0432,31.38674],[74.04362,31.38675],[74.04405,31.38585],[74.04343,31.38512],[74.04344,31.38422]]],[[[74.04635,31.38713],[74.04678,31.38659],[74.04593,31.38731],[74.04509,31.3873],[74.0455,31.38784],[74.04614,31.38767],[74.04571,31.38803],[74.04592,31.38857],[74.04528,31.38893],[74.0459,31.38983],[74.04696,31.3893],[74.04698,31.38786],[74.04635,31.38713]]],[[[74.04108,31.38817],[74.04108,31.38853],[74.04234,31.38836],[74.04212,31.38926],[74.04107,31.3898],[74.04086,31.38925],[74.04002,31.38907],[74.04001,31.39051],[74.03917,31.38996],[74.03958,31.39141],[74.04042,31.39142],[74.04043,31.39069],[74.04274,31.39035],[74.04317,31.38981],[74.04318,31.38909],[74.04255,31.38909],[74.04299,31.38728],[74.04108,31.38817]]],[[[74.04505,31.39163],[74.04504,31.39217],[74.04546,31.39218],[74.04631,31.39128],[74.04484,31.39127],[74.04441,31.39181],[74.04505,31.39163]]],[[[74.03767,31.39302],[74.03915,31.39249],[74.03873,31.39212],[74.03789,31.3923],[74.03767,31.39302]]],[[[74.03154,31.39532],[74.03155,31.3946],[74.03092,31.39459],[74.03114,31.39333],[74.02988,31.3935],[74.0301,31.39296],[74.02863,31.39187],[74.02922,31.39602],[74.03217,31.39568],[74.03218,31.39514],[74.03154,31.39532]]],[[[74.04608,31.39344],[74.0465,31.39381],[74.04648,31.39525],[74.04733,31.39435],[74.04734,31.39345],[74.04608,31.39344]]],[[[74.03955,31.39448],[74.03997,31.3943],[74.04017,31.39484],[74.04228,31.3945],[74.03976,31.39394],[74.03955,31.39448]]],[[[74.03785,31.39537],[74.03765,31.39482],[74.03659,31.39518],[74.03574,31.39625],[74.03658,31.39662],[74.03701,31.39608],[74.03933,31.39538],[74.03785,31.39537]]],[[[74.04753,31.39562],[74.04774,31.39526],[74.04732,31.39508],[74.04711,31.39562],[74.04794,31.39652],[74.04857,31.39653],[74.04963,31.396],[74.04879,31.39545],[74.04753,31.39562]]],[[[74.04374,31.39613],[74.04352,31.39667],[74.04478,31.39722],[74.04543,31.39542],[74.04374,31.39613]]],[[[74.03758,31.40168],[74.03716,31.40114],[74.03822,31.4006],[74.03929,31.39917],[74.03909,31.39808],[74.03825,31.3979],[74.03824,31.39862],[74.03782,31.39861],[74.03721,31.39717],[74.03511,31.39661],[74.03426,31.39732],[74.03425,31.39769],[74.03509,31.39787],[74.03466,31.39895],[74.03403,31.39877],[74.03403,31.39949],[74.03319,31.39912],[74.03297,31.39948],[74.03339,31.4002],[74.03402,31.40021],[74.03423,31.39967],[74.03486,31.39986],[74.03464,31.40094],[74.03296,31.40056],[74.03276,31.39966],[74.0315,31.39983],[74.03171,31.39929],[74.03045,31.39946],[74.03004,31.39856],[74.02876,31.39999],[74.02877,31.39891],[74.02962,31.39801],[74.03068,31.39802],[74.03089,31.39748],[74.03026,31.39765],[74.02964,31.39639],[74.02922,31.39674],[74.02963,31.39765],[74.02858,31.39764],[74.02735,31.3942],[74.02672,31.39384],[74.02694,31.39312],[74.02736,31.3933],[74.02714,31.39366],[74.02778,31.39349],[74.02778,31.39276],[74.02632,31.39167],[74.02547,31.39275],[74.02545,31.39509],[74.0265,31.39528],[74.02607,31.39582],[74.02565,31.39564],[74.02586,31.39618],[74.02733,31.39601],[74.02754,31.39637],[74.02668,31.39745],[74.0275,31.39962],[74.02834,31.40017],[74.02833,31.40143],[74.03021,31.40271],[74.03273,31.40255],[74.034,31.40183],[74.03526,31.4022],[74.03758,31.40168]],[[74.03719,31.39825],[74.03761,31.39843],[74.03654,31.40059],[74.03527,31.40148],[74.03506,31.40076],[74.03719,31.39825]]],[[[74.04119,31.3981],[74.04121,31.39684],[74.0391,31.39664],[74.0393,31.39772],[74.04119,31.3981]]],[[[74.05214,31.39764],[74.05171,31.39818],[74.05318,31.39837],[74.05214,31.39764]]],[[[74.0591,31.35312],[74.0591,31.35348],[74.05973,31.35384],[74.06015,31.35349],[74.05995,31.35294],[74.0591,31.35312]]],[[[74.02765,31.32437],[74.02912,31.3242],[74.02932,31.32475],[74.02891,31.32456],[74.0289,31.32492],[74.02932,31.32547],[74.0308,31.32458],[74.0329,31.32459],[74.03311,31.32496],[74.03289,31.3255],[74.031,31.3253],[74.03099,31.32638],[74.03057,31.32656],[74.02952,31.32655],[74.02952,31.32583],[74.02868,31.32637],[74.02763,31.326],[74.02721,31.32635],[74.02721,31.32563],[74.0268,31.32545],[74.02678,31.32653],[74.02573,31.3267],[74.02531,31.32652],[74.02553,31.32598],[74.0249,31.3258],[74.02448,31.32615],[74.02468,31.32688],[74.02384,31.32687],[74.02404,31.32741],[74.02341,31.32723],[74.02361,31.32885],[74.02256,31.3283],[74.02256,31.32885],[74.02195,31.32902],[74.02538,31.33061],[74.02882,31.33343],[74.03018,31.33603],[74.02994,31.33859],[74.02911,31.34013],[74.02824,31.34294],[74.02821,31.34353],[74.02463,31.34677],[74.02398,31.34807],[74.02419,31.35004],[74.02531,31.35139],[74.02994,31.35442],[74.03341,31.35493],[74.042,31.35806],[74.04327,31.35933],[74.04411,31.35914],[74.04432,31.35969],[74.04351,31.35968],[74.04518,31.36346],[74.04576,31.36294],[74.04555,31.36258],[74.04492,31.36276],[74.04492,31.36222],[74.04597,31.36222],[74.04639,31.36241],[74.04638,31.36331],[74.04785,31.3635],[74.04784,31.36476],[74.04721,31.36494],[74.04595,31.36475],[74.04553,31.36439],[74.04575,31.36385],[74.04525,31.36366],[74.04546,31.36496],[74.047,31.36932],[74.04913,31.3733],[74.0506,31.37792],[74.05368,31.38062],[74.05451,31.38358],[74.05543,31.38341],[74.05543,31.38431],[74.05451,31.38427],[74.05569,31.39345],[74.05814,31.40224],[74.06002,31.40524],[74.06235,31.40727],[74.06502,31.4073],[74.06938,31.40823],[74.07637,31.4081],[74.08008,31.40723],[74.09079,31.4073],[74.09586,31.40644],[74.10265,31.40648],[74.1039,31.40595],[74.1017,31.40612],[74.10129,31.40575],[74.10192,31.40521],[74.10087,31.40503],[74.10066,31.40557],[74.09856,31.40537],[74.09834,31.40591],[74.09771,31.40573],[74.0975,31.40609],[74.0975,31.40518],[74.10089,31.40358],[74.1009,31.4025],[74.09985,31.40231],[74.09942,31.40321],[74.09837,31.4032],[74.09879,31.40231],[74.09775,31.40194],[74.09606,31.40211],[74.09562,31.40409],[74.09394,31.40426],[74.09415,31.4039],[74.09269,31.40316],[74.09165,31.40171],[74.09143,31.40261],[74.09205,31.4037],[74.08993,31.40477],[74.09077,31.40568],[74.08972,31.40567],[74.08929,31.40621],[74.08741,31.40493],[74.08678,31.40511],[74.08573,31.40402],[74.08574,31.40366],[74.08785,31.40331],[74.08827,31.40259],[74.08722,31.4024],[74.08426,31.40401],[74.08279,31.404],[74.08154,31.40309],[74.08153,31.40381],[74.08111,31.40398],[74.07943,31.40379],[74.07943,31.40325],[74.08028,31.4029],[74.07922,31.40289],[74.07902,31.40253],[74.07944,31.40253],[74.07944,31.40217],[74.07902,31.40235],[74.0786,31.40162],[74.08071,31.40146],[74.08049,31.40236],[74.08175,31.40273],[74.0824,31.40111],[74.08177,31.40074],[74.08178,31.39984],[74.0782,31.40017],[74.07819,31.4009],[74.07861,31.40108],[74.07819,31.40144],[74.07838,31.40306],[74.07711,31.40414],[74.07628,31.40287],[74.07626,31.40449],[74.07563,31.40449],[74.07501,31.40376],[74.07607,31.40287],[74.07586,31.4025],[74.07375,31.40285],[74.07438,31.40321],[74.07396,31.40339],[74.07416,31.40448],[74.07227,31.40392],[74.0727,31.40302],[74.07228,31.40248],[74.07291,31.40266],[74.07292,31.4023],[74.07229,31.40194],[74.07186,31.40265],[74.07206,31.40356],[74.07143,31.40355],[74.07123,31.40283],[74.06955,31.40264],[74.07019,31.40192],[74.07145,31.40193],[74.07167,31.40085],[74.07125,31.40121],[74.07125,31.40067],[74.07251,31.40085],[74.0723,31.40121],[74.07376,31.40213],[74.07629,31.40215],[74.07755,31.40161],[74.07735,31.40035],[74.07778,31.39999],[74.07715,31.39981],[74.07587,31.40142],[74.07546,31.40088],[74.07588,31.40052],[74.07547,31.39907],[74.07525,31.40033],[74.07462,31.40051],[74.07545,31.40106],[74.07524,31.40142],[74.07377,31.40122],[74.07399,31.40014],[74.07293,31.40086],[74.07189,31.40013],[74.0719,31.39905],[74.07043,31.39849],[74.07002,31.39705],[74.07066,31.39615],[74.0694,31.39632],[74.07004,31.39506],[74.06984,31.39434],[74.07026,31.39416],[74.07006,31.39326],[74.06817,31.39342],[74.06816,31.39433],[74.06521,31.39431],[74.06522,31.39322],[74.06586,31.39251],[74.06671,31.39233],[74.06671,31.39197],[74.06734,31.39234],[74.06734,31.39179],[74.06819,31.39144],[74.06777,31.39072],[74.06713,31.39161],[74.06461,31.39105],[74.06441,31.39033],[74.06336,31.38978],[74.06273,31.38996],[74.06251,31.39068],[74.06209,31.39067],[74.06169,31.38941],[74.06105,31.39012],[74.06042,31.38994],[74.06064,31.38904],[74.0617,31.38833],[74.06192,31.38706],[74.06296,31.38779],[74.06527,31.38817],[74.0657,31.38709],[74.06423,31.38762],[74.06276,31.38671],[74.06236,31.38544],[74.06235,31.38598],[74.0594,31.38632],[74.0594,31.38668],[74.06087,31.38688],[74.06002,31.38777],[74.05897,31.3874],[74.05898,31.38668],[74.05813,31.38704],[74.05837,31.38469],[74.05754,31.3836],[74.05796,31.38325],[74.05838,31.38361],[74.05944,31.38271],[74.06112,31.38327],[74.06089,31.38435],[74.06173,31.38508],[74.06257,31.38508],[74.06236,31.38472],[74.06258,31.38364],[74.06341,31.38473],[74.06299,31.38527],[74.06403,31.386],[74.06424,31.38672],[74.06529,31.38673],[74.06635,31.38583],[74.06615,31.38511],[74.06509,31.3851],[74.0651,31.38456],[74.06467,31.38492],[74.06468,31.38438],[74.06405,31.38419],[74.06636,31.38439],[74.06553,31.3833],[74.06448,31.38311],[74.06428,31.38239],[74.06365,31.3822],[74.06322,31.38274],[74.06259,31.38256],[74.06282,31.38057],[74.06347,31.3795],[74.06305,31.37895],[74.06327,31.37787],[74.06242,31.37859],[74.06137,31.37858],[74.06075,31.37785],[74.06096,31.37731],[74.06013,31.37676],[74.05991,31.37749],[74.06053,31.37839],[74.0599,31.37893],[74.06053,31.37911],[74.06031,31.37965],[74.06073,31.3802],[74.06009,31.38091],[74.05925,31.38091],[74.05903,31.38145],[74.05776,31.3818],[74.0584,31.3809],[74.05904,31.38091],[74.05905,31.37946],[74.05863,31.3791],[74.05842,31.37964],[74.058,31.37946],[74.05843,31.37856],[74.05801,31.37801],[74.05844,31.37765],[74.05885,31.3782],[74.0597,31.37802],[74.05907,31.37748],[74.05929,31.37694],[74.05824,31.37657],[74.05929,31.37622],[74.05909,31.37549],[74.05971,31.37622],[74.06139,31.37677],[74.06159,31.37768],[74.06391,31.37715],[74.06265,31.37678],[74.06245,31.37624],[74.06602,31.37645],[74.06582,31.37572],[74.06435,31.37499],[74.06414,31.37571],[74.06372,31.37553],[74.0633,31.3748],[74.06394,31.37427],[74.06268,31.3739],[74.06206,31.37281],[74.06227,31.37245],[74.06353,31.37354],[74.06437,31.37355],[74.06542,31.37301],[74.06417,31.37246],[74.06459,31.37193],[74.06669,31.37248],[74.06753,31.37321],[74.06816,31.37303],[74.06816,31.37249],[74.06733,31.37176],[74.06628,31.37194],[74.06649,31.37122],[74.06607,31.37139],[74.06524,31.37067],[74.0646,31.37102],[74.06398,31.37048],[74.06313,31.37083],[74.06254,31.3674],[74.0615,31.36613],[74.06216,31.3627],[74.06154,31.36216],[74.06155,31.36072],[74.06092,31.36035],[74.06156,31.35999],[74.06095,31.358],[74.06117,31.3571],[74.06013,31.35565],[74.0595,31.35565],[74.05741,31.35383],[74.05763,31.35347],[74.05679,31.3531],[74.05701,31.35238],[74.05868,31.3533],[74.0591,31.35294],[74.05869,31.35185],[74.05659,31.35202],[74.05681,31.35112],[74.05618,31.35075],[74.0564,31.35003],[74.05577,31.34949],[74.056,31.34786],[74.05474,31.34785],[74.05474,31.34821],[74.05557,31.3484],[74.05536,31.34912],[74.05473,31.34894],[74.05493,31.34966],[74.0543,31.34965],[74.0541,31.34839],[74.05368,31.34893],[74.05305,31.34874],[74.05283,31.34928],[74.05367,31.34965],[74.05324,31.35055],[74.05199,31.34928],[74.05221,31.34838],[74.05159,31.34783],[74.05264,31.34766],[74.05264,31.34712],[74.0537,31.34622],[74.05202,31.34621],[74.05098,31.3453],[74.05119,31.34494],[74.05015,31.34457],[74.05057,31.34421],[74.05059,31.34205],[74.0487,31.34185],[74.0487,31.34221],[74.04975,31.34204],[74.04974,31.34294],[74.04827,31.34293],[74.04765,31.34203],[74.04723,31.34202],[74.04701,31.34274],[74.0466,31.3422],[74.04702,31.34148],[74.04534,31.34129],[74.04452,31.33984],[74.04495,31.33912],[74.04557,31.3393],[74.04578,31.33985],[74.04662,31.34003],[74.04619,31.34075],[74.04682,31.34094],[74.04724,31.3404],[74.04704,31.33986],[74.04809,31.34041],[74.04872,31.34005],[74.04767,31.33968],[74.04768,31.33914],[74.04916,31.33843],[74.04811,31.33752],[74.0479,31.33806],[74.04664,31.33787],[74.04663,31.33859],[74.046,31.33859],[74.04644,31.33715],[74.04623,31.3366],[74.04539,31.33678],[74.0454,31.33569],[74.04688,31.33516],[74.04626,31.33426],[74.04689,31.33408],[74.04564,31.33263],[74.04586,31.33209],[74.04544,31.33172],[74.0465,31.33047],[74.04567,31.32956],[74.04462,31.32973],[74.04484,31.32919],[74.044,31.32847],[74.04401,31.3281],[74.04506,31.32811],[74.04444,31.32684],[74.0457,31.32649],[74.04508,31.32541],[74.04614,31.32505],[74.04636,31.32433],[74.04677,31.32452],[74.04699,31.32362],[74.04658,31.32325],[74.047,31.32253],[74.04595,31.32271],[74.04636,31.32343],[74.04552,31.32415],[74.04447,31.3236],[74.043,31.32359],[74.04259,31.32286],[74.0428,31.32214],[74.04197,31.32141],[74.03944,31.32212],[74.03818,31.32175],[74.03754,31.32264],[74.03691,31.32264],[74.03713,31.32174],[74.03587,31.32155],[74.03546,31.32082],[74.03546,31.32118],[74.03441,31.32118],[74.03061,31.32277],[74.03018,31.32367],[74.02849,31.32384],[74.0285,31.32294],[74.02871,31.32348],[74.02913,31.3233],[74.02893,31.32258],[74.02745,31.32275],[74.02745,31.32347],[74.02682,31.32292],[74.0266,31.32382],[74.02765,31.32437]],[[74.05762,31.37548],[74.05784,31.37404],[74.05889,31.37459],[74.05931,31.37405],[74.06036,31.37442],[74.05909,31.37549],[74.05762,31.37548]],[[74.09707,31.40626],[74.09708,31.4059],[74.09729,31.4059],[74.09707,31.40626]],[[74.02702,31.32365],[74.02703,31.32347],[74.02724,31.32347],[74.02702,31.32365]],[[74.09097,31.40658],[74.09099,31.4046],[74.09204,31.4046],[74.09182,31.40568],[74.09435,31.40462],[74.09498,31.40499],[74.09498,31.40571],[74.09561,31.40571],[74.09476,31.40661],[74.09391,31.4066],[74.0935,31.40588],[74.09097,31.40658]],[[74.08803,31.4062],[74.08697,31.40673],[74.08677,31.40583],[74.08803,31.4062]],[[74.08298,31.4058],[74.08256,31.40634],[74.08214,31.40544],[74.08298,31.4058]],[[74.07773,31.40522],[74.07815,31.40487],[74.07919,31.40632],[74.07856,31.40649],[74.07773,31.40522]],[[74.08635,31.40565],[74.08593,31.40564],[74.08615,31.40492],[74.08657,31.40511],[74.08635,31.40565]],[[74.07331,31.40537],[74.07267,31.40573],[74.07247,31.405],[74.07331,31.40501],[74.07331,31.40537]],[[74.07014,31.40697],[74.0691,31.40552],[74.06909,31.40678],[74.06803,31.40714],[74.06783,31.40605],[74.06889,31.40534],[74.06742,31.40515],[74.06576,31.40315],[74.06723,31.40298],[74.06764,31.40371],[74.06828,31.40317],[74.06912,31.40336],[74.06912,31.40372],[74.06975,31.40372],[74.07016,31.40499],[74.071,31.40427],[74.07121,31.405],[74.07036,31.40535],[74.07077,31.4068],[74.07014,31.40697]],[[74.06365,31.40386],[74.06386,31.40332],[74.06449,31.4035],[74.06448,31.40422],[74.06365,31.40386]],[[74.06552,31.40622],[74.06679,31.4055],[74.06762,31.40641],[74.06761,31.40677],[74.06552,31.40622]],[[74.06257,31.4062],[74.06152,31.40601],[74.06173,31.40565],[74.06257,31.4062]],[[74.07519,31.40683],[74.07497,31.40755],[74.07455,31.40719],[74.07519,31.40683]],[[74.08361,31.40635],[74.08571,31.40672],[74.08486,31.40708],[74.08339,31.40689],[74.08361,31.40635]],[[74.07708,31.40666],[74.07624,31.40666],[74.07667,31.40576],[74.07709,31.40594],[74.07708,31.40666]],[[74.07983,31.4056],[74.08067,31.40597],[74.08045,31.40633],[74.07982,31.40614],[74.07983,31.4056]],[[74.06853,31.39884],[74.06895,31.39884],[74.06854,31.39812],[74.06897,31.3974],[74.06959,31.39795],[74.06938,31.39867],[74.07022,31.39885],[74.06999,31.40084],[74.0683,31.401],[74.0685,31.40209],[74.06786,31.40281],[74.06723,31.4028],[74.06703,31.40226],[74.06639,31.40243],[74.06619,31.40171],[74.06513,31.40224],[74.06494,31.40044],[74.06579,31.3999],[74.06559,31.39864],[74.06433,31.39827],[74.06454,31.39899],[74.06558,31.39936],[74.06473,31.40026],[74.06451,31.40152],[74.06325,31.40115],[74.06284,31.40024],[74.062,31.40024],[74.06243,31.39952],[74.06095,31.39969],[74.06075,31.39933],[74.06181,31.39843],[74.0616,31.39789],[74.06223,31.39771],[74.06288,31.39627],[74.06246,31.39573],[74.06162,31.39608],[74.06119,31.39644],[74.06161,31.39681],[74.0614,31.39735],[74.06014,31.39661],[74.06034,31.3977],[74.06139,31.39807],[74.06013,31.39824],[74.05929,31.39733],[74.05951,31.39679],[74.05867,31.3966],[74.05721,31.39515],[74.05764,31.39443],[74.05744,31.39317],[74.0587,31.39299],[74.05872,31.39191],[74.05998,31.3912],[74.0604,31.39138],[74.06039,31.39229],[74.06082,31.39175],[74.06187,31.39175],[74.06167,31.39121],[74.06209,31.39103],[74.06271,31.39176],[74.06629,31.39179],[74.06544,31.39214],[74.06565,31.3925],[74.06397,31.39267],[74.06415,31.39556],[74.06267,31.39591],[74.06477,31.39611],[74.06498,31.39683],[74.06645,31.39684],[74.06646,31.3954],[74.06773,31.39541],[74.06728,31.39775],[74.06792,31.39757],[74.06853,31.39884]],[[74.06668,31.3945],[74.06689,31.3945],[74.06668,31.39522],[74.06605,31.39521],[74.06668,31.3945]],[[74.06479,31.39502],[74.06562,31.39521],[74.06562,31.39539],[74.06479,31.39502]],[[74.06377,31.39123],[74.06335,31.39122],[74.06336,31.39068],[74.06399,31.39069],[74.06377,31.39123]],[[74.05683,31.39154],[74.05767,31.39154],[74.05766,31.39227],[74.05724,31.39244],[74.05683,31.39154]],[[74.05813,31.38758],[74.05876,31.38794],[74.05917,31.38885],[74.05874,31.38939],[74.05769,31.3892],[74.05728,31.38865],[74.05813,31.38758]],[[74.06065,31.38778],[74.06128,31.38796],[74.06107,31.38832],[74.06044,31.38814],[74.06065,31.38778]],[[74.05538,31.389],[74.05581,31.38828],[74.05686,31.38829],[74.05727,31.38883],[74.0558,31.38936],[74.05538,31.389]],[[74.05542,31.38467],[74.05605,31.38467],[74.05627,31.38413],[74.05629,31.38215],[74.05797,31.38198],[74.0586,31.38235],[74.05691,31.3836],[74.05708,31.38685],[74.05666,31.38721],[74.05582,31.3872],[74.0554,31.38665],[74.05625,31.38594],[74.05626,31.38522],[74.05542,31.38467]],[[74.06114,31.38056],[74.06178,31.38039],[74.06218,31.38183],[74.06155,31.38183],[74.06114,31.38056]],[[74.05236,31.37544],[74.05427,31.37383],[74.05301,31.37364],[74.05237,31.37436],[74.05258,31.37472],[74.05195,31.37472],[74.05175,31.37382],[74.05238,31.37328],[74.05092,31.37237],[74.05051,31.37128],[74.05051,31.37074],[74.05136,31.37075],[74.052,31.36967],[74.05284,31.36967],[74.05199,31.37039],[74.05304,31.37094],[74.05344,31.37293],[74.05533,31.37294],[74.05553,31.37402],[74.05616,31.37367],[74.05637,31.37439],[74.057,31.37458],[74.05552,31.37475],[74.0551,31.37438],[74.05509,31.37583],[74.05404,31.376],[74.05403,31.37636],[74.05572,31.37637],[74.05571,31.37691],[74.05486,31.37745],[74.05528,31.37799],[74.05485,31.37853],[74.05695,31.37927],[74.05673,31.37981],[74.05631,31.37962],[74.05693,31.38071],[74.05588,31.3807],[74.05567,31.38142],[74.05525,31.38124],[74.05567,31.38052],[74.05525,31.38052],[74.05464,31.37907],[74.05401,31.3787],[74.05403,31.37654],[74.05339,31.37708],[74.05277,31.37689],[74.05236,31.37544]],[[74.05338,31.3787],[74.05318,31.37762],[74.0536,31.37762],[74.0538,31.37852],[74.05338,31.3787]],[[74.05803,31.37621],[74.0576,31.37711],[74.05614,31.37637],[74.05614,31.37583],[74.05699,31.37548],[74.05803,31.37621]],[[74.06079,31.37334],[74.0608,31.37298],[74.06164,31.37299],[74.06184,31.37389],[74.06142,31.37407],[74.06079,31.37334]],[[74.05911,31.37387],[74.0589,31.37333],[74.05953,31.37315],[74.05911,31.37387]],[[74.05851,31.37062],[74.06019,31.37063],[74.06019,31.37099],[74.05913,31.37116],[74.05976,31.37171],[74.0587,31.3726],[74.05807,31.37224],[74.05829,31.3717],[74.05787,31.37115],[74.05851,31.37062]],[[74.06292,31.37101],[74.06061,31.37099],[74.06145,31.37064],[74.06292,31.37101]],[[74.05493,31.37131],[74.05554,31.3724],[74.0547,31.37257],[74.05493,31.37131]],[[74.05579,31.36861],[74.05536,31.36969],[74.0543,31.37041],[74.05347,31.36932],[74.05579,31.36861]],[[74.05202,31.36732],[74.05076,31.36749],[74.05034,31.36677],[74.05224,31.3666],[74.05307,31.36751],[74.05285,31.36823],[74.05348,31.36896],[74.05263,31.36913],[74.05222,31.36877],[74.05244,31.36787],[74.05202,31.36732]],[[74.05433,31.3677],[74.05286,31.36715],[74.05266,31.36606],[74.05455,31.36644],[74.05433,31.3677]],[[74.05036,31.36514],[74.05162,31.36551],[74.05182,31.36606],[74.04971,31.36658],[74.04844,31.36748],[74.04991,31.36767],[74.04969,31.36875],[74.05075,31.36858],[74.05094,31.37038],[74.04989,31.37055],[74.04885,31.3691],[74.04927,31.36875],[74.04907,31.3682],[74.04843,31.36838],[74.04781,31.36765],[74.04803,31.36675],[74.04887,31.36676],[74.04825,31.36567],[74.04847,31.36441],[74.04973,31.36532],[74.05036,31.36478],[74.04995,31.36424],[74.05121,31.36389],[74.05165,31.36281],[74.05249,31.36281],[74.05227,31.36371],[74.05036,31.36514]],[[74.04911,31.36423],[74.04933,31.36351],[74.04681,31.36295],[74.04724,31.36133],[74.04808,31.36152],[74.0483,31.3608],[74.04768,31.36025],[74.04852,31.35954],[74.04915,31.35972],[74.04956,31.36063],[74.04913,31.36153],[74.04829,31.3617],[74.04828,31.36278],[74.04891,31.36261],[74.04892,31.36207],[74.04934,31.36225],[74.04975,31.36279],[74.04954,31.36351],[74.04995,31.3637],[74.04974,31.36424],[74.04911,31.36423]],[[74.04977,31.36081],[74.04956,31.36081],[74.04956,31.36063],[74.04977,31.36081]],[[74.0474,31.36711],[74.04698,31.36638],[74.04782,31.36657],[74.0474,31.36711]],[[74.05226,31.36444],[74.05225,31.36552],[74.05183,31.36534],[74.05226,31.36444]],[[74.0529,31.36318],[74.05269,31.36318],[74.0527,31.363],[74.0529,31.36318]],[[74.05418,31.36156],[74.05439,31.36211],[74.05396,31.36246],[74.05459,31.36283],[74.05312,31.36282],[74.0525,31.36191],[74.05418,31.36156]],[[74.05735,31.36032],[74.05713,31.3614],[74.05459,31.36229],[74.05735,31.36032]],[[74.0584,31.36015],[74.05966,31.36016],[74.05924,31.3607],[74.0584,31.36069],[74.0584,31.36015]],[[74.05188,31.36028],[74.05273,31.35975],[74.05441,31.35976],[74.05398,31.36102],[74.05188,31.36028]],[[74.0504,31.36154],[74.04977,31.36153],[74.05062,31.36045],[74.0504,31.36154]],[[74.05165,31.36191],[74.05102,31.36208],[74.05082,31.36136],[74.05165,31.36191]],[[74.05059,31.3628],[74.04996,31.36316],[74.04997,31.36262],[74.05059,31.3628]],[[74.05038,31.36334],[74.05017,31.36334],[74.05017,31.36316],[74.05038,31.36334]],[[74.05758,31.3578],[74.058,31.3578],[74.05905,31.35853],[74.05925,31.35944],[74.05778,31.35924],[74.05757,31.3587],[74.05694,31.35906],[74.05758,31.3578]],[[74.0437,31.35842],[74.04391,31.35788],[74.04433,31.35806],[74.0437,31.35842]],[[74.0479,31.35881],[74.04727,31.35899],[74.04706,31.35862],[74.0479,31.35881]],[[74.05043,31.35847],[74.05085,31.35829],[74.05084,31.35883],[74.05189,31.35902],[74.05189,31.35938],[74.05063,31.35901],[74.05043,31.35847]],[[74.0462,31.36096],[74.04557,31.3606],[74.04557,31.36006],[74.04641,31.36024],[74.0462,31.36096]],[[74.0509,31.37453],[74.05069,31.37417],[74.05132,31.37435],[74.05089,31.37489],[74.0509,31.37453]],[[74.05675,31.35743],[74.05633,31.35743],[74.05633,31.35707],[74.05696,31.35707],[74.05675,31.35743]],[[74.03364,31.35455],[74.03302,31.35437],[74.03302,31.35401],[74.03365,31.35401],[74.03364,31.35455]],[[74.0469,31.35375],[74.04627,31.35411],[74.04649,31.35321],[74.0469,31.35375]],[[74.03851,31.35188],[74.04082,31.35172],[74.04104,31.35118],[74.04251,31.35119],[74.04272,31.35155],[74.04272,31.35083],[74.04399,31.35066],[74.04357,31.3503],[74.044,31.34976],[74.04126,31.35046],[74.04128,31.34829],[74.0417,31.34794],[74.04297,31.34741],[74.04296,31.34813],[74.04233,31.3483],[74.04295,31.34921],[74.04464,31.34886],[74.04526,31.34923],[74.04548,31.34851],[74.04632,31.34833],[74.04592,31.34653],[74.04698,31.34617],[74.04678,31.34455],[74.04741,31.34455],[74.0472,31.34509],[74.04804,31.34474],[74.0493,31.34511],[74.04719,31.34545],[74.04716,31.34852],[74.0478,31.34816],[74.04863,31.34853],[74.04863,31.34925],[74.04925,31.3498],[74.04778,31.34997],[74.04777,31.35051],[74.0482,31.35033],[74.04882,31.35088],[74.04334,31.35192],[74.04165,31.35353],[74.04038,31.35352],[74.03976,31.35298],[74.03849,31.35333],[74.03851,31.35188]],[[74.05533,31.35147],[74.05618,31.35111],[74.05617,31.35201],[74.05554,31.35201],[74.05533,31.35147]],[[74.05199,31.34964],[74.05282,31.35073],[74.05387,31.35073],[74.05407,31.35182],[74.05239,31.35163],[74.05177,31.35018],[74.05199,31.34964]],[[74.04946,31.34962],[74.04989,31.34944],[74.04967,31.35034],[74.04925,31.35034],[74.04946,31.34962]],[[74.0501,31.34944],[74.05074,31.34837],[74.05137,31.34873],[74.05115,31.34945],[74.0501,31.34944]],[[74.05092,31.35089],[74.05176,31.35126],[74.05176,31.35144],[74.05092,31.35143],[74.05092,31.35089]],[[74.04927,31.34817],[74.04906,31.34781],[74.0499,31.34782],[74.04927,31.34817]],[[74.04844,31.34745],[74.04759,31.34744],[74.0476,31.34708],[74.04844,31.34709],[74.04844,31.34745]],[[74.04844,31.3469],[74.04845,31.34636],[74.04992,31.34619],[74.04844,31.3469]],[[74.04972,31.34547],[74.05035,31.34548],[74.05034,31.34602],[74.04972,31.34547]],[[74.04658,31.34364],[74.04722,31.34329],[74.04721,31.34401],[74.04573,31.34472],[74.04552,31.34418],[74.04637,31.34328],[74.04658,31.34364]],[[74.04491,31.34291],[74.04554,31.34291],[74.04574,31.34364],[74.04511,31.34381],[74.04491,31.34291]],[[74.03015,31.34695],[74.0291,31.34658],[74.02973,31.3464],[74.02996,31.34514],[74.02954,31.34496],[74.02932,31.34568],[74.02869,31.34549],[74.02849,31.34423],[74.02892,31.34369],[74.0283,31.34296],[74.02872,31.34225],[74.02998,31.34244],[74.02936,31.34189],[74.02937,31.34117],[74.03,31.34099],[74.03041,31.34154],[74.03126,31.341],[74.03126,31.34064],[74.03,31.34081],[74.03001,31.34009],[74.03127,31.33974],[74.03107,31.33938],[74.02981,31.33937],[74.03066,31.33811],[74.03025,31.3372],[74.03088,31.33703],[74.03129,31.33775],[74.03235,31.3374],[74.03194,31.33632],[74.03277,31.33686],[74.03278,31.33632],[74.03362,31.33597],[74.03343,31.33452],[74.03406,31.33453],[74.03405,31.33543],[74.03489,31.33598],[74.03573,31.3358],[74.03572,31.33616],[74.03362,31.33633],[74.03298,31.33704],[74.0334,31.33741],[74.03318,31.33795],[74.03424,31.33778],[74.03548,31.33941],[74.03527,31.33977],[74.03653,31.33996],[74.03652,31.3405],[74.03442,31.3403],[74.0342,31.3412],[74.03336,31.34174],[74.03356,31.34228],[74.0323,31.34209],[74.03124,31.34263],[74.03397,31.34283],[74.03482,31.34247],[74.03502,31.3432],[74.03608,31.34302],[74.03564,31.3441],[74.03439,31.34337],[74.03438,31.34427],[74.03375,31.34391],[74.0327,31.34444],[74.03227,31.34516],[74.0329,31.34534],[74.03289,31.34607],[74.03353,31.34553],[74.03479,31.34572],[74.03584,31.34501],[74.03691,31.34321],[74.03629,31.34284],[74.03629,31.34212],[74.03734,31.34285],[74.03776,31.34286],[74.03776,31.34231],[74.03924,31.34214],[74.0384,31.34196],[74.03841,31.34124],[74.03694,31.34104],[74.03716,31.33978],[74.03906,31.33944],[74.03864,31.33907],[74.03885,31.33871],[74.04053,31.33909],[74.04138,31.33819],[74.04264,31.33856],[74.04306,31.33802],[74.04348,31.33839],[74.04389,31.33983],[74.04305,31.33947],[74.04157,31.34036],[74.04095,31.33909],[74.04031,31.34053],[74.03862,31.3407],[74.03883,31.34106],[74.04051,31.34107],[74.04092,31.34198],[74.04156,31.34126],[74.04282,31.34109],[74.04282,31.34181],[74.04345,31.34163],[74.04344,31.34218],[74.04259,31.34289],[74.04113,31.34216],[74.03986,31.34269],[74.04069,31.34378],[74.04005,31.34468],[74.04004,31.34612],[74.0392,31.34539],[74.03878,31.34593],[74.03836,31.34557],[74.03794,31.34592],[74.03774,31.34484],[74.0371,31.34592],[74.0369,31.34501],[74.03627,31.34501],[74.03667,31.34646],[74.03604,31.34663],[74.03539,31.34789],[74.03581,31.34825],[74.03645,31.34772],[74.03686,31.34826],[74.03581,31.34843],[74.03537,31.35042],[74.03474,31.34987],[74.03432,31.35005],[74.03454,31.34933],[74.03307,31.34877],[74.03329,31.34842],[74.03391,31.34878],[74.03455,31.34842],[74.03413,31.34806],[74.03435,31.34734],[74.03372,31.34734],[74.03351,31.34679],[74.03287,31.34787],[74.03245,31.34787],[74.03244,31.34913],[74.03181,31.34895],[74.03182,31.34822],[74.0316,31.34912],[74.03075,31.3493],[74.03055,31.34858],[74.0314,31.34804],[74.0312,31.34732],[74.03035,31.34749],[74.03015,31.34695]],[[74.03159,31.35021],[74.03222,31.34967],[74.03242,31.35057],[74.03327,31.34986],[74.03537,31.35078],[74.03536,31.35114],[74.03431,31.35149],[74.03347,31.35112],[74.03346,31.35166],[74.03304,31.35166],[74.03137,31.35093],[74.03117,31.3502],[74.02991,31.34983],[74.03012,31.34929],[74.03159,31.35021]],[[74.03664,31.3497],[74.03811,31.34971],[74.03726,31.35061],[74.03621,31.35024],[74.03664,31.3497]],[[74.03895,31.35026],[74.03874,31.3499],[74.04,31.34991],[74.03895,31.35026]],[[74.03855,31.34755],[74.03877,31.34701],[74.0394,31.3472],[74.03918,31.3481],[74.03855,31.34755]],[[74.04507,31.3476],[74.04402,31.34759],[74.04402,31.34723],[74.04507,31.3476]],[[74.04486,31.34724],[74.04466,31.34652],[74.04571,31.34634],[74.04486,31.34724]],[[74.04151,31.34631],[74.04214,31.3465],[74.04192,31.34722],[74.04087,31.34685],[74.04151,31.34577],[74.04151,31.34631]],[[74.04404,31.34579],[74.04382,31.34615],[74.04257,31.34506],[74.043,31.34452],[74.04404,31.34579]],[[74.04617,31.34238],[74.04596,31.34237],[74.04597,31.34201],[74.04639,31.34202],[74.04617,31.34238]],[[74.0445,31.3411],[74.04493,31.34092],[74.04534,31.34201],[74.04471,31.342],[74.0445,31.3411]],[[74.03503,31.34229],[74.0344,31.34229],[74.0342,31.34175],[74.03503,31.34229]],[[74.03845,31.33727],[74.03761,31.33708],[74.03718,31.3378],[74.03634,31.33761],[74.03719,31.33708],[74.03719,31.33654],[74.03866,31.33691],[74.03845,31.33727]],[[74.03784,31.33474],[74.03868,31.33492],[74.03783,31.33636],[74.03636,31.33581],[74.03784,31.33474]],[[74.04291,31.33279],[74.0431,31.33441],[74.04226,31.33441],[74.04206,31.33386],[74.041,31.33404],[74.04141,31.33512],[74.04078,31.33566],[74.04058,31.3344],[74.03974,31.33421],[74.04017,31.33367],[74.04185,31.3335],[74.04228,31.3326],[74.04291,31.33279]],[[74.03471,31.33273],[74.03449,31.33381],[74.03365,31.33362],[74.03492,31.33219],[74.03576,31.33237],[74.03534,31.33255],[74.03576,31.3331],[74.03533,31.33345],[74.03554,31.33382],[74.03491,31.33363],[74.03471,31.33273]],[[74.03284,31.33073],[74.03388,31.33128],[74.03304,31.33181],[74.03387,31.33254],[74.03302,31.33326],[74.03322,31.33398],[74.03239,31.33379],[74.03217,31.33451],[74.03154,31.33451],[74.03176,31.33343],[74.0303,31.33179],[74.03052,31.33143],[74.03114,31.3318],[74.03283,31.33127],[74.03284,31.33073]],[[74.03009,31.33233],[74.02883,31.33232],[74.02968,31.33125],[74.03009,31.33233]],[[74.03091,31.33378],[74.03028,31.33396],[74.02966,31.33287],[74.03029,31.33269],[74.03091,31.33378]],[[74.03764,31.33347],[74.03807,31.33329],[74.03806,31.33402],[74.03764,31.33419],[74.03764,31.33347]],[[74.04336,31.32972],[74.0442,31.32937],[74.04419,31.33099],[74.04502,31.3319],[74.04439,31.33208],[74.04397,31.33135],[74.04271,31.33134],[74.04356,31.33063],[74.04336,31.32972]],[[74.04544,31.33154],[74.04523,31.33154],[74.04523,31.33136],[74.04544,31.33154]],[[74.04272,31.33044],[74.04272,31.3308],[74.04062,31.33061],[74.04105,31.32971],[74.04063,31.32952],[74.04064,31.32862],[74.04127,31.32881],[74.0419,31.32827],[74.04252,31.32918],[74.0421,31.32971],[74.04147,31.32917],[74.04125,31.33043],[74.04272,31.33044]],[[74.03663,31.33022],[74.036,31.33021],[74.03537,31.32948],[74.03495,31.32966],[74.03496,31.32912],[74.03538,31.32876],[74.03517,31.3284],[74.03623,31.32805],[74.03582,31.32678],[74.03645,31.32642],[74.03687,31.32697],[74.0373,31.32625],[74.0373,31.32571],[74.03626,31.32516],[74.03647,31.3248],[74.03815,31.32499],[74.03836,31.32536],[74.03772,31.32589],[74.03835,31.32644],[74.03856,31.3259],[74.03961,31.32627],[74.03939,31.32717],[74.04087,31.32646],[74.04171,31.32664],[74.04149,31.32718],[74.04065,31.32736],[74.04043,31.32826],[74.03897,31.32698],[74.03813,31.32716],[74.03791,31.3277],[74.03665,31.32769],[74.03644,31.32823],[74.03748,31.32914],[74.03853,31.32933],[74.03854,31.32842],[74.03938,31.32807],[74.04,31.32898],[74.03873,31.32969],[74.03642,31.32985],[74.03663,31.33022]],[[74.04026,31.32411],[74.04025,31.32555],[74.03962,31.32555],[74.03963,31.32392],[74.03921,31.3241],[74.0392,31.32482],[74.03857,31.32482],[74.039,31.3241],[74.03858,31.32391],[74.0388,31.32283],[74.03839,31.32247],[74.03965,31.3223],[74.04006,31.32284],[74.04196,31.3225],[74.04195,31.3234],[74.04089,31.32393],[74.04194,31.32466],[74.04214,31.32556],[74.04277,31.32539],[74.04257,31.32467],[74.04342,31.32395],[74.04467,31.32486],[74.04445,31.3254],[74.04361,31.32558],[74.04423,31.32666],[74.0436,31.32666],[74.04319,31.32593],[74.04171,31.3261],[74.0413,31.32574],[74.04151,31.32538],[74.04026,31.32411]],[[74.04488,31.3245],[74.04572,31.32451],[74.04551,31.32487],[74.04488,31.3245]],[[74.03102,31.32314],[74.03145,31.32278],[74.03165,31.3235],[74.03102,31.32368],[74.03102,31.32314]],[[74.03437,31.32424],[74.0348,31.32425],[74.03479,31.32443],[74.03437,31.32424]],[[74.03521,31.32479],[74.03479,31.32497],[74.03479,31.32443],[74.03521,31.32479]],[[74.03982,31.32591],[74.04024,31.32591],[74.04024,31.32645],[74.03982,31.32591]],[[74.03518,31.32786],[74.03476,31.32786],[74.03475,31.3284],[74.0337,31.32821],[74.0337,31.32875],[74.03433,31.32912],[74.03411,31.32947],[74.03222,31.32946],[74.03159,31.32891],[74.03159,31.32946],[74.03095,31.32981],[74.02927,31.32998],[74.02991,31.32944],[74.02992,31.32854],[74.02929,31.32817],[74.03013,31.32818],[74.03078,31.32674],[74.03161,31.32711],[74.03163,31.32585],[74.03226,31.32567],[74.03287,31.32712],[74.03435,31.32695],[74.03518,31.32786]],[[74.02782,31.32834],[74.02739,31.32852],[74.02802,31.32907],[74.02759,31.32961],[74.02633,31.32942],[74.02718,31.3287],[74.02698,31.32816],[74.02824,31.32817],[74.02803,31.3278],[74.02845,31.32763],[74.02804,31.32726],[74.02656,31.32779],[74.02636,31.32707],[74.0293,31.32673],[74.02951,31.32709],[74.02887,31.32763],[74.02865,31.32889],[74.02781,31.32871],[74.02782,31.32834]],[[74.02447,31.32706],[74.0253,31.32742],[74.02509,31.32796],[74.02446,31.32796],[74.02447,31.32706]],[[74.02444,31.32994],[74.02402,31.32976],[74.02423,31.32922],[74.02444,31.32994]],[[74.03348,31.32983],[74.03368,31.33037],[74.03305,31.33055],[74.03348,31.32983]],[[74.03704,31.33076],[74.03683,31.3304],[74.03768,31.33022],[74.03704,31.33076]],[[74.03852,31.33023],[74.03872,31.33059],[74.03788,31.33077],[74.03852,31.33023]],[[74.03915,31.32969],[74.04021,31.3297],[74.03999,31.3306],[74.03915,31.32969]],[[74.03303,31.35274],[74.03302,31.35347],[74.0326,31.35364],[74.03136,31.35183],[74.03178,31.35165],[74.0322,31.3522],[74.03304,31.35184],[74.03345,31.35275],[74.03303,31.35274]],[[74.03639,31.35385],[74.03555,31.35348],[74.03512,31.35402],[74.03386,31.35383],[74.03451,31.35221],[74.0364,31.35205],[74.03639,31.35385]],[[74.03586,31.32245],[74.03587,31.32191],[74.03671,31.32192],[74.03586,31.32245]],[[74.06178,31.37948],[74.06242,31.37931],[74.06262,31.37967],[74.06199,31.38021],[74.06178,31.37948]]],[[[74.07217,31.37162],[74.07281,31.37072],[74.06818,31.37069],[74.06691,31.37158],[74.06943,31.37178],[74.07091,31.37107],[74.07217,31.37162]]],[[[74.07302,31.37072],[74.073,31.37235],[74.07447,31.37308],[74.07426,31.37254],[74.07553,31.37219],[74.07469,31.37128],[74.07302,31.37072]]],[[[74.07722,31.37148],[74.0768,31.37129],[74.07615,31.37255],[74.07614,31.37417],[74.0776,31.37491],[74.07803,31.37455],[74.07719,31.374],[74.07722,31.37148]]],[[[74.07781,31.37545],[74.07697,31.37526],[74.07778,31.37798],[74.07863,31.37762],[74.07781,31.37545]]],[[[74.07528,31.37615],[74.0736,31.3756],[74.07318,31.37578],[74.07359,31.37632],[74.07295,31.3774],[74.07211,31.37721],[74.0719,31.37757],[74.07295,31.37794],[74.07294,31.37866],[74.07378,31.37867],[74.07378,31.37903],[74.07294,31.37902],[74.07314,31.37939],[74.07462,31.37904],[74.07483,31.3794],[74.07546,31.37904],[74.07526,31.37832],[74.07568,31.37832],[74.07528,31.37615]]],[[[74.05922,31.38398],[74.05879,31.38488],[74.06005,31.38488],[74.06048,31.38399],[74.06006,31.3838],[74.05963,31.38434],[74.05922,31.38398]]],[[[74.06951,31.38568],[74.06908,31.38585],[74.06846,31.38531],[74.06782,31.38566],[74.06782,31.38602],[74.06845,31.38567],[74.06908,31.38639],[74.06906,31.38784],[74.07075,31.38749],[74.0697,31.38676],[74.06951,31.38568]]],[[[74.08671,31.38977],[74.08521,31.39265],[74.08606,31.39247],[74.08647,31.39302],[74.08691,31.39103],[74.08775,31.39122],[74.08671,31.38977]]],[[[74.06016,31.39427],[74.06059,31.39355],[74.06039,31.39265],[74.05975,31.39409],[74.06016,31.39427]]],[[[74.0629,31.39411],[74.06353,31.39393],[74.06333,31.39303],[74.0629,31.39411]]],[[[74.06391,31.39827],[74.06454,31.39809],[74.06434,31.39701],[74.0635,31.397],[74.06391,31.39827]]],[[[74.06582,31.3972],[74.06476,31.39719],[74.06497,31.39773],[74.06644,31.3981],[74.06623,31.39738],[74.06582,31.3972]]],[[[74.07422,31.3978],[74.0736,31.39725],[74.07422,31.39852],[74.07464,31.39852],[74.07422,31.3978]]],[[[74.09123,31.40135],[74.09124,31.40081],[74.09061,31.40062],[74.09062,31.39918],[74.08955,31.40062],[74.08914,31.40007],[74.08936,31.39935],[74.08851,31.39953],[74.08852,31.39917],[74.08917,31.39718],[74.09001,31.39683],[74.09002,31.39575],[74.09087,31.39521],[74.08982,31.39538],[74.08917,31.39664],[74.08664,31.39699],[74.08686,31.39609],[74.08603,31.39536],[74.08709,31.3941],[74.08668,31.39374],[74.08667,31.39428],[74.0852,31.39427],[74.08456,31.39481],[74.08436,31.39426],[74.08563,31.39319],[74.08437,31.393],[74.08391,31.39643],[74.08454,31.39661],[74.086,31.39843],[74.08705,31.39825],[74.08664,31.39789],[74.08685,31.39717],[74.08748,31.39771],[74.08853,31.39772],[74.08767,31.39952],[74.08809,31.39934],[74.0885,31.40043],[74.08787,31.40024],[74.08681,31.40168],[74.08829,31.40079],[74.08997,31.40098],[74.08997,31.40152],[74.08829,31.40133],[74.08807,31.40187],[74.08912,31.40224],[74.08827,31.40241],[74.08889,31.40368],[74.08995,31.40369],[74.09123,31.40135]],[[74.08623,31.39608],[74.08643,31.39698],[74.08559,31.3968],[74.08539,31.39626],[74.08623,31.39608]]],[[[74.0824,31.40111],[74.08282,31.40057],[74.08345,31.40075],[74.08367,31.40003],[74.08241,31.39984],[74.0824,31.40111]]],[[[74.08533,31.40257],[74.08596,31.40239],[74.08555,31.40167],[74.0845,31.40166],[74.08533,31.40257]]],[[[74.10531,31.40289],[74.10614,31.40416],[74.10656,31.40398],[74.10657,31.40308],[74.10699,31.40308],[74.10658,31.40236],[74.10531,31.40289]]],[[[74.10843,31.4051],[74.10828,31.40569],[74.10928,31.40601],[74.10908,31.40508],[74.11098,31.40438],[74.11057,31.40311],[74.11205,31.4024],[74.11205,31.40204],[74.11037,31.40184],[74.10931,31.40292],[74.10972,31.40419],[74.10929,31.40436],[74.10888,31.40382],[74.10782,31.40489],[74.10698,31.40453],[74.1055,31.40506],[74.10551,31.40452],[74.10425,31.40397],[74.10508,31.4047],[74.10507,31.4056],[74.104,31.40595],[74.10412,31.4063],[74.10534,31.40631],[74.10843,31.4051]]],[[[74.12317,31.405],[74.1236,31.40464],[74.12297,31.4041],[74.12361,31.40356],[74.12298,31.40301],[74.1213,31.40246],[74.12046,31.403],[74.12109,31.40318],[74.12066,31.40426],[74.12149,31.40553],[74.12317,31.40572],[74.12294,31.40789],[74.12378,31.40771],[74.12317,31.405]]],[[[74.12021,31.40733],[74.12231,31.40734],[74.12147,31.40697],[74.12169,31.40661],[74.12021,31.40733]]],[[[74.10857,31.40662],[74.10678,31.40687],[74.10721,31.40784],[74.10897,31.40833],[74.11155,31.40843],[74.11121,31.4077],[74.10857,31.40662]],[[74.1101,31.40798],[74.1101,31.4078],[74.11095,31.4078],[74.11073,31.40816],[74.1101,31.40798]]],[[[74.10509,31.40687],[74.10195,31.40789],[74.10324,31.40829],[74.10598,31.40811],[74.10662,31.40785],[74.10666,31.40711],[74.10509,31.40687]]],[[[74.06351,31.41793],[74.0633,31.41739],[74.06225,31.41702],[74.06268,31.41648],[74.06415,31.41667],[74.06478,31.41722],[74.0652,31.41722],[74.06499,31.41704],[74.0652,31.41668],[74.06814,31.4176],[74.06751,31.41688],[74.06962,31.41653],[74.069,31.41599],[74.06921,31.41545],[74.07005,31.41563],[74.07004,31.41636],[74.07047,31.41618],[74.06965,31.41401],[74.06901,31.41418],[74.06839,31.41346],[74.06838,31.414],[74.06796,31.41399],[74.0665,31.41326],[74.06693,31.41218],[74.06755,31.41291],[74.06924,31.41292],[74.06882,31.4122],[74.06988,31.41202],[74.07029,31.41254],[74.07134,31.41258],[74.07176,31.41294],[74.07152,31.4133],[74.07259,31.414],[74.07055,31.41399],[74.06986,31.41322],[74.06986,31.41383],[74.07049,31.41419],[74.07069,31.4151],[74.07174,31.41547],[74.07258,31.41529],[74.07174,31.41492],[74.07448,31.41494],[74.07469,31.41422],[74.07386,31.41368],[74.07512,31.41387],[74.07597,31.41315],[74.07784,31.41298],[74.07268,31.41311],[74.06966,31.41114],[74.06093,31.40814],[74.05962,31.40646],[74.05941,31.40689],[74.05857,31.40653],[74.05908,31.40581],[74.05656,31.4025],[74.05569,31.40001],[74.05505,31.40091],[74.05586,31.4038],[74.05478,31.40632],[74.05394,31.40685],[74.05348,31.411],[74.05431,31.41137],[74.05389,31.41209],[74.05513,31.41408],[74.05555,31.41408],[74.05491,31.4148],[74.05596,31.41463],[74.05638,31.41481],[74.05617,31.41535],[74.05742,31.4159],[74.05974,31.4161],[74.05973,31.41682],[74.06098,31.41773],[74.06077,31.41827],[74.06118,31.41864],[74.06182,31.41846],[74.0614,31.4181],[74.06162,31.41756],[74.06351,31.41793]],[[74.06753,31.41543],[74.06837,31.4158],[74.06836,31.41616],[74.06752,31.41598],[74.06753,31.41543]],[[74.0625,31.41341],[74.06313,31.41306],[74.06355,31.41396],[74.06418,31.41397],[74.06418,31.41343],[74.06482,31.41307],[74.06462,31.41217],[74.06399,31.4118],[74.06442,31.4109],[74.06651,31.41182],[74.06651,31.41218],[74.06524,31.41235],[74.06566,31.41326],[74.06481,31.41379],[74.06586,31.41416],[74.0648,31.41469],[74.065,31.4156],[74.06353,31.41559],[74.0625,31.41341]],[[74.0684,31.41201],[74.0684,31.41237],[74.06756,31.41255],[74.06777,31.41201],[74.0684,31.41201]],[[74.06084,31.41142],[74.06209,31.41179],[74.06209,31.41251],[74.06166,31.41287],[74.06167,31.41196],[74.06083,31.41232],[74.0606,31.41394],[74.05892,31.41393],[74.05871,31.41339],[74.05745,31.4132],[74.05682,31.41319],[74.05681,31.41391],[74.05576,31.41391],[74.05556,31.413],[74.05641,31.41229],[74.05704,31.41229],[74.05704,31.41265],[74.0583,31.41266],[74.05872,31.41212],[74.05977,31.41249],[74.05936,31.41141],[74.06042,31.41069],[74.05937,31.41068],[74.05915,31.41158],[74.05831,31.41158],[74.05809,31.41212],[74.05578,31.41174],[74.05493,31.41246],[74.05473,31.41155],[74.05705,31.41085],[74.05748,31.41013],[74.056,31.41066],[74.05559,31.41011],[74.05495,31.41065],[74.05454,31.40975],[74.05559,31.40975],[74.05624,31.40795],[74.05708,31.40796],[74.05685,31.40976],[74.05749,31.40977],[74.05813,31.40887],[74.05833,31.40941],[74.05897,31.40906],[74.05854,31.40978],[74.05896,31.40978],[74.05981,31.40906],[74.0596,31.40852],[74.05855,31.40833],[74.05898,31.40779],[74.0596,31.40834],[74.06066,31.40817],[74.06107,31.40907],[74.06191,31.40926],[74.06148,31.40998],[74.06211,31.41016],[74.0619,31.41052],[74.06358,31.41035],[74.06336,31.41162],[74.06147,31.41124],[74.06147,31.41088],[74.06084,31.41142]],[[74.06377,31.41288],[74.06356,31.41234],[74.06419,31.41234],[74.06377,31.41288]],[[74.06356,31.41216],[74.06293,31.41269],[74.06251,31.41215],[74.06315,31.41179],[74.06356,31.41216]],[[74.06207,31.41431],[74.06248,31.41486],[74.06185,31.41503],[74.06123,31.41431],[74.06207,31.41431]],[[74.05786,31.41482],[74.05807,31.41428],[74.05849,31.41447],[74.05848,31.41501],[74.05786,31.41482]],[[74.05688,31.40742],[74.05688,31.40688],[74.05772,31.40688],[74.05751,31.4076],[74.05688,31.40742]]],[[[74.07755,31.41116],[74.07845,31.41046],[74.07789,31.41046],[74.07768,31.40991],[74.07887,31.41028],[74.08087,31.40928],[74.07887,31.40903],[74.0758,31.40972],[74.07194,31.40933],[74.06806,31.4098],[74.06989,31.41033],[74.06969,31.40968],[74.07137,31.41005],[74.07157,31.41059],[74.07003,31.4104],[74.07238,31.41167],[74.07755,31.41116]]],[[[74.05852,31.4114],[74.05832,31.41068],[74.05768,31.41103],[74.05768,31.41175],[74.05852,31.4114]]],[[[74.12226,31.41293],[74.12288,31.41366],[74.12393,31.41385],[74.12171,31.41259],[74.12142,31.41293],[74.12226,31.41293]]],[[[74.07912,31.41353],[74.07827,31.41389],[74.07848,31.41479],[74.07932,31.41426],[74.08046,31.41445],[74.08022,31.41424],[74.07912,31.41353]]],[[[74.0786,31.41319],[74.07786,31.41299],[74.07912,31.41353],[74.0786,31.41319]]],[[[74.07784,31.41515],[74.07784,31.41479],[74.07743,31.4137],[74.07681,31.41352],[74.07679,31.4146],[74.07784,31.41515]]],[[[74.11173,31.41412],[74.1113,31.41466],[74.11255,31.41594],[74.11214,31.41485],[74.11257,31.41431],[74.11173,31.41412]]],[[[74.10393,31.41533],[74.10309,31.41515],[74.1033,31.41479],[74.10183,31.41496],[74.09973,31.41422],[74.09887,31.41602],[74.09825,31.41475],[74.09763,31.41457],[74.09827,31.41367],[74.09679,31.4142],[74.09741,31.41529],[74.09846,31.41566],[74.09803,31.41601],[74.09824,31.41656],[74.10098,31.41585],[74.1035,31.41587],[74.10393,31.41533]]],[[[74.10542,31.41372],[74.10626,31.41355],[74.10583,31.41426],[74.10624,31.41535],[74.1054,31.41534],[74.10541,31.4148],[74.10478,31.41462],[74.10414,31.4157],[74.10477,31.41606],[74.10497,31.41715],[74.1056,31.41679],[74.10623,31.41715],[74.10601,31.41824],[74.10495,31.41877],[74.10433,31.41804],[74.10369,31.41804],[74.10411,31.4184],[74.1039,31.41894],[74.10473,31.41931],[74.1041,31.41985],[74.10409,31.42093],[74.10492,31.42184],[74.10577,31.42058],[74.10704,31.42077],[74.10663,31.41896],[74.1079,31.41807],[74.10644,31.41734],[74.10645,31.41589],[74.1075,31.41662],[74.1073,31.41464],[74.10815,31.41464],[74.10815,31.4141],[74.10647,31.41373],[74.1069,31.41319],[74.10816,31.41338],[74.10816,31.41302],[74.10964,31.41285],[74.1107,31.41177],[74.11175,31.41178],[74.11194,31.41359],[74.11299,31.41359],[74.113,31.41269],[74.11279,31.41305],[74.11195,31.41268],[74.11216,31.41232],[74.11364,31.41233],[74.11489,31.41324],[74.11509,31.41415],[74.11446,31.41432],[74.1153,31.41487],[74.11446,31.4145],[74.11403,31.41486],[74.11383,31.4145],[74.1134,31.41522],[74.11466,31.41541],[74.1157,31.4165],[74.11675,31.41669],[74.11759,31.41669],[74.11718,31.41597],[74.11886,31.41598],[74.11886,31.41652],[74.11823,31.4167],[74.11822,31.41742],[74.11864,31.4176],[74.11907,31.41688],[74.1199,31.41725],[74.12012,31.41689],[74.1195,31.4158],[74.12014,31.41472],[74.1193,31.41472],[74.11994,31.41346],[74.11931,31.41291],[74.11974,31.41238],[74.12058,31.41274],[74.12121,31.41256],[74.11427,31.41037],[74.10904,31.40942],[74.10609,31.40931],[74.10608,31.41012],[74.10461,31.41011],[74.10546,31.4094],[74.10281,31.40973],[74.09333,31.40858],[74.08874,31.40927],[74.084,31.40925],[74.08239,31.40969],[74.08174,31.41048],[74.08142,31.41012],[74.07944,31.41039],[74.07897,31.4108],[74.07925,31.41116],[74.07833,31.41178],[74.08174,31.41439],[74.08218,31.41719],[74.08319,31.41895],[74.08317,31.42188],[74.08337,31.42367],[74.08407,31.42331],[74.08346,31.42187],[74.08408,31.42223],[74.08409,31.42169],[74.08451,31.42133],[74.0841,31.42097],[74.08388,31.42151],[74.08325,31.4215],[74.08368,31.42096],[74.08347,31.42024],[74.08431,31.42025],[74.08411,31.41952],[74.08558,31.42008],[74.08559,31.41863],[74.08517,31.41845],[74.08539,31.41755],[74.08477,31.417],[74.08245,31.41717],[74.08224,31.4168],[74.08477,31.41664],[74.08457,31.41538],[74.08541,31.41592],[74.08688,31.41594],[74.08752,31.41504],[74.08646,31.41557],[74.08669,31.41431],[74.08795,31.41396],[74.08775,31.4136],[74.08838,31.41324],[74.08901,31.4136],[74.08922,31.41306],[74.09007,31.41307],[74.09005,31.41451],[74.08878,31.41505],[74.08877,31.41667],[74.08961,31.41668],[74.09046,31.41578],[74.09172,31.41651],[74.09214,31.41651],[74.09193,31.41615],[74.09361,31.41634],[74.09445,31.41689],[74.0936,31.41761],[74.0938,31.41833],[74.09317,31.41851],[74.0938,31.41869],[74.09465,31.41725],[74.0955,31.41708],[74.09572,31.41618],[74.09425,31.41545],[74.09447,31.41437],[74.09279,31.41417],[74.09279,31.41363],[74.09342,31.41382],[74.09343,31.41327],[74.09259,31.41327],[74.09281,31.41255],[74.09217,31.41272],[74.09239,31.41182],[74.0945,31.41184],[74.09471,31.41148],[74.09324,31.41129],[74.09324,31.41075],[74.09556,31.4104],[74.09578,31.4095],[74.0962,31.40969],[74.09598,31.41059],[74.0964,31.41095],[74.09576,31.41113],[74.09554,31.41221],[74.09512,31.41238],[74.09471,31.41184],[74.09386,31.41256],[74.09427,31.41382],[74.0951,31.41455],[74.09573,31.41455],[74.09595,31.41401],[74.0949,31.4131],[74.09617,31.41239],[74.0968,31.41258],[74.09701,31.4133],[74.09785,31.41295],[74.09934,31.41169],[74.09935,31.41043],[74.10314,31.4101],[74.1027,31.41172],[74.10123,31.41207],[74.10312,31.41244],[74.10542,31.41372]],[[74.10335,31.40992],[74.10335,31.4101],[74.10314,31.4101],[74.10335,31.40992]],[[74.10356,31.41028],[74.10335,31.41028],[74.10335,31.4101],[74.10356,31.41028]],[[74.10735,31.40994],[74.10735,31.4094],[74.10819,31.40941],[74.10819,31.40977],[74.10735,31.40994]],[[74.08517,31.41917],[74.08327,31.41916],[74.0837,31.41808],[74.08412,31.41826],[74.08391,31.41862],[74.08517,31.41917]],[[74.08902,31.41216],[74.08965,31.41199],[74.08986,31.41235],[74.08901,31.41306],[74.08902,31.41216]],[[74.08397,31.41249],[74.08439,31.41267],[74.08375,31.41357],[74.08397,31.41249]],[[74.09176,31.41182],[74.09071,31.41199],[74.0907,31.41253],[74.09028,31.41235],[74.09114,31.41091],[74.09219,31.41092],[74.09176,31.41182]],[[74.09115,31.40929],[74.09136,31.40965],[74.092,31.40929],[74.09199,31.40984],[74.09115,31.41001],[74.09115,31.40929]],[[74.09451,31.40985],[74.09452,31.40967],[74.09494,31.40968],[74.09451,31.40985]],[[74.09431,31.40949],[74.09452,31.40949],[74.09452,31.40967],[74.09431,31.40949]],[[74.09346,31.40985],[74.09347,31.40949],[74.09304,31.40984],[74.09241,31.40966],[74.09368,31.40895],[74.09368,31.40949],[74.0943,31.40985],[74.09346,31.40985]],[[74.10839,31.41067],[74.10755,31.41067],[74.10777,31.40995],[74.10839,31.41067]],[[74.11217,31.41196],[74.1126,31.41106],[74.11365,31.41053],[74.11428,31.41071],[74.11385,31.41179],[74.11217,31.41196]],[[74.1147,31.41162],[74.11491,31.41126],[74.11596,31.41199],[74.1147,31.41162]],[[74.11911,31.41219],[74.11931,31.41273],[74.11763,31.4129],[74.11742,31.41236],[74.11911,31.41219]],[[74.11676,31.41542],[74.11698,31.41506],[74.11614,31.41488],[74.11656,31.41452],[74.11615,31.41361],[74.11741,31.41416],[74.11781,31.41561],[74.11676,31.41542]],[[74.10563,31.41318],[74.10543,31.41264],[74.10627,31.41264],[74.10563,31.41318]],[[74.09786,31.41222],[74.09745,31.41132],[74.09808,31.41114],[74.09786,31.41222]],[[74.09154,31.4129],[74.09217,31.41345],[74.09069,31.41344],[74.09154,31.4129]]],[[[74.12117,31.41726],[74.12328,31.41655],[74.12412,31.41674],[74.1239,31.41728],[74.12348,31.41691],[74.12284,31.41781],[74.12221,31.41781],[74.12326,31.41835],[74.12283,31.41925],[74.12316,31.42142],[74.12466,31.4146],[74.12435,31.41414],[74.12434,31.41584],[74.1237,31.41619],[74.12392,31.41493],[74.1235,31.41529],[74.12329,31.41493],[74.12393,31.41457],[74.12372,31.41421],[74.12204,31.4142],[74.12141,31.41347],[74.12036,31.41346],[74.12015,31.41382],[74.12078,31.41383],[74.12035,31.41436],[74.12098,31.41455],[74.12056,31.41491],[74.12117,31.41726]],[[74.12119,31.41419],[74.12077,31.41419],[74.12078,31.41401],[74.12119,31.41419]]],[[[74.10852,31.41934],[74.1102,31.41971],[74.10958,31.41898],[74.10979,31.41862],[74.10916,31.41862],[74.10852,31.41934]]],[[[74.07593,31.41676],[74.0753,31.41675],[74.07531,31.41621],[74.07446,31.41639],[74.07466,31.41765],[74.07424,31.41783],[74.07277,31.41746],[74.07341,31.41692],[74.07236,31.41673],[74.07236,31.41619],[74.07214,31.41709],[74.07173,31.41655],[74.07088,31.41654],[74.07088,31.41708],[74.07151,31.41709],[74.07108,31.41763],[74.0715,31.41817],[74.07002,31.41888],[74.07022,31.41942],[74.06875,31.41923],[74.06772,31.41778],[74.06687,31.41778],[74.06729,31.4185],[74.06792,31.41851],[74.0677,31.41886],[74.06623,31.41885],[74.06624,31.41849],[74.06497,31.4183],[74.06477,31.41776],[74.06329,31.41829],[74.06307,31.41937],[74.06391,31.41974],[74.06454,31.41938],[74.06496,31.41993],[74.06538,31.41957],[74.0658,31.42047],[74.06748,31.42013],[74.06916,31.4205],[74.0698,31.41996],[74.07064,31.42033],[74.07107,31.41943],[74.07233,31.41926],[74.07276,31.41872],[74.07339,31.41891],[74.07296,31.41981],[74.07443,31.42018],[74.07464,31.41982],[74.0738,31.41909],[74.0757,31.41892],[74.07591,31.41929],[74.07527,31.41982],[74.07758,31.42074],[74.07715,31.42146],[74.07862,31.42147],[74.07945,31.42256],[74.08029,31.42256],[74.08072,31.42185],[74.08032,31.42022],[74.08054,31.41842],[74.07971,31.41769],[74.07993,31.41715],[74.0793,31.41678],[74.07845,31.41786],[74.07698,31.41677],[74.0772,31.41587],[74.07657,31.41586],[74.07636,31.4164],[74.07573,31.41622],[74.07593,31.41676]],[[74.07677,31.41695],[74.07677,31.41677],[74.07698,31.41677],[74.07677,31.41695]],[[74.07884,31.42075],[74.07778,31.4211],[74.07779,31.42038],[74.07864,31.42003],[74.07884,31.42075]]],[[[74.06264,31.42027],[74.06244,31.41937],[74.06287,31.41883],[74.06223,31.41882],[74.0618,31.42008],[74.06264,31.42027]]],[[[74.09294,31.42013],[74.09442,31.42014],[74.09442,31.41924],[74.09337,31.41923],[74.09294,31.42013]]],[[[74.09779,31.41962],[74.09842,31.41908],[74.09759,31.41836],[74.09717,31.41853],[74.09737,31.4189],[74.09569,31.41907],[74.09567,31.42123],[74.09735,31.42124],[74.09694,31.4207],[74.09715,31.41998],[74.09757,31.42052],[74.09799,31.42034],[74.09779,31.41962]]],[[[74.11461,31.42064],[74.11462,31.41992],[74.11441,31.4192],[74.11379,31.41901],[74.11419,31.42082],[74.11461,31.42064]]],[[[74.11231,31.41972],[74.11083,31.41989],[74.11125,31.42062],[74.11271,31.42135],[74.11335,31.42045],[74.11231,31.41972]]],[[[74.11018,31.42187],[74.11249,31.42225],[74.11145,31.42116],[74.11019,31.42079],[74.11018,31.42187]]],[[[74.12513,31.42125],[74.12449,31.42215],[74.12451,31.41977],[74.12429,31.42341],[74.12595,31.42361],[74.12553,31.42306],[74.12637,31.42289],[74.12638,31.42253],[74.12513,31.42125]]],[[[74.09018,31.423],[74.09081,31.423],[74.09124,31.4221],[74.09229,31.42247],[74.09271,31.42211],[74.09125,31.42066],[74.09061,31.42156],[74.09103,31.42192],[74.09018,31.423]]],[[[74.08535,31.42152],[74.08578,31.42116],[74.08536,31.42098],[74.08514,31.4217],[74.0843,31.42169],[74.0843,31.42205],[74.08534,31.42296],[74.08513,31.42332],[74.08576,31.42333],[74.08535,31.42152]]],[[[74.08913,31.42281],[74.08997,31.42299],[74.08998,31.42191],[74.08935,31.42209],[74.08914,31.42155],[74.08913,31.42281]]],[[[74.08787,31.42208],[74.08619,31.4217],[74.08618,31.42297],[74.0866,31.42333],[74.08575,31.42369],[74.08701,31.42388],[74.08871,31.42299],[74.08787,31.42208]]],[[[74.11755,31.42156],[74.1167,31.42228],[74.11544,31.42227],[74.11564,31.42299],[74.11501,31.42317],[74.11858,31.42428],[74.11816,31.42337],[74.11859,31.42247],[74.11755,31.42156]]],[[[74.11879,31.42392],[74.11856,31.42554],[74.11962,31.42537],[74.11962,31.42465],[74.11879,31.42392]]],[[[74.08315,31.43215],[74.08252,31.43214],[74.0823,31.43286],[74.08314,31.43305],[74.08315,31.43215]]],[[[74.12081,31.43277],[74.12082,31.43169],[74.12125,31.43133],[74.12292,31.43189],[74.12293,31.43153],[74.12146,31.43097],[74.12167,31.43043],[74.12126,31.43007],[74.1185,31.43186],[74.1185,31.4324],[74.11787,31.43239],[74.1187,31.43384],[74.11912,31.43384],[74.11976,31.43241],[74.1204,31.43223],[74.1206,31.43295],[74.11954,31.43385],[74.12101,31.43404],[74.12058,31.43494],[74.12163,31.43513],[74.12142,31.43567],[74.12184,31.43567],[74.12205,31.43495],[74.12122,31.43458],[74.12123,31.43314],[74.12081,31.43277]]],[[[74.12119,31.43675],[74.1214,31.43747],[74.12288,31.43694],[74.12246,31.43603],[74.12119,31.43675]]],[[[74.12181,31.43874],[74.12223,31.43892],[74.12224,31.43748],[74.12181,31.43874]]],[[[74.08308,31.4529],[74.08314,31.4547],[74.08378,31.45399],[74.08379,31.4529],[74.08337,31.45272],[74.08336,31.45308],[74.08308,31.4529]]],[[[74.08461,31.45526],[74.08481,31.45634],[74.08649,31.45671],[74.08502,31.4558],[74.08503,31.4549],[74.08377,31.45453],[74.08334,31.45525],[74.08461,31.45526]]],[[[74.1268,31.41754],[74.12707,31.41707],[74.12631,31.41623],[74.12455,31.41963],[74.12514,31.41963],[74.12534,31.42053],[74.12598,31.42036],[74.12535,31.41981],[74.12578,31.41945],[74.12536,31.41855],[74.12643,31.41729],[74.12788,31.41929],[74.12787,31.42055],[74.1287,31.42164],[74.1284,31.41941],[74.1268,31.41754]]],[[[74.1289,31.4227],[74.12891,31.42185],[74.12763,31.42326],[74.12679,31.42325],[74.127,31.42379],[74.12636,31.42451],[74.12489,31.4245],[74.12429,31.42396],[74.1243,31.42518],[74.12635,31.4262],[74.12684,31.42472],[74.1289,31.4227]]],[[[74.12723,31.42608],[74.12777,31.42641],[74.12788,31.42563],[74.12868,31.42503],[74.12867,31.42418],[74.1282,31.42409],[74.12731,31.4252],[74.12723,31.42608]]],[[[74.13453,31.42872],[74.13287,31.42582],[74.13078,31.42418],[74.13019,31.42309],[74.12994,31.42454],[74.13099,31.42472],[74.13098,31.42544],[74.13035,31.42544],[74.13013,31.42616],[74.12929,31.42616],[74.12909,31.4256],[74.12849,31.42637],[74.12838,31.42755],[74.12911,31.42884],[74.13057,31.4302],[74.13282,31.43144],[74.13283,31.43069],[74.13219,31.43105],[74.13094,31.42996],[74.1341,31.42962],[74.13409,31.43016],[74.13472,31.43052],[74.1343,31.4307],[74.13408,31.43196],[74.13369,31.43196],[74.13429,31.43214],[74.1345,31.4316],[74.13513,31.43161],[74.13492,31.43197],[74.13597,31.43216],[74.13617,31.4327],[74.13639,31.43198],[74.13535,31.43125],[74.13453,31.42872]],[[74.13075,31.42815],[74.13096,31.42743],[74.13138,31.42815],[74.13075,31.42815]]],[[[74.14076,31.43778],[74.14076,31.43706],[74.14055,31.4376],[74.14013,31.43742],[74.14035,31.43633],[74.13993,31.43579],[74.13743,31.43379],[74.13702,31.4327],[74.13659,31.43288],[74.137,31.43397],[74.13763,31.43451],[74.13805,31.43433],[74.13784,31.43505],[74.13847,31.43488],[74.13868,31.43524],[74.13888,31.43614],[74.13827,31.43632],[74.13861,31.43711],[74.13951,31.43669],[74.13908,31.43705],[74.13911,31.43813],[74.13949,31.43795],[74.14054,31.43904],[74.14117,31.43887],[74.14097,31.43814],[74.14159,31.43851],[74.14116,31.43941],[74.14032,31.43976],[74.14073,31.44041],[74.14138,31.43923],[74.14201,31.43905],[74.1416,31.43815],[74.14076,31.43778]]],[[[74.13437,31.4455],[74.13522,31.4455],[74.13417,31.44441],[74.13396,31.44495],[74.13437,31.4455]]],[[[74.15339,31.44935],[74.15391,31.44977],[74.15349,31.44941],[74.15392,31.44852],[74.15185,31.4485],[74.15339,31.44935]]],[[[74.15623,31.44943],[74.15645,31.44871],[74.15603,31.44781],[74.15519,31.44798],[74.15622,31.44997],[74.15517,31.45051],[74.15496,31.44997],[74.1548,31.45039],[74.15663,31.45153],[74.15685,31.45088],[74.15748,31.45107],[74.15728,31.4498],[74.15623,31.44943]]],[[[74.15898,31.45385],[74.1598,31.45456],[74.16122,31.45498],[74.16054,31.45519],[74.16084,31.45593],[74.16165,31.45544],[74.16167,31.45596],[74.16288,31.45694],[74.16209,31.45597],[74.16249,31.45561],[74.16019,31.45361],[74.16041,31.45235],[74.15957,31.45252],[74.15977,31.45307],[74.15915,31.4527],[74.15872,31.45342],[74.15873,31.45234],[74.15726,31.45142],[74.15726,31.45197],[74.15831,31.45233],[74.15831,31.45301],[74.15898,31.45385]]],[[[74.14186,31.45493],[74.14354,31.45566],[74.14353,31.45747],[74.14436,31.4582],[74.14479,31.45784],[74.1452,31.4582],[74.14498,31.4591],[74.14372,31.45927],[74.14456,31.45982],[74.14434,31.46072],[74.1456,31.46037],[74.14623,31.46128],[74.14686,31.46128],[74.14728,31.46092],[74.14708,31.46002],[74.1475,31.45984],[74.14792,31.46057],[74.14834,31.46039],[74.14897,31.46093],[74.14896,31.46166],[74.15065,31.46167],[74.15086,31.46131],[74.14918,31.46093],[74.1496,31.46058],[74.1494,31.45967],[74.15045,31.46004],[74.15065,31.46058],[74.15192,31.46077],[74.15466,31.46043],[74.15486,31.46115],[74.15359,31.46151],[74.15422,31.46223],[74.1559,31.46224],[74.15631,31.46333],[74.158,31.46334],[74.15842,31.4628],[74.15926,31.46335],[74.15926,31.46371],[74.15863,31.46352],[74.15883,31.46425],[74.15841,31.4646],[74.15714,31.46478],[74.15756,31.46568],[74.1548,31.46729],[74.15501,31.46801],[74.15395,31.46891],[74.15394,31.46999],[74.15267,31.47052],[74.15288,31.47088],[74.15351,31.47071],[74.15351,31.47107],[74.15414,31.47071],[74.15435,31.47125],[74.15224,31.4716],[74.15285,31.47395],[74.15412,31.4736],[74.15369,31.4745],[74.15263,31.47485],[74.15304,31.47612],[74.15262,31.47648],[74.15303,31.47702],[74.15238,31.4799],[74.15343,31.47955],[74.15323,31.47901],[74.15575,31.47956],[74.15658,31.48029],[74.15637,31.48083],[74.15531,31.48082],[74.15427,31.47974],[74.15385,31.47991],[74.15447,31.48136],[74.15615,31.48209],[74.1555,31.48335],[74.15844,31.485],[74.16202,31.48466],[74.16328,31.48521],[74.16242,31.48665],[74.16284,31.48719],[74.16368,31.48702],[74.1639,31.48575],[74.16538,31.48594],[74.16579,31.48667],[74.16601,31.48559],[74.16622,31.48613],[74.16685,31.48559],[74.16748,31.48578],[74.16749,31.48542],[74.1698,31.48561],[74.17002,31.48435],[74.16898,31.48362],[74.1692,31.48254],[74.17406,31.48077],[74.17406,31.47986],[74.17176,31.47895],[74.17239,31.47805],[74.17177,31.47768],[74.17282,31.47733],[74.1724,31.47715],[74.17262,31.47661],[74.16967,31.47659],[74.16987,31.47821],[74.17049,31.47912],[74.17006,31.48002],[74.17238,31.47985],[74.17322,31.48004],[74.17343,31.48058],[74.16921,31.48074],[74.16817,31.47983],[74.16901,31.47929],[74.16881,31.47821],[74.16734,31.47856],[74.16671,31.47801],[74.16693,31.47747],[74.16777,31.47748],[74.16755,31.47802],[74.16819,31.47784],[74.16819,31.47712],[74.16735,31.47657],[74.16779,31.47549],[74.16738,31.47423],[74.16694,31.47549],[74.16652,31.47548],[74.16588,31.47656],[74.16608,31.47729],[74.16524,31.47764],[74.16543,31.47945],[74.16501,31.47999],[74.16584,31.48071],[74.16583,31.4818],[74.16435,31.48269],[74.16162,31.48249],[74.16184,31.48159],[74.16036,31.48194],[74.1612,31.48249],[74.16098,31.48303],[74.16014,31.48302],[74.16055,31.48357],[74.15887,31.48319],[74.1593,31.48266],[74.15888,31.48193],[74.15932,31.48085],[74.16058,31.48122],[74.16079,31.4805],[74.15953,31.48013],[74.1589,31.48067],[74.15869,31.48031],[74.15932,31.47995],[74.15827,31.47976],[74.15765,31.47886],[74.1585,31.47832],[74.1564,31.47704],[74.15641,31.47632],[74.15789,31.47543],[74.15705,31.4747],[74.15727,31.47398],[74.15917,31.47363],[74.15899,31.47002],[74.16005,31.46949],[74.16048,31.46859],[74.1611,31.46913],[74.16258,31.46914],[74.16279,31.4686],[74.16238,31.46824],[74.16323,31.46698],[74.16281,31.46644],[74.16176,31.46625],[74.1624,31.46589],[74.16198,31.46535],[74.16156,31.46553],[74.16199,31.46445],[74.16157,31.46445],[74.16137,31.46318],[74.15929,31.46046],[74.16055,31.46101],[74.16055,31.46011],[74.16139,31.46047],[74.16161,31.46011],[74.16243,31.46174],[74.16454,31.46176],[74.16432,31.46248],[74.16536,31.46375],[74.16535,31.46483],[74.16599,31.46465],[74.16537,31.46267],[74.16601,31.46231],[74.16145,31.45982],[74.159,31.45688],[74.15437,31.45302],[74.15462,31.4526],[74.15363,31.45245],[74.14834,31.44761],[74.14666,31.44666],[74.14573,31.44648],[74.1449,31.4455],[74.143,31.44538],[74.14322,31.44484],[74.14217,31.44483],[74.14196,31.44447],[74.14301,31.44429],[74.14321,31.44375],[74.14229,31.44305],[74.14156,31.44266],[74.14155,31.44338],[74.14092,31.44302],[74.14112,31.4441],[74.14028,31.44427],[74.13818,31.443],[74.13776,31.44317],[74.13735,31.44227],[74.13693,31.44245],[74.13609,31.44172],[74.13631,31.44118],[74.13546,31.44135],[74.13463,31.44027],[74.13568,31.441],[74.13652,31.441],[74.13714,31.44209],[74.13882,31.44264],[74.13904,31.4421],[74.13842,31.44047],[74.13955,31.4412],[74.13734,31.4391],[74.13373,31.43396],[74.1297,31.43181],[74.12768,31.42924],[74.12387,31.42681],[74.12319,31.42593],[74.124,31.42901],[74.12566,31.43154],[74.12565,31.43299],[74.12649,31.43317],[74.1269,31.43426],[74.12899,31.43626],[74.12856,31.4368],[74.12959,31.43897],[74.13106,31.44006],[74.13271,31.44278],[74.13461,31.44297],[74.13544,31.44406],[74.13565,31.4437],[74.13649,31.44407],[74.13647,31.44641],[74.13584,31.44623],[74.13584,31.44677],[74.13646,31.44732],[74.13752,31.44714],[74.13793,31.44751],[74.13836,31.44715],[74.13878,31.44751],[74.13856,31.44805],[74.13793,31.44769],[74.13855,31.44895],[74.13792,31.44859],[74.13581,31.45002],[74.13517,31.45001],[74.13497,31.44929],[74.13392,31.44856],[74.13308,31.4491],[74.13266,31.44837],[74.13372,31.4482],[74.13372,31.44784],[74.13246,31.44765],[74.13183,31.44692],[74.13268,31.44621],[74.13185,31.4453],[74.13271,31.4435],[74.13229,31.44278],[74.13166,31.44277],[74.13059,31.44493],[74.13098,31.44782],[74.13391,31.45037],[74.13621,31.45128],[74.1383,31.45292],[74.13915,31.45239],[74.13895,31.45184],[74.13937,31.45149],[74.13895,31.45112],[74.14021,31.45149],[74.14082,31.45384],[74.14124,31.45384],[74.14186,31.45493]],[[74.13797,31.44336],[74.13797,31.4439],[74.13734,31.44317],[74.13797,31.44336]],[[74.13921,31.44625],[74.13899,31.44697],[74.13731,31.44624],[74.13712,31.44479],[74.13754,31.44462],[74.13755,31.44389],[74.13921,31.44625]],[[74.14127,31.45132],[74.14126,31.4515],[74.14042,31.45203],[74.14042,31.45131],[74.14127,31.45132]],[[74.17134,31.47858],[74.1707,31.47876],[74.1705,31.47822],[74.17113,31.47804],[74.17134,31.47858]],[[74.16665,31.48469],[74.16581,31.48468],[74.16624,31.48396],[74.16877,31.48326],[74.16665,31.48469]],[[74.16539,31.48414],[74.1656,31.4845],[74.16496,31.48486],[74.16539,31.48414]],[[74.1574,31.48282],[74.1572,31.48228],[74.15804,31.48229],[74.1574,31.48282]],[[74.15679,31.48102],[74.15784,31.4812],[74.15762,31.48174],[74.15679,31.48102]],[[74.15639,31.47867],[74.15723,31.47867],[74.15701,31.47939],[74.15639,31.47867]],[[74.15386,31.47847],[74.15366,31.47739],[74.15514,31.4774],[74.15386,31.47847]],[[74.15514,31.47631],[74.15409,31.47667],[74.1541,31.47522],[74.15473,31.47523],[74.15514,31.47631]],[[74.15685,31.47344],[74.15622,31.47415],[74.15642,31.47506],[74.15537,31.47505],[74.15537,31.47415],[74.15623,31.47325],[74.15685,31.47344]],[[74.15687,31.47145],[74.1573,31.47127],[74.1575,31.472],[74.15708,31.47236],[74.15687,31.47145]],[[74.15687,31.47127],[74.15645,31.47163],[74.15604,31.47018],[74.15647,31.46964],[74.15687,31.47127]],[[74.1556,31.47253],[74.15539,31.47216],[74.15603,31.47181],[74.1556,31.47253]],[[74.15795,31.46821],[74.15774,31.46911],[74.15732,31.46857],[74.15775,31.46785],[74.1588,31.4684],[74.15795,31.46821]],[[74.1607,31.46751],[74.16133,31.46733],[74.16153,31.46805],[74.15985,31.46822],[74.15923,31.46714],[74.15965,31.46678],[74.1607,31.46751]],[[74.15571,31.45972],[74.15529,31.46025],[74.15719,31.46009],[74.15718,31.46063],[74.15592,31.46062],[74.15549,31.46134],[74.15655,31.46098],[74.15759,31.46189],[74.1559,31.46206],[74.15591,31.4617],[74.15507,31.46152],[74.15508,31.45989],[74.15571,31.45972]],[[74.15909,31.45938],[74.15908,31.46028],[74.15677,31.45936],[74.15909,31.45938]],[[74.14519,31.45946],[74.14583,31.45893],[74.14751,31.4593],[74.14603,31.46019],[74.1454,31.46019],[74.14519,31.45946]],[[74.14941,31.45841],[74.14899,31.45859],[74.14878,31.45786],[74.14921,31.45769],[74.14941,31.45841]],[[74.14942,31.45697],[74.14774,31.45659],[74.14838,31.45606],[74.14942,31.45697]],[[74.15301,31.45663],[74.15216,31.4568],[74.15217,31.45644],[74.15301,31.45663]],[[74.15069,31.45643],[74.1507,31.45607],[74.15133,31.45626],[74.15069,31.45643]],[[74.15028,31.45499],[74.14987,31.45426],[74.15029,31.4539],[74.15092,31.45445],[74.1507,31.45589],[74.14859,31.4557],[74.14755,31.45461],[74.14818,31.45443],[74.1486,31.45516],[74.15028,31.45499]],[[74.15238,31.45572],[74.15196,31.45572],[74.15175,31.45536],[74.15218,31.45482],[74.15238,31.45572]],[[74.15323,31.45465],[74.15323,31.45501],[74.1526,31.455],[74.15239,31.45464],[74.15323,31.45465]],[[74.15576,31.45502],[74.15576,31.45466],[74.15681,31.45539],[74.15576,31.45502]],[[74.15283,31.4532],[74.15346,31.45248],[74.15514,31.45376],[74.15534,31.45502],[74.15386,31.45519],[74.15283,31.4532]],[[74.15054,31.4503],[74.15158,31.45085],[74.15221,31.45157],[74.15199,31.45265],[74.15158,31.45175],[74.15031,31.45192],[74.15054,31.4503]],[[74.14192,31.44934],[74.1417,31.4497],[74.14233,31.44988],[74.14254,31.45061],[74.14001,31.45023],[74.14192,31.44934]],[[74.1457,31.45008],[74.14529,31.44918],[74.14571,31.449],[74.14633,31.44991],[74.1457,31.45008]],[[74.1495,31.44885],[74.14991,31.44957],[74.14949,31.44957],[74.14908,31.44902],[74.1495,31.44885]],[[74.13897,31.44968],[74.13981,31.44986],[74.13917,31.45058],[74.13875,31.45022],[74.13897,31.44968]],[[74.13748,31.45093],[74.13769,31.45147],[74.13685,31.45075],[74.13748,31.45093]],[[74.14211,31.45096],[74.14211,31.45132],[74.14148,31.4515],[74.14148,31.45096],[74.14211,31.45096]],[[74.14947,31.45155],[74.14925,31.45282],[74.14988,31.45336],[74.14966,31.45408],[74.14799,31.45317],[74.14736,31.45226],[74.14505,31.4517],[74.14506,31.45116],[74.1459,31.45135],[74.14611,31.45099],[74.14947,31.45155]],[[74.14567,31.45297],[74.14547,31.45243],[74.1461,31.45225],[74.14652,31.45262],[74.14567,31.45297]],[[74.14608,31.45442],[74.14545,31.45405],[74.14693,31.45316],[74.14714,31.45406],[74.14671,31.45442],[74.14734,31.45515],[74.14607,31.45496],[74.14608,31.45442]],[[74.1423,31.45367],[74.14377,31.45422],[74.14355,31.45458],[74.14229,31.45439],[74.1423,31.45367]],[[74.13267,31.44801],[74.13225,31.44801],[74.13225,31.44783],[74.13267,31.44801]],[[74.13161,31.44801],[74.1312,31.44746],[74.13225,31.44765],[74.13161,31.44801]],[[74.14866,31.4483],[74.14634,31.44847],[74.14741,31.44721],[74.14866,31.4483]],[[74.14004,31.4477],[74.1392,31.44751],[74.13963,31.44644],[74.14004,31.4477]],[[74.14257,31.44664],[74.14237,31.44591],[74.14342,31.44556],[74.14342,31.44592],[74.14426,31.44611],[74.14257,31.44664]],[[74.1453,31.44756],[74.14508,31.44828],[74.14487,31.44827],[74.14467,31.44755],[74.1453,31.44756]],[[74.13422,31.43954],[74.13422,31.43972],[74.13358,31.43972],[74.13359,31.43936],[74.13422,31.43954]],[[74.13254,31.43863],[74.13213,31.4379],[74.13339,31.43827],[74.13254,31.43863]],[[74.1296,31.43843],[74.1296,31.43807],[74.13045,31.43771],[74.13065,31.43843],[74.1296,31.43843]],[[74.13213,31.43754],[74.13152,31.43591],[74.13214,31.43664],[74.13361,31.43665],[74.13361,31.43701],[74.13213,31.43754]],[[74.13257,31.43556],[74.13279,31.43466],[74.13342,31.43484],[74.1332,31.43556],[74.13257,31.43556]],[[74.1309,31.43374],[74.13216,31.43466],[74.13132,31.43465],[74.1309,31.43374]],[[74.12735,31.43156],[74.12734,31.43246],[74.12797,31.43246],[74.12796,31.433],[74.12629,31.43209],[74.12735,31.43156]],[[74.16649,31.47945],[74.16691,31.47892],[74.16775,31.47928],[74.16775,31.47982],[74.16712,31.47982],[74.16711,31.48018],[74.16649,31.47945]],[[74.16818,31.47856],[74.16838,31.47911],[74.16796,31.47928],[74.16776,31.47874],[74.16818,31.47856]]],[[[74.16562,31.4587],[74.16584,31.4578],[74.16479,31.45743],[74.16417,31.45616],[74.1633,31.45634],[74.16389,31.45731],[74.16624,31.45935],[74.16562,31.4587]]],[[[74.17191,31.46163],[74.17254,31.46199],[74.17254,31.46109],[74.17339,31.46109],[74.17466,31.46002],[74.17382,31.45929],[74.17384,31.45677],[74.17279,31.4573],[74.17172,31.45946],[74.17023,31.46053],[74.17022,31.46234],[74.17064,31.4627],[74.17019,31.46306],[74.17272,31.46451],[74.17252,31.46379],[74.17315,31.46398],[74.17358,31.46344],[74.17252,31.46343],[74.17191,31.46163]],[[74.17339,31.46019],[74.17339,31.46055],[74.17255,31.46073],[74.17255,31.46019],[74.17339,31.46019]]],[[[74.16661,31.46086],[74.16812,31.46171],[74.16813,31.46016],[74.16657,31.45967],[74.16661,31.46086]]],[[[74.16938,31.46161],[74.17002,31.46071],[74.1696,31.46053],[74.16918,31.46089],[74.16938,31.46161]]],[[[74.14244,31.46089],[74.14264,31.46179],[74.14433,31.46126],[74.14413,31.4609],[74.14244,31.46089]]],[[[74.14768,31.46417],[74.14873,31.464],[74.14853,31.46328],[74.14937,31.46328],[74.14937,31.46292],[74.14832,31.46237],[74.1479,31.46291],[74.14621,31.4629],[74.14536,31.46434],[74.14535,31.46524],[74.14577,31.46542],[74.14641,31.46416],[74.14726,31.46381],[74.14768,31.46417]]],[[[74.13926,31.46339],[74.13757,31.46411],[74.13777,31.46501],[74.13841,31.46429],[74.13904,31.46484],[74.13946,31.46466],[74.13926,31.46339]]],[[[74.15083,31.46455],[74.15125,31.4651],[74.15272,31.46529],[74.15293,31.46493],[74.15147,31.46348],[74.15083,31.46455]]],[[[74.13377,31.46534],[74.1344,31.46535],[74.13461,31.46589],[74.13566,31.4659],[74.13588,31.46518],[74.13461,31.46535],[74.13252,31.46371],[74.13104,31.4646],[74.13166,31.46623],[74.13188,31.46515],[74.13251,31.46533],[74.13229,31.46605],[74.13355,31.46588],[74.13377,31.46534]],[[74.1323,31.46461],[74.13252,31.46425],[74.13336,31.46462],[74.13272,31.46516],[74.1323,31.46461]]],[[[74.15357,31.46439],[74.15315,31.46457],[74.15397,31.46602],[74.15481,31.46621],[74.15503,31.46585],[74.15357,31.46439]]],[[[74.15102,31.46636],[74.15083,31.46474],[74.15041,31.46491],[74.1504,31.466],[74.14934,31.46635],[74.15102,31.46636]]],[[[74.15123,31.46726],[74.14933,31.46725],[74.14913,31.46653],[74.14829,31.46652],[74.1487,31.46689],[74.14849,31.46761],[74.14995,31.46906],[74.151,31.46907],[74.15079,31.46852],[74.15227,31.46799],[74.15123,31.46726]]],[[[74.16885,31.47424],[74.17138,31.47389],[74.17011,31.47443],[74.16989,31.47533],[74.16926,31.4755],[74.16946,31.47659],[74.17073,31.47623],[74.17094,31.47551],[74.17347,31.47553],[74.17262,31.47643],[74.17367,31.47643],[74.17389,31.47589],[74.17473,31.4759],[74.17453,31.47481],[74.17496,31.47374],[74.17559,31.47356],[74.17582,31.47212],[74.17456,31.47121],[74.1735,31.47156],[74.17267,31.47101],[74.17286,31.47246],[74.1716,31.47281],[74.17224,31.47173],[74.17225,31.47011],[74.1731,31.47011],[74.17352,31.46958],[74.17435,31.47066],[74.17499,31.47067],[74.17561,31.47157],[74.17664,31.47194],[74.17431,31.47],[74.17271,31.46697],[74.16998,31.46507],[74.16977,31.4654],[74.16776,31.46324],[74.16601,31.46231],[74.16766,31.46539],[74.16661,31.4661],[74.16619,31.4652],[74.16472,31.46501],[74.16471,31.46573],[74.16492,31.46609],[74.16555,31.46591],[74.16555,31.46646],[74.16429,31.46645],[74.16407,31.46699],[74.1649,31.46808],[74.16595,31.46844],[74.16426,31.46952],[74.16405,31.46879],[74.1649,31.4688],[74.1649,31.46844],[74.16364,31.46825],[74.16384,31.46879],[74.16321,31.46897],[74.16341,31.47059],[74.16277,31.47131],[74.1634,31.47186],[74.16319,31.47113],[74.16446,31.47096],[74.16466,31.47186],[74.1636,31.47258],[74.1638,31.4733],[74.16255,31.47257],[74.16212,31.47329],[74.16149,31.47329],[74.16148,31.47383],[74.16211,31.47437],[74.16358,31.47438],[74.16464,31.47349],[74.1659,31.47386],[74.16675,31.47296],[74.16696,31.47368],[74.16801,31.47441],[74.16822,31.47405],[74.16759,31.47351],[74.1676,31.47279],[74.16802,31.47279],[74.16885,31.47424]],[[74.16423,31.47312],[74.16402,31.47258],[74.16507,31.47259],[74.16486,31.47313],[74.16423,31.47312]],[[74.16991,31.4737],[74.16907,31.47316],[74.17055,31.47244],[74.17119,31.47118],[74.17182,31.47173],[74.16991,31.4737]],[[74.16762,31.47044],[74.16761,31.47152],[74.16697,31.47206],[74.16657,31.47043],[74.1672,31.4708],[74.1672,31.47026],[74.16762,31.47044]],[[74.16994,31.47027],[74.16951,31.47135],[74.16824,31.47153],[74.16847,31.4699],[74.16994,31.47027]],[[74.17141,31.46992],[74.17162,31.47047],[74.17057,31.47064],[74.17078,31.46992],[74.17141,31.46992]],[[74.1691,31.46973],[74.1691,31.46937],[74.17016,31.46901],[74.17037,31.46937],[74.1691,31.46973]],[[74.17497,31.47283],[74.17497,31.47301],[74.17391,31.47337],[74.17349,31.47282],[74.17497,31.47283]],[[74.1689,31.4681],[74.16953,31.46847],[74.16953,31.46883],[74.1689,31.46864],[74.1689,31.4681]],[[74.16953,31.46811],[74.16912,31.46738],[74.16975,31.46721],[74.17017,31.46793],[74.16953,31.46811]],[[74.16639,31.46682],[74.1666,31.46628],[74.16745,31.46629],[74.16744,31.46719],[74.16639,31.46682]],[[74.1739,31.47391],[74.1739,31.47463],[74.17348,31.47463],[74.17348,31.47391],[74.1739,31.47391]],[[74.17264,31.47408],[74.17326,31.47499],[74.17221,31.47498],[74.17179,31.47444],[74.17264,31.47408]]],[[[74.18249,31.47108],[74.18485,31.474],[74.18465,31.47308],[74.18529,31.47254],[74.18249,31.47108]]],[[[74.20485,31.47429],[74.20528,31.47375],[74.20402,31.47356],[74.20485,31.47429]]],[[[74.16589,31.47512],[74.16632,31.4744],[74.16527,31.47421],[74.16526,31.47512],[74.16589,31.47512]]],[[[74.16,31.47454],[74.15916,31.47453],[74.16,31.47544],[74.16126,31.47509],[74.16126,31.47473],[74.16085,31.47455],[74.16042,31.47508],[74.16,31.47454]]],[[[74.16272,31.47636],[74.16356,31.47655],[74.16358,31.47474],[74.16272,31.47636]]],[[[74.20778,31.47683],[74.20967,31.47666],[74.20863,31.47575],[74.208,31.47593],[74.2082,31.47647],[74.20778,31.47683]]],[[[74.20123,31.47932],[74.20145,31.47823],[74.20208,31.47824],[74.20167,31.47697],[74.20251,31.47716],[74.20229,31.47824],[74.20334,31.47915],[74.20397,31.47879],[74.20544,31.47898],[74.2063,31.4779],[74.2063,31.477],[74.20567,31.47682],[74.20547,31.47573],[74.20442,31.47609],[74.20316,31.47464],[74.20232,31.47481],[74.20381,31.47338],[74.20254,31.47355],[74.20275,31.47391],[74.2019,31.47427],[74.20023,31.47335],[74.19853,31.47479],[74.19769,31.47478],[74.19726,31.47586],[74.19788,31.47731],[74.19843,31.477],[74.19954,31.47769],[74.19885,31.47803],[74.1983,31.47756],[74.19828,31.47912],[74.19807,31.47948],[74.19744,31.47929],[74.19744,31.47983],[74.19933,31.47966],[74.1985,31.47894],[74.19892,31.4784],[74.20039,31.47859],[74.20017,31.47985],[74.2006,31.47967],[74.20039,31.47895],[74.20102,31.47967],[74.20207,31.4795],[74.20123,31.47932]],[[74.20294,31.47644],[74.20231,31.47643],[74.20147,31.47589],[74.20127,31.47516],[74.20274,31.47499],[74.20316,31.47554],[74.20294,31.47644]]],[[[74.15957,31.4758],[74.1581,31.47561],[74.15809,31.47615],[74.15894,31.47616],[74.15892,31.47832],[74.16018,31.47851],[74.1604,31.47779],[74.15956,31.47742],[74.15957,31.4758]]],[[[74.20543,31.4806],[74.20542,31.48148],[74.20586,31.48159],[74.20639,31.481],[74.20543,31.4806]]],[[[74.15425,31.48226],[74.15425,31.48172],[74.15237,31.48008],[74.15216,31.48044],[74.15425,31.48226]]],[[[74.18833,31.48609],[74.18875,31.48627],[74.18918,31.48537],[74.19002,31.48538],[74.19066,31.48466],[74.1915,31.48467],[74.1917,31.48521],[74.19108,31.48485],[74.19128,31.48557],[74.19023,31.48538],[74.19001,31.48592],[74.19191,31.48629],[74.1919,31.48738],[74.19295,31.48702],[74.19211,31.48648],[74.19275,31.48594],[74.19317,31.48666],[74.19527,31.48668],[74.194,31.48757],[74.19271,31.49009],[74.19376,31.491],[74.19649,31.49156],[74.19608,31.49083],[74.19651,31.49011],[74.1963,31.48921],[74.19841,31.48868],[74.19946,31.48923],[74.20116,31.48762],[74.20095,31.48707],[74.20137,31.48726],[74.2018,31.48672],[74.20138,31.48617],[74.20095,31.48689],[74.20033,31.48599],[74.19821,31.4876],[74.19801,31.48705],[74.19843,31.48652],[74.1978,31.48669],[74.19696,31.48597],[74.19739,31.48507],[74.19655,31.48488],[74.19656,31.48416],[74.19508,31.48469],[74.19509,31.48379],[74.19466,31.48379],[74.19445,31.48451],[74.19318,31.48504],[74.19277,31.48395],[74.19234,31.48467],[74.1915,31.48449],[74.19129,31.48394],[74.19024,31.48394],[74.19088,31.48322],[74.19256,31.48323],[74.1932,31.48233],[74.19319,31.48414],[74.19382,31.48432],[74.19384,31.48216],[74.19447,31.48198],[74.19173,31.48214],[74.19047,31.48141],[74.18985,31.48087],[74.19008,31.4787],[74.18925,31.47635],[74.18737,31.47472],[74.18695,31.47526],[74.18568,31.47525],[74.18451,31.47417],[74.18393,31.47479],[74.18464,31.47519],[74.18567,31.47875],[74.18527,31.48355],[74.18646,31.48319],[74.18646,31.48265],[74.1873,31.48266],[74.1873,31.4832],[74.18941,31.48267],[74.18834,31.48411],[74.18939,31.48502],[74.18834,31.48501],[74.18854,31.48555],[74.1877,31.48573],[74.18684,31.48771],[74.18831,31.48862],[74.18957,31.48863],[74.18979,31.48754],[74.18874,31.48754],[74.18833,31.48609]],[[74.18748,31.48699],[74.1879,31.48681],[74.1879,31.48735],[74.18726,31.48753],[74.18748,31.48699]],[[74.18961,31.48357],[74.1896,31.48466],[74.18919,31.48393],[74.18961,31.48357]],[[74.18837,31.48068],[74.18901,31.48068],[74.18879,31.4814],[74.18816,31.48122],[74.18837,31.48068]],[[74.18585,31.48012],[74.18627,31.47994],[74.1865,31.47832],[74.18733,31.47959],[74.1886,31.47924],[74.18944,31.4796],[74.18922,31.48014],[74.18817,31.48032],[74.18668,31.48139],[74.18584,31.4812],[74.18585,31.48012]],[[74.18672,31.47688],[74.18883,31.47707],[74.18882,31.47779],[74.18818,31.47833],[74.18671,31.47814],[74.18652,31.47652],[74.18672,31.47688]],[[74.19654,31.48632],[74.19653,31.48668],[74.19569,31.48704],[74.19527,31.48632],[74.19654,31.48632]],[[74.19694,31.48813],[74.19737,31.48777],[74.19695,31.48705],[74.19863,31.48796],[74.19841,31.4885],[74.19694,31.48813]],[[74.19989,31.48779],[74.19948,31.48742],[74.1999,31.48689],[74.20074,31.48725],[74.19989,31.48779]]],[[[74.19867,31.48345],[74.19951,31.48291],[74.19971,31.4849],[74.19989,31.4849],[74.19998,31.48323],[74.20064,31.48256],[74.19846,31.48291],[74.19867,31.48345]]],[[[74.20571,31.48206],[74.20525,31.48245],[74.20539,31.48151],[74.205,31.4815],[74.20498,31.48385],[74.20435,31.48348],[74.2035,31.48474],[74.20203,31.48473],[74.20307,31.48546],[74.20264,31.48636],[74.20349,31.48601],[74.20433,31.48655],[74.20602,31.48584],[74.20559,31.48656],[74.20579,31.48782],[74.20621,31.48783],[74.20622,31.48674],[74.20664,31.48639],[74.20727,31.48765],[74.20726,31.48856],[74.20662,31.48909],[74.20746,31.48928],[74.20768,31.48892],[74.20788,31.48964],[74.20831,31.48874],[74.21062,31.48912],[74.21084,31.48858],[74.20854,31.48694],[74.20938,31.48622],[74.20897,31.48532],[74.20982,31.4846],[74.2094,31.48424],[74.20962,31.48298],[74.20899,31.48261],[74.20983,31.48262],[74.20985,31.48063],[74.21053,31.48046],[74.20929,31.47919],[74.20902,31.4799],[74.20839,31.47972],[74.20816,31.47791],[74.20671,31.47881],[74.20691,31.47953],[74.20628,31.47989],[74.20681,31.48116],[74.20653,31.48145],[74.2065,31.48169],[74.20711,31.48116],[74.20731,31.48188],[74.2054,31.48367],[74.20571,31.48206]],[[74.20713,31.47899],[74.20755,31.47881],[74.20776,31.47954],[74.20713,31.47899]],[[74.20624,31.48458],[74.20519,31.48457],[74.20561,31.48403],[74.20708,31.48422],[74.20602,31.48566],[74.20581,31.48512],[74.20624,31.48458]]],[[[74.20204,31.48347],[74.20204,31.48311],[74.2004,31.48357],[74.20049,31.48468],[74.20097,31.48483],[74.2014,31.48383],[74.20077,31.48364],[74.20204,31.48347]]],[[[74.19886,31.4858],[74.19886,31.48526],[74.19781,31.48507],[74.19801,31.48597],[74.19886,31.4858]]],[[[74.20454,31.48673],[74.20432,31.48709],[74.2039,31.48673],[74.20285,31.4869],[74.20284,31.48835],[74.2041,31.48818],[74.2039,31.48763],[74.20474,31.48764],[74.20454,31.48673]]],[[[74.19105,31.48773],[74.19104,31.48845],[74.19251,31.489],[74.19273,31.48865],[74.19189,31.4881],[74.1921,31.48774],[74.19105,31.48773]]],[[[74.16577,31.48937],[74.16577,31.48883],[74.16683,31.4883],[74.16388,31.48846],[74.16408,31.48918],[74.16366,31.4899],[74.16407,31.49063],[74.16534,31.49045],[74.16513,31.48991],[74.1645,31.48991],[74.16472,31.48847],[74.16577,31.48937]]],[[[74.20051,31.49014],[74.20051,31.4896],[74.19967,31.48923],[74.19904,31.48959],[74.20051,31.49014]]],[[[74.20661,31.49018],[74.20619,31.48981],[74.20641,31.48927],[74.20473,31.4889],[74.20451,31.48926],[74.20262,31.48925],[74.2024,31.49069],[74.20282,31.49087],[74.20303,31.49015],[74.20345,31.49016],[74.20281,31.49196],[74.20407,31.49178],[74.20514,31.49035],[74.20661,31.49018]]],[[[74.18715,31.49023],[74.18741,31.49094],[74.18819,31.49073],[74.18761,31.49115],[74.18751,31.4915],[74.18934,31.49043],[74.18935,31.49007],[74.18715,31.49023]]],[[[74.18879,31.49268],[74.18808,31.49313],[74.18869,31.49313],[74.18889,31.49367],[74.18911,31.49313],[74.18953,31.49332],[74.18953,31.49278],[74.18879,31.49268]]],[[[74.18214,31.49507],[74.18276,31.49706],[74.18254,31.49832],[74.18316,31.49869],[74.18295,31.49959],[74.18379,31.49978],[74.1823,31.50121],[74.18398,31.50122],[74.18482,31.50213],[74.18692,31.50286],[74.18984,31.50595],[74.19194,31.5065],[74.19361,31.50796],[74.19446,31.50814],[74.1955,31.50941],[74.19613,31.50942],[74.19654,31.51014],[74.1978,31.51069],[74.19793,31.50994],[74.19647,31.50675],[74.19333,31.5021],[74.19005,31.49988],[74.18822,31.49794],[74.18822,31.4989],[74.18696,31.49835],[74.18655,31.49691],[74.18592,31.49672],[74.18716,31.49673],[74.18336,31.49296],[74.18254,31.48973],[74.18257,31.48469],[74.18114,31.48138],[74.18114,31.48002],[74.18093,31.47907],[74.17977,31.47694],[74.18101,31.47973],[74.18037,31.48081],[74.18035,31.48297],[74.18097,31.48424],[74.18013,31.4846],[74.18052,31.48821],[74.17818,31.49018],[74.17902,31.4909],[74.17964,31.49271],[74.18214,31.49507]],[[74.1809,31.49254],[74.18258,31.49345],[74.18236,31.49381],[74.18152,31.49345],[74.18089,31.4938],[74.18006,31.49253],[74.1809,31.49254]],[[74.18027,31.49236],[74.17985,31.49181],[74.18027,31.49199],[74.1807,31.492],[74.18027,31.49236]],[[74.18298,31.49544],[74.1834,31.49526],[74.18466,31.49599],[74.18486,31.4969],[74.18381,31.49707],[74.18298,31.49544]],[[74.18758,31.49998],[74.18779,31.49962],[74.18842,31.49981],[74.18799,31.50052],[74.18758,31.49998]],[[74.1884,31.50161],[74.18777,31.50197],[74.18797,31.50269],[74.18734,31.50269],[74.18672,31.50178],[74.18756,31.50142],[74.18736,31.5007],[74.18799,31.50052],[74.1884,31.50161]],[[74.18881,31.50324],[74.18924,31.50234],[74.18987,31.50288],[74.19029,31.5027],[74.18965,31.50324],[74.18881,31.50324]],[[74.19008,31.50216],[74.19009,31.50144],[74.19114,31.50199],[74.1905,31.50253],[74.19008,31.50216]],[[74.19279,31.50543],[74.193,31.50579],[74.19237,31.50597],[74.19237,31.50542],[74.19279,31.50543]]],[[[74.19013,31.49657],[74.19098,31.49603],[74.19057,31.49441],[74.19184,31.49333],[74.19143,31.49243],[74.19165,31.49135],[74.19061,31.49044],[74.18955,31.49115],[74.19059,31.49278],[74.18952,31.49386],[74.19014,31.49549],[74.18909,31.49548],[74.1893,31.49494],[74.18889,31.4944],[74.18826,31.49367],[74.18788,31.49394],[74.18952,31.49711],[74.19076,31.49711],[74.19033,31.49765],[74.18979,31.49747],[74.19133,31.49853],[74.19285,31.49893],[74.19201,31.49857],[74.1914,31.4964],[74.19013,31.49657]]],[[[74.19226,31.49442],[74.19099,31.49459],[74.19141,31.49495],[74.19225,31.49496],[74.19226,31.49442]]],[[[74.19616,31.49966],[74.19664,31.49896],[74.19475,31.49876],[74.19409,31.49913],[74.19616,31.49966]]],[[[74.19812,31.49806],[74.19832,31.49897],[74.19677,31.49932],[74.19679,31.49983],[74.19744,31.50039],[74.19787,31.50039],[74.19858,31.49996],[74.19904,31.50024],[74.19914,31.50076],[74.19816,31.50114],[74.1983,31.50149],[74.19915,31.50096],[74.19999,31.5015],[74.20042,31.50078],[74.20083,31.50115],[74.20041,31.50187],[74.20061,31.50295],[74.20104,31.50169],[74.20189,31.50097],[74.20084,31.50079],[74.20126,31.50007],[74.20064,31.49952],[74.19979,31.4997],[74.19917,31.49915],[74.19937,31.49987],[74.19874,31.49987],[74.19876,31.49753],[74.19812,31.49806]],[[74.19979,31.49988],[74.19958,31.50024],[74.19937,31.50024],[74.19937,31.49987],[74.19979,31.49988]],[[74.1981,31.50023],[74.19726,31.50022],[74.19726,31.49986],[74.1981,31.50023]]],[[[74.20693,31.50299],[74.2063,31.5028],[74.20629,31.50353],[74.20797,31.50354],[74.20902,31.50445],[74.20881,31.50372],[74.20924,31.50336],[74.20714,31.50263],[74.20693,31.50299]]],[[[74.19853,31.50258],[74.19843,31.5037],[74.19912,31.50503],[74.19912,31.50402],[74.19997,31.50421],[74.19997,31.50349],[74.19853,31.50258]]],[[[74.21119,31.52196],[74.2114,31.52142],[74.20993,31.52159],[74.2093,31.52087],[74.20973,31.52015],[74.20806,31.51888],[74.20722,31.51743],[74.20723,31.51652],[74.20639,31.51634],[74.20536,31.51435],[74.20348,31.51235],[74.20327,31.51145],[74.20244,31.5109],[74.20244,31.51018],[74.20202,31.51036],[74.20182,31.50927],[74.20224,31.5091],[74.20562,31.50839],[74.20582,31.50876],[74.20498,31.50911],[74.20519,31.50947],[74.20625,31.50876],[74.20708,31.50931],[74.20793,31.50823],[74.20709,31.50858],[74.20583,31.50822],[74.20689,31.5075],[74.20563,31.50731],[74.20562,31.50803],[74.20394,31.50766],[74.20309,31.50838],[74.20048,31.50872],[74.20133,31.51114],[74.20297,31.51195],[74.20173,31.51256],[74.20138,31.5145],[74.2025,31.51701],[74.20293,31.51968],[74.20342,31.51939],[74.20383,31.51975],[74.20404,31.52047],[74.20355,31.52065],[74.204,31.52118],[74.20467,31.52102],[74.20509,31.5212],[74.20487,31.52156],[74.20592,31.52175],[74.20572,31.52121],[74.20677,31.52085],[74.20655,31.52211],[74.20521,31.52229],[74.20555,31.52262],[74.20694,31.5231],[74.20968,31.52305],[74.21081,31.52356],[74.21168,31.52378],[74.21293,31.52439],[74.21306,31.52441],[74.21203,31.52269],[74.2116,31.52287],[74.21182,31.52197],[74.21119,31.52196]],[[74.21097,31.52268],[74.21118,31.52323],[74.21055,31.5234],[74.21034,31.52286],[74.21097,31.52268]]],[[[74.19732,31.51845],[74.19795,31.51809],[74.19879,31.519],[74.19878,31.51954],[74.19815,31.51936],[74.19835,31.5208],[74.20086,31.52298],[74.2019,31.52461],[74.204,31.52553],[74.2061,31.52572],[74.2061,31.52538],[74.20274,31.52426],[74.20143,31.52303],[74.20028,31.52014],[74.20083,31.51704],[74.20061,31.51571],[74.19988,31.51442],[74.19966,31.51503],[74.19861,31.51449],[74.19946,31.51359],[74.19917,31.5128],[74.19839,31.5132],[74.19856,31.51268],[74.19779,31.51268],[74.19735,31.51448],[74.19671,31.51502],[74.1967,31.5161],[74.19628,31.51628],[74.19732,31.51845]],[[74.19841,31.51322],[74.19841,31.51412],[74.19778,31.51322],[74.19841,31.51322]],[[74.19984,31.51882],[74.19942,31.51882],[74.199,31.5181],[74.19943,31.51792],[74.19984,31.51882]]],[[[74.20946,31.47738],[74.20876,31.47804],[74.21001,31.47792],[74.21239,31.47866],[74.21072,31.47721],[74.21051,31.47757],[74.20946,31.47738]]],[[[74.21595,31.48139],[74.21553,31.48193],[74.21657,31.48338],[74.2172,31.48356],[74.21741,31.48266],[74.217,31.48248],[74.21742,31.48212],[74.21595,31.48139]]],[[[74.21362,31.48336],[74.21469,31.48084],[74.21279,31.48119],[74.21088,31.48298],[74.21258,31.48238],[74.21196,31.48443],[74.21298,31.48426],[74.21234,31.485],[74.21381,31.48556],[74.21319,31.48462],[74.21404,31.48391],[74.21362,31.48336]]],[[[74.21888,31.4843],[74.21909,31.4834],[74.21804,31.48321],[74.21782,31.48411],[74.21888,31.4843]]],[[[74.21654,31.48681],[74.21654,31.48627],[74.21549,31.48608],[74.21591,31.48644],[74.21569,31.48698],[74.21654,31.48681]]],[[[74.21402,31.48553],[74.21421,31.48615],[74.21323,31.48654],[74.21324,31.48697],[74.21422,31.48697],[74.21527,31.48788],[74.21549,31.48662],[74.21402,31.48553]]],[[[74.21927,31.48737],[74.21927,31.48773],[74.22011,31.48773],[74.21947,31.48863],[74.22074,31.48828],[74.22054,31.48683],[74.21927,31.48737]]],[[[74.21842,31.4888],[74.21926,31.48809],[74.21906,31.48682],[74.21759,31.48681],[74.21695,31.48789],[74.21695,31.48843],[74.21778,31.48898],[74.21736,31.4897],[74.21798,31.49007],[74.21925,31.48953],[74.21947,31.48917],[74.21842,31.4888]]],[[[74.21693,31.4932],[74.21653,31.49237],[74.21715,31.49203],[74.21666,31.49161],[74.21732,31.4915],[74.2165,31.49078],[74.21587,31.49095],[74.2165,31.4915],[74.21482,31.4914],[74.21481,31.49239],[74.21396,31.49275],[74.21396,31.49311],[74.2148,31.49311],[74.21437,31.49383],[74.21458,31.49474],[74.21521,31.49456],[74.21501,31.49384],[74.21638,31.49364],[74.21693,31.4932]],[[74.21649,31.49204],[74.21627,31.49348],[74.21607,31.49222],[74.21523,31.49239],[74.21544,31.49167],[74.21649,31.49204]]],[[[74.21262,31.50212],[74.21346,31.50213],[74.21388,31.50285],[74.21388,31.50195],[74.21515,31.50196],[74.21515,31.50193],[74.21442,31.50168],[74.21367,31.50043],[74.21262,31.50212]]],[[[74.21303,31.50303],[74.2124,31.50356],[74.21177,31.50266],[74.21028,31.50427],[74.21112,31.50464],[74.21112,31.50518],[74.21175,31.50518],[74.21217,31.50501],[74.21197,31.50446],[74.21281,31.50447],[74.21345,31.50321],[74.21303,31.50303]]],[[[74.21259,31.50537],[74.21069,31.50572],[74.20963,31.50643],[74.21048,31.50662],[74.21047,31.50752],[74.21089,31.50753],[74.21175,31.50591],[74.21365,31.5052],[74.21449,31.50538],[74.21492,31.50394],[74.21409,31.50285],[74.21366,31.50303],[74.21429,31.50376],[74.21259,31.50537]]],[[[74.21722,31.50594],[74.21785,31.50612],[74.21785,31.50667],[74.21848,31.50649],[74.21828,31.50468],[74.21723,31.50468],[74.21722,31.50594]]],[[[74.21825,31.50883],[74.2191,31.50812],[74.21826,31.50793],[74.21783,31.50865],[74.21825,31.50883]]],[[[74.22591,31.52494],[74.22611,31.52566],[74.22548,31.52638],[74.22695,31.52621],[74.22633,31.52494],[74.22591,31.52494]]],[[[74.224,31.52691],[74.22401,31.52601],[74.22231,31.52672],[74.21958,31.5258],[74.21601,31.52524],[74.21537,31.52542],[74.22395,31.5271],[74.22778,31.52867],[74.22715,31.52747],[74.22568,31.52765],[74.22547,31.52692],[74.224,31.52691]]],[[[74.22925,31.52929],[74.23114,31.52948],[74.2301,31.52803],[74.22904,31.52893],[74.22925,31.52929]]],[[[74.22711,31.53235],[74.22753,31.53235],[74.22711,31.53289],[74.22731,31.53361],[74.22774,31.53343],[74.22774,31.53271],[74.22943,31.5329],[74.22796,31.53217],[74.22775,31.53163],[74.23256,31.53346],[74.22823,31.53124],[74.2248,31.52874],[74.22044,31.5278],[74.21872,31.52769],[74.21998,31.52833],[74.21956,31.52887],[74.21872,31.52887],[74.21724,31.5285],[74.21851,31.52769],[74.21398,31.5272],[74.21305,31.5266],[74.21304,31.52721],[74.21451,31.52812],[74.21514,31.52812],[74.21493,31.52776],[74.21536,31.52758],[74.21556,31.52849],[74.21619,31.52867],[74.21723,31.53012],[74.21701,31.53066],[74.21554,31.53119],[74.21636,31.53354],[74.22015,31.53375],[74.22036,31.53339],[74.21952,31.53284],[74.21975,31.53158],[74.22101,31.53177],[74.22122,31.53123],[74.22122,31.53177],[74.2229,31.53286],[74.22542,31.53288],[74.22521,31.5336],[74.22584,31.53324],[74.22562,31.53414],[74.22457,31.5345],[74.22456,31.53504],[74.22393,31.53539],[74.22477,31.53594],[74.22455,31.53648],[74.22518,31.53666],[74.22603,31.53559],[74.22583,31.53432],[74.22711,31.53235]],[[74.2267,31.53126],[74.22544,31.53089],[74.2244,31.5298],[74.22503,31.52963],[74.2267,31.53126]],[[74.22335,31.52889],[74.22461,31.5289],[74.22461,31.52962],[74.22397,31.5298],[74.22335,31.52889]],[[74.22229,31.52925],[74.2223,31.52889],[74.22335,31.52926],[74.22229,31.52925]]],[[[74.22226,31.53304],[74.22289,31.5334],[74.22289,31.53304],[74.22121,31.53249],[74.221,31.53303],[74.22142,31.53339],[74.22226,31.53304]]],[[[74.23215,31.53418],[74.23194,31.5349],[74.2332,31.53527],[74.2333,31.53816],[74.23384,31.53509],[74.23215,31.53418]]],[[[74.24053,31.53999],[74.23677,31.53619],[74.23703,31.5377],[74.23804,31.53806],[74.23793,31.53935],[74.24053,31.53999]]],[[[74.24475,31.54003],[74.2442,31.53985],[74.2444,31.54036],[74.24613,31.54026],[74.24602,31.53968],[74.24475,31.54003]]],[[[74.24057,31.54001],[74.24139,31.54039],[74.24079,31.54052],[74.24192,31.54118],[74.24367,31.54002],[74.24057,31.54001]]],[[[74.23695,31.54089],[74.2371,31.54158],[74.23757,31.54149],[74.23697,31.54043],[74.23592,31.54033],[74.23695,31.54089]]],[[[74.23835,31.5421],[74.23883,31.54216],[74.23908,31.54286],[74.24108,31.54449],[74.24145,31.54431],[74.24052,31.54199],[74.23835,31.5421]]],[[[74.2371,31.54803],[74.23537,31.54698],[74.23548,31.54631],[74.23919,31.5465],[74.23843,31.54775],[74.24004,31.54848],[74.24038,31.54939],[74.24111,31.54946],[74.24009,31.54614],[74.23859,31.54613],[74.23944,31.54541],[74.24,31.54578],[74.23944,31.54489],[74.23563,31.54267],[74.23435,31.54128],[74.23339,31.53918],[74.23182,31.54106],[74.23387,31.54305],[74.23372,31.54356],[74.23482,31.54389],[74.2347,31.54455],[74.23254,31.54371],[74.23146,31.54195],[74.23078,31.54219],[74.23162,31.54008],[74.23315,31.53834],[74.23296,31.53834],[74.23169,31.53941],[74.2304,31.54229],[74.23354,31.54502],[74.23437,31.54646],[74.23897,31.55136],[74.23989,31.55173],[74.23859,31.55048],[74.23876,31.54965],[74.23777,31.54952],[74.2371,31.54803]]],[[[74.24265,31.54693],[74.24343,31.54688],[74.24431,31.54778],[74.245,31.54725],[74.24669,31.54723],[74.24682,31.54614],[74.2462,31.54558],[74.24661,31.54448],[74.24504,31.54303],[74.24409,31.54273],[74.24388,31.54363],[74.24388,31.54273],[74.24346,31.54255],[74.24118,31.54253],[74.24156,31.54311],[74.24346,31.54291],[74.24282,31.54363],[74.24175,31.54344],[74.24265,31.54693]],[[74.24367,31.54327],[74.24346,31.54327],[74.24346,31.54309],[74.24367,31.54327]],[[74.24366,31.54417],[74.24282,31.54435],[74.24325,31.54345],[74.24366,31.54417]]],[[[74.24852,31.54719],[74.24901,31.54602],[74.24834,31.54625],[74.24772,31.54574],[74.24661,31.54825],[74.2495,31.54888],[74.24985,31.54831],[74.24852,31.54719]]],[[[74.23912,31.55022],[74.24065,31.5514],[74.24024,31.55029],[74.24066,31.55011],[74.24129,31.55084],[74.24086,31.55154],[74.2418,31.55166],[74.24211,31.55319],[74.24345,31.55392],[74.24207,31.55208],[74.24152,31.54997],[74.23912,31.55022]]],[[[74.24782,31.55124],[74.24677,31.55015],[74.24511,31.55121],[74.24417,31.55089],[74.24508,31.5529],[74.24498,31.55411],[74.24527,31.55357],[74.2459,31.55375],[74.24528,31.55284],[74.24591,31.55303],[74.24591,31.55249],[74.24675,31.55285],[74.24781,31.55196],[74.24782,31.55124]],[[74.24486,31.55212],[74.24487,31.55158],[74.24592,31.55122],[74.24654,31.55249],[74.24592,31.55213],[74.24549,31.55249],[74.24486,31.55212]]],[[[74.24002,31.55209],[74.24064,31.55318],[74.2419,31.55391],[74.2419,31.55301],[74.24002,31.55209]]],[[[74.25053,31.55432],[74.25096,31.55378],[74.2497,31.55341],[74.24928,31.55269],[74.24675,31.55321],[74.24675,31.55358],[74.24759,31.5534],[74.24758,31.55466],[74.24908,31.55353],[74.25047,31.55592],[74.25115,31.55623],[74.252,31.55595],[74.25116,31.55504],[74.2518,31.55433],[74.25053,31.55432]]],[[[74.24569,31.55447],[74.24589,31.55558],[74.24694,31.55574],[74.24758,31.55466],[74.24695,31.5543],[74.24653,31.55484],[74.24569,31.55447]]],[[[74.25644,31.5558],[74.25705,31.55619],[74.2579,31.55581],[74.25685,31.55544],[74.25644,31.5558]]],[[[74.25114,31.55811],[74.2524,31.55794],[74.2524,31.55758],[74.25177,31.55775],[74.2522,31.55704],[74.25114,31.55811]]],[[[74.25831,31.55725],[74.25751,31.55689],[74.25893,31.55842],[74.25893,31.5578],[74.25831,31.55725]]],[[[74.2476,31.55932],[74.24629,31.55811],[74.24732,31.56062],[74.24774,31.56044],[74.24879,31.56153],[74.25111,31.56172],[74.2511,31.56226],[74.25152,31.56226],[74.25151,31.56154],[74.2476,31.55932]],[[74.24837,31.5608],[74.24838,31.5599],[74.24901,31.56027],[74.24837,31.5608]]],[[[74.25889,31.56339],[74.25889,31.56303],[74.25784,31.56266],[74.25742,31.5632],[74.25889,31.56339]]],[[[74.24836,31.56261],[74.24647,31.56224],[74.24541,31.56295],[74.2454,31.56385],[74.24582,31.5644],[74.24708,31.56404],[74.24876,31.56496],[74.24981,31.56586],[74.25022,31.56695],[74.25212,31.56678],[74.25254,31.56642],[74.25234,31.56588],[74.2536,31.56571],[74.2532,31.5639],[74.25236,31.56335],[74.25237,31.56245],[74.25047,31.5628],[74.24941,31.56261],[74.24921,31.56207],[74.24836,31.56261]],[[74.24899,31.56333],[74.25109,31.56389],[74.25045,31.56497],[74.24918,31.56496],[74.24899,31.56333]]],[[[74.25864,31.5679],[74.25949,31.56718],[74.25924,31.56899],[74.26116,31.5699],[74.26076,31.57026],[74.26136,31.57097],[74.26158,31.57008],[74.26472,31.57317],[74.26492,31.57389],[74.26618,31.57462],[74.26638,31.57534],[74.26534,31.57443],[74.26507,31.57443],[74.26591,31.57567],[74.26722,31.57678],[74.26838,31.57673],[74.26742,31.57712],[74.26801,31.57878],[74.26847,31.57824],[74.26826,31.57752],[74.26974,31.57771],[74.27101,31.57699],[74.27102,31.57573],[74.26996,31.57627],[74.26912,31.57608],[74.27039,31.57573],[74.26998,31.5741],[74.26956,31.57496],[74.26738,31.57559],[74.26674,31.57463],[74.26713,31.57292],[74.26373,31.57169],[74.26164,31.56988],[74.26023,31.56739],[74.25965,31.56716],[74.26068,31.56647],[74.26056,31.56557],[74.26098,31.56557],[74.26097,31.56646],[74.26187,31.56699],[74.26408,31.56667],[74.26483,31.56737],[74.26665,31.5676],[74.26811,31.56987],[74.26812,31.56922],[74.26707,31.56795],[74.26729,31.56687],[74.26624,31.5665],[74.26497,31.56703],[74.26435,31.56577],[74.26562,31.56577],[74.26583,31.56542],[74.26457,31.56469],[74.26351,31.56504],[74.26521,31.56379],[74.26521,31.56325],[74.26458,31.5636],[74.26438,31.56234],[74.26313,31.56053],[74.26356,31.55891],[74.2623,31.55872],[74.26272,31.55926],[74.26187,31.55944],[74.26146,31.55871],[74.26124,31.55925],[74.2604,31.55925],[74.26082,31.55871],[74.2602,31.55835],[74.25914,31.55888],[74.25871,31.55996],[74.25808,31.5596],[74.25786,31.56032],[74.25766,31.55905],[74.25702,31.55959],[74.25513,31.55868],[74.25534,31.55994],[74.25449,31.55994],[74.25408,31.55903],[74.2543,31.55813],[74.25662,31.55778],[74.25641,31.55706],[74.25557,31.55706],[74.25615,31.55647],[74.25549,31.55593],[74.25569,31.55555],[74.25621,31.5557],[74.25622,31.55525],[74.25348,31.55506],[74.25263,31.55596],[74.252,31.55595],[74.25199,31.55649],[74.25283,31.5565],[74.25283,31.55722],[74.2543,31.55777],[74.25176,31.55866],[74.25113,31.55865],[74.25072,31.55793],[74.25029,31.55847],[74.2495,31.55798],[74.25337,31.56162],[74.25415,31.56183],[74.25525,31.56334],[74.25615,31.56337],[74.25615,31.56392],[74.25552,31.56373],[74.25593,31.56449],[74.25677,31.56482],[74.25783,31.56447],[74.25824,31.56519],[74.25802,31.56663],[74.25864,31.5679]],[[74.26312,31.56179],[74.26227,31.56233],[74.26186,31.56142],[74.26228,31.56124],[74.26229,31.56052],[74.26313,31.56053],[74.26312,31.56179]],[[74.25762,31.56374],[74.25737,31.56427],[74.25641,31.56389],[74.25652,31.56312],[74.25721,31.56302],[74.25637,31.56229],[74.25869,31.56231],[74.26016,31.56322],[74.26015,31.56358],[74.25931,31.56321],[74.25952,31.56394],[74.25889,31.56411],[74.25909,31.56447],[74.25846,31.56411],[74.25783,31.56447],[74.25762,31.56374]],[[74.26764,31.57643],[74.26722,31.57607],[74.26891,31.5759],[74.26912,31.57626],[74.26764,31.57643]],[[74.26162,31.56467],[74.26141,31.56503],[74.26035,31.56502],[74.26015,31.56448],[74.26057,31.56412],[74.26015,31.56376],[74.26078,31.56376],[74.26162,31.56467]],[[74.25954,31.56069],[74.25996,31.56087],[74.25954,31.56177],[74.25722,31.56122],[74.25765,31.56068],[74.25954,31.56105],[74.25954,31.56069]],[[74.25343,31.56047],[74.2547,31.56048],[74.25575,31.56103],[74.25364,31.56156],[74.25343,31.56047]],[[74.25281,31.55939],[74.25217,31.5601],[74.25155,31.55956],[74.25155,31.55884],[74.25344,31.55939],[74.25281,31.55939]],[[74.25411,31.55542],[74.25516,31.55561],[74.25495,31.55597],[74.25389,31.55596],[74.25411,31.55542]],[[74.26119,31.56575],[74.26225,31.56558],[74.26224,31.56594],[74.26119,31.56575]]],[[[74.26029,31.57278],[74.25976,31.5719],[74.25841,31.57097],[74.26008,31.57314],[74.26113,31.57369],[74.26155,31.57315],[74.26029,31.57278]]],[[[74.27036,31.57952],[74.2714,31.58097],[74.27097,31.58132],[74.27014,31.58042],[74.26948,31.58077],[74.27091,31.58345],[74.2721,31.58406],[74.27317,31.58502],[74.27398,31.58405],[74.27557,31.58407],[74.27654,31.58641],[74.27684,31.58569],[74.27916,31.58642],[74.27937,31.58552],[74.27875,31.58498],[74.27875,31.58408],[74.2796,31.5839],[74.27918,31.58318],[74.27961,31.58264],[74.27688,31.58028],[74.27289,31.57881],[74.27185,31.57718],[74.27016,31.57771],[74.26974,31.57807],[74.26994,31.57861],[74.2691,31.57843],[74.26825,31.57896],[74.26896,31.57985],[74.26939,31.57944],[74.27036,31.57952]],[[74.27686,31.58316],[74.27708,31.58208],[74.27876,31.58353],[74.2777,31.58371],[74.27686,31.58316]]],[[[74.27136,31.58474],[74.27201,31.58444],[74.27151,31.58385],[74.27099,31.58379],[74.27136,31.58474]]],[[[74.28124,31.58932],[74.28061,31.58914],[74.28083,31.58824],[74.28041,31.58823],[74.28039,31.59004],[74.27931,31.59075],[74.28071,31.59221],[74.28122,31.59203],[74.28081,31.59094],[74.28124,31.58932]]],[[[74.27801,31.59833],[74.27844,31.59725],[74.2797,31.59743],[74.27991,31.59834],[74.27864,31.59851],[74.28054,31.59888],[74.28053,31.59942],[74.28138,31.59943],[74.28096,31.59906],[74.28096,31.59798],[74.28323,31.59745],[74.28102,31.59618],[74.28118,31.59726],[74.28055,31.59708],[74.28013,31.59671],[74.28014,31.59563],[74.2806,31.59581],[74.27889,31.59382],[74.27763,31.59327],[74.27785,31.5924],[74.27763,31.59273],[74.27658,31.59254],[74.27679,31.592],[74.27595,31.59164],[74.2747,31.59001],[74.27192,31.58905],[74.27034,31.58696],[74.27,31.58469],[74.26948,31.58404],[74.26905,31.58474],[74.26968,31.58511],[74.26946,31.58601],[74.2703,31.58728],[74.26986,31.58908],[74.27028,31.58926],[74.26943,31.58998],[74.26943,31.59052],[74.27216,31.59089],[74.27237,31.59144],[74.27427,31.59127],[74.27553,31.592],[74.27573,31.59272],[74.27616,31.59272],[74.27615,31.59398],[74.27509,31.5938],[74.27298,31.59469],[74.27444,31.59632],[74.27571,31.59633],[74.27549,31.59687],[74.27633,31.59778],[74.27696,31.59778],[74.27675,31.59724],[74.2776,31.59724],[74.2778,31.59796],[74.27695,31.59868],[74.27821,31.59959],[74.27841,31.60085],[74.27947,31.60014],[74.27801,31.59833]],[[74.27804,31.59508],[74.27783,31.59454],[74.27909,31.59472],[74.27909,31.59563],[74.27804,31.59508]]],[[[74.29544,31.6069],[74.2965,31.60709],[74.29587,31.606],[74.29506,31.60609],[74.29544,31.6069]]],[[[74.28828,31.60614],[74.28807,31.60686],[74.28933,31.60669],[74.28933,31.60633],[74.28828,31.60614]]],[[[74.29383,31.60762],[74.29206,31.60779],[74.29102,31.60688],[74.29038,31.60778],[74.28975,31.60723],[74.28933,31.60741],[74.29016,31.60832],[74.29226,31.60923],[74.29332,31.60888],[74.29353,31.60942],[74.29458,31.60925],[74.29383,31.60762]]],[[[74.29986,31.60891],[74.29839,31.60818],[74.29881,31.60801],[74.29839,31.60746],[74.29797,31.60782],[74.29776,31.60746],[74.2967,31.60763],[74.2967,31.60781],[74.29743,31.60811],[74.30074,31.6106],[74.30132,31.61084],[74.30069,31.61054],[74.30153,31.61019],[74.30133,31.60964],[74.30069,31.60982],[74.30049,31.60946],[74.3007,31.60838],[74.29986,31.60891]]],[[[74.31249,31.61097],[74.31207,31.61133],[74.31333,31.61169],[74.31313,31.61097],[74.31249,31.61097]]],[[[74.31268,31.61368],[74.31184,31.61349],[74.31164,31.61205],[74.31038,31.61222],[74.31017,31.61168],[74.31059,31.61132],[74.30975,31.61077],[74.30849,31.61058],[74.30806,31.61112],[74.30659,31.6113],[74.30832,31.61219],[74.30557,31.61178],[74.30893,31.61453],[74.31267,31.61596],[74.31183,31.61511],[74.31226,31.61458],[74.31289,31.61476],[74.31268,31.61368]],[[74.30996,31.61168],[74.30995,31.61204],[74.3089,31.61203],[74.3087,31.61131],[74.30996,31.61168]]],[[[74.30641,31.61409],[74.30556,31.61415],[74.30541,31.61356],[74.30383,31.61256],[74.30299,31.61241],[74.30508,31.61483],[74.30572,31.61472],[74.30554,31.6156],[74.30803,31.61668],[74.30641,31.61409]]],[[[74.31286,31.61836],[74.3097,31.61799],[74.30952,31.61798],[74.30938,31.61799],[74.30878,31.61815],[74.30834,31.61807],[74.30815,31.61821],[74.3099,31.61918],[74.30907,31.61817],[74.31286,31.61836]]],[[[74.31145,31.61978],[74.31222,31.61989],[74.31159,31.61908],[74.31006,31.61925],[74.31145,31.61978]]],[[[74.30822,31.61917],[74.30758,31.6196],[74.30758,31.61996],[74.31073,31.6207],[74.31326,31.62198],[74.30822,31.61917]]],[[[74.31461,31.61044],[74.3146,31.61152],[74.31586,31.61153],[74.31649,31.61225],[74.31671,31.61045],[74.31461,31.61044]]],[[[74.31668,31.61442],[74.31479,31.61405],[74.31457,31.61495],[74.31373,31.61458],[74.31415,31.61567],[74.31351,31.61603],[74.31435,31.61639],[74.31348,31.61639],[74.3179,31.61714],[74.31982,31.61839],[74.31668,31.61442]]],[[[74.32341,31.61734],[74.323,31.61608],[74.32258,31.61625],[74.32278,31.61752],[74.32341,31.61734]]],[[[74.31998,31.62028],[74.32055,31.62007],[74.31991,31.61933],[74.3185,31.61887],[74.31998,31.62028]]],[[[74.33287,31.62208],[74.33097,31.62207],[74.33139,31.62262],[74.33265,31.62262],[74.33287,31.62208]]],[[[74.31497,31.62203],[74.31548,31.62452],[74.31641,31.6238],[74.31578,31.62217],[74.31497,31.62203]]],[[[74.32752,31.62554],[74.32778,31.62487],[74.32688,31.6249],[74.32662,31.62441],[74.32194,31.62287],[74.32361,31.62498],[74.3255,31.62616],[74.32904,31.62654],[74.32872,31.62587],[74.32752,31.62554]]],[[[74.33434,31.62317],[74.33475,31.6239],[74.33412,31.62407],[74.33307,31.62317],[74.33201,31.6237],[74.33202,31.62316],[74.33096,31.62297],[74.33076,31.62243],[74.33033,31.62261],[74.33034,31.62171],[74.32928,31.62224],[74.32928,31.62279],[74.32696,31.62187],[74.3257,31.62205],[74.32713,31.62311],[74.32822,31.6226],[74.32864,31.62332],[74.32793,31.62332],[74.33137,31.62444],[74.33639,31.62769],[74.33768,31.62752],[74.33667,31.62788],[74.33869,31.62949],[74.33999,31.62984],[74.3397,31.62934],[74.33979,31.6287],[74.34098,31.63003],[74.3425,31.63009],[74.34356,31.63082],[74.34211,31.62772],[74.33516,31.62552],[74.33539,31.62336],[74.33645,31.623],[74.33603,31.62246],[74.33497,31.62282],[74.33477,31.62191],[74.33287,31.6219],[74.33329,31.62245],[74.33434,31.62227],[74.33476,31.62299],[74.33434,31.62317]],[[74.33285,31.62461],[74.33201,31.6246],[74.33243,31.62388],[74.33285,31.62461]]],[[[74.31657,31.62976],[74.31513,31.62811],[74.31512,31.62681],[74.31462,31.62568],[74.31505,31.62405],[74.31368,31.62218],[74.31409,31.62343],[74.31303,31.62378],[74.31239,31.6254],[74.31133,31.6263],[74.31301,31.62721],[74.31407,31.62613],[74.3147,31.62632],[74.31511,31.6274],[74.31469,31.62758],[74.31469,31.6283],[74.31594,31.62939],[74.3153,31.63083],[74.31615,31.63011],[74.31699,31.63012],[74.31699,31.63048],[74.31783,31.63023],[74.31657,31.62976]]],[[[74.34777,31.63172],[74.34503,31.63207],[74.34442,31.63153],[74.34515,31.63233],[74.34493,31.6346],[74.34522,31.63424],[74.34797,31.63407],[74.3484,31.63299],[74.34777,31.63172]]],[[[74.35068,31.63751],[74.35091,31.63589],[74.35006,31.6357],[74.35028,31.63498],[74.34901,31.63498],[74.3488,31.6357],[74.34669,31.63587],[74.34605,31.63641],[74.34481,31.63568],[74.34427,31.6379],[74.34456,31.63802],[74.34478,31.63712],[74.34752,31.63696],[74.35068,31.63751]]],[[[74.32769,31.6383],[74.32811,31.63848],[74.32812,31.63758],[74.32875,31.6374],[74.32854,31.63668],[74.32769,31.6383]]],[[[74.3212,31.63213],[74.32077,31.63285],[74.3214,31.63285],[74.32268,31.63123],[74.32331,31.63178],[74.32309,31.63232],[74.32371,31.63376],[74.32455,31.63467],[74.32498,31.63413],[74.32666,31.63414],[74.32792,31.63577],[74.32918,31.6356],[74.33087,31.63615],[74.33233,31.6385],[74.33654,31.63906],[74.33696,31.63961],[74.33653,31.64087],[74.33716,31.64159],[74.33652,31.64231],[74.33799,31.64268],[74.33842,31.64232],[74.3384,31.64413],[74.33946,31.64467],[74.33923,31.64612],[74.33796,31.64683],[74.33858,31.64918],[74.339,31.64936],[74.33943,31.64864],[74.34027,31.64901],[74.33944,31.64702],[74.3407,31.64721],[74.34091,31.64775],[74.34154,31.64757],[74.34154,31.64811],[74.34406,31.65011],[74.34384,31.65065],[74.34522,31.653],[74.34511,31.65105],[74.34451,31.65002],[74.34525,31.64835],[74.34468,31.64452],[74.34275,31.64093],[74.34222,31.64162],[74.34201,31.64097],[74.3408,31.64023],[74.34203,31.64036],[74.34102,31.63942],[74.34056,31.63801],[74.33951,31.63726],[74.3395,31.63782],[74.33824,31.63781],[74.33635,31.63708],[74.33698,31.6369],[74.33698,31.63654],[74.33782,31.63672],[74.33824,31.63745],[74.33889,31.63709],[74.33724,31.63642],[74.3351,31.63455],[74.33489,31.63382],[74.33532,31.63328],[74.33574,31.63368],[74.33597,31.63269],[74.33596,31.63179],[74.33533,31.6322],[74.33533,31.63112],[74.33576,31.63094],[74.33588,31.6313],[74.33586,31.63097],[74.33397,31.62914],[74.33218,31.62912],[74.3324,31.6284],[74.33323,31.62833],[74.32962,31.62685],[74.32752,31.6271],[74.32638,31.62639],[74.32563,31.62662],[74.32361,31.62544],[74.32252,31.62405],[74.32293,31.62582],[74.32229,31.62618],[74.32249,31.62798],[74.32164,31.6287],[74.32101,31.62852],[74.32123,31.6278],[74.32081,31.62761],[74.32017,31.62833],[74.31933,31.62797],[74.31785,31.62832],[74.31659,31.62741],[74.31786,31.62706],[74.31764,31.62742],[74.31933,31.62761],[74.31975,31.62725],[74.31934,31.6267],[74.3166,31.62579],[74.31619,31.6247],[74.31588,31.62616],[74.31619,31.62744],[74.31742,31.62872],[74.31901,31.62874],[74.31812,31.63012],[74.31889,31.63031],[74.31804,31.63121],[74.3212,31.63213]],[[74.3326,31.63056],[74.33197,31.6302],[74.33197,31.62912],[74.3326,31.63056]],[[74.31952,31.63103],[74.31846,31.63103],[74.31846,31.63085],[74.31952,31.63103]],[[74.33386,31.63057],[74.33323,31.63039],[74.33323,31.6302],[74.33386,31.63057]],[[74.32068,31.6296],[74.32186,31.63002],[74.32171,31.63058],[74.32071,31.63034],[74.32068,31.6296]],[[74.32923,31.6291],[74.32986,31.6291],[74.32965,31.62964],[74.32881,31.62946],[74.32923,31.6291]],[[74.32564,31.63053],[74.32458,31.63052],[74.32458,31.63016],[74.32606,31.63017],[74.32564,31.63053]],[[74.33322,31.63111],[74.33385,31.63201],[74.33343,31.63201],[74.3328,31.63147],[74.33322,31.63111]],[[74.33447,31.634],[74.33404,31.63454],[74.33384,31.63364],[74.33447,31.634]],[[74.3353,31.63527],[74.33551,31.63599],[74.33656,31.63654],[74.33572,31.63653],[74.33509,31.63563],[74.33446,31.63581],[74.3353,31.63527]],[[74.33677,31.63672],[74.33656,31.63672],[74.33656,31.63654],[74.33677,31.63672]],[[74.33727,31.6386],[74.33789,31.63817],[74.33815,31.63844],[74.33708,31.63924],[74.33622,31.63844],[74.33474,31.63849],[74.33405,31.63788],[74.33461,31.63743],[74.33502,31.63794],[74.33727,31.6386]],[[74.34026,31.63997],[74.33946,31.63927],[74.33762,31.63952],[74.3388,31.63871],[74.34044,31.63937],[74.34026,31.63997]],[[74.33821,31.64124],[74.33843,31.64088],[74.34033,31.64089],[74.34011,31.64161],[74.33969,31.64125],[74.33968,31.64233],[74.33821,31.64124]],[[74.33904,31.64305],[74.33926,31.64251],[74.33968,31.64269],[74.33947,31.64323],[74.33904,31.64305]],[[74.34052,31.64323],[74.34094,31.64324],[74.34073,31.64396],[74.34115,31.64378],[74.34115,31.64432],[74.3403,31.64414],[74.34052,31.64323]],[[74.34261,31.64613],[74.34219,31.64613],[74.3424,31.64577],[74.34156,31.64595],[74.34114,31.64504],[74.34198,31.64505],[74.34241,31.64415],[74.34283,31.64487],[74.34219,31.64523],[74.34304,31.64523],[74.34261,31.64613]],[[74.34389,31.64452],[74.34346,31.64469],[74.34326,31.64343],[74.3441,31.64379],[74.34368,31.64415],[74.34389,31.64452]],[[74.34491,31.64867],[74.34365,31.6483],[74.34429,31.64758],[74.34492,31.64759],[74.34491,31.64867]],[[74.34449,31.64921],[74.34385,31.64939],[74.34385,31.64903],[74.3447,31.64903],[74.34448,31.64957],[74.34449,31.64921]]],[[[74.32873,31.63974],[74.32937,31.63957],[74.32853,31.63884],[74.32811,31.63902],[74.32873,31.63974]]],[[[74.34856,31.64003],[74.34624,31.64002],[74.34468,31.63911],[74.34511,31.64158],[74.34559,31.64146],[74.34622,31.64218],[74.34686,31.64218],[74.34856,31.64003]]],[[[74.34896,31.64757],[74.34993,31.64741],[74.35095,31.64641],[74.34966,31.64581],[74.34896,31.64757]]],[[[74.37953,31.65877],[74.38268,31.65903],[74.3827,31.65817],[74.38184,31.65752],[74.38028,31.65733],[74.37592,31.65822],[74.37504,31.65941],[74.37567,31.66],[74.37793,31.65991],[74.37953,31.65877]]],[[[74.39019,31.65936],[74.38704,31.6579],[74.38401,31.65812],[74.38543,31.65968],[74.38742,31.65916],[74.39019,31.65936]]],[[[74.39398,31.66046],[74.39377,31.66118],[74.3944,31.66119],[74.3942,31.66046],[74.39525,31.66011],[74.39526,31.65902],[74.39336,31.65902],[74.39125,31.65991],[74.3925,31.66136],[74.39398,31.66046]]],[[[74.38866,31.66116],[74.3904,31.66187],[74.39153,31.66179],[74.39137,31.66044],[74.39018,31.66041],[74.38866,31.66116]]],[[[74.33979,31.6716],[74.3392,31.6702],[74.33911,31.66766],[74.34049,31.66428],[74.34073,31.66179],[74.34067,31.6611],[74.34039,31.66146],[74.33976,31.66146],[74.33976,31.6611],[74.34019,31.66056],[74.34073,31.66092],[74.34205,31.65708],[74.34274,31.65624],[74.34233,31.65624],[74.34255,31.65497],[74.34339,31.65498],[74.34446,31.65354],[74.34446,31.65264],[74.34383,31.65245],[74.34363,31.65119],[74.34279,31.65083],[74.34215,31.65118],[74.34069,31.64973],[74.33942,31.64991],[74.33771,31.65224],[74.33644,31.65296],[74.33665,31.6535],[74.33834,31.65333],[74.33814,31.65206],[74.3392,31.65135],[74.34003,31.65262],[74.34002,31.65388],[74.34065,31.65442],[74.34001,31.6555],[74.34043,31.65623],[74.33937,31.65676],[74.34021,31.65785],[74.33893,31.65893],[74.33956,31.65911],[74.34041,31.65839],[74.34041,31.65929],[74.34104,31.65966],[74.33956,31.66001],[74.33912,31.66199],[74.33849,31.66235],[74.33868,31.66488],[74.33911,31.66434],[74.33952,31.66488],[74.3391,31.66506],[74.33887,31.66795],[74.33823,31.66812],[74.33885,31.67047],[74.33969,31.67138],[74.33947,31.67264],[74.34031,31.67319],[74.34009,31.67391],[74.34044,31.67409],[74.34032,31.67297],[74.33979,31.6716]],[[74.33974,31.66362],[74.33953,31.66416],[74.33911,31.66398],[74.33911,31.66362],[74.33974,31.66362]],[[74.33996,31.66272],[74.33954,31.66272],[74.33954,31.662],[74.34018,31.662],[74.33996,31.66272]]],[[[74.35428,31.66622],[74.35554,31.66677],[74.35513,31.66532],[74.35387,31.6655],[74.35408,31.6646],[74.35535,31.66406],[74.35515,31.66316],[74.35304,31.66261],[74.35389,31.66207],[74.35473,31.66225],[74.35516,31.66063],[74.3558,31.66027],[74.35602,31.65865],[74.35561,31.65793],[74.35625,31.65685],[74.3554,31.65739],[74.35477,31.6563],[74.35647,31.65559],[74.35647,31.65432],[74.35542,31.65432],[74.35353,31.65268],[74.35333,31.65142],[74.35375,31.65106],[74.35376,31.64998],[74.35209,31.64799],[74.35252,31.64636],[74.35147,31.64564],[74.35169,31.64687],[74.35113,31.64822],[74.34754,31.65379],[74.34753,31.655],[74.34782,31.65548],[74.34762,31.65374],[74.34826,31.65302],[74.34889,31.65302],[74.34888,31.65447],[74.34951,31.65465],[74.34971,31.65664],[74.34844,31.65699],[74.34845,31.65609],[74.34783,31.65572],[74.34601,31.6586],[74.34716,31.65897],[74.34592,31.65878],[74.34591,31.65924],[74.34747,31.66103],[74.34621,31.66375],[74.34775,31.66565],[74.34732,31.66637],[74.34682,31.66564],[74.34682,31.66701],[74.34794,31.66924],[74.34707,31.67142],[74.34958,31.6745],[74.35001,31.67414],[74.35106,31.67433],[74.35126,31.67595],[74.35042,31.67504],[74.35043,31.67432],[74.35,31.67468],[74.35063,31.67631],[74.34992,31.67799],[74.35341,31.68065],[74.35365,31.67977],[74.35208,31.67884],[74.3523,31.67758],[74.35146,31.67721],[74.35147,31.67649],[74.35231,31.6765],[74.35356,31.67867],[74.35378,31.67813],[74.35441,31.67813],[74.35441,31.67885],[74.35609,31.67886],[74.35757,31.67869],[74.35821,31.67815],[74.35841,31.679],[74.35865,31.67828],[74.35814,31.67654],[74.35855,31.67601],[74.359,31.67382],[74.35844,31.67527],[74.35675,31.6749],[74.35485,31.67597],[74.35505,31.67669],[74.35442,31.67615],[74.35379,31.67669],[74.35423,31.6738],[74.35339,31.67344],[74.35275,31.67397],[74.35212,31.67379],[74.3511,31.66945],[74.35004,31.66945],[74.35047,31.66765],[74.3509,31.66747],[74.35048,31.66674],[74.3507,31.66494],[74.35113,31.66512],[74.35134,31.66422],[74.35198,31.66423],[74.35197,31.66549],[74.35302,31.66604],[74.3528,31.66712],[74.35343,31.6673],[74.35343,31.66676],[74.35428,31.66622]],[[74.35344,31.66658],[74.35302,31.6664],[74.35302,31.66622],[74.35344,31.66658]],[[74.35696,31.67634],[74.35738,31.67616],[74.35737,31.67724],[74.35695,31.67742],[74.35696,31.67634]],[[74.35124,31.6783],[74.35104,31.67739],[74.35167,31.67776],[74.35124,31.6783]],[[74.34959,31.67342],[74.34917,31.67287],[74.3498,31.67324],[74.35001,31.67396],[74.34959,31.67396],[74.34959,31.67342]],[[74.35128,31.67361],[74.35107,31.6736],[74.35065,31.6727],[74.35128,31.67288],[74.35128,31.67361]],[[74.34815,31.668],[74.349,31.66746],[74.3492,31.66836],[74.34836,31.66854],[74.34815,31.668]],[[74.349,31.6671],[74.34943,31.66674],[74.35006,31.66692],[74.349,31.6671]],[[74.34943,31.6662],[74.34816,31.66619],[74.34838,31.66511],[74.34965,31.66512],[74.34943,31.6662]],[[74.34902,31.66403],[74.3486,31.66421],[74.34777,31.66222],[74.34819,31.66204],[74.3484,31.66276],[74.34903,31.66259],[74.34902,31.66403]],[[74.35367,31.66333],[74.35472,31.66352],[74.35451,31.66406],[74.35388,31.66405],[74.35367,31.66333]],[[74.35072,31.66259],[74.35135,31.66296],[74.35114,31.66332],[74.3505,31.66332],[74.35072,31.66259]],[[74.35115,31.66224],[74.35031,31.66133],[74.35115,31.66115],[74.35178,31.66188],[74.35115,31.66224]],[[74.35265,31.65809],[74.35392,31.65792],[74.35539,31.65865],[74.35517,31.65955],[74.3556,31.65937],[74.35559,31.65973],[74.35348,31.6608],[74.35305,31.66152],[74.35199,31.66152],[74.35158,31.66061],[74.35264,31.65972],[74.35265,31.65809]],[[74.35183,31.65484],[74.35267,31.65467],[74.3533,31.65521],[74.35182,31.65592],[74.35162,31.65484],[74.35099,31.65448],[74.35141,31.65412],[74.35183,31.65484]],[[74.35268,31.65358],[74.35331,31.65359],[74.35332,31.65304],[74.35374,31.65377],[74.355,31.65414],[74.35478,31.65486],[74.35394,31.65539],[74.35331,31.65449],[74.35268,31.65448],[74.35268,31.65358]],[[74.3506,31.64996],[74.35102,31.64978],[74.35101,31.65087],[74.3506,31.64996]]],[[[74.36337,31.6641],[74.36464,31.66393],[74.36442,31.66465],[74.36526,31.66465],[74.36443,31.66339],[74.36337,31.66338],[74.36337,31.6641]]],[[[74.3463,31.66077],[74.34629,31.66239],[74.34523,31.66401],[74.34522,31.66437],[74.34586,31.66419],[74.34607,31.66456],[74.34605,31.66708],[74.34478,31.66744],[74.34423,31.66707],[74.34451,31.66731],[74.34506,31.66759],[74.34616,31.66737],[74.34629,31.66475],[74.34599,31.66348],[74.34685,31.66119],[74.3463,31.66077]]],[[[74.3932,31.66335],[74.39501,31.66527],[74.3948,31.6648],[74.39523,31.66426],[74.39439,31.66335],[74.3932,31.66335]]],[[[74.33677,31.66595],[74.33614,31.66577],[74.33635,31.66649],[74.33741,31.66559],[74.33678,31.66523],[74.33677,31.66595]]],[[[74.39266,31.66533],[74.39099,31.66604],[74.39162,31.66659],[74.39226,31.66587],[74.3931,31.66677],[74.3933,31.66786],[74.39414,31.6684],[74.39393,31.66894],[74.39456,31.66877],[74.39519,31.66985],[74.3952,31.668],[74.39266,31.66533]]],[[[74.35174,31.66837],[74.35237,31.66856],[74.35258,31.66802],[74.35196,31.66693],[74.35153,31.66729],[74.35174,31.66837]]],[[[74.36539,31.66864],[74.36549,31.66968],[74.36639,31.66886],[74.36695,31.66745],[74.36539,31.66864]]],[[[74.34652,31.66771],[74.34533,31.66803],[74.34552,31.6687],[74.34604,31.66835],[74.34603,31.66907],[74.34646,31.66871],[74.34688,31.66925],[74.34687,31.66979],[74.3459,31.66961],[74.34652,31.67021],[74.34709,31.66965],[74.34713,31.66855],[74.34652,31.66771]]],[[[74.36453,31.66876],[74.36513,31.66764],[74.3636,31.6689],[74.36348,31.67039],[74.3646,31.66956],[74.36453,31.66876]]],[[[74.35574,31.66966],[74.3551,31.67002],[74.35616,31.67002],[74.35574,31.66858],[74.35511,31.66875],[74.35574,31.66912],[74.35574,31.66966]]],[[[74.34287,31.66869],[74.34259,31.66824],[74.34194,31.66869],[74.34205,31.67072],[74.34287,31.66869]]],[[[74.38762,31.66621],[74.38717,31.66963],[74.38886,31.66964],[74.39307,31.67092],[74.39245,31.67002],[74.39329,31.6693],[74.39287,31.66894],[74.39288,31.66767],[74.39099,31.6673],[74.39078,31.6664],[74.39015,31.66622],[74.39036,31.66586],[74.3881,31.66473],[74.38801,31.66404],[74.38742,31.66422],[74.38721,31.66332],[74.38616,31.66313],[74.38616,31.66277],[74.38532,31.66313],[74.38532,31.66259],[74.38405,31.6633],[74.383,31.6633],[74.38216,31.66221],[74.38258,31.66257],[74.38469,31.66222],[74.38321,31.66185],[74.38068,31.66192],[74.38173,31.66257],[74.37941,31.66256],[74.37835,31.66327],[74.37793,31.66327],[74.37815,31.66273],[74.3773,31.66255],[74.37772,31.66309],[74.37751,31.66381],[74.37709,31.66363],[74.37645,31.66453],[74.37528,31.66407],[74.37449,31.66471],[74.37433,31.66673],[74.37205,31.66641],[74.3692,31.66918],[74.37008,31.66937],[74.36966,31.66973],[74.37008,31.67045],[74.3724,31.67064],[74.37261,31.67028],[74.37324,31.67083],[74.37725,31.67085],[74.37745,31.67211],[74.3726,31.67227],[74.36923,31.67153],[74.36901,31.67261],[74.36774,31.67315],[74.36775,31.67206],[74.3688,31.67153],[74.36818,31.67059],[74.36668,31.67386],[74.36667,31.67549],[74.36498,31.67552],[74.36427,31.6777],[74.36475,31.678],[74.36581,31.67729],[74.36623,31.67747],[74.36623,31.67711],[74.3675,31.67712],[74.36813,31.67766],[74.36876,31.67748],[74.36898,31.67676],[74.37173,31.67605],[74.37257,31.67678],[74.37404,31.67697],[74.3768,31.67518],[74.37786,31.67338],[74.3783,31.67139],[74.38105,31.67014],[74.38191,31.66852],[74.38423,31.66799],[74.3855,31.66674],[74.38551,31.6662],[74.38656,31.66602],[74.38615,31.66476],[74.38763,31.66476],[74.38699,31.66566],[74.38762,31.66621]],[[74.37681,31.67355],[74.37723,31.67319],[74.37744,31.67355],[74.37702,31.67391],[74.37681,31.67355]],[[74.38614,31.66566],[74.38615,31.66548],[74.38636,31.66548],[74.38614,31.66566]],[[74.37639,31.67355],[74.37638,31.67391],[74.37617,31.67445],[74.3749,31.67463],[74.37512,31.6739],[74.37385,31.6739],[74.37364,31.67354],[74.37639,31.67355]],[[74.3728,31.67371],[74.37217,31.67299],[74.37428,31.67246],[74.37428,31.673],[74.3728,31.67371]],[[74.37048,31.67262],[74.37133,31.67244],[74.37132,31.67443],[74.37026,31.6746],[74.37048,31.67262]],[[74.36773,31.67441],[74.36731,31.67441],[74.36816,31.67369],[74.36773,31.67441]],[[74.37258,31.67461],[74.37322,31.67444],[74.373,31.67534],[74.37258,31.67534],[74.37258,31.67461]],[[74.37494,31.66867],[74.37714,31.66877],[74.37694,31.67045],[74.37549,31.66987],[74.37494,31.66867]],[[74.38192,31.66582],[74.38086,31.66671],[74.38107,31.66708],[74.38044,31.66725],[74.38002,31.66599],[74.38172,31.66528],[74.38192,31.66582]]],[[[74.36218,31.66908],[74.36101,31.66896],[74.35889,31.67058],[74.35826,31.67021],[74.35785,31.66895],[74.357,31.66948],[74.35762,31.67111],[74.35868,31.67166],[74.35931,31.67148],[74.35925,31.6707],[74.35992,31.66987],[74.36038,31.67021],[74.36109,31.66978],[74.36134,31.67049],[74.36219,31.66982],[74.36218,31.66908]]],[[[74.3534,31.67109],[74.35489,31.67056],[74.35405,31.66983],[74.35341,31.67001],[74.3534,31.67109]]],[[[74.34258,31.67055],[74.34249,31.67103],[74.34307,31.67086],[74.34285,31.67158],[74.34214,31.67127],[74.34246,31.67226],[74.34358,31.67191],[74.34349,31.67014],[74.34258,31.67055]]],[[[74.36252,31.67275],[74.36344,31.67219],[74.36304,31.67159],[74.36207,31.67216],[74.36252,31.67275]]],[[[74.34756,31.67662],[74.34769,31.6759],[74.34694,31.67468],[74.34654,31.67512],[74.34671,31.67595],[74.34756,31.67662]]],[[[74.34051,31.67422],[74.3403,31.67427],[74.3405,31.67572],[74.34134,31.67698],[74.3407,31.67752],[74.33944,31.67661],[74.33964,31.67752],[74.34069,31.67824],[74.34175,31.67789],[74.34238,31.67825],[74.3426,31.67753],[74.34051,31.67422]]],[[[74.34792,31.67771],[74.34914,31.67816],[74.34914,31.67668],[74.34807,31.67638],[74.34792,31.67771]]],[[[74.35088,31.68062],[74.35176,31.68051],[74.35165,31.67985],[74.35065,31.67919],[74.35031,31.67936],[74.35088,31.68062]]],[[[74.36362,31.67847],[74.36162,31.67989],[74.36077,31.68137],[74.36329,31.67998],[74.36393,31.67872],[74.36362,31.67847]]],[[[74.34511,31.68025],[74.34512,31.67873],[74.34302,31.67738],[74.34301,31.6788],[74.34196,31.67843],[74.34153,31.67897],[74.34174,31.67951],[74.34301,31.67952],[74.343,31.67988],[74.34364,31.67988],[74.34343,31.67952],[74.34385,31.67934],[74.34406,31.68006],[74.3449,31.68025],[74.34489,31.68115],[74.34595,31.6817],[74.34552,31.6826],[74.34755,31.68315],[74.34511,31.68025]]],[[[74.34279,31.68024],[74.34174,31.67969],[74.34173,31.68168],[74.34214,31.68204],[74.34363,31.68133],[74.34279,31.68024]]],[[[74.33624,31.68165],[74.33603,31.68129],[74.33646,31.68093],[74.33477,31.68092],[74.33498,31.68128],[74.33561,31.6811],[74.33624,31.68165]]],[[[74.3565,31.6841],[74.35999,31.68209],[74.35873,31.68265],[74.35223,31.683],[74.35135,31.68338],[74.35215,31.68411],[74.35134,31.68463],[74.35204,31.685],[74.35289,31.68462],[74.35267,31.68516],[74.35372,31.68531],[74.35395,31.68481],[74.3531,31.68462],[74.35289,31.6839],[74.3565,31.6841]]],[[[74.34945,31.68601],[74.35025,31.68582],[74.34908,31.68507],[74.34839,31.68508],[74.34945,31.68601]]],[[[74.35418,31.68481],[74.35396,31.68595],[74.35432,31.68659],[74.35584,31.68496],[74.355,31.68452],[74.35418,31.68481]]],[[[74.36874,31.68037],[74.37045,31.67839],[74.37067,31.67695],[74.36961,31.67731],[74.3677,31.67928],[74.36558,31.68017],[74.36558,31.68089],[74.36431,31.68125],[74.36325,31.68088],[74.36325,31.68142],[74.36262,31.68178],[74.36282,31.68305],[74.36177,31.6825],[74.3622,31.68094],[74.35985,31.68327],[74.35805,31.68338],[74.35838,31.68357],[74.35817,31.68429],[74.35754,31.68392],[74.3578,31.68349],[74.35728,31.6841],[74.359,31.68519],[74.359,31.68646],[74.35773,31.68663],[74.35752,31.68573],[74.35638,31.68607],[74.35633,31.68545],[74.35561,31.68752],[74.35506,31.68698],[74.34915,31.6862],[74.34817,31.68572],[74.34774,31.68405],[74.34678,31.68351],[74.34635,31.68387],[74.34719,31.68423],[74.34739,31.68604],[74.34866,31.6864],[74.34885,31.68821],[74.3499,31.68912],[74.35053,31.6893],[74.35075,31.68894],[74.35075,31.6893],[74.3518,31.68931],[74.35306,31.69022],[74.35454,31.69022],[74.35622,31.69095],[74.35981,31.69079],[74.36086,31.6917],[74.36064,31.6926],[74.36169,31.69333],[74.36148,31.69405],[74.36253,31.69423],[74.36295,31.69387],[74.36316,31.69442],[74.36485,31.69479],[74.36528,31.69316],[74.36464,31.69406],[74.36359,31.69406],[74.36275,31.69315],[74.36255,31.69207],[74.36254,31.69279],[74.36128,31.69242],[74.36213,31.6917],[74.36066,31.69043],[74.36362,31.68973],[74.36383,31.68937],[74.36341,31.689],[74.36405,31.68865],[74.36468,31.68901],[74.36446,31.68955],[74.36509,31.68955],[74.36574,31.68847],[74.36637,31.68866],[74.36616,31.68812],[74.36701,31.68704],[74.36575,31.68685],[74.36553,31.68793],[74.36511,31.68739],[74.36489,31.68829],[74.36426,31.68829],[74.36405,31.68792],[74.3649,31.68703],[74.36406,31.68648],[74.36407,31.68558],[74.36259,31.68593],[74.36217,31.68557],[74.36153,31.68611],[74.36048,31.68574],[74.36048,31.6852],[74.36112,31.6843],[74.36175,31.68467],[74.36197,31.68412],[74.36345,31.68377],[74.36365,31.68413],[74.36576,31.68432],[74.36576,31.68541],[74.36723,31.68632],[74.36807,31.68632],[74.36766,31.68488],[74.36809,31.68397],[74.3664,31.68415],[74.36619,31.68306],[74.36746,31.68289],[74.36726,31.68217],[74.36832,31.68109],[74.36958,31.6811],[74.36874,31.68037]],[[74.3662,31.68198],[74.36621,31.68054],[74.36769,31.68],[74.36811,31.68091],[74.36705,31.68144],[74.36704,31.68217],[74.3662,31.68198]],[[74.36409,31.68233],[74.36557,31.68234],[74.36556,31.68252],[74.3643,31.68287],[74.36409,31.68233]],[[74.35603,31.68825],[74.35689,31.68645],[74.35815,31.68717],[74.35751,31.68825],[74.35603,31.68825]],[[74.35181,31.68786],[74.35097,31.68786],[74.35139,31.68732],[74.35181,31.68786]],[[74.34928,31.68821],[74.34928,31.68731],[74.3497,31.68767],[74.34928,31.68821]],[[74.36151,31.68845],[74.3613,31.68863],[74.3613,31.68827],[74.36215,31.68828],[74.36215,31.68864],[74.36151,31.68845]],[[74.35814,31.68844],[74.3594,31.68898],[74.35919,31.68934],[74.35813,31.68916],[74.35814,31.68844]],[[74.35962,31.6879],[74.3592,31.68754],[74.35984,31.687],[74.36046,31.68773],[74.35962,31.6879]]],[[[74.3581,31.69439],[74.35768,31.69313],[74.35726,31.69312],[74.35747,31.69421],[74.3581,31.69439]]],[[[74.34876,31.70235],[74.34917,31.70283],[74.34939,31.70175],[74.34876,31.70138],[74.34876,31.70235]]]]}}
]
}
