{
"type": "FeatureCollection",
"name": "outline",
"crs": { "type": "name", "properties": { "name": "urn:ogc:def:crs:OGC:1.3:CRS84" } },
"xy_coordinate_resolution": 1e-05,
"features": [
{"type":"Feature","properties":{},"geometry":{"type":"MultiPolygon","coordinates":[[[[32.18321,-23.94233],[32.18223,-23.94233],[32.18233,-23.9417],[32.18321,-23.94233]]],[[[32.18264,-23.93898],[32.18264,-23.9388],[32.18314,-23.93889],[32.18313,-23.93953],[32.18264,-23.93898]]],[[[32.20255,-23.93773],[32.20236,-23.93637],[32.20305,-23.93664],[32.20314,-23.93746],[32.20255,-23.93773]]],[[[32.17046,-23.93366],[32.17076,-23.93357],[32.17095,-23.93421],[32.17036,-23.93412],[32.17046,-23.93366]]],[[[32.18183,-23.92739],[32.18163,-23.92793],[32.18114,-23.92793],[32.18183,-23.92739]]],[[[32.1778,-23.92537],[32.17791,-23.92483],[32.1782,-23.92492],[32.17829,-23.92556],[32.1778,-23.92537]]],[[[32.17831,-23.92375],[32.1785,-23.92411],[32.17771,-23.92429],[32.17831,-23.92375]]],[[[32.1723,-23.92263],[32.17142,-23.92271],[32.17152,-23.92235],[32.1723,-23.92263]]],[[[32.20531,-23.92135],[32.20482,-23.92171],[32.20511,-23.92208],[32.2061,-23.92136],[32.20679,-23.92172],[32.20658,-23.92308],[32.20728,-23.92209],[32.20777,-23.92254],[32.20895,-23.92228],[32.20944,-23.92282],[32.20845,-23.92327],[32.20826,-23.92282],[32.20747,-23.92281],[32.20658,-23.92344],[32.2056,-23.92316],[32.2053,-23.92353],[32.20422,-23.92343],[32.20432,-23.92298],[32.20422,-23.92298],[32.20362,-23.92352],[32.19988,-23.92377],[32.19978,-23.92341],[32.19939,-23.92359],[32.1992,-23.92268],[32.1986,-23.92385],[32.19702,-23.92357],[32.19753,-23.92122],[32.19871,-23.9215],[32.19881,-23.92195],[32.20068,-23.92133],[32.20127,-23.92215],[32.20216,-23.92206],[32.20216,-23.92143],[32.20304,-23.92179],[32.20324,-23.92134],[32.20452,-23.92262],[32.20491,-23.92216],[32.20443,-23.92108],[32.20531,-23.92135]],[[32.20225,-23.92215],[32.20225,-23.92206],[32.20216,-23.92206],[32.20225,-23.92215]],[[32.19831,-23.92249],[32.1989,-23.92268],[32.1991,-23.92223],[32.19871,-23.92195],[32.19831,-23.92249]],[[32.19792,-23.92177],[32.19772,-23.92285],[32.19801,-23.92294],[32.19792,-23.92213],[32.19841,-23.92168],[32.19792,-23.92177]],[[32.2054,-23.92262],[32.2059,-23.92226],[32.2057,-23.92217],[32.20491,-23.92235],[32.2054,-23.92262]],[[32.20609,-23.92226],[32.20609,-23.92217],[32.206,-23.92217],[32.20609,-23.92226]],[[32.20639,-23.9219],[32.2061,-23.92181],[32.20609,-23.92217],[32.20639,-23.9219]],[[32.1992,-23.92223],[32.19959,-23.92241],[32.19959,-23.92214],[32.1992,-23.92223]],[[32.20048,-23.92205],[32.20028,-23.92205],[32.20028,-23.92223],[32.20048,-23.92205]]],[[[32.18718,-23.92225],[32.18698,-23.92298],[32.1853,-23.92315],[32.18492,-23.92206],[32.186,-23.92134],[32.18649,-23.92225],[32.18718,-23.92225]]],[[[32.20857,-23.92037],[32.20926,-23.92038],[32.20926,-23.92074],[32.20847,-23.92073],[32.20857,-23.92037]]],[[[32.19574,-23.87603],[32.19525,-23.87566],[32.1924,-23.87565],[32.19201,-23.8751],[32.19082,-23.87555],[32.19102,-23.8751],[32.19033,-23.87482],[32.18699,-23.8748],[32.1858,-23.87516],[32.18619,-23.87525],[32.18589,-23.87607],[32.18511,-23.87597],[32.18541,-23.87498],[32.18423,-23.87497],[32.18363,-23.8756],[32.18176,-23.8755],[32.18225,-23.87587],[32.18196,-23.87614],[32.17851,-23.8763],[32.17852,-23.87495],[32.18107,-23.87541],[32.1853,-23.87411],[32.18679,-23.8742],[32.18718,-23.87462],[32.18728,-23.87424],[32.19027,-23.87347],[32.19361,-23.87378],[32.19702,-23.87296],[32.21377,-23.8739],[32.21652,-23.87454],[32.21882,-23.8758],[32.22059,-23.87526],[32.22293,-23.87553],[32.22292,-23.8758],[32.22361,-23.87548],[32.22252,-23.87752],[32.22213,-23.8768],[32.22134,-23.87715],[32.22105,-23.87652],[32.22084,-23.87724],[32.21966,-23.87697],[32.21946,-23.87778],[32.21868,-23.87723],[32.21798,-23.87786],[32.21838,-23.87832],[32.21916,-23.87814],[32.21916,-23.8795],[32.21965,-23.8795],[32.21876,-23.88013],[32.21945,-23.87995],[32.22014,-23.8805],[32.21905,-23.88049],[32.21865,-23.88104],[32.2218,-23.88178],[32.2221,-23.88141],[32.22171,-23.88096],[32.22102,-23.88123],[32.22063,-23.88077],[32.22093,-23.88005],[32.22024,-23.87978],[32.22044,-23.87932],[32.22005,-23.87905],[32.22074,-23.87869],[32.22133,-23.87869],[32.22074,-23.8777],[32.22133,-23.87806],[32.22183,-23.87761],[32.22251,-23.87779],[32.2232,-23.87879],[32.2229,-23.87961],[32.22348,-23.88024],[32.22349,-23.87898],[32.22398,-23.87952],[32.22448,-23.87916],[32.22447,-23.87989],[32.22496,-23.87989],[32.22497,-23.87844],[32.22566,-23.87881],[32.22536,-23.87998],[32.22624,-23.88026],[32.22724,-23.87764],[32.22626,-23.87682],[32.22567,-23.87745],[32.22596,-23.87781],[32.22517,-23.87835],[32.22528,-23.87681],[32.22439,-23.87717],[32.22391,-23.87572],[32.22401,-23.87551],[32.22735,-23.87583],[32.22734,-23.87719],[32.22862,-23.87728],[32.22764,-23.87782],[32.22803,-23.87818],[32.22724,-23.87881],[32.22733,-23.87927],[32.23107,-23.88028],[32.23116,-23.88128],[32.23037,-23.88182],[32.23056,-23.88272],[32.23115,-23.88255],[32.23086,-23.88164],[32.23155,-23.88173],[32.23165,-23.88128],[32.23264,-23.88101],[32.23205,-23.88083],[32.23225,-23.88047],[32.23323,-23.88038],[32.23303,-23.88138],[32.23391,-23.88202],[32.23243,-23.88219],[32.23312,-23.88283],[32.23224,-23.88255],[32.23213,-23.88328],[32.23134,-23.88354],[32.23124,-23.88409],[32.23321,-23.88392],[32.2339,-23.88428],[32.23399,-23.88482],[32.2337,-23.88446],[32.23232,-23.88464],[32.23261,-23.88581],[32.23428,-23.886],[32.23467,-23.887],[32.23566,-23.8871],[32.23556,-23.88601],[32.23458,-23.88564],[32.23488,-23.88519],[32.23567,-23.8852],[32.23498,-23.88456],[32.23518,-23.88356],[32.23429,-23.88401],[32.2342,-23.88356],[32.2345,-23.88229],[32.23529,-23.88139],[32.23627,-23.88266],[32.23687,-23.88185],[32.23706,-23.8823],[32.23834,-23.88231],[32.23904,-23.88168],[32.23884,-23.88123],[32.24061,-23.8816],[32.23982,-23.88259],[32.24149,-23.88305],[32.24267,-23.88288],[32.24317,-23.88233],[32.24189,-23.88133],[32.2409,-23.88205],[32.24111,-23.88097],[32.24032,-23.88069],[32.24052,-23.88015],[32.23954,-23.88023],[32.23944,-23.87969],[32.23994,-23.87933],[32.23944,-23.87924],[32.23915,-23.87833],[32.23866,-23.87878],[32.23885,-23.87933],[32.23806,-23.87996],[32.23815,-23.88086],[32.23747,-23.8805],[32.23787,-23.87869],[32.23699,-23.8785],[32.23589,-23.88004],[32.23491,-23.88021],[32.235,-23.88103],[32.23392,-23.88039],[32.23442,-23.88003],[32.23422,-23.87948],[32.23254,-23.8802],[32.23324,-23.87966],[32.23314,-23.87903],[32.23423,-23.87867],[32.23384,-23.87785],[32.23443,-23.87776],[32.23463,-23.87659],[32.23464,-23.87586],[32.23385,-23.87568],[32.23376,-23.87513],[32.23267,-23.87531],[32.23277,-23.87486],[32.23366,-23.87469],[32.23597,-23.87503],[32.237,-23.87539],[32.237,-23.87642],[32.23808,-23.87606],[32.23956,-23.87683],[32.24151,-23.8797],[32.2419,-23.8797],[32.24191,-23.87903],[32.24357,-23.88016],[32.24367,-23.88071],[32.24418,-23.88029],[32.24599,-23.88307],[32.24543,-23.88253],[32.24494,-23.88298],[32.24602,-23.88314],[32.247,-23.88444],[32.24827,-23.8849],[32.24709,-23.88516],[32.24847,-23.88544],[32.24866,-23.88689],[32.24895,-23.88653],[32.25102,-23.88681],[32.25111,-23.88735],[32.2519,-23.88745],[32.25279,-23.88646],[32.25358,-23.88709],[32.25357,-23.88782],[32.25505,-23.88828],[32.25554,-23.88819],[32.25545,-23.88701],[32.25643,-23.88747],[32.25712,-23.88711],[32.25752,-23.88738],[32.25722,-23.88793],[32.2587,-23.88784],[32.25928,-23.88839],[32.26155,-23.88822],[32.26224,-23.88858],[32.26213,-23.88922],[32.26302,-23.88886],[32.26302,-23.88949],[32.26371,-23.89004],[32.26361,-23.88895],[32.2642,-23.88878],[32.2641,-23.88941],[32.26509,-23.88914],[32.26548,-23.88969],[32.26597,-23.88924],[32.26656,-23.89005],[32.26646,-23.89078],[32.26734,-23.89087],[32.26734,-23.89124],[32.26774,-23.89087],[32.26754,-23.89033],[32.26843,-23.89015],[32.26784,-23.89115],[32.26921,-23.89188],[32.26941,-23.89115],[32.2696,-23.8917],[32.2701,-23.89134],[32.26961,-23.89016],[32.26666,-23.88915],[32.26775,-23.88852],[32.26814,-23.88916],[32.26913,-23.88934],[32.26854,-23.88871],[32.26982,-23.88853],[32.26865,-23.88642],[32.27291,-23.89117],[32.27148,-23.89089],[32.27177,-23.89135],[32.27138,-23.89189],[32.27227,-23.89135],[32.27315,-23.89226],[32.27364,-23.89199],[32.27325,-23.89135],[32.27512,-23.8918],[32.27462,-23.89236],[32.27452,-23.89408],[32.27667,-23.8959],[32.27825,-23.89491],[32.27806,-23.89446],[32.27845,-23.89428],[32.27865,-23.89473],[32.27795,-23.89599],[32.27706,-23.89644],[32.27755,-23.89672],[32.27725,-23.89753],[32.27824,-23.89772],[32.27833,-23.8988],[32.27744,-23.89925],[32.27744,-23.8997],[32.27862,-23.8998],[32.27881,-23.90071],[32.27773,-23.90052],[32.27762,-23.9017],[32.27703,-23.90215],[32.27722,-23.90296],[32.27811,-23.90369],[32.27871,-23.90215],[32.27999,-23.90153],[32.2796,-23.90026],[32.27901,-23.90016],[32.27921,-23.89926],[32.27882,-23.8989],[32.27961,-23.89863],[32.2799,-23.89908],[32.2802,-23.89836],[32.28168,-23.89918],[32.28167,-23.9],[32.28256,-23.90027],[32.28275,-23.90118],[32.28186,-23.90172],[32.28066,-23.90452],[32.27987,-23.90506],[32.28006,-23.90606],[32.27937,-23.90605],[32.27976,-23.90687],[32.27897,-23.90705],[32.27985,-23.90823],[32.27975,-23.90877],[32.28044,-23.90868],[32.27965,-23.90949],[32.28014,-23.91022],[32.27836,-23.91048],[32.27836,-23.91085],[32.27905,-23.91076],[32.27885,-23.91121],[32.27727,-23.91175],[32.27795,-23.9141],[32.27844,-23.91438],[32.27874,-23.91375],[32.27786,-23.91293],[32.27825,-23.91248],[32.27933,-23.91321],[32.27923,-23.91375],[32.27814,-23.91492],[32.27834,-23.91537],[32.27755,-23.91555],[32.27716,-23.91473],[32.27647,-23.91464],[32.27557,-23.91735],[32.27636,-23.91736],[32.27764,-23.91619],[32.27765,-23.91564],[32.27843,-23.91546],[32.27883,-23.9161],[32.27685,-23.9179],[32.27773,-23.918],[32.27823,-23.91737],[32.27882,-23.91755],[32.27842,-23.91809],[32.27881,-23.91827],[32.27961,-23.91728],[32.2803,-23.91719],[32.2803,-23.91629],[32.28069,-23.91647],[32.28129,-23.91584],[32.28159,-23.91421],[32.28228,-23.91422],[32.28079,-23.91747],[32.28168,-23.91702],[32.28227,-23.91738],[32.28236,-23.91829],[32.28196,-23.91883],[32.28058,-23.91855],[32.28019,-23.91946],[32.2788,-23.92045],[32.2788,-23.92099],[32.27959,-23.92081],[32.27968,-23.92136],[32.2783,-23.92162],[32.2782,-23.92207],[32.27869,-23.92298],[32.28076,-23.92227],[32.28155,-23.92272],[32.28184,-23.92227],[32.28126,-23.92145],[32.28146,-23.92091],[32.28264,-23.92137],[32.28293,-23.92201],[32.28204,-23.92218],[32.28273,-23.92246],[32.28233,-23.92309],[32.28252,-23.924],[32.28056,-23.92371],[32.27996,-23.92435],[32.27907,-23.92443],[32.27839,-23.92407],[32.27907,-23.92488],[32.28006,-23.9248],[32.28055,-23.92426],[32.28045,-23.92489],[32.27956,-23.92516],[32.27985,-23.92588],[32.28054,-23.92589],[32.28024,-23.92679],[32.27897,-23.92597],[32.27769,-23.92615],[32.27719,-23.92741],[32.27601,-23.92722],[32.2764,-23.92795],[32.27609,-23.92922],[32.2752,-23.92939],[32.2754,-23.92903],[32.27501,-23.92903],[32.27441,-23.93057],[32.27432,-23.92921],[32.27393,-23.92921],[32.27382,-23.93011],[32.27333,-23.93002],[32.27381,-23.93174],[32.275,-23.93157],[32.27509,-23.93193],[32.2744,-23.93229],[32.27548,-23.93256],[32.27316,-23.9331],[32.27193,-23.93418],[32.2713,-23.93775],[32.27159,-23.94324],[32.27512,-23.95107],[32.27644,-23.95169],[32.27822,-23.95367],[32.28173,-23.95581],[32.28424,-23.95663],[32.29091,-23.95931],[32.29223,-23.96044],[32.29347,-23.96092],[32.29378,-23.96117],[32.29139,-23.96098],[32.29021,-23.96034],[32.28922,-23.9607],[32.28587,-23.96032],[32.28429,-23.96068],[32.28508,-23.96131],[32.2836,-23.96131],[32.284,-23.96049],[32.28291,-23.96031],[32.2834,-23.96257],[32.2827,-23.96311],[32.28221,-23.96248],[32.28211,-23.96329],[32.28213,-23.96012],[32.28114,-23.95994],[32.28115,-23.95921],[32.2781,-23.95866],[32.27731,-23.95811],[32.27564,-23.95819],[32.27425,-23.95954],[32.27307,-23.95963],[32.27267,-23.96026],[32.27148,-23.96053],[32.27208,-23.95881],[32.27307,-23.95863],[32.27328,-23.95727],[32.27121,-23.95681],[32.27042,-23.95717],[32.27013,-23.95635],[32.26875,-23.95626],[32.26826,-23.95544],[32.26777,-23.95544],[32.26797,-23.95471],[32.26689,-23.95389],[32.26649,-23.95407],[32.26591,-23.95371],[32.2659,-23.95425],[32.26531,-23.95434],[32.26433,-23.9537],[32.26424,-23.95144],[32.26464,-23.95099],[32.26563,-23.95081],[32.26651,-23.95127],[32.2667,-23.95208],[32.2669,-23.95127],[32.2672,-23.95172],[32.26769,-23.95109],[32.26818,-23.95146],[32.26868,-23.95073],[32.2684,-23.94901],[32.2678,-23.94928],[32.26732,-23.94828],[32.26801,-23.94729],[32.26762,-23.94638],[32.26821,-23.9462],[32.26684,-23.94529],[32.26675,-23.9442],[32.26912,-23.94313],[32.26932,-23.94204],[32.26873,-23.94141],[32.26835,-23.93959],[32.26726,-23.94022],[32.26638,-23.93977],[32.26757,-23.93859],[32.26796,-23.9386],[32.26796,-23.93932],[32.26845,-23.93878],[32.26777,-23.93787],[32.26797,-23.93742],[32.26757,-23.93742],[32.26749,-23.9357],[32.26759,-23.93461],[32.26858,-23.93299],[32.26789,-23.93298],[32.26849,-23.93253],[32.2677,-23.93198],[32.2682,-23.93153],[32.26761,-23.93126],[32.26751,-23.93063],[32.26791,-23.9309],[32.26791,-23.93045],[32.26673,-23.92999],[32.26673,-23.92944],[32.26516,-23.92898],[32.26605,-23.92808],[32.26644,-23.92818],[32.26654,-23.92908],[32.26732,-23.92927],[32.26635,-23.92745],[32.26566,-23.92745],[32.26497,-23.92817],[32.26507,-23.92735],[32.26399,-23.92699],[32.26399,-23.92608],[32.2635,-23.92599],[32.2639,-23.92545],[32.26203,-23.92489],[32.26272,-23.92454],[32.26273,-23.92354],[32.26193,-23.92435],[32.26106,-23.92263],[32.25938,-23.92289],[32.25948,-23.92244],[32.26037,-23.92244],[32.25968,-23.92208],[32.25959,-23.9209],[32.2589,-23.92071],[32.25772,-23.92134],[32.25733,-23.91989],[32.25782,-23.91962],[32.25772,-23.92017],[32.25812,-23.92026],[32.25891,-23.91981],[32.25793,-23.91808],[32.25823,-23.91745],[32.25979,-23.91954],[32.26098,-23.91882],[32.26089,-23.91819],[32.26158,-23.9181],[32.26158,-23.91738],[32.26257,-23.91738],[32.26227,-23.91711],[32.26286,-23.91666],[32.26425,-23.91639],[32.26258,-23.9143],[32.26298,-23.9143],[32.26288,-23.91331],[32.26338,-23.91313],[32.26367,-23.91358],[32.26446,-23.91259],[32.26535,-23.91314],[32.26495,-23.91404],[32.26426,-23.91404],[32.26484,-23.91504],[32.26444,-23.91649],[32.26523,-23.91685],[32.26493,-23.9164],[32.26553,-23.91531],[32.26494,-23.91468],[32.26534,-23.91386],[32.26584,-23.91332],[32.26712,-23.91351],[32.26832,-23.91071],[32.2695,-23.91035],[32.26911,-23.91008],[32.27029,-23.90918],[32.26971,-23.90827],[32.27011,-23.90773],[32.26932,-23.90763],[32.27021,-23.9071],[32.27041,-23.90637],[32.26982,-23.90619],[32.27071,-23.90583],[32.27189,-23.90647],[32.27347,-23.9043],[32.27319,-23.90285],[32.27082,-23.90248],[32.27221,-23.90122],[32.27339,-23.90132],[32.27369,-23.90068],[32.2733,-23.89996],[32.27182,-23.90004],[32.27203,-23.89914],[32.27124,-23.89868],[32.27213,-23.89714],[32.27155,-23.89669],[32.27007,-23.89668],[32.27057,-23.89605],[32.27027,-23.89523],[32.26929,-23.89523],[32.26909,-23.89477],[32.26762,-23.89432],[32.26486,-23.8943],[32.2624,-23.89501],[32.26141,-23.89592],[32.26082,-23.89519],[32.26042,-23.89627],[32.26013,-23.89537],[32.25993,-23.89582],[32.25924,-23.89545],[32.25924,-23.89581],[32.25836,-23.89536],[32.25846,-23.89491],[32.25737,-23.89508],[32.25748,-23.89418],[32.25678,-23.89481],[32.25581,-23.89381],[32.256,-23.8948],[32.25491,-23.89489],[32.25423,-23.89434],[32.25433,-23.89335],[32.25384,-23.89334],[32.25404,-23.89217],[32.25345,-23.89198],[32.25316,-23.89117],[32.25139,-23.8908],[32.24981,-23.89088],[32.24941,-23.89187],[32.24784,-23.89205],[32.24714,-23.89268],[32.24773,-23.89422],[32.24684,-23.89467],[32.24625,-23.89448],[32.24674,-23.89385],[32.24675,-23.89322],[32.24626,-23.89303],[32.24645,-23.89367],[32.24507,-23.89375],[32.24477,-23.89466],[32.24369,-23.89366],[32.243,-23.89392],[32.24271,-23.89356],[32.24182,-23.89365],[32.24211,-23.89437],[32.24172,-23.89491],[32.23975,-23.89481],[32.23975,-23.89445],[32.23866,-23.89481],[32.23798,-23.89417],[32.23679,-23.89444],[32.23611,-23.89371],[32.23345,-23.8937],[32.23276,-23.89297],[32.22961,-23.89286],[32.22932,-23.89232],[32.22883,-23.89277],[32.22834,-23.89249],[32.22863,-23.89349],[32.22744,-23.89339],[32.22706,-23.89258],[32.22774,-23.89276],[32.22745,-23.89204],[32.22824,-23.89186],[32.22786,-23.89032],[32.22647,-23.89094],[32.22588,-23.89076],[32.22598,-23.89194],[32.22529,-23.89203],[32.22509,-23.89166],[32.22401,-23.89184],[32.22371,-23.89138],[32.22273,-23.89165],[32.22244,-23.89083],[32.22086,-23.8911],[32.22066,-23.89073],[32.22027,-23.89109],[32.21949,-23.88937],[32.21772,-23.88909],[32.21693,-23.88918],[32.21713,-23.88972],[32.21614,-23.88944],[32.21634,-23.88999],[32.21505,-23.89025],[32.21406,-23.89142],[32.21387,-23.89088],[32.21288,-23.89106],[32.21289,-23.8906],[32.21141,-23.89069],[32.21053,-23.88905],[32.20974,-23.88887],[32.20887,-23.8876],[32.20759,-23.88741],[32.2066,-23.88831],[32.20433,-23.8883],[32.20542,-23.88731],[32.20385,-23.88648],[32.20474,-23.88622],[32.20464,-23.88585],[32.20149,-23.88566],[32.20022,-23.88492],[32.19785,-23.885],[32.19795,-23.88464],[32.19746,-23.88455],[32.19746,-23.88545],[32.19657,-23.8859],[32.19637,-23.88536],[32.1948,-23.8849],[32.19421,-23.88526],[32.19539,-23.88571],[32.194,-23.88652],[32.1942,-23.8858],[32.19362,-23.88534],[32.19411,-23.8848],[32.19352,-23.88498],[32.19352,-23.88426],[32.19273,-23.88461],[32.19303,-23.8838],[32.19107,-23.88298],[32.19168,-23.88071],[32.19266,-23.88045],[32.19296,-23.87945],[32.19277,-23.87909],[32.19208,-23.87945],[32.19208,-23.87854],[32.19149,-23.87827],[32.19258,-23.87846],[32.19248,-23.87764],[32.19308,-23.87728],[32.19376,-23.87783],[32.19386,-23.87837],[32.19455,-23.87783],[32.19463,-23.88046],[32.19551,-23.88083],[32.19493,-23.88001],[32.19572,-23.87902],[32.19504,-23.87856],[32.19583,-23.87811],[32.19524,-23.87811],[32.19514,-23.87738],[32.19573,-23.87784],[32.19603,-23.87721],[32.19771,-23.87685],[32.1979,-23.87803],[32.19849,-23.87758],[32.20006,-23.87813],[32.19976,-23.87858],[32.19888,-23.87804],[32.1975,-23.87821],[32.19838,-23.87912],[32.19818,-23.88011],[32.19907,-23.87985],[32.19886,-23.88057],[32.19759,-23.88029],[32.19719,-23.88083],[32.19729,-23.88029],[32.19591,-23.88001],[32.1963,-23.88083],[32.19561,-23.88173],[32.1962,-23.88164],[32.196,-23.88264],[32.19639,-23.883],[32.19688,-23.88292],[32.19669,-23.88228],[32.19708,-23.88183],[32.19876,-23.88202],[32.19984,-23.88284],[32.19994,-23.88248],[32.20082,-23.88248],[32.20093,-23.88176],[32.19965,-23.88175],[32.20034,-23.88121],[32.19917,-23.87976],[32.19956,-23.87976],[32.19927,-23.87858],[32.20104,-23.87904],[32.20163,-23.8785],[32.20212,-23.87914],[32.20341,-23.8786],[32.20282,-23.87797],[32.20232,-23.87842],[32.20095,-23.87714],[32.20106,-23.87624],[32.199,-23.87514],[32.19949,-23.87469],[32.1991,-23.87414],[32.19821,-23.87568],[32.1984,-23.87622],[32.19673,-23.87621],[32.19673,-23.87567],[32.19545,-23.87485],[32.19574,-23.87603]],[[32.22122,-23.87987],[32.22093,-23.87996],[32.22093,-23.88005],[32.22122,-23.87987]],[[32.23481,-23.88003],[32.23481,-23.88021],[32.23491,-23.88021],[32.23481,-23.88003]],[[32.27813,-23.91791],[32.27812,-23.91809],[32.27842,-23.91809],[32.27813,-23.91791]],[[32.27937,-23.92498],[32.27917,-23.92516],[32.27956,-23.92516],[32.27937,-23.92498]],[[32.1944,-23.88562],[32.1942,-23.88571],[32.1942,-23.8858],[32.1944,-23.88562]],[[32.21857,-23.87904],[32.21886,-23.87913],[32.21896,-23.87859],[32.21857,-23.87904]],[[32.22064,-23.87896],[32.22064,-23.87887],[32.22054,-23.87887],[32.22064,-23.87896]],[[32.22437,-23.88007],[32.22457,-23.88007],[32.22457,-23.87998],[32.22437,-23.88007]],[[32.2333,-23.88609],[32.23349,-23.88609],[32.2335,-23.886],[32.2333,-23.88609]],[[32.23546,-23.88719],[32.23556,-23.88719],[32.23556,-23.8871],[32.23546,-23.88719]],[[32.23994,-23.87915],[32.23984,-23.87915],[32.23984,-23.87924],[32.23994,-23.87915]],[[32.24043,-23.87861],[32.23964,-23.8786],[32.23994,-23.87915],[32.24043,-23.87861]],[[32.24328,-23.88016],[32.24338,-23.88016],[32.24338,-23.88007],[32.24328,-23.88016]],[[32.26321,-23.88995],[32.26311,-23.89004],[32.26331,-23.89004],[32.26321,-23.88995]],[[32.26852,-23.89187],[32.26862,-23.89188],[32.26862,-23.89178],[32.26852,-23.89187]],[[32.27119,-23.89062],[32.27109,-23.89098],[32.27138,-23.89098],[32.27119,-23.89062]],[[32.27956,-23.90868],[32.27926,-23.9085],[32.27876,-23.9094],[32.27945,-23.90958],[32.27956,-23.90868]],[[32.2796,-23.91764],[32.27961,-23.91755],[32.27951,-23.91755],[32.2796,-23.91764]],[[32.2799,-23.91774],[32.2799,-23.91755],[32.2797,-23.91755],[32.2799,-23.91774]],[[32.28059,-23.91774],[32.28088,-23.9181],[32.28098,-23.91765],[32.28059,-23.91774]],[[32.26669,-23.9538],[32.26669,-23.95389],[32.26679,-23.95389],[32.26669,-23.9538]],[[32.2665,-23.95362],[32.2665,-23.95371],[32.26669,-23.9538],[32.2665,-23.95362]],[[32.26321,-23.92499],[32.26311,-23.92499],[32.26311,-23.92508],[32.26321,-23.92499]],[[32.26341,-23.92508],[32.26341,-23.9249],[32.26321,-23.9249],[32.26341,-23.92508]],[[32.26312,-23.9239],[32.26351,-23.92372],[32.26342,-23.92336],[32.26283,-23.92354],[32.26312,-23.9239]],[[32.26303,-23.922],[32.26372,-23.92164],[32.26303,-23.92146],[32.26254,-23.92182],[32.26244,-23.92281],[32.26361,-23.92336],[32.26303,-23.922]],[[32.26204,-23.92336],[32.26204,-23.92354],[32.26223,-23.92363],[32.26204,-23.92336]],[[32.26157,-23.91991],[32.26285,-23.91956],[32.26334,-23.9201],[32.26403,-23.91929],[32.26384,-23.91875],[32.26285,-23.91874],[32.26217,-23.9181],[32.26246,-23.91783],[32.26157,-23.91837],[32.26157,-23.91991]],[[32.26811,-23.91197],[32.26791,-23.91197],[32.26791,-23.91206],[32.26811,-23.91197]],[[32.26329,-23.89457],[32.26319,-23.89457],[32.26319,-23.89475],[32.26329,-23.89457]],[[32.26171,-23.89465],[32.26171,-23.89438],[32.26102,-23.89446],[32.26112,-23.89519],[32.26171,-23.89465]],[[32.23365,-23.89261],[32.23326,-23.89234],[32.23306,-23.89315],[32.23345,-23.89333],[32.23365,-23.89261]],[[32.22313,-23.89102],[32.22283,-23.89111],[32.22283,-23.8912],[32.22313,-23.89102]],[[32.21308,-23.8907],[32.21308,-23.89079],[32.21318,-23.89079],[32.21308,-23.8907]],[[32.21141,-23.89032],[32.21131,-23.89032],[32.21131,-23.89041],[32.21141,-23.89032]],[[32.19257,-23.879],[32.19257,-23.87909],[32.19267,-23.87909],[32.19257,-23.879]],[[32.19307,-23.87755],[32.19307,-23.87782],[32.19327,-23.87783],[32.19307,-23.87755]],[[32.19424,-23.87955],[32.19434,-23.88],[32.19454,-23.87991],[32.19424,-23.87955]],[[32.19653,-23.87522],[32.19634,-23.87522],[32.19634,-23.87531],[32.19653,-23.87522]],[[32.2169,-23.87813],[32.21602,-23.87767],[32.21631,-23.87731],[32.21563,-23.87685],[32.21602,-23.87658],[32.21583,-23.87604],[32.21484,-23.87685],[32.21503,-23.87821],[32.2169,-23.87813]],[[32.21445,-23.87667],[32.21435,-23.87694],[32.21464,-23.87703],[32.21484,-23.87667],[32.21445,-23.87667]],[[32.21385,-23.87712],[32.21425,-23.87667],[32.21228,-23.87648],[32.21385,-23.87712]],[[32.21267,-23.87693],[32.21238,-23.87693],[32.21238,-23.87711],[32.21267,-23.87693]],[[32.20933,-23.87564],[32.20943,-23.87637],[32.20992,-23.87655],[32.20923,-23.87655],[32.20913,-23.87718],[32.20854,-23.87718],[32.20844,-23.87673],[32.20785,-23.877],[32.20756,-23.87636],[32.20726,-23.87681],[32.20746,-23.87564],[32.20707,-23.87491],[32.20677,-23.87608],[32.20568,-23.87698],[32.20549,-23.87653],[32.20312,-23.87643],[32.20352,-23.87534],[32.20166,-23.87497],[32.20135,-23.87678],[32.20243,-23.87715],[32.20223,-23.87769],[32.20292,-23.87706],[32.20312,-23.87788],[32.20332,-23.87724],[32.20469,-23.87734],[32.20508,-23.87861],[32.20617,-23.87744],[32.20971,-23.87773],[32.21031,-23.87755],[32.21001,-23.8771],[32.21041,-23.87701],[32.2105,-23.87755],[32.2108,-23.87755],[32.2109,-23.87674],[32.20933,-23.87564]],[[32.20864,-23.87628],[32.20805,-23.87636],[32.20805,-23.87654],[32.20864,-23.87673],[32.20864,-23.87628]],[[32.21089,-23.87783],[32.21149,-23.87765],[32.2111,-23.87719],[32.21089,-23.87783]],[[32.21347,-23.87585],[32.21386,-23.87594],[32.21386,-23.87567],[32.21347,-23.87585]],[[32.2179,-23.87578],[32.2178,-23.87605],[32.2179,-23.87596],[32.2179,-23.87578]],[[32.22095,-23.87634],[32.22134,-23.87643],[32.22144,-23.87616],[32.22095,-23.87634]],[[32.22006,-23.87615],[32.21977,-23.87624],[32.21986,-23.87651],[32.22026,-23.87643],[32.22006,-23.87615]],[[32.21139,-23.87665],[32.2111,-23.87665],[32.2111,-23.87692],[32.21139,-23.87665]],[[32.21424,-23.87793],[32.21434,-23.87775],[32.21356,-23.87757],[32.21424,-23.87793]],[[32.21119,-23.87855],[32.21158,-23.87846],[32.21148,-23.8781],[32.21119,-23.87855]],[[32.21286,-23.87901],[32.21315,-23.87911],[32.21335,-23.87883],[32.21296,-23.87865],[32.21286,-23.87901]],[[32.20527,-23.87925],[32.20557,-23.87916],[32.20547,-23.87898],[32.20527,-23.87925]],[[32.20685,-23.87907],[32.20675,-23.87907],[32.20675,-23.87916],[32.20685,-23.87907]],[[32.2039,-23.87861],[32.2038,-23.8786],[32.2038,-23.87888],[32.2039,-23.87861]],[[32.2041,-23.87815],[32.2042,-23.87815],[32.2042,-23.87797],[32.2041,-23.87815]],[[32.20067,-23.87578],[32.20077,-23.87578],[32.20077,-23.8756],[32.20067,-23.87578]],[[32.20588,-23.87608],[32.20579,-23.87554],[32.205,-23.87617],[32.20588,-23.87608]],[[32.20254,-23.87489],[32.20255,-23.87443],[32.20196,-23.87434],[32.20254,-23.87489]],[[32.21279,-23.87467],[32.21259,-23.87467],[32.21259,-23.87485],[32.21279,-23.87467]],[[32.21564,-23.87541],[32.21603,-23.87559],[32.21613,-23.87505],[32.21574,-23.87486],[32.21564,-23.87541]],[[32.21022,-23.87502],[32.21012,-23.87547],[32.21032,-23.87547],[32.21022,-23.87502]],[[32.20983,-23.87483],[32.20983,-23.87501],[32.20993,-23.87492],[32.20983,-23.87483]],[[32.21858,-23.87687],[32.21868,-23.87705],[32.21897,-23.87696],[32.21858,-23.87687]],[[32.2176,-23.87714],[32.2173,-23.87668],[32.21691,-23.87677],[32.2176,-23.87714]],[[32.22125,-23.87562],[32.22144,-23.87562],[32.22145,-23.87544],[32.22125,-23.87562]],[[32.18866,-23.87409],[32.18876,-23.87409],[32.18876,-23.874],[32.18866,-23.87409]],[[32.20334,-23.87335],[32.20304,-23.87353],[32.20314,-23.87371],[32.20334,-23.87335]],[[32.20245,-23.87371],[32.20285,-23.87362],[32.20275,-23.87335],[32.20245,-23.87371]],[[32.19181,-23.8742],[32.19142,-23.87428],[32.19152,-23.87447],[32.19181,-23.8742]],[[32.19053,-23.87455],[32.19093,-23.87446],[32.19083,-23.87428],[32.19053,-23.87455]],[[32.18905,-23.87472],[32.18915,-23.87473],[32.18925,-23.87445],[32.18905,-23.87472]],[[32.19437,-23.87521],[32.19506,-23.87521],[32.19506,-23.87494],[32.19447,-23.87484],[32.19437,-23.87521]],[[32.18817,-23.87427],[32.18807,-23.87454],[32.18846,-23.87463],[32.18817,-23.87427]],[[32.1796,-23.87549],[32.17979,-23.87603],[32.18019,-23.87576],[32.1796,-23.87549]],[[32.20212,-23.87959],[32.20232,-23.8795],[32.20222,-23.87932],[32.20212,-23.87959]],[[32.21827,-23.87967],[32.21817,-23.87967],[32.21817,-23.87976],[32.21827,-23.87967]],[[32.20094,-23.87968],[32.20113,-23.87968],[32.20114,-23.8795],[32.20094,-23.87968]],[[32.21315,-23.88001],[32.21305,-23.87974],[32.21285,-23.87983],[32.21315,-23.88001]],[[32.20763,-23.87971],[32.20694,-23.88034],[32.20714,-23.88034],[32.20763,-23.87971]],[[32.21039,-23.88054],[32.21039,-23.88027],[32.21019,-23.88027],[32.21039,-23.88054]],[[32.20665,-23.88007],[32.20606,-23.87979],[32.20625,-23.88034],[32.20665,-23.88007]],[[32.20418,-23.88042],[32.20418,-23.8806],[32.20438,-23.8806],[32.20418,-23.88042]],[[32.20153,-23.87986],[32.20133,-23.87995],[32.20143,-23.88013],[32.20153,-23.87986]],[[32.20241,-23.88014],[32.20271,-23.88005],[32.20251,-23.87978],[32.20241,-23.88014]],[[32.2031,-23.87969],[32.20301,-23.87969],[32.203,-23.87987],[32.2031,-23.87969]],[[32.20813,-23.8798],[32.20813,-23.87971],[32.20793,-23.87971],[32.20813,-23.8798]],[[32.20497,-23.88078],[32.20487,-23.88078],[32.20487,-23.88096],[32.20497,-23.88078]],[[32.20851,-23.88089],[32.20841,-23.88089],[32.20841,-23.88098],[32.20851,-23.88089]],[[32.20083,-23.88076],[32.20024,-23.88076],[32.20073,-23.88112],[32.20083,-23.88076]],[[32.20723,-23.88107],[32.20713,-23.88107],[32.20713,-23.88116],[32.20723,-23.88107]],[[32.20615,-23.88115],[32.20566,-23.88115],[32.20565,-23.88133],[32.20615,-23.88115]],[[32.22279,-23.88187],[32.22328,-23.88169],[32.22318,-23.88142],[32.22279,-23.88187]],[[32.22387,-23.88133],[32.22338,-23.88187],[32.22377,-23.88206],[32.22387,-23.88133]],[[32.22604,-23.88162],[32.22584,-23.88171],[32.22584,-23.88198],[32.22604,-23.88162]],[[32.22869,-23.88181],[32.22869,-23.88208],[32.22889,-23.88199],[32.22869,-23.88181]],[[32.22505,-23.88188],[32.22525,-23.88179],[32.22525,-23.8817],[32.22505,-23.88188]],[[32.2025,-23.88231],[32.2024,-23.88213],[32.202,-23.8824],[32.2025,-23.88231]],[[32.21579,-23.88247],[32.21569,-23.88247],[32.21569,-23.88256],[32.21579,-23.88247]],[[32.22367,-23.88278],[32.22367,-23.88305],[32.22396,-23.88296],[32.22367,-23.88278]],[[32.22445,-23.88297],[32.22445,-23.88315],[32.22465,-23.88324],[32.22445,-23.88297]],[[32.21037,-23.88317],[32.21067,-23.88308],[32.21047,-23.88289],[32.21037,-23.88317]],[[32.20486,-23.88323],[32.20505,-23.88332],[32.20505,-23.88305],[32.20486,-23.88323]],[[32.20416,-23.88341],[32.20426,-23.88313],[32.20358,-23.88322],[32.20357,-23.88358],[32.20416,-23.88341]],[[32.20682,-23.88432],[32.20653,-23.88369],[32.20712,-23.8836],[32.20731,-23.88415],[32.20771,-23.88361],[32.20722,-23.88315],[32.20564,-23.88341],[32.20564,-23.88387],[32.20682,-23.88432]],[[32.22071,-23.88331],[32.22051,-23.8834],[32.22051,-23.88349],[32.22071,-23.88331]],[[32.22248,-23.88359],[32.22297,-23.88368],[32.22297,-23.88341],[32.22248,-23.88359]],[[32.22228,-23.88368],[32.22228,-23.88386],[32.22248,-23.88377],[32.22228,-23.88368]],[[32.22917,-23.8839],[32.22898,-23.88389],[32.22898,-23.88408],[32.22917,-23.8839]],[[32.21519,-23.88373],[32.215,-23.88373],[32.21499,-23.884],[32.21519,-23.88373]],[[32.2144,-23.88373],[32.2146,-23.88373],[32.2146,-23.88364],[32.2144,-23.88373]],[[32.22405,-23.88405],[32.22376,-23.88405],[32.22376,-23.88432],[32.22405,-23.88405]],[[32.22523,-23.88424],[32.22494,-23.88433],[32.22494,-23.8846],[32.22523,-23.88424]],[[32.22602,-23.88451],[32.22582,-23.8846],[32.22582,-23.88469],[32.22602,-23.88451]],[[32.2205,-23.88539],[32.22198,-23.88549],[32.22227,-23.88513],[32.22159,-23.88494],[32.22159,-23.88422],[32.22129,-23.88476],[32.22041,-23.88476],[32.2205,-23.88539]],[[32.22887,-23.88489],[32.22897,-23.8848],[32.22868,-23.88489],[32.22887,-23.88489]],[[32.21912,-23.88511],[32.21893,-23.88511],[32.21922,-23.88557],[32.21912,-23.88511]],[[32.22936,-23.88562],[32.22916,-23.88562],[32.22916,-23.88571],[32.22936,-23.88562]],[[32.21016,-23.8847],[32.21055,-23.88561],[32.21144,-23.8858],[32.21016,-23.8847]],[[32.20848,-23.88623],[32.20888,-23.88587],[32.20849,-23.88524],[32.20809,-23.8856],[32.20848,-23.88623]],[[32.20592,-23.88613],[32.20602,-23.88613],[32.20602,-23.88604],[32.20592,-23.88613]],[[32.21399,-23.88663],[32.214,-23.88617],[32.21242,-23.88562],[32.21203,-23.88616],[32.21291,-23.88671],[32.21399,-23.88663]],[[32.22434,-23.88613],[32.22473,-23.88632],[32.22483,-23.88605],[32.22434,-23.88613]],[[32.22886,-23.88643],[32.22906,-23.88643],[32.22906,-23.88616],[32.22886,-23.88643]],[[32.22965,-23.88625],[32.22946,-23.88634],[32.22955,-23.88652],[32.22965,-23.88625]],[[32.22522,-23.88614],[32.22493,-23.88632],[32.22502,-23.8865],[32.22522,-23.88614]],[[32.21774,-23.88601],[32.21725,-23.88592],[32.21705,-23.88628],[32.21764,-23.88646],[32.21774,-23.88601]],[[32.21734,-23.88719],[32.21636,-23.88628],[32.21636,-23.88655],[32.21734,-23.88719]],[[32.23418,-23.88664],[32.23388,-23.88673],[32.23388,-23.88691],[32.23418,-23.88664]],[[32.22158,-23.88666],[32.22167,-23.88666],[32.22167,-23.88657],[32.22158,-23.88666]],[[32.22748,-23.88687],[32.22738,-23.88687],[32.22738,-23.88696],[32.22748,-23.88687]],[[32.22423,-23.88695],[32.22413,-23.88695],[32.22413,-23.88713],[32.22423,-23.88695]],[[32.23704,-23.88683],[32.23615,-23.88683],[32.23595,-23.88728],[32.23693,-23.88756],[32.23704,-23.88683]],[[32.24354,-23.88605],[32.24265,-23.88668],[32.24363,-23.88723],[32.24423,-23.8866],[32.24354,-23.88605]],[[32.23645,-23.88583],[32.23615,-23.88592],[32.23625,-23.8861],[32.23645,-23.88583]],[[32.23842,-23.88557],[32.23902,-23.8844],[32.23833,-23.8843],[32.23803,-23.88584],[32.23891,-23.88612],[32.23921,-23.88567],[32.23842,-23.88557]],[[32.23804,-23.88303],[32.23706,-23.88267],[32.23617,-23.88411],[32.23635,-23.88556],[32.23734,-23.88548],[32.23715,-23.88457],[32.23804,-23.88303]],[[32.23597,-23.88375],[32.23607,-23.88375],[32.23607,-23.88357],[32.23597,-23.88375]],[[32.23489,-23.88311],[32.23519,-23.8832],[32.23519,-23.88293],[32.23489,-23.88311]],[[32.24336,-23.88315],[32.24385,-23.88315],[32.24395,-23.88261],[32.24336,-23.88243],[32.24336,-23.88315]],[[32.24454,-23.88279],[32.24425,-23.88288],[32.24454,-23.88334],[32.24454,-23.88279]],[[32.24336,-23.8836],[32.24336,-23.88342],[32.24296,-23.88333],[32.24336,-23.8836]],[[32.24572,-23.88343],[32.24493,-23.88361],[32.24522,-23.88416],[32.24572,-23.88425],[32.24572,-23.88343]],[[32.24591,-23.88425],[32.2468,-23.8848],[32.2469,-23.88453],[32.24591,-23.88425]],[[32.23863,-23.88394],[32.23902,-23.88376],[32.23834,-23.88331],[32.23804,-23.8834],[32.23863,-23.88394]],[[32.24109,-23.88332],[32.241,-23.88332],[32.24099,-23.88341],[32.24109,-23.88332]],[[32.24247,-23.88342],[32.24218,-23.88351],[32.24217,-23.88378],[32.24247,-23.88342]],[[32.24601,-23.88497],[32.24591,-23.88479],[32.24561,-23.88488],[32.24601,-23.88497]],[[32.24502,-23.88569],[32.24472,-23.88651],[32.246,-23.88615],[32.24561,-23.88515],[32.24502,-23.88569]],[[32.2467,-23.88507],[32.2463,-23.88516],[32.2464,-23.88552],[32.24689,-23.88543],[32.2467,-23.88507]],[[32.24207,-23.88559],[32.24216,-23.88559],[32.24216,-23.8855],[32.24207,-23.88559]],[[32.23812,-23.88711],[32.23812,-23.88729],[32.23841,-23.8872],[32.23812,-23.88711]],[[32.24087,-23.88857],[32.24127,-23.88722],[32.24018,-23.88739],[32.23949,-23.88793],[32.24087,-23.88857]],[[32.25259,-23.88727],[32.2523,-23.88736],[32.2523,-23.88763],[32.25259,-23.88727]],[[32.24245,-23.8874],[32.24235,-23.88758],[32.24255,-23.88767],[32.24245,-23.8874]],[[32.24146,-23.88812],[32.24254,-23.8884],[32.24254,-23.88813],[32.24146,-23.88812]],[[32.24796,-23.88824],[32.24776,-23.88815],[32.24766,-23.88842],[32.24796,-23.88824]],[[32.25899,-23.88821],[32.25889,-23.88821],[32.25889,-23.88839],[32.25899,-23.88821]],[[32.24678,-23.88815],[32.24549,-23.8885],[32.2452,-23.88814],[32.245,-23.88877],[32.24441,-23.88814],[32.24451,-23.88895],[32.24293,-23.88876],[32.24155,-23.88939],[32.24105,-23.89047],[32.24007,-23.89065],[32.24272,-23.89093],[32.24292,-23.89048],[32.24253,-23.89021],[32.24401,-23.89013],[32.24441,-23.8894],[32.24529,-23.88986],[32.24529,-23.88923],[32.24598,-23.88932],[32.24618,-23.88987],[32.24875,-23.88834],[32.24697,-23.88887],[32.24678,-23.88815]],[[32.26125,-23.88849],[32.26105,-23.88849],[32.26105,-23.88867],[32.26125,-23.88849]],[[32.2579,-23.88856],[32.2581,-23.88856],[32.2581,-23.88847],[32.2579,-23.88856]],[[32.26036,-23.88876],[32.26046,-23.88867],[32.26017,-23.88876],[32.26036,-23.88876]],[[32.26135,-23.88894],[32.26115,-23.88894],[32.26115,-23.88903],[32.26135,-23.88894]],[[32.26105,-23.88948],[32.26144,-23.88976],[32.26144,-23.88949],[32.26105,-23.88948]],[[32.26233,-23.88949],[32.26213,-23.88949],[32.26223,-23.88985],[32.26233,-23.88949]],[[32.26173,-23.89021],[32.26203,-23.89094],[32.26291,-23.89076],[32.26292,-23.88986],[32.26173,-23.89021]],[[32.25406,-23.88954],[32.25376,-23.88927],[32.25356,-23.88972],[32.25406,-23.88954]],[[32.25494,-23.89009],[32.25494,-23.88991],[32.25465,-23.88982],[32.25494,-23.89009]],[[32.26154,-23.88994],[32.26154,-23.89003],[32.26174,-23.89003],[32.26154,-23.88994]],[[32.26144,-23.89012],[32.26154,-23.89012],[32.26154,-23.89003],[32.26144,-23.89012]],[[32.26114,-23.89003],[32.26114,-23.89021],[32.26134,-23.8903],[32.26114,-23.89003]],[[32.24943,-23.88997],[32.24873,-23.89042],[32.24893,-23.89033],[32.24943,-23.88997]],[[32.24705,-23.89195],[32.24784,-23.89123],[32.24853,-23.89142],[32.24863,-23.89069],[32.24804,-23.89033],[32.24804,-23.89114],[32.24735,-23.89114],[32.24705,-23.89195]],[[32.25267,-23.89062],[32.25257,-23.89062],[32.25247,-23.89089],[32.25267,-23.89062]],[[32.26104,-23.89084],[32.26114,-23.89075],[32.26094,-23.89075],[32.26104,-23.89084]],[[32.26517,-23.89141],[32.26508,-23.89077],[32.26469,-23.89086],[32.26517,-23.89141]],[[32.26754,-23.89142],[32.26754,-23.8916],[32.26783,-23.8916],[32.26754,-23.89142]],[[32.26793,-23.89169],[32.26793,-23.8916],[32.26783,-23.8916],[32.26793,-23.89169]],[[32.25936,-23.89183],[32.25956,-23.89183],[32.25956,-23.89147],[32.25936,-23.89183]],[[32.25661,-23.89164],[32.2568,-23.89173],[32.2568,-23.89155],[32.25661,-23.89164]],[[32.26566,-23.89186],[32.26567,-23.89159],[32.26547,-23.89159],[32.26566,-23.89186]],[[32.2699,-23.89188],[32.26979,-23.89288],[32.27019,-23.89297],[32.27039,-23.89243],[32.2699,-23.89188]],[[32.27295,-23.89307],[32.27324,-23.89307],[32.27324,-23.8928],[32.27295,-23.89307]],[[32.26743,-23.89305],[32.26763,-23.89305],[32.26763,-23.89296],[32.26743,-23.89305]],[[32.26182,-23.89266],[32.26152,-23.89275],[32.26162,-23.89311],[32.26182,-23.89266]],[[32.26084,-23.89247],[32.26064,-23.89238],[32.26034,-23.89283],[32.26073,-23.89329],[32.26084,-23.89247]],[[32.25738,-23.89354],[32.25827,-23.89382],[32.25788,-23.89291],[32.25738,-23.89354]],[[32.2625,-23.89329],[32.26251,-23.8932],[32.26231,-23.8932],[32.2625,-23.89329]],[[32.27275,-23.89352],[32.27274,-23.8938],[32.27294,-23.89371],[32.27275,-23.89352]],[[32.27402,-23.89462],[32.27402,-23.89416],[32.27304,-23.89389],[32.27353,-23.89471],[32.27402,-23.89462]],[[32.25876,-23.89391],[32.25896,-23.89391],[32.25896,-23.89382],[32.25876,-23.89391]],[[32.25453,-23.89344],[32.25501,-23.89435],[32.25581,-23.89335],[32.25561,-23.8929],[32.25453,-23.89344]],[[32.25463,-23.89308],[32.25473,-23.8928],[32.25424,-23.8928],[32.25463,-23.89308]],[[32.25601,-23.89308],[32.2561,-23.89326],[32.2565,-23.89308],[32.25601,-23.89308]],[[32.25916,-23.89246],[32.25955,-23.8931],[32.25975,-23.89292],[32.25916,-23.89246]],[[32.2567,-23.89272],[32.2568,-23.89272],[32.2568,-23.89254],[32.2567,-23.89272]],[[32.25453,-23.89253],[32.25463,-23.89253],[32.25463,-23.89235],[32.25453,-23.89253]],[[32.25847,-23.89237],[32.25867,-23.89237],[32.25867,-23.89219],[32.25847,-23.89237]],[[32.25601,-23.89191],[32.25581,-23.89218],[32.25611,-23.89227],[32.25601,-23.89191]],[[32.25995,-23.89156],[32.25985,-23.89183],[32.26015,-23.89174],[32.25995,-23.89156]],[[32.26419,-23.89131],[32.26419,-23.89113],[32.26409,-23.89113],[32.26419,-23.89131]],[[32.26429,-23.89104],[32.26419,-23.89104],[32.26419,-23.89113],[32.26429,-23.89104]],[[32.24518,-23.89212],[32.24527,-23.89267],[32.24646,-23.89267],[32.24646,-23.89159],[32.24518,-23.89212]],[[32.24153,-23.89283],[32.24173,-23.89283],[32.24173,-23.89256],[32.24153,-23.89283]],[[32.24242,-23.89293],[32.24252,-23.89284],[32.24232,-23.89283],[32.24242,-23.89293]],[[32.24567,-23.89303],[32.24557,-23.89321],[32.24586,-23.89321],[32.24567,-23.89303]],[[32.24429,-23.89303],[32.24379,-23.8932],[32.24399,-23.89357],[32.24438,-23.89348],[32.24429,-23.89303]],[[32.2367,-23.89344],[32.2367,-23.89326],[32.2365,-23.89335],[32.2367,-23.89344]],[[32.23434,-23.89334],[32.23483,-23.89334],[32.23483,-23.89307],[32.23434,-23.89334]],[[32.24291,-23.8932],[32.24281,-23.8932],[32.24281,-23.89329],[32.24291,-23.8932]],[[32.24429,-23.89203],[32.2441,-23.89194],[32.2439,-23.89239],[32.24429,-23.89203]],[[32.24538,-23.89167],[32.24548,-23.89167],[32.24548,-23.89149],[32.24538,-23.89167]],[[32.23248,-23.89152],[32.23248,-23.89134],[32.23218,-23.89124],[32.23248,-23.89152]],[[32.2314,-23.89115],[32.23169,-23.89124],[32.23159,-23.89097],[32.2314,-23.89115]],[[32.24342,-23.89039],[32.24312,-23.89048],[32.24322,-23.89076],[32.24342,-23.89039]],[[32.2445,-23.89004],[32.24401,-23.89058],[32.2445,-23.89076],[32.24509,-23.89022],[32.2445,-23.89004]],[[32.25209,-23.88971],[32.25199,-23.88935],[32.25169,-23.88953],[32.25209,-23.88971]],[[32.25278,-23.88972],[32.25278,-23.88954],[32.25228,-23.88953],[32.25278,-23.88972]],[[32.23121,-23.89024],[32.23101,-23.89015],[32.23091,-23.89051],[32.23121,-23.89024]],[[32.22451,-23.89021],[32.22461,-23.89048],[32.2248,-23.89039],[32.22451,-23.89021]],[[32.22076,-23.89046],[32.22086,-23.89046],[32.22086,-23.89028],[32.22076,-23.89046]],[[32.22608,-23.89031],[32.22589,-23.8904],[32.22588,-23.89067],[32.22608,-23.89031]],[[32.22421,-23.89075],[32.22441,-23.89075],[32.22431,-23.89057],[32.22421,-23.89075]],[[32.22402,-23.89021],[32.22421,-23.89012],[32.22421,-23.89003],[32.22402,-23.89021]],[[32.23524,-23.89008],[32.23514,-23.89035],[32.23583,-23.89063],[32.23524,-23.89008]],[[32.23859,-23.89019],[32.23928,-23.89047],[32.23928,-23.89019],[32.23859,-23.89019]],[[32.21998,-23.88992],[32.22008,-23.88992],[32.22008,-23.88983],[32.21998,-23.88992]],[[32.22116,-23.88947],[32.22097,-23.88992],[32.22116,-23.88992],[32.22116,-23.88947]],[[32.23574,-23.88981],[32.23574,-23.88954],[32.23544,-23.88972],[32.23574,-23.88981]],[[32.23731,-23.88991],[32.23712,-23.88991],[32.23712,-23.89],[32.23731,-23.88991]],[[32.23534,-23.88999],[32.23534,-23.88972],[32.23505,-23.88981],[32.23534,-23.88999]],[[32.23997,-23.8902],[32.23987,-23.8902],[32.23987,-23.89029],[32.23997,-23.8902]],[[32.23288,-23.89025],[32.23288,-23.89052],[32.23317,-23.89053],[32.23288,-23.89025]],[[32.22836,-23.88914],[32.22786,-23.88896],[32.22786,-23.88941],[32.22836,-23.88914]],[[32.22639,-23.88913],[32.22747,-23.88914],[32.22747,-23.8886],[32.22669,-23.8885],[32.22639,-23.88913]],[[32.21555,-23.8889],[32.21437,-23.88871],[32.21437,-23.88907],[32.21595,-23.88908],[32.21546,-23.88835],[32.21555,-23.8889]],[[32.21339,-23.88925],[32.21358,-23.88925],[32.21358,-23.88916],[32.21339,-23.88925]],[[32.21073,-23.88905],[32.21083,-23.88905],[32.21083,-23.88887],[32.21073,-23.88905]],[[32.21388,-23.88835],[32.21192,-23.88797],[32.2126,-23.88888],[32.21388,-23.88835]],[[32.21152,-23.88761],[32.21123,-23.88788],[32.21182,-23.88806],[32.21152,-23.88761]],[[32.21093,-23.88752],[32.21093,-23.8877],[32.21123,-23.88779],[32.21093,-23.88752]],[[32.2133,-23.8878],[32.2132,-23.8878],[32.2132,-23.88798],[32.2133,-23.8878]],[[32.21369,-23.88789],[32.21438,-23.8879],[32.21418,-23.88762],[32.21369,-23.88753],[32.21369,-23.88789]],[[32.20897,-23.88714],[32.20976,-23.88715],[32.21034,-23.88778],[32.21045,-23.88688],[32.20986,-23.88642],[32.20897,-23.88714]],[[32.20985,-23.88796],[32.21005,-23.88796],[32.20995,-23.88769],[32.20985,-23.88796]],[[32.20493,-23.88685],[32.20513,-23.88685],[32.20513,-23.88667],[32.20493,-23.88685]],[[32.20818,-23.8866],[32.20818,-23.88632],[32.20789,-23.88641],[32.20818,-23.8866]],[[32.20533,-23.88631],[32.20553,-23.8864],[32.20553,-23.88622],[32.20533,-23.88631]],[[32.20888,-23.88606],[32.20877,-23.88651],[32.20947,-23.88624],[32.20888,-23.88606]],[[32.21793,-23.88728],[32.21803,-23.88692],[32.21763,-23.88719],[32.21793,-23.88728]],[[32.21635,-23.88763],[32.21615,-23.88736],[32.21527,-23.88763],[32.21635,-23.88763]],[[32.21911,-23.88765],[32.21911,-23.88801],[32.2194,-23.88792],[32.21911,-23.88765]],[[32.22146,-23.88884],[32.22186,-23.88902],[32.22177,-23.88766],[32.22107,-23.88811],[32.22157,-23.88811],[32.22146,-23.88884]],[[32.2389,-23.88811],[32.2388,-23.88811],[32.2388,-23.88829],[32.2389,-23.88811]],[[32.2192,-23.88901],[32.2192,-23.88883],[32.2189,-23.88882],[32.2192,-23.88901]],[[32.2195,-23.88865],[32.2192,-23.88873],[32.2192,-23.88883],[32.2195,-23.88865]],[[32.21654,-23.88836],[32.21644,-23.88863],[32.21684,-23.88872],[32.21654,-23.88836]],[[32.2196,-23.88819],[32.2192,-23.88828],[32.2192,-23.88846],[32.2196,-23.88819]],[[32.21841,-23.88828],[32.21901,-23.88819],[32.21901,-23.8881],[32.21841,-23.88828]],[[32.21694,-23.88773],[32.21704,-23.88773],[32.21704,-23.88764],[32.21694,-23.88773]],[[32.21438,-23.88753],[32.21458,-23.88753],[32.21458,-23.88744],[32.21438,-23.88753]],[[32.22197,-23.88612],[32.22197,-23.88603],[32.22178,-23.88603],[32.22197,-23.88612]],[[32.21882,-23.88638],[32.21912,-23.88629],[32.21912,-23.88602],[32.21882,-23.88638]],[[32.21823,-23.88619],[32.21833,-23.88619],[32.21833,-23.88601],[32.21823,-23.88619]],[[32.20563,-23.88495],[32.20583,-23.88477],[32.20583,-23.88468],[32.20534,-23.88468],[32.20563,-23.88495]],[[32.20682,-23.88478],[32.20701,-23.88487],[32.20701,-23.8846],[32.20682,-23.88478]],[[32.19618,-23.88472],[32.19608,-23.88436],[32.19589,-23.88436],[32.19618,-23.88472]],[[32.1952,-23.88445],[32.19539,-23.88445],[32.1954,-23.88427],[32.1952,-23.88445]],[[32.19471,-23.88435],[32.1948,-23.88435],[32.1948,-23.88426],[32.19471,-23.88435]],[[32.19648,-23.88391],[32.19667,-23.88436],[32.19727,-23.88391],[32.19648,-23.88391]],[[32.1959,-23.8821],[32.19433,-23.88163],[32.19463,-23.88073],[32.19414,-23.88046],[32.19403,-23.88199],[32.19482,-23.88227],[32.19441,-23.88363],[32.1954,-23.88318],[32.1959,-23.8821]],[[32.19196,-23.88289],[32.19226,-23.88199],[32.19186,-23.88207],[32.19196,-23.88289]],[[32.19304,-23.88226],[32.19285,-23.88226],[32.19285,-23.88235],[32.19304,-23.88226]],[[32.19383,-23.88236],[32.19373,-23.88236],[32.19373,-23.88245],[32.19383,-23.88236]],[[32.19422,-23.88245],[32.19413,-23.88245],[32.19413,-23.88254],[32.19422,-23.88245]],[[32.19295,-23.88172],[32.19285,-23.88181],[32.19305,-23.88181],[32.19295,-23.88172]],[[32.19236,-23.88162],[32.19216,-23.88117],[32.19197,-23.88135],[32.19236,-23.88162]],[[32.19305,-23.88108],[32.19285,-23.88117],[32.19285,-23.88126],[32.19305,-23.88108]],[[32.19315,-23.88072],[32.19335,-23.88072],[32.19355,-23.88045],[32.19286,-23.87982],[32.19315,-23.88072]],[[32.19531,-23.88137],[32.19541,-23.88119],[32.19522,-23.8811],[32.19531,-23.88137]],[[32.20082,-23.88312],[32.2018,-23.88321],[32.20171,-23.88276],[32.20082,-23.88312]],[[32.21274,-23.88282],[32.21264,-23.88282],[32.21264,-23.883],[32.21274,-23.88282]],[[32.20249,-23.88303],[32.20229,-23.8834],[32.20259,-23.8834],[32.20249,-23.88303]],[[32.20072,-23.88339],[32.20072,-23.88357],[32.20091,-23.88357],[32.20072,-23.88339]],[[32.20259,-23.88385],[32.20259,-23.88367],[32.20249,-23.88367],[32.20259,-23.88385]],[[32.20406,-23.88449],[32.20426,-23.88458],[32.20446,-23.88413],[32.20406,-23.88449]],[[32.20623,-23.88441],[32.20603,-23.88441],[32.20603,-23.8845],[32.20623,-23.88441]],[[32.21194,-23.88453],[32.21204,-23.88426],[32.21145,-23.88426],[32.21194,-23.88453]],[[32.21076,-23.88407],[32.21046,-23.88407],[32.21066,-23.88453],[32.21076,-23.88407]],[[32.20859,-23.88424],[32.20869,-23.88424],[32.20869,-23.88415],[32.20859,-23.88424]],[[32.22248,-23.88422],[32.22247,-23.8845],[32.22277,-23.88441],[32.22248,-23.88422]],[[32.21962,-23.88475],[32.21991,-23.88466],[32.22001,-23.88439],[32.21962,-23.8843],[32.21962,-23.88475]],[[32.21834,-23.88438],[32.21804,-23.88429],[32.21814,-23.88493],[32.21834,-23.88438]],[[32.21568,-23.88482],[32.21588,-23.88473],[32.21588,-23.88446],[32.21568,-23.88482]],[[32.20258,-23.8843],[32.20239,-23.8843],[32.20239,-23.88457],[32.20258,-23.8843]],[[32.21784,-23.88502],[32.21765,-23.88501],[32.21765,-23.8852],[32.21784,-23.88502]],[[32.21343,-23.88264],[32.21362,-23.88255],[32.21362,-23.88246],[32.21343,-23.88264]],[[32.19749,-23.87957],[32.19769,-23.87975],[32.19779,-23.87948],[32.19749,-23.87957]],[[32.19651,-23.87893],[32.19651,-23.8792],[32.19681,-23.8792],[32.19651,-23.87893]],[[32.19612,-23.87893],[32.19632,-23.87848],[32.19582,-23.87847],[32.19612,-23.87893]],[[32.19682,-23.87739],[32.19652,-23.8782],[32.1972,-23.87848],[32.19682,-23.87739]],[[32.19425,-23.87865],[32.19445,-23.87856],[32.19445,-23.87847],[32.19425,-23.87865]],[[32.21191,-23.88924],[32.21171,-23.88924],[32.21171,-23.88933],[32.21191,-23.88924]],[[32.21309,-23.88997],[32.21328,-23.88988],[32.21319,-23.88961],[32.21309,-23.88997]],[[32.22529,-23.89103],[32.22519,-23.89103],[32.22509,-23.89121],[32.22529,-23.89103]],[[32.23857,-23.89381],[32.23847,-23.89381],[32.23847,-23.8939],[32.23857,-23.89381]],[[32.23896,-23.8939],[32.23887,-23.8939],[32.23886,-23.89409],[32.23896,-23.8939]],[[32.24172,-23.8941],[32.24142,-23.8941],[32.24142,-23.89437],[32.24172,-23.8941]],[[32.24103,-23.89437],[32.24113,-23.89437],[32.24113,-23.89419],[32.24103,-23.89437]],[[32.26003,-23.89491],[32.25984,-23.89491],[32.25984,-23.89509],[32.26003,-23.89491]],[[32.2744,-23.89652],[32.27529,-23.89734],[32.27529,-23.8968],[32.2744,-23.89652]],[[32.27755,-23.89798],[32.27735,-23.89798],[32.27735,-23.89807],[32.27755,-23.89798]],[[32.27311,-23.89959],[32.27291,-23.89923],[32.27351,-23.8986],[32.27262,-23.8985],[32.27262,-23.89923],[32.27311,-23.89959]],[[32.27665,-23.8997],[32.27714,-23.89943],[32.27675,-23.89925],[32.27665,-23.8997]],[[32.27723,-23.90097],[32.27744,-23.90016],[32.27616,-23.89979],[32.27615,-23.90088],[32.27723,-23.90097]],[[32.27919,-23.90297],[32.27889,-23.9037],[32.28037,-23.9037],[32.28037,-23.90307],[32.27919,-23.90297]],[[32.27741,-23.90459],[32.27741,-23.9045],[32.27722,-23.9045],[32.27741,-23.90459]],[[32.27661,-23.90713],[32.2775,-23.90668],[32.27731,-23.90523],[32.27662,-23.90541],[32.27661,-23.90713]],[[32.27198,-23.90683],[32.27247,-23.90702],[32.27258,-23.9062],[32.27198,-23.90683]],[[32.27119,-23.90719],[32.271,-23.9071],[32.27099,-23.90737],[32.27119,-23.90719]],[[32.27188,-23.90783],[32.27227,-23.90774],[32.27227,-23.90747],[32.27178,-23.90746],[32.27188,-23.90783]],[[32.27247,-23.90792],[32.27296,-23.90829],[32.27306,-23.90801],[32.27247,-23.90792]],[[32.27857,-23.90813],[32.27857,-23.9084],[32.27877,-23.90831],[32.27857,-23.90813]],[[32.27079,-23.908],[32.2705,-23.90782],[32.2704,-23.908],[32.27079,-23.908]],[[32.2703,-23.90746],[32.2704,-23.90746],[32.2704,-23.90728],[32.2703,-23.90746]],[[32.27285,-23.90973],[32.27246,-23.90955],[32.27246,-23.90865],[32.27177,-23.90928],[32.27285,-23.90973]],[[32.27857,-23.90886],[32.27867,-23.90877],[32.27847,-23.90876],[32.27857,-23.90886]],[[32.27709,-23.90885],[32.2766,-23.90894],[32.27689,-23.90939],[32.27709,-23.90885]],[[32.27857,-23.90958],[32.27847,-23.90958],[32.27847,-23.90976],[32.27857,-23.90958]],[[32.27079,-23.90945],[32.27078,-23.90963],[32.27088,-23.90963],[32.27079,-23.90945]],[[32.27078,-23.91126],[32.27196,-23.91136],[32.27236,-23.91],[32.27078,-23.91126]],[[32.27433,-23.9101],[32.27423,-23.9101],[32.27423,-23.91019],[32.27433,-23.9101]],[[32.27689,-23.91039],[32.27689,-23.9103],[32.27669,-23.9103],[32.27689,-23.91039]],[[32.27511,-23.91065],[32.27492,-23.91056],[32.27481,-23.91119],[32.27511,-23.91065]],[[32.27609,-23.91183],[32.27629,-23.91183],[32.27619,-23.91156],[32.27609,-23.91183]],[[32.27688,-23.91193],[32.27688,-23.91174],[32.27668,-23.91174],[32.27688,-23.91193]],[[32.2679,-23.91397],[32.26839,-23.91433],[32.26928,-23.91388],[32.26888,-23.9146],[32.26918,-23.91497],[32.27076,-23.91344],[32.27116,-23.91235],[32.27028,-23.91235],[32.27018,-23.91171],[32.26968,-23.91253],[32.2679,-23.91397]],[[32.269,-23.91243],[32.26899,-23.9127],[32.26929,-23.9127],[32.269,-23.91243]],[[32.27087,-23.91172],[32.27067,-23.91172],[32.27067,-23.91181],[32.27087,-23.91172]],[[32.27166,-23.9119],[32.27136,-23.9119],[32.27146,-23.91217],[32.27166,-23.9119]],[[32.27352,-23.913],[32.27313,-23.91309],[32.27323,-23.91327],[32.27352,-23.913]],[[32.2751,-23.91309],[32.2749,-23.91309],[32.2749,-23.91318],[32.2751,-23.91309]],[[32.27145,-23.91317],[32.27165,-23.91317],[32.27165,-23.91308],[32.27145,-23.91317]],[[32.27647,-23.91383],[32.27697,-23.91401],[32.27716,-23.91374],[32.27677,-23.91346],[32.27647,-23.91383]],[[32.27637,-23.91428],[32.27637,-23.91401],[32.27608,-23.91428],[32.27637,-23.91428]],[[32.27477,-23.91916],[32.2733,-23.91843],[32.27341,-23.91635],[32.27282,-23.9158],[32.2738,-23.91581],[32.27391,-23.91517],[32.2744,-23.91517],[32.2743,-23.91572],[32.27518,-23.91608],[32.27528,-23.91509],[32.2745,-23.91499],[32.2743,-23.91427],[32.2742,-23.9149],[32.27302,-23.91471],[32.27331,-23.91535],[32.27243,-23.91516],[32.27262,-23.91616],[32.27103,-23.91797],[32.27103,-23.9186],[32.27034,-23.91814],[32.27074,-23.91751],[32.26985,-23.91787],[32.26946,-23.9175],[32.26877,-23.91814],[32.26877,-23.91705],[32.26838,-23.91705],[32.26799,-23.91596],[32.26651,-23.91722],[32.26532,-23.91712],[32.26483,-23.91766],[32.26492,-23.91821],[32.26601,-23.91858],[32.26502,-23.91857],[32.26462,-23.91929],[32.26551,-23.92002],[32.2656,-23.92084],[32.26609,-23.92039],[32.2655,-23.92165],[32.26668,-23.92075],[32.26717,-23.92157],[32.26806,-23.9213],[32.26756,-23.9223],[32.26707,-23.92202],[32.26589,-23.92247],[32.26578,-23.92337],[32.26756,-23.92302],[32.26795,-23.92402],[32.26745,-23.92447],[32.26932,-23.92402],[32.26833,-23.92483],[32.26843,-23.92556],[32.26922,-23.92511],[32.26932,-23.92448],[32.26961,-23.92493],[32.2709,-23.92467],[32.27011,-23.92358],[32.27041,-23.92312],[32.2708,-23.92376],[32.2712,-23.9234],[32.2714,-23.92204],[32.27091,-23.92177],[32.27092,-23.92095],[32.27043,-23.92095],[32.27102,-23.91987],[32.27162,-23.91951],[32.2724,-23.92024],[32.27259,-23.92114],[32.2718,-23.92132],[32.27288,-23.92187],[32.27279,-23.92105],[32.27318,-23.92069],[32.27387,-23.92097],[32.27477,-23.91916]],[[32.27318,-23.92169],[32.27387,-23.92196],[32.27377,-23.9226],[32.27268,-23.92268],[32.27258,-23.92341],[32.27416,-23.92269],[32.27405,-23.92396],[32.27504,-23.92405],[32.27544,-23.92288],[32.27485,-23.92278],[32.27465,-23.92342],[32.27426,-23.92206],[32.27476,-23.92079],[32.27318,-23.92169]],[[32.27364,-23.92712],[32.27395,-23.92559],[32.27346,-23.9245],[32.27297,-23.92422],[32.27286,-23.92513],[32.27208,-23.9253],[32.27257,-23.92458],[32.27208,-23.92395],[32.27139,-23.92421],[32.2711,-23.92385],[32.27149,-23.92458],[32.27089,-23.92521],[32.27109,-23.92566],[32.27197,-23.9263],[32.27305,-23.92631],[32.27364,-23.92712]],[[32.27138,-23.92612],[32.27148,-23.92612],[32.27148,-23.92603],[32.27138,-23.92612]],[[32.27109,-23.92621],[32.27138,-23.9263],[32.27138,-23.92612],[32.27109,-23.92621]],[[32.26627,-23.92464],[32.26666,-23.92573],[32.26754,-23.92592],[32.26627,-23.92464]],[[32.27079,-23.92584],[32.27079,-23.92575],[32.2706,-23.92575],[32.27079,-23.92584]],[[32.26932,-23.92538],[32.26942,-23.92538],[32.26942,-23.92529],[32.26932,-23.92538]],[[32.27484,-23.92423],[32.27435,-23.92423],[32.27435,-23.9245],[32.27484,-23.92423]],[[32.27543,-23.92442],[32.27523,-23.92441],[32.27523,-23.9246],[32.27543,-23.92442]],[[32.27385,-23.9245],[32.27385,-23.92468],[32.27415,-23.92459],[32.27385,-23.9245]],[[32.27434,-23.9255],[32.27434,-23.92486],[32.27405,-23.92495],[32.27434,-23.9255]],[[32.27809,-23.92497],[32.27799,-23.92497],[32.27799,-23.92515],[32.27809,-23.92497]],[[32.27798,-23.92569],[32.27828,-23.9257],[32.27828,-23.92542],[32.27798,-23.92569]],[[32.27936,-23.92561],[32.27936,-23.92543],[32.27927,-23.92552],[32.27936,-23.92561]],[[32.27621,-23.92569],[32.2767,-23.92578],[32.2767,-23.92542],[32.27621,-23.92569]],[[32.27759,-23.92533],[32.27749,-23.92533],[32.27749,-23.92551],[32.27759,-23.92533]],[[32.277,-23.92569],[32.2769,-23.92569],[32.2769,-23.92587],[32.277,-23.92569]],[[32.2763,-23.92659],[32.2766,-23.9265],[32.2765,-23.92632],[32.2763,-23.92659]],[[32.2767,-23.92714],[32.27679,-23.92696],[32.2766,-23.92687],[32.2767,-23.92714]],[[32.27295,-23.92712],[32.27236,-23.92721],[32.27206,-23.92802],[32.27275,-23.9283],[32.27264,-23.92993],[32.27393,-23.9283],[32.27412,-23.92885],[32.27462,-23.92821],[32.27511,-23.92876],[32.27561,-23.9274],[32.27423,-23.92713],[32.27472,-23.92785],[32.27413,-23.92803],[32.27295,-23.92712]],[[32.2755,-23.92876],[32.2759,-23.92894],[32.276,-23.92849],[32.2757,-23.92831],[32.2755,-23.92876]],[[32.26703,-23.9299],[32.26889,-23.93063],[32.26899,-23.93027],[32.26752,-23.92918],[32.26703,-23.9299]],[[32.26988,-23.93082],[32.27007,-23.93091],[32.27008,-23.93064],[32.26988,-23.93082]],[[32.26851,-23.929],[32.2688,-23.92909],[32.2689,-23.92873],[32.26841,-23.92855],[32.26851,-23.929]],[[32.26901,-23.92792],[32.26802,-23.92755],[32.26813,-23.92692],[32.26734,-23.92628],[32.26831,-23.92837],[32.26901,-23.92792]],[[32.2691,-23.92819],[32.2691,-23.9281],[32.26901,-23.9281],[32.2691,-23.92819]],[[32.26989,-23.92892],[32.26979,-23.92892],[32.26979,-23.92901],[32.26989,-23.92892]],[[32.26733,-23.92872],[32.26752,-23.92872],[32.26723,-23.92854],[32.26733,-23.92872]],[[32.26684,-23.92709],[32.26694,-23.92709],[32.26694,-23.927],[32.26684,-23.92709]],[[32.26625,-23.927],[32.26635,-23.927],[32.26635,-23.92691],[32.26625,-23.927]],[[32.26419,-23.92681],[32.26428,-23.92681],[32.26429,-23.92672],[32.26419,-23.92681]],[[32.26557,-23.92654],[32.26527,-23.92663],[32.26537,-23.92681],[32.26557,-23.92654]],[[32.27197,-23.92648],[32.27177,-23.92684],[32.27256,-23.92703],[32.27266,-23.92667],[32.27197,-23.92648]],[[32.27128,-23.92702],[32.27128,-23.9272],[32.27147,-23.9272],[32.27128,-23.92702]],[[32.26706,-23.92438],[32.26725,-23.92438],[32.26725,-23.9242],[32.26706,-23.92438]],[[32.26558,-23.92401],[32.26538,-23.9241],[32.26548,-23.92428],[32.26558,-23.92401]],[[32.26637,-23.92419],[32.26676,-23.92428],[32.26667,-23.92383],[32.26637,-23.92419]],[[32.26706,-23.92347],[32.26686,-23.92347],[32.26696,-23.92383],[32.26706,-23.92347]],[[32.2645,-23.92328],[32.26519,-23.92274],[32.2648,-23.92264],[32.2645,-23.92328]],[[32.26401,-23.92273],[32.26421,-23.92273],[32.26421,-23.92255],[32.26401,-23.92273]],[[32.26431,-23.9221],[32.26451,-23.92219],[32.26461,-23.92192],[32.26431,-23.9221]],[[32.26599,-23.92202],[32.26589,-23.92174],[32.26569,-23.92183],[32.26599,-23.92202]],[[32.26234,-23.92191],[32.26294,-23.92091],[32.26264,-23.92091],[32.26234,-23.92191]],[[32.26186,-23.92064],[32.26097,-23.92072],[32.26107,-23.92118],[32.26186,-23.92064]],[[32.26176,-23.92037],[32.26166,-23.92009],[32.26137,-23.92027],[32.26176,-23.92037]],[[32.26491,-23.9212],[32.26511,-23.92083],[32.26471,-23.92083],[32.26491,-23.9212]],[[32.26412,-23.92101],[32.26412,-23.92119],[32.26432,-23.92119],[32.26412,-23.92101]],[[32.26323,-23.92128],[32.26343,-23.92128],[32.26343,-23.9211],[32.26323,-23.92128]],[[32.25969,-23.92036],[32.2595,-23.92026],[32.25949,-23.92054],[32.25969,-23.92036]],[[32.26363,-23.92037],[32.26393,-23.92038],[32.26393,-23.92029],[32.26363,-23.92037]],[[32.26255,-23.92037],[32.26235,-23.92037],[32.26235,-23.92046],[32.26255,-23.92037]],[[32.26296,-23.91747],[32.26286,-23.91775],[32.26315,-23.91793],[32.26296,-23.91747]],[[32.26385,-23.9173],[32.26375,-23.91757],[32.26394,-23.91757],[32.26385,-23.9173]],[[32.26483,-23.91712],[32.26464,-23.91712],[32.26463,-23.9173],[32.26483,-23.91712]],[[32.26612,-23.91649],[32.26661,-23.9165],[32.26622,-23.91577],[32.26582,-23.91586],[32.26612,-23.91649]],[[32.2679,-23.91451],[32.26623,-23.9145],[32.26583,-23.91531],[32.26839,-23.91578],[32.26711,-23.91487],[32.2679,-23.91451]],[[32.27105,-23.91452],[32.27105,-23.91425],[32.27036,-23.91416],[32.26967,-23.91488],[32.26986,-23.91561],[32.27105,-23.91452]],[[32.27549,-23.91409],[32.27539,-23.91409],[32.27539,-23.91427],[32.27549,-23.91409]],[[32.27184,-23.91498],[32.27174,-23.91498],[32.27174,-23.91507],[32.27184,-23.91498]],[[32.26888,-23.9156],[32.26918,-23.91551],[32.26918,-23.91515],[32.26888,-23.9156]],[[32.27016,-23.91624],[32.27055,-23.91615],[32.27045,-23.91579],[32.27016,-23.91624]],[[32.26878,-23.91614],[32.26898,-23.91605],[32.26898,-23.91596],[32.26878,-23.91614]],[[32.26947,-23.91597],[32.26967,-23.91597],[32.26967,-23.91588],[32.26947,-23.91597]],[[32.26917,-23.91732],[32.26907,-23.91732],[32.26907,-23.91741],[32.26917,-23.91732]],[[32.27548,-23.91491],[32.27538,-23.91491],[32.27538,-23.91509],[32.27548,-23.91491]],[[32.27567,-23.916],[32.27577,-23.9159],[32.27558,-23.9159],[32.27567,-23.916]],[[32.27508,-23.9169],[32.27478,-23.91681],[32.27488,-23.91708],[32.27508,-23.9169]],[[32.27547,-23.91762],[32.27508,-23.91735],[32.27507,-23.91817],[32.27556,-23.91817],[32.27547,-23.91762]],[[32.27409,-23.91789],[32.27448,-23.9178],[32.27438,-23.91762],[32.27409,-23.91789]],[[32.2796,-23.9181],[32.2793,-23.91873],[32.2795,-23.91882],[32.2799,-23.91828],[32.2796,-23.9181]],[[32.27733,-23.91854],[32.27733,-23.91872],[32.27743,-23.91863],[32.27733,-23.91854]],[[32.27624,-23.91989],[32.27614,-23.91989],[32.27614,-23.91998],[32.27624,-23.91989]],[[32.2786,-23.92026],[32.2787,-23.92017],[32.27841,-23.92026],[32.2786,-23.92026]],[[32.27634,-23.9208],[32.27634,-23.92053],[32.27604,-23.92052],[32.27634,-23.9208]],[[32.27643,-23.92116],[32.27653,-23.92089],[32.27624,-23.92098],[32.27643,-23.92116]],[[32.27525,-23.9217],[32.27653,-23.9217],[32.27594,-23.92143],[32.27594,-23.92089],[32.27525,-23.92106],[32.27525,-23.9217]],[[32.28184,-23.923],[32.28154,-23.923],[32.28154,-23.92318],[32.28184,-23.923]],[[32.27977,-23.92317],[32.27997,-23.92317],[32.27997,-23.92308],[32.27977,-23.92317]],[[32.27622,-23.92333],[32.27613,-23.92333],[32.27612,-23.92351],[32.27622,-23.92333]],[[32.27563,-23.92351],[32.27583,-23.92342],[32.27583,-23.92333],[32.27563,-23.92351]],[[32.26761,-23.91315],[32.26761,-23.91342],[32.26781,-23.91342],[32.26761,-23.91315]],[[32.27048,-23.91081],[32.27038,-23.91108],[32.27068,-23.91099],[32.27048,-23.91081]],[[32.26367,-23.9144],[32.26337,-23.91449],[32.26347,-23.91476],[32.26367,-23.9144]],[[32.26416,-23.9144],[32.26406,-23.9144],[32.26406,-23.91458],[32.26416,-23.9144]],[[32.26357,-23.91376],[32.26347,-23.91394],[32.26367,-23.91404],[32.26357,-23.91376]],[[32.26175,-23.92263],[32.26224,-23.92218],[32.26086,-23.9219],[32.26076,-23.92226],[32.26175,-23.92263]],[[32.27047,-23.93118],[32.27017,-23.93154],[32.27037,-23.93164],[32.27047,-23.93118]],[[32.26957,-23.93245],[32.27026,-23.932],[32.26919,-23.93118],[32.26957,-23.93245]],[[32.27214,-23.93182],[32.27214,-23.93173],[32.27194,-23.93173],[32.27214,-23.93182]],[[32.27066,-23.93191],[32.27036,-23.93191],[32.27036,-23.93209],[32.27066,-23.93191]],[[32.27302,-23.93264],[32.27302,-23.93219],[32.27273,-23.93228],[32.27302,-23.93264]],[[32.27154,-23.93264],[32.27134,-23.933],[32.27193,-23.93318],[32.27223,-23.93291],[32.27154,-23.93264]],[[32.26937,-23.93326],[32.27045,-23.93417],[32.26997,-23.93263],[32.26937,-23.93326]],[[32.26798,-23.93506],[32.26798,-23.93525],[32.26818,-23.93516],[32.26798,-23.93506]],[[32.27103,-23.93544],[32.27103,-23.93526],[32.27084,-23.93526],[32.27103,-23.93544]],[[32.27063,-23.93644],[32.27034,-23.93643],[32.27034,-23.93671],[32.27063,-23.93644]],[[32.27043,-23.9377],[32.27033,-23.9377],[32.27033,-23.93788],[32.27043,-23.9377]],[[32.27042,-23.93924],[32.27062,-23.93888],[32.27032,-23.93888],[32.27042,-23.93924]],[[32.26983,-23.93897],[32.26993,-23.93897],[32.26993,-23.93888],[32.26983,-23.93897]],[[32.27032,-23.93978],[32.27032,-23.94015],[32.27061,-23.94015],[32.27032,-23.93978]],[[32.27022,-23.94078],[32.27061,-23.94096],[32.27071,-23.9406],[32.27022,-23.94078]],[[32.27061,-23.94123],[32.27041,-23.94123],[32.27041,-23.94141],[32.27061,-23.94123]],[[32.2706,-23.94178],[32.27031,-23.94187],[32.2706,-23.94241],[32.2706,-23.94178]],[[32.27059,-23.94341],[32.27109,-23.94368],[32.27119,-23.94323],[32.27089,-23.94287],[32.27059,-23.94341]],[[32.26882,-23.94367],[32.26902,-23.94367],[32.26902,-23.94349],[32.26882,-23.94367]],[[32.26773,-23.94394],[32.26754,-23.94394],[32.26754,-23.94403],[32.26773,-23.94394]],[[32.26783,-23.94512],[32.26812,-23.94521],[32.26803,-23.94475],[32.26783,-23.94512]],[[32.27381,-23.95021],[32.27361,-23.95021],[32.27361,-23.9503],[32.27381,-23.95021]],[[32.26898,-23.95073],[32.26917,-23.95083],[32.26918,-23.95055],[32.26898,-23.95073]],[[32.27124,-23.95102],[32.27154,-23.95093],[32.27144,-23.95066],[32.27124,-23.95102]],[[32.26837,-23.95345],[32.26876,-23.95345],[32.26887,-23.95264],[32.26809,-23.95164],[32.26837,-23.95345]],[[32.27468,-23.95194],[32.27429,-23.95185],[32.27429,-23.95221],[32.27468,-23.95194]],[[32.27497,-23.95366],[32.27635,-23.9543],[32.27663,-23.95566],[32.27792,-23.95549],[32.27831,-23.95639],[32.27978,-23.95694],[32.27958,-23.95749],[32.28067,-23.95704],[32.28214,-23.95768],[32.28234,-23.95714],[32.28253,-23.95786],[32.28214,-23.95831],[32.28273,-23.95813],[32.28302,-23.95859],[32.28302,-23.95967],[32.28381,-23.95914],[32.28322,-23.95859],[32.28352,-23.95823],[32.2841,-23.95923],[32.28558,-23.95987],[32.28814,-23.95925],[32.28922,-23.95979],[32.28884,-23.9588],[32.28706,-23.95824],[32.28667,-23.9577],[32.2854,-23.95724],[32.28392,-23.95742],[32.28343,-23.95642],[32.28244,-23.95659],[32.28077,-23.95559],[32.2791,-23.95531],[32.2792,-23.95477],[32.27832,-23.95431],[32.27703,-23.95503],[32.27684,-23.95394],[32.27458,-23.95248],[32.27497,-23.95366]],[[32.27537,-23.95258],[32.27517,-23.95258],[32.27517,-23.95267],[32.27537,-23.95258]],[[32.27733,-23.95376],[32.27704,-23.95403],[32.27773,-23.95422],[32.27733,-23.95376]],[[32.28972,-23.95952],[32.28992,-23.95953],[32.29002,-23.95907],[32.28962,-23.95907],[32.28972,-23.95952]],[[32.28194,-23.95858],[32.28175,-23.95786],[32.28155,-23.95795],[32.28194,-23.95858]],[[32.27967,-23.95821],[32.28046,-23.95867],[32.28037,-23.95812],[32.27987,-23.95785],[32.27967,-23.95821]],[[32.27417,-23.95601],[32.27348,-23.95574],[32.27407,-23.95683],[32.27515,-23.95737],[32.27574,-23.9572],[32.27417,-23.95601]],[[32.27072,-23.95654],[32.27082,-23.95654],[32.27082,-23.95645],[32.27072,-23.95654]],[[32.27319,-23.95546],[32.2727,-23.95528],[32.27269,-23.95555],[32.27319,-23.95546]],[[32.27496,-23.95565],[32.27506,-23.95556],[32.27486,-23.95556],[32.27496,-23.95565]],[[32.27555,-23.95638],[32.27545,-23.95638],[32.27545,-23.95647],[32.27555,-23.95638]],[[32.27063,-23.95464],[32.26906,-23.95399],[32.26895,-23.95481],[32.26984,-23.95518],[32.27063,-23.95464]],[[32.26886,-23.95381],[32.26886,-23.95408],[32.26896,-23.95409],[32.26886,-23.95381]],[[32.27437,-23.95493],[32.27418,-23.95492],[32.27417,-23.95502],[32.27437,-23.95493]],[[32.26719,-23.95344],[32.26699,-23.95335],[32.26699,-23.95353],[32.26719,-23.95344]],[[32.2666,-23.95262],[32.26631,-23.95271],[32.2665,-23.95344],[32.26699,-23.95326],[32.2666,-23.95262]],[[32.26965,-23.95345],[32.26945,-23.95345],[32.26945,-23.95354],[32.26965,-23.95345]],[[32.26561,-23.95289],[32.26581,-23.95289],[32.26581,-23.9528],[32.26561,-23.95289]],[[32.26759,-23.95227],[32.2671,-23.9519],[32.2671,-23.95217],[32.26759,-23.95227]],[[32.26444,-23.95153],[32.26464,-23.95153],[32.26464,-23.95144],[32.26444,-23.95153]],[[32.28252,-23.9604],[32.28282,-23.96031],[32.28282,-23.96022],[32.28252,-23.9604]],[[32.28169,-23.91467],[32.28159,-23.91476],[32.28179,-23.91476],[32.28169,-23.91467]],[[32.28116,-23.9028],[32.28126,-23.9028],[32.28126,-23.90271],[32.28116,-23.9028]],[[32.2791,-23.90225],[32.2791,-23.90261],[32.27969,-23.90243],[32.2791,-23.90225]],[[32.28069,-23.89981],[32.28166,-23.90163],[32.28176,-23.90135],[32.28147,-23.90036],[32.28069,-23.89981]],[[32.27443,-23.8919],[32.27463,-23.8919],[32.27463,-23.89172],[32.27443,-23.8919]],[[32.27021,-23.88862],[32.27031,-23.88862],[32.27031,-23.88844],[32.27021,-23.88862]],[[32.26479,-23.88996],[32.26499,-23.88996],[32.26499,-23.88978],[32.26479,-23.88996]],[[32.25673,-23.88774],[32.25672,-23.88792],[32.25692,-23.88793],[32.25673,-23.88774]],[[32.24249,-23.88043],[32.24141,-23.88024],[32.24258,-23.88143],[32.24317,-23.88107],[32.24269,-23.87971],[32.24249,-23.88043]],[[32.24082,-23.87988],[32.24023,-23.87924],[32.24003,-23.8796],[32.24082,-23.87988]],[[32.24102,-23.8797],[32.24112,-23.87943],[32.24082,-23.87933],[32.24102,-23.8797]],[[32.23699,-23.87732],[32.23699,-23.87814],[32.23847,-23.87815],[32.23768,-23.87733],[32.23699,-23.87732]],[[32.23512,-23.87768],[32.23591,-23.8775],[32.23571,-23.87723],[32.23483,-23.87704],[32.23512,-23.87768]],[[32.23945,-23.87734],[32.23877,-23.87724],[32.23935,-23.87788],[32.23975,-23.87788],[32.23945,-23.87734]],[[32.2368,-23.87723],[32.2366,-23.87723],[32.2366,-23.87732],[32.2368,-23.87723]],[[32.24014,-23.87806],[32.23994,-23.87806],[32.23994,-23.87815],[32.24014,-23.87806]],[[32.23749,-23.8766],[32.2368,-23.87669],[32.2369,-23.87696],[32.23749,-23.8766]],[[32.23542,-23.87668],[32.23562,-23.87668],[32.23562,-23.87659],[32.23542,-23.87668]],[[32.23641,-23.8766],[32.23631,-23.8766],[32.23631,-23.87669],[32.23641,-23.8766]],[[32.23651,-23.87569],[32.23582,-23.87569],[32.23582,-23.87587],[32.23651,-23.87569]],[[32.23464,-23.87532],[32.23494,-23.87532],[32.23504,-23.87505],[32.23464,-23.87532]],[[32.23827,-23.87851],[32.23817,-23.87851],[32.23817,-23.8786],[32.23827,-23.87851]],[[32.23639,-23.87877],[32.2362,-23.87868],[32.23619,-23.87904],[32.23639,-23.87877]],[[32.2356,-23.8794],[32.2359,-23.87922],[32.2358,-23.87904],[32.2356,-23.8794]],[[32.22231,-23.87906],[32.22191,-23.87951],[32.22113,-23.87942],[32.2224,-23.8797],[32.2221,-23.88105],[32.22279,-23.88087],[32.2225,-23.88015],[32.2229,-23.87997],[32.22231,-23.87906]],[[32.22132,-23.88051],[32.22161,-23.88042],[32.22152,-23.88023],[32.22132,-23.88051]],[[32.22782,-23.88009],[32.22792,-23.88036],[32.22811,-23.88036],[32.22782,-23.88009]],[[32.22614,-23.88053],[32.22624,-23.88044],[32.22604,-23.88044],[32.22614,-23.88053]],[[32.22407,-23.88061],[32.22378,-23.8807],[32.22378,-23.88097],[32.22407,-23.88061]],[[32.22309,-23.88088],[32.22328,-23.88088],[32.22329,-23.8807],[32.22309,-23.88088]],[[32.22626,-23.87673],[32.22646,-23.87664],[32.22646,-23.87655],[32.22626,-23.87673]],[[32.22548,-23.87645],[32.22577,-23.87645],[32.22567,-23.87627],[32.22548,-23.87645]],[[32.2243,-23.87572],[32.2241,-23.87581],[32.2242,-23.87608],[32.2243,-23.87572]],[[32.22637,-23.87582],[32.22627,-23.87582],[32.22617,-23.876],[32.22637,-23.87582]],[[32.22528,-23.87609],[32.22548,-23.876],[32.22548,-23.87591],[32.22528,-23.87609]],[[32.22212,-23.8787],[32.22162,-23.87879],[32.22162,-23.87897],[32.22212,-23.8787]]],[[[32.16436,-23.91769],[32.16446,-23.91733],[32.16514,-23.91779],[32.16475,-23.91806],[32.16436,-23.91769]]],[[[32.18259,-23.91589],[32.18328,-23.91598],[32.18308,-23.91626],[32.1821,-23.91634],[32.18259,-23.91589]]],[[[32.19463,-23.91197],[32.19513,-23.9117],[32.19532,-23.91243],[32.19463,-23.91197]]],[[[32.1669,-23.90539],[32.1667,-23.90594],[32.1665,-23.90584],[32.16641,-23.90521],[32.1669,-23.90539]]],[[[32.18983,-23.89275],[32.19051,-23.89357],[32.18943,-23.89356],[32.18943,-23.89293],[32.19042,-23.89194],[32.19042,-23.89302],[32.18983,-23.89275]]],[[[32.16404,-23.8908],[32.16492,-23.89089],[32.16472,-23.89135],[32.16404,-23.8908]]],[[[32.16769,-23.88946],[32.16858,-23.88947],[32.16848,-23.88974],[32.16769,-23.88946]]],[[[32.16717,-23.88689],[32.1675,-23.88919],[32.1666,-23.88982],[32.16652,-23.88719],[32.16574,-23.88646],[32.16712,-23.88602],[32.16841,-23.88412],[32.1693,-23.88386],[32.16717,-23.88689]]],[[[32.17303,-23.88641],[32.17254,-23.88641],[32.17279,-23.88578],[32.17333,-23.88596],[32.17303,-23.88641]]],[[[32.16418,-23.88473],[32.16507,-23.88401],[32.16555,-23.88483],[32.16525,-23.88555],[32.16418,-23.88473]]],[[[32.17058,-23.88368],[32.17206,-23.88333],[32.17186,-23.88377],[32.17038,-23.88404],[32.17058,-23.88368]]],[[[32.17502,-23.88226],[32.17314,-23.88379],[32.17236,-23.88324],[32.17375,-23.88198],[32.17395,-23.8808],[32.17394,-23.88225],[32.17502,-23.88226]]],[[[32.1898,-23.88161],[32.19,-23.88161],[32.18989,-23.88234],[32.1898,-23.88161]]],[[[32.17453,-23.88207],[32.17424,-23.88144],[32.17503,-23.88117],[32.17453,-23.88207]]],[[[32.17159,-23.88097],[32.17188,-23.88088],[32.17188,-23.8817],[32.17159,-23.88097]]],[[[32.19098,-23.88198],[32.19068,-23.88216],[32.19069,-23.88017],[32.19119,-23.88035],[32.19098,-23.88198]]],[[[32.17405,-23.87999],[32.17327,-23.87989],[32.17326,-23.88035],[32.17277,-23.88034],[32.17288,-23.87862],[32.17416,-23.87881],[32.17405,-23.87999]],[[32.17386,-23.87944],[32.17366,-23.87944],[32.17366,-23.87962],[32.17386,-23.87944]]],[[[32.22881,-23.87918],[32.22921,-23.87864],[32.22862,-23.87837],[32.2295,-23.87819],[32.2295,-23.87919],[32.22881,-23.87918]]],[[[32.23256,-23.8783],[32.23285,-23.87911],[32.23137,-23.87911],[32.23157,-23.87802],[32.23236,-23.87866],[32.23256,-23.8783]]],[[[32.17927,-23.87992],[32.1777,-23.87955],[32.17878,-23.87929],[32.17927,-23.87965],[32.17918,-23.87902],[32.17987,-23.87902],[32.17948,-23.87848],[32.17741,-23.87901],[32.17691,-23.87982],[32.17602,-23.87982],[32.17613,-23.87936],[32.17573,-23.87954],[32.17534,-23.879],[32.17543,-23.87972],[32.17504,-23.87981],[32.17455,-23.87917],[32.17504,-23.879],[32.17505,-23.87818],[32.17593,-23.87873],[32.17603,-23.87819],[32.17663,-23.87801],[32.17623,-23.87764],[32.17624,-23.87692],[32.17732,-23.87774],[32.17731,-23.87828],[32.17909,-23.8773],[32.18204,-23.87858],[32.18085,-23.87957],[32.17927,-23.87992]],[[32.18076,-23.87866],[32.18026,-23.87884],[32.18076,-23.87903],[32.18135,-23.87876],[32.18076,-23.87866]],[[32.17711,-23.87865],[32.17633,-23.87828],[32.17643,-23.87864],[32.17711,-23.87865]],[[32.1781,-23.87829],[32.1782,-23.87829],[32.1782,-23.8782],[32.1781,-23.87829]],[[32.17879,-23.87811],[32.17909,-23.87811],[32.17899,-23.87784],[32.17879,-23.87811]],[[32.17632,-23.87927],[32.17662,-23.87928],[32.17662,-23.87919],[32.17632,-23.87927]]],[[[32.1843,-23.87886],[32.18568,-23.87833],[32.18598,-23.87761],[32.18627,-23.87824],[32.18509,-23.87923],[32.1843,-23.87886]]],[[[32.18303,-23.87786],[32.18352,-23.87841],[32.18322,-23.87922],[32.18203,-23.87931],[32.18284,-23.87686],[32.18392,-23.87723],[32.18382,-23.87778],[32.18303,-23.87786]],[[32.18292,-23.87859],[32.18322,-23.8785],[32.18312,-23.87822],[32.18292,-23.87859]],[[32.18283,-23.87732],[32.18283,-23.87723],[32.18274,-23.87723],[32.18283,-23.87732]]],[[[32.18205,-23.8774],[32.18224,-23.87759],[32.18165,-23.87804],[32.18145,-23.87767],[32.18205,-23.8774]]],[[[32.19091,-23.87754],[32.1912,-23.87836],[32.18696,-23.87815],[32.18697,-23.87743],[32.18894,-23.87744],[32.18894,-23.87681],[32.19091,-23.87754]],[[32.18874,-23.87807],[32.18953,-23.8779],[32.18933,-23.87771],[32.18874,-23.87807]]],[[[32.1723,-23.87617],[32.17221,-23.87554],[32.17093,-23.87562],[32.17152,-23.87599],[32.17092,-23.87698],[32.17024,-23.87634],[32.16925,-23.87661],[32.16885,-23.87733],[32.16797,-23.87715],[32.16875,-23.87788],[32.16757,-23.87778],[32.16697,-23.87941],[32.16628,-23.87877],[32.1652,-23.87912],[32.1647,-23.87903],[32.16539,-23.87894],[32.1654,-23.87858],[32.16119,-23.87901],[32.16119,-23.87779],[32.17359,-23.87499],[32.1723,-23.87617]],[[32.1654,-23.87831],[32.1654,-23.87813],[32.1653,-23.87813],[32.1654,-23.87831]]],[[[32.17545,-23.87728],[32.17594,-23.8771],[32.17604,-23.87755],[32.17515,-23.87764],[32.17486,-23.87718],[32.17436,-23.87754],[32.17378,-23.87664],[32.17348,-23.87745],[32.17289,-23.87726],[32.17388,-23.87636],[32.17339,-23.876],[32.17369,-23.87497],[32.17657,-23.87457],[32.17812,-23.87492],[32.17753,-23.8753],[32.17655,-23.87502],[32.17723,-23.87584],[32.17792,-23.87557],[32.17782,-23.87657],[32.17703,-23.87665],[32.17694,-23.87584],[32.17625,-23.87538],[32.17566,-23.87574],[32.17614,-23.87692],[32.17575,-23.87656],[32.17545,-23.87728]],[[32.17516,-23.87628],[32.17526,-23.87655],[32.17565,-23.87637],[32.17556,-23.87592],[32.17516,-23.87628]],[[32.17447,-23.87673],[32.17457,-23.87646],[32.17427,-23.87646],[32.17447,-23.87673]]],[[[32.18757,-23.87508],[32.18777,-23.87544],[32.18708,-23.87562],[32.18757,-23.87508]]],[[[32.24272,-23.874],[32.24252,-23.87536],[32.24351,-23.87419],[32.2441,-23.87464],[32.24409,-23.876],[32.24458,-23.87609],[32.24488,-23.87519],[32.24557,-23.87501],[32.24557,-23.87619],[32.24409,-23.87659],[32.23976,-23.8749],[32.24056,-23.87426],[32.23997,-23.87372],[32.24037,-23.87318],[32.24115,-23.87372],[32.24204,-23.87346],[32.24272,-23.874]],[[32.24076,-23.87372],[32.24056,-23.87372],[32.24056,-23.87381],[32.24076,-23.87372]]],[[[32.16622,-23.87234],[32.16741,-23.87235],[32.16799,-23.87289],[32.16809,-23.87253],[32.17223,-23.8721],[32.17765,-23.87204],[32.17814,-23.8715],[32.18238,-23.87161],[32.18435,-23.87099],[32.18731,-23.87091],[32.19154,-23.87093],[32.19232,-23.8713],[32.19833,-23.87106],[32.20335,-23.87136],[32.20384,-23.87172],[32.20641,-23.87083],[32.20601,-23.8711],[32.2063,-23.87165],[32.20719,-23.87174],[32.20798,-23.8712],[32.20758,-23.87183],[32.20916,-23.87184],[32.20946,-23.87103],[32.21103,-23.87104],[32.21044,-23.87139],[32.21054,-23.87185],[32.21221,-23.87149],[32.2131,-23.87186],[32.2133,-23.87078],[32.21419,-23.8706],[32.21458,-23.87133],[32.21566,-23.87142],[32.21585,-23.87233],[32.21644,-23.87215],[32.21683,-23.8726],[32.22363,-23.87273],[32.22184,-23.87351],[32.21818,-23.87267],[32.18785,-23.87113],[32.18208,-23.87191],[32.17036,-23.87273],[32.16385,-23.87432],[32.16119,-23.87573],[32.16119,-23.87439],[32.16622,-23.87234]],[[32.16494,-23.87378],[32.16493,-23.87396],[32.16513,-23.87396],[32.16494,-23.87378]],[[32.16553,-23.87333],[32.16562,-23.87369],[32.16592,-23.8736],[32.16553,-23.87333]],[[32.17715,-23.87222],[32.17716,-23.87213],[32.17696,-23.87212],[32.17715,-23.87222]],[[32.21467,-23.87169],[32.21467,-23.87187],[32.21487,-23.87187],[32.21467,-23.87169]],[[32.21369,-23.87105],[32.21349,-23.87132],[32.21389,-23.87141],[32.21369,-23.87105]],[[32.20975,-23.87157],[32.20975,-23.87175],[32.20995,-23.87175],[32.20975,-23.87157]]],[[[32.23073,-23.87104],[32.23062,-23.87222],[32.23122,-23.87168],[32.2321,-23.87169],[32.23338,-23.87251],[32.23417,-23.87233],[32.23396,-23.87323],[32.23505,-23.87297],[32.23514,-23.87351],[32.23453,-23.87379],[32.22944,-23.87293],[32.22964,-23.8724],[32.22777,-23.87239],[32.22669,-23.87121],[32.22856,-23.87067],[32.22994,-23.87095],[32.22984,-23.87149],[32.23073,-23.87104]],[[32.22935,-23.8714],[32.22935,-23.87122],[32.22915,-23.87122],[32.22935,-23.8714]],[[32.22954,-23.87185],[32.22954,-23.87158],[32.22925,-23.87158],[32.22954,-23.87185]]],[[[32.20464,-23.87028],[32.20503,-23.87046],[32.20483,-23.871],[32.20464,-23.87028]]],[[[32.21183,-23.86986],[32.21242,-23.86996],[32.21192,-23.87095],[32.21153,-23.87031],[32.21183,-23.86986]]],[[[32.24541,-23.86894],[32.246,-23.86895],[32.246,-23.86985],[32.24531,-23.86949],[32.24541,-23.86894]]],[[[32.21932,-23.86945],[32.21922,-23.86881],[32.21971,-23.869],[32.21991,-23.86954],[32.21932,-23.86945]]],[[[32.16693,-23.86999],[32.16624,-23.87053],[32.16555,-23.87043],[32.16496,-23.86925],[32.16575,-23.86935],[32.16645,-23.86827],[32.16625,-23.86781],[32.16733,-23.86818],[32.16693,-23.86999]]],[[[32.24374,-23.86866],[32.24364,-23.86821],[32.24512,-23.8684],[32.24462,-23.86903],[32.24374,-23.86866]]],[[[32.23056,-23.86634],[32.23065,-23.86688],[32.23016,-23.86688],[32.23056,-23.86634]]],[[[32.23509,-23.86527],[32.23559,-23.86482],[32.23569,-23.86509],[32.23529,-23.86554],[32.23509,-23.86527]]],[[[32.18804,-23.86349],[32.18873,-23.86322],[32.18863,-23.86395],[32.18804,-23.86349]]],[[[32.22241,-23.86177],[32.22251,-23.86213],[32.22202,-23.86222],[32.22192,-23.86176],[32.22241,-23.86177]]],[[[32.24359,-23.86042],[32.2434,-23.85997],[32.24458,-23.86025],[32.24359,-23.86042]]],[[[32.24202,-23.86005],[32.24172,-23.8596],[32.24232,-23.8587],[32.2432,-23.85906],[32.24281,-23.85997],[32.24202,-23.86005]]],[[[32.22728,-23.85455],[32.22738,-23.854],[32.22768,-23.85401],[32.22777,-23.85446],[32.22728,-23.85455]]],[[[32.23785,-23.84935],[32.23903,-23.84972],[32.23942,-23.84908],[32.24011,-23.84945],[32.24051,-23.84846],[32.23972,-23.84899],[32.23903,-23.84854],[32.23904,-23.84772],[32.23795,-23.8479],[32.23776,-23.84672],[32.23865,-23.84618],[32.23796,-23.84582],[32.23767,-23.84491],[32.2358,-23.84508],[32.23591,-23.84454],[32.23649,-23.8449],[32.23719,-23.84409],[32.23787,-23.84464],[32.23817,-23.84446],[32.23709,-23.84337],[32.23749,-23.84283],[32.23837,-23.8431],[32.23808,-23.84247],[32.23848,-23.84193],[32.24094,-23.84257],[32.24113,-23.8433],[32.24241,-23.84348],[32.2431,-23.84285],[32.24418,-23.84349],[32.24379,-23.84259],[32.24469,-23.84114],[32.24616,-23.84242],[32.25138,-23.84099],[32.25207,-23.84154],[32.25256,-23.84127],[32.25236,-23.84208],[32.25325,-23.84218],[32.25334,-23.84272],[32.25462,-23.84255],[32.25531,-23.84319],[32.25451,-23.84445],[32.2555,-23.84463],[32.25757,-23.84356],[32.25747,-23.84446],[32.25835,-23.84465],[32.25914,-23.84348],[32.25895,-23.84266],[32.25807,-23.84284],[32.25728,-23.84238],[32.25729,-23.84147],[32.25758,-23.84129],[32.25807,-23.84211],[32.25866,-23.84202],[32.25956,-23.83986],[32.26005,-23.84022],[32.26163,-23.83932],[32.26172,-23.83996],[32.26183,-23.83851],[32.26293,-23.83607],[32.26342,-23.83598],[32.26303,-23.83543],[32.26343,-23.83453],[32.26441,-23.83508],[32.26371,-23.83707],[32.26409,-23.83906],[32.2634,-23.83933],[32.26448,-23.83961],[32.26398,-23.84133],[32.26427,-23.84205],[32.26338,-23.8425],[32.26328,-23.84313],[32.2626,-23.84259],[32.262,-23.84322],[32.262,-23.84376],[32.26278,-23.84422],[32.26278,-23.84512],[32.26199,-23.84575],[32.26189,-23.84539],[32.2613,-23.84548],[32.2614,-23.84475],[32.26091,-23.84448],[32.26081,-23.84502],[32.26012,-23.84475],[32.25992,-23.84547],[32.25953,-23.84547],[32.26002,-23.84611],[32.25933,-23.84583],[32.25883,-23.84601],[32.25903,-23.84637],[32.2607,-23.84647],[32.2609,-23.84702],[32.2613,-23.84602],[32.26228,-23.84639],[32.26258,-23.84585],[32.26287,-23.84612],[32.26367,-23.84431],[32.26465,-23.84395],[32.26613,-23.84487],[32.26534,-23.84532],[32.26612,-23.84668],[32.26552,-23.84731],[32.26591,-23.8484],[32.26551,-23.84921],[32.26502,-23.84857],[32.26413,-23.84984],[32.26354,-23.84993],[32.26373,-23.85047],[32.26265,-23.84992],[32.26236,-23.84938],[32.26167,-23.85019],[32.26118,-23.84991],[32.26127,-23.85064],[32.26206,-23.85073],[32.26156,-23.85082],[32.26186,-23.85137],[32.26274,-23.85101],[32.26215,-23.85082],[32.26236,-23.85019],[32.26314,-23.85056],[32.26304,-23.85128],[32.26156,-23.85164],[32.26106,-23.85254],[32.26037,-23.85226],[32.26008,-23.85272],[32.25919,-23.85271],[32.25998,-23.85308],[32.26046,-23.85408],[32.25977,-23.85453],[32.26006,-23.85498],[32.25966,-23.85597],[32.26016,-23.85616],[32.26075,-23.85516],[32.26183,-23.85617],[32.26084,-23.85616],[32.26094,-23.8567],[32.26025,-23.85634],[32.25995,-23.85679],[32.26133,-23.85716],[32.26212,-23.85689],[32.26202,-23.85734],[32.25995,-23.85824],[32.25984,-23.85887],[32.26073,-23.85924],[32.26053,-23.85996],[32.26014,-23.85942],[32.25955,-23.8595],[32.25865,-23.86086],[32.25856,-23.86004],[32.25669,-23.85931],[32.2557,-23.85967],[32.2556,-23.86039],[32.25619,-23.86085],[32.25698,-23.86049],[32.25629,-23.86148],[32.25638,-23.86239],[32.25746,-23.86194],[32.25756,-23.86276],[32.25844,-23.86276],[32.25865,-23.86185],[32.25727,-23.86149],[32.25737,-23.86094],[32.25796,-23.86113],[32.25747,-23.86031],[32.25806,-23.86031],[32.25865,-23.86104],[32.25845,-23.86167],[32.25923,-23.86222],[32.25884,-23.86258],[32.25913,-23.86285],[32.26002,-23.86231],[32.25983,-23.86132],[32.26022,-23.86132],[32.26012,-23.86168],[32.26091,-23.86141],[32.26062,-23.86042],[32.26131,-23.86024],[32.2619,-23.86169],[32.26356,-23.86269],[32.26248,-23.86296],[32.2619,-23.86178],[32.2613,-23.8625],[32.26022,-23.86222],[32.26071,-23.86277],[32.26199,-23.86278],[32.26218,-23.86414],[32.26366,-23.86378],[32.26365,-23.86441],[32.26316,-23.86468],[32.26296,-23.86514],[32.26247,-23.86513],[32.26247,-23.8645],[32.26168,-23.86513],[32.26275,-23.86667],[32.2604,-23.86585],[32.26118,-23.86558],[32.26129,-23.86477],[32.26021,-23.86367],[32.25942,-23.86367],[32.25833,-23.86584],[32.25735,-23.86493],[32.25626,-23.86519],[32.25665,-23.86601],[32.25586,-23.86673],[32.25587,-23.86601],[32.25508,-23.86609],[32.25538,-23.86483],[32.25478,-23.86582],[32.25429,-23.86564],[32.2539,-23.86618],[32.25331,-23.86599],[32.2537,-23.86509],[32.25292,-23.86518],[32.25311,-23.86563],[32.25173,-23.86581],[32.25263,-23.86427],[32.25283,-23.86273],[32.25165,-23.86245],[32.25184,-23.86354],[32.25135,-23.86381],[32.25116,-23.863],[32.24987,-23.86335],[32.24988,-23.86281],[32.2486,-23.86235],[32.2488,-23.86163],[32.24831,-23.86162],[32.24623,-23.86424],[32.24672,-23.86469],[32.24761,-23.86361],[32.248,-23.86443],[32.24869,-23.86389],[32.24918,-23.86462],[32.24839,-23.86461],[32.24838,-23.86561],[32.24789,-23.86597],[32.2477,-23.86551],[32.24572,-23.86659],[32.24553,-23.86605],[32.24612,-23.86569],[32.24583,-23.86496],[32.24622,-23.86451],[32.24485,-23.86432],[32.24395,-23.86613],[32.24563,-23.8655],[32.24503,-23.86623],[32.24552,-23.86695],[32.24394,-23.86713],[32.24384,-23.86785],[32.24345,-23.86758],[32.24295,-23.86812],[32.24286,-23.86757],[32.24158,-23.86739],[32.24098,-23.86874],[32.24039,-23.86838],[32.24109,-23.86756],[32.2408,-23.86666],[32.23981,-23.8672],[32.23912,-23.86701],[32.23942,-23.86638],[32.24011,-23.86647],[32.23962,-23.86602],[32.24002,-23.8653],[32.241,-23.86494],[32.24052,-23.86421],[32.24081,-23.86385],[32.24012,-23.86394],[32.24022,-23.86349],[32.23894,-23.86475],[32.23845,-23.86456],[32.23845,-23.86311],[32.23786,-23.86329],[32.23796,-23.86375],[32.23687,-23.86456],[32.23864,-23.86547],[32.23687,-23.86501],[32.23667,-23.866],[32.23588,-23.86564],[32.23667,-23.8651],[32.23648,-23.86464],[32.23412,-23.86418],[32.23372,-23.86454],[32.23471,-23.86445],[32.2349,-23.86536],[32.2341,-23.86608],[32.23293,-23.86553],[32.23283,-23.86472],[32.23195,-23.86453],[32.23195,-23.86363],[32.23126,-23.86389],[32.23028,-23.86335],[32.23018,-23.86416],[32.23057,-23.86443],[32.22959,-23.86425],[32.22948,-23.86479],[32.2288,-23.86479],[32.2282,-23.86542],[32.22702,-23.86487],[32.22623,-23.8655],[32.22545,-23.86468],[32.22525,-23.86531],[32.22594,-23.86541],[32.22593,-23.86586],[32.22446,-23.86603],[32.22376,-23.86648],[32.22376,-23.86703],[32.22248,-23.8672],[32.22287,-23.86829],[32.22198,-23.86783],[32.22149,-23.86828],[32.22168,-23.8691],[32.22119,-23.869],[32.22119,-23.86955],[32.22079,-23.86955],[32.2205,-23.86882],[32.2211,-23.86819],[32.2208,-23.86783],[32.22021,-23.86818],[32.22002,-23.86764],[32.22063,-23.86348],[32.22132,-23.86321],[32.22093,-23.86366],[32.22132,-23.86384],[32.22201,-23.86303],[32.22289,-23.86403],[32.22358,-23.86349],[32.22575,-23.86378],[32.22763,-23.86225],[32.22754,-23.86116],[32.22833,-23.86062],[32.22784,-23.85971],[32.22943,-23.85818],[32.22884,-23.85727],[32.22943,-23.85737],[32.22983,-23.85655],[32.23081,-23.85656],[32.23072,-23.85511],[32.23161,-23.85475],[32.2321,-23.85539],[32.2326,-23.85485],[32.23201,-23.85457],[32.2323,-23.85412],[32.23171,-23.85421],[32.23202,-23.85303],[32.23153,-23.85249],[32.23202,-23.85276],[32.23251,-23.85222],[32.23222,-23.85186],[32.2336,-23.85114],[32.23399,-23.85168],[32.23468,-23.8516],[32.23488,-23.85123],[32.23419,-23.85123],[32.23371,-23.85014],[32.235,-23.84861],[32.23597,-23.84943],[32.23735,-23.84935],[32.23676,-23.84998],[32.23774,-23.8508],[32.23981,-23.85063],[32.2402,-23.85108],[32.23981,-23.8499],[32.23843,-23.85026],[32.23785,-23.84935]],[[32.26368,-23.84178],[32.26378,-23.84205],[32.26398,-23.84196],[32.26368,-23.84178]],[[32.26344,-23.84983],[32.26334,-23.84956],[32.26305,-23.84965],[32.26344,-23.84983]],[[32.26104,-23.85589],[32.26124,-23.85598],[32.26124,-23.85571],[32.26104,-23.85589]],[[32.23362,-23.86554],[32.23371,-23.86545],[32.23352,-23.86544],[32.23362,-23.86554]],[[32.2402,-23.84999],[32.2403,-23.84972],[32.24001,-23.84963],[32.2402,-23.84999]],[[32.26251,-23.84068],[32.26251,-23.84105],[32.2629,-23.84087],[32.263,-23.84023],[32.26251,-23.84068]],[[32.26083,-23.84113],[32.26093,-23.84041],[32.26034,-23.8404],[32.26014,-23.84104],[32.26083,-23.84113]],[[32.26192,-23.84041],[32.26192,-23.8405],[32.26202,-23.8405],[32.26192,-23.84041]],[[32.26211,-23.84141],[32.26221,-23.84177],[32.26241,-23.84132],[32.26211,-23.84141]],[[32.26309,-23.84186],[32.26309,-23.84205],[32.26329,-23.84205],[32.26309,-23.84186]],[[32.2617,-23.84394],[32.26131,-23.84385],[32.26131,-23.84412],[32.2617,-23.84394]],[[32.2617,-23.84448],[32.26189,-23.84512],[32.26248,-23.84485],[32.2617,-23.84448]],[[32.25924,-23.84474],[32.25894,-23.84474],[32.25894,-23.84501],[32.25924,-23.84474]],[[32.24899,-23.84515],[32.24919,-23.84479],[32.2489,-23.84478],[32.24899,-23.84515]],[[32.25618,-23.84536],[32.25372,-23.84553],[32.25411,-23.84617],[32.25618,-23.84536]],[[32.25401,-23.84626],[32.25411,-23.84626],[32.25411,-23.84617],[32.25401,-23.84626]],[[32.24566,-23.84368],[32.24349,-23.84376],[32.24397,-23.84548],[32.24447,-23.84503],[32.24535,-23.84612],[32.24566,-23.84368]],[[32.24624,-23.84513],[32.24654,-23.84486],[32.24634,-23.84486],[32.24624,-23.84513]],[[32.24653,-23.84559],[32.24673,-23.84604],[32.24702,-23.84595],[32.24653,-23.84559]],[[32.24958,-23.84569],[32.24958,-23.84587],[32.24968,-23.84587],[32.24958,-23.84569]],[[32.24722,-23.84622],[32.24613,-23.84613],[32.24702,-23.84686],[32.24722,-23.84622]],[[32.25805,-23.84564],[32.25746,-23.84609],[32.25765,-23.84664],[32.25805,-23.84564]],[[32.25962,-23.84674],[32.25962,-23.84665],[32.25912,-23.84692],[32.25962,-23.84674]],[[32.26021,-23.84692],[32.25981,-23.84746],[32.2603,-23.84737],[32.26021,-23.84692]],[[32.25863,-23.84746],[32.25863,-23.84719],[32.25834,-23.84718],[32.25863,-23.84746]],[[32.24623,-23.84703],[32.24623,-23.84685],[32.24554,-23.84685],[32.24623,-23.84703]],[[32.24239,-23.84674],[32.24249,-23.84702],[32.24278,-23.84693],[32.24239,-23.84674]],[[32.24918,-23.84723],[32.24918,-23.84732],[32.24938,-23.84732],[32.24918,-23.84723]],[[32.24495,-23.84658],[32.24495,-23.84639],[32.24466,-23.84639],[32.24495,-23.84658]],[[32.24546,-23.84332],[32.24546,-23.84305],[32.24527,-23.84305],[32.24546,-23.84332]],[[32.24596,-23.84269],[32.24596,-23.8426],[32.24586,-23.8426],[32.24596,-23.84269]],[[32.24701,-23.84749],[32.24672,-23.84749],[32.24672,-23.84776],[32.24701,-23.84749]],[[32.25902,-23.848],[32.25902,-23.84818],[32.25922,-23.84791],[32.25902,-23.848]],[[32.26059,-23.84828],[32.2605,-23.84801],[32.2603,-23.8481],[32.26059,-23.84828]],[[32.24858,-23.84859],[32.24868,-23.84841],[32.24829,-23.84822],[32.24858,-23.84859]],[[32.2536,-23.84861],[32.2538,-23.84915],[32.25409,-23.84888],[32.254,-23.84843],[32.2536,-23.84861]],[[32.25882,-23.84882],[32.25892,-23.84855],[32.25843,-23.84836],[32.25833,-23.84872],[32.25882,-23.84882]],[[32.26039,-23.84873],[32.2599,-23.84955],[32.26108,-23.84946],[32.26069,-23.84855],[32.26039,-23.84873]],[[32.25901,-23.84981],[32.25872,-23.84936],[32.25842,-23.84972],[32.2596,-23.85027],[32.2598,-23.84955],[32.25901,-23.84981]],[[32.25281,-23.84915],[32.25291,-23.8496],[32.2534,-23.84933],[32.25281,-23.84915]],[[32.2407,-23.84873],[32.2408,-23.84909],[32.241,-23.84891],[32.2407,-23.84873]],[[32.25951,-23.84909],[32.2595,-23.84936],[32.2598,-23.84927],[32.25951,-23.84909]],[[32.25724,-23.8498],[32.25704,-23.85017],[32.25733,-23.85026],[32.25724,-23.8498]],[[32.25645,-23.85016],[32.25635,-23.85025],[32.25655,-23.85025],[32.25645,-23.85016]],[[32.25615,-23.85043],[32.25644,-23.85098],[32.25664,-23.85062],[32.25615,-23.85043]],[[32.25694,-23.85044],[32.25704,-23.85071],[32.25723,-23.85071],[32.25694,-23.85044]],[[32.2593,-23.85054],[32.2588,-23.85144],[32.259,-23.85135],[32.2593,-23.85054]],[[32.26087,-23.85154],[32.26136,-23.85136],[32.26137,-23.85109],[32.26087,-23.85109],[32.26087,-23.85154]],[[32.25959,-23.85172],[32.25979,-23.85181],[32.25989,-23.85154],[32.25959,-23.85172]],[[32.25782,-23.85171],[32.25841,-23.85099],[32.25733,-23.85107],[32.25673,-23.85207],[32.25782,-23.85171]],[[32.25713,-23.85089],[32.25713,-23.85107],[32.25733,-23.85107],[32.25713,-23.85089]],[[32.2587,-23.85189],[32.2586,-23.85208],[32.2589,-23.85199],[32.2587,-23.85189]],[[32.25318,-23.85295],[32.25329,-23.85205],[32.2524,-23.85241],[32.25318,-23.85295]],[[32.25791,-23.85262],[32.25791,-23.85271],[32.25801,-23.85271],[32.25791,-23.85262]],[[32.25653,-23.85288],[32.25653,-23.85324],[32.25693,-23.85279],[32.25653,-23.85288]],[[32.25711,-23.8546],[32.2576,-23.85497],[32.2585,-23.8537],[32.25791,-23.85325],[32.25711,-23.8546]],[[32.25978,-23.85344],[32.25978,-23.85362],[32.25997,-23.85362],[32.25978,-23.85344]],[[32.25948,-23.85371],[32.25948,-23.85389],[32.25958,-23.85389],[32.25948,-23.85371]],[[32.25662,-23.85542],[32.25681,-23.85496],[32.25613,-23.8546],[32.25593,-23.8555],[32.25662,-23.85542]],[[32.25465,-23.85432],[32.25445,-23.85532],[32.25336,-23.85612],[32.25376,-23.85513],[32.25347,-23.85468],[32.25268,-23.85567],[32.25316,-23.8563],[32.25237,-23.85666],[32.25237,-23.85721],[32.25188,-23.85757],[32.25119,-23.85729],[32.2506,-23.85792],[32.25187,-23.85811],[32.25266,-23.85766],[32.25295,-23.85857],[32.25375,-23.85721],[32.25424,-23.85703],[32.25394,-23.85758],[32.25404,-23.85785],[32.25474,-23.85695],[32.25473,-23.8584],[32.2563,-23.85867],[32.25611,-23.85831],[32.2568,-23.85795],[32.25671,-23.85687],[32.25553,-23.85659],[32.25523,-23.85595],[32.25484,-23.85622],[32.25513,-23.85704],[32.25454,-23.85667],[32.25454,-23.85604],[32.25524,-23.85568],[32.25465,-23.85532],[32.25554,-23.85478],[32.25465,-23.85432]],[[32.25533,-23.85586],[32.25533,-23.85595],[32.25543,-23.85595],[32.25533,-23.85586]],[[32.2571,-23.85614],[32.2571,-23.85632],[32.2573,-23.85642],[32.2571,-23.85614]],[[32.26025,-23.85706],[32.25985,-23.85779],[32.26094,-23.85752],[32.26104,-23.85716],[32.26025,-23.85706]],[[32.25857,-23.85769],[32.25857,-23.85751],[32.25847,-23.85751],[32.25857,-23.85769]],[[32.25847,-23.85814],[32.25896,-23.85823],[32.25896,-23.85805],[32.25847,-23.85814]],[[32.25768,-23.85886],[32.25758,-23.85904],[32.25778,-23.85913],[32.25768,-23.85886]],[[32.25915,-23.85977],[32.25846,-23.85914],[32.25836,-23.85959],[32.25875,-23.86013],[32.25915,-23.85977]],[[32.25029,-23.85928],[32.25029,-23.85946],[32.25069,-23.85901],[32.25029,-23.85928]],[[32.25462,-23.85975],[32.25462,-23.85939],[32.25373,-23.86002],[32.25462,-23.85975]],[[32.24989,-23.85982],[32.2497,-23.86018],[32.24999,-23.86027],[32.24989,-23.85982]],[[32.24648,-23.85437],[32.24717,-23.85383],[32.24659,-23.85301],[32.24422,-23.85354],[32.24372,-23.85436],[32.24284,-23.8539],[32.24313,-23.85472],[32.24254,-23.8548],[32.24233,-23.85634],[32.24312,-23.85607],[32.24313,-23.85499],[32.24391,-23.85563],[32.2446,-23.85536],[32.24451,-23.85391],[32.24609,-23.85401],[32.2452,-23.85509],[32.24559,-23.85572],[32.2448,-23.85626],[32.24332,-23.85599],[32.24193,-23.85743],[32.24184,-23.8567],[32.24125,-23.85688],[32.24104,-23.85842],[32.23976,-23.8585],[32.23897,-23.85968],[32.23975,-23.86004],[32.24035,-23.85941],[32.24044,-23.86095],[32.24123,-23.86014],[32.24261,-23.86042],[32.2425,-23.8615],[32.24191,-23.86186],[32.2424,-23.8625],[32.24408,-23.86097],[32.24516,-23.86088],[32.24487,-23.86007],[32.24527,-23.85944],[32.24517,-23.86034],[32.24575,-23.86089],[32.24506,-23.86116],[32.24516,-23.86152],[32.24624,-23.86125],[32.24615,-23.86053],[32.24684,-23.85962],[32.24842,-23.86008],[32.24921,-23.85891],[32.24882,-23.858],[32.24823,-23.85827],[32.24833,-23.85764],[32.24932,-23.85773],[32.24893,-23.85574],[32.24766,-23.85528],[32.24706,-23.85646],[32.24755,-23.85755],[32.24795,-23.85637],[32.24844,-23.85628],[32.24784,-23.85818],[32.24842,-23.85882],[32.24793,-23.85927],[32.24694,-23.85926],[32.24734,-23.85845],[32.24735,-23.85763],[32.24666,-23.85772],[32.24696,-23.85709],[32.24617,-23.85763],[32.24489,-23.85726],[32.24598,-23.85582],[32.24706,-23.85555],[32.24657,-23.85519],[32.24707,-23.85492],[32.24648,-23.85437]],[[32.24597,-23.85699],[32.24597,-23.85708],[32.24607,-23.85709],[32.24597,-23.85699]],[[32.2509,-23.85629],[32.2509,-23.85647],[32.251,-23.85648],[32.2509,-23.85629]],[[32.2565,-23.85886],[32.2565,-23.85895],[32.2566,-23.85895],[32.2565,-23.85886]],[[32.24901,-23.86009],[32.25,-23.85946],[32.2501,-23.85883],[32.24901,-23.86009]],[[32.24861,-23.86072],[32.2491,-23.86054],[32.24881,-23.86027],[32.24861,-23.86072]],[[32.25462,-23.86057],[32.25422,-23.86066],[32.25481,-23.86111],[32.25462,-23.86057]],[[32.25383,-23.8612],[32.25402,-23.86156],[32.25441,-23.86147],[32.25442,-23.86102],[32.25383,-23.8612]],[[32.24643,-23.86243],[32.24653,-23.86306],[32.24752,-23.86189],[32.24753,-23.86062],[32.24643,-23.86243]],[[32.24387,-23.86287],[32.24387,-23.86305],[32.24407,-23.86305],[32.24387,-23.86287]],[[32.24377,-23.86341],[32.24397,-23.86341],[32.24407,-23.86323],[32.24377,-23.86305],[32.24377,-23.86341]],[[32.23915,-23.86257],[32.23895,-23.86294],[32.23914,-23.86294],[32.23915,-23.86257]],[[32.23885,-23.86303],[32.23895,-23.86303],[32.23895,-23.86294],[32.23885,-23.86303]],[[32.24102,-23.8624],[32.24121,-23.86268],[32.24181,-23.8625],[32.24102,-23.8624]],[[32.2357,-23.86265],[32.2359,-23.8622],[32.23531,-23.8621],[32.23521,-23.86283],[32.2357,-23.86265]],[[32.23727,-23.86293],[32.23668,-23.86311],[32.23668,-23.86383],[32.23747,-23.86356],[32.23727,-23.86293]],[[32.24082,-23.86349],[32.24082,-23.86295],[32.24052,-23.86294],[32.24042,-23.8634],[32.24082,-23.86349]],[[32.24092,-23.86295],[32.24092,-23.86304],[32.24131,-23.86322],[32.24092,-23.86295]],[[32.24524,-23.86387],[32.24505,-23.86306],[32.24476,-23.86315],[32.24465,-23.86369],[32.24524,-23.86387]],[[32.24396,-23.86387],[32.24396,-23.86378],[32.24387,-23.86378],[32.24396,-23.86387]],[[32.23294,-23.86372],[32.23264,-23.86372],[32.23274,-23.86426],[32.23333,-23.86399],[32.23294,-23.86372]],[[32.23254,-23.86408],[32.23254,-23.86399],[32.23234,-23.86399],[32.23254,-23.86408]],[[32.23333,-23.86354],[32.23333,-23.86336],[32.23314,-23.86336],[32.23333,-23.86354]],[[32.22861,-23.86207],[32.22802,-23.86216],[32.22841,-23.86361],[32.229,-23.86325],[32.22861,-23.86207]],[[32.22763,-23.86279],[32.22713,-23.86297],[32.22772,-23.8637],[32.22821,-23.86352],[32.22763,-23.86279]],[[32.22901,-23.86207],[32.22921,-23.8618],[32.22852,-23.86162],[32.22901,-23.86207]],[[32.22822,-23.86189],[32.22822,-23.8618],[32.22803,-23.8618],[32.22822,-23.86189]],[[32.23196,-23.86163],[32.23216,-23.86173],[32.23226,-23.86154],[32.23196,-23.86163]],[[32.23236,-23.86155],[32.23236,-23.86136],[32.23226,-23.86136],[32.23226,-23.86154],[32.23236,-23.86155]],[[32.23521,-23.86147],[32.23531,-23.86192],[32.23561,-23.86183],[32.23521,-23.86147]],[[32.24053,-23.86131],[32.24053,-23.86159],[32.24122,-23.86086],[32.24053,-23.86131]],[[32.23561,-23.86093],[32.23551,-23.8612],[32.236,-23.86129],[32.23561,-23.86093]],[[32.2301,-23.86099],[32.2297,-23.86117],[32.2298,-23.86144],[32.23029,-23.86135],[32.2301,-23.86099]],[[32.22931,-23.86099],[32.22892,-23.86098],[32.22911,-23.86135],[32.22931,-23.86099]],[[32.23305,-23.86101],[32.23305,-23.86091],[32.23295,-23.86091],[32.23305,-23.86101]],[[32.23699,-23.86093],[32.23699,-23.86112],[32.23719,-23.86112],[32.23699,-23.86093]],[[32.23985,-23.86095],[32.23984,-23.86122],[32.24004,-23.86122],[32.23985,-23.86095]],[[32.23363,-23.86237],[32.23364,-23.86219],[32.23334,-23.86227],[32.23363,-23.86237]],[[32.23186,-23.86272],[32.23156,-23.86272],[32.23156,-23.86299],[32.23215,-23.8629],[32.23186,-23.86272]],[[32.23599,-23.86337],[32.23599,-23.86346],[32.23619,-23.86347],[32.23599,-23.86337]],[[32.24466,-23.86215],[32.24427,-23.86224],[32.24456,-23.86296],[32.24505,-23.86288],[32.24466,-23.86215]],[[32.24299,-23.86268],[32.24299,-23.86259],[32.24289,-23.86259],[32.24299,-23.86268]],[[32.24476,-23.86161],[32.24486,-23.86143],[32.24467,-23.86142],[32.24476,-23.86161]],[[32.24999,-23.86073],[32.25009,-23.861],[32.25028,-23.861],[32.24999,-23.86073]],[[32.24929,-23.86154],[32.24929,-23.86172],[32.24949,-23.86172],[32.24929,-23.86154]],[[32.24172,-23.86087],[32.24172,-23.86069],[32.24162,-23.86069],[32.24172,-23.86087]],[[32.23768,-23.86067],[32.23778,-23.85994],[32.23867,-23.85958],[32.23878,-23.8585],[32.23789,-23.8594],[32.23759,-23.85904],[32.2372,-23.85931],[32.23681,-23.85867],[32.2367,-23.85994],[32.23591,-23.8602],[32.23768,-23.86067]],[[32.23552,-23.85939],[32.23552,-23.85948],[32.23582,-23.85948],[32.23582,-23.8593],[32.23552,-23.85939]],[[32.22942,-23.85899],[32.22932,-23.85936],[32.22981,-23.85927],[32.22942,-23.85899]],[[32.23119,-23.85891],[32.23119,-23.85873],[32.2309,-23.85873],[32.23119,-23.85891]],[[32.23533,-23.85884],[32.23533,-23.85911],[32.23552,-23.85903],[32.23533,-23.85884]],[[32.23178,-23.85928],[32.23178,-23.85937],[32.23188,-23.85937],[32.23178,-23.85928]],[[32.23789,-23.85867],[32.23789,-23.85877],[32.23809,-23.85877],[32.23789,-23.85867]],[[32.23316,-23.85856],[32.23316,-23.85847],[32.23307,-23.85847],[32.23316,-23.85856]],[[32.23494,-23.85839],[32.23494,-23.85812],[32.23464,-23.85821],[32.23494,-23.85839]],[[32.23839,-23.85813],[32.23849,-23.85759],[32.23799,-23.85795],[32.23839,-23.85813]],[[32.2309,-23.85783],[32.23091,-23.85764],[32.23081,-23.85764],[32.2309,-23.85783]],[[32.2376,-23.85768],[32.2376,-23.85759],[32.2374,-23.8575],[32.2376,-23.85768]],[[32.2317,-23.8571],[32.23101,-23.85701],[32.2311,-23.85755],[32.2317,-23.8571]],[[32.23987,-23.85742],[32.23987,-23.85715],[32.23967,-23.85714],[32.23987,-23.85742]],[[32.23898,-23.85814],[32.23907,-23.8585],[32.23957,-23.85832],[32.23927,-23.85787],[32.23898,-23.85814]],[[32.23788,-23.86049],[32.23788,-23.86076],[32.23817,-23.86076],[32.23788,-23.86049]],[[32.22912,-23.85999],[32.22912,-23.8599],[32.22902,-23.8599],[32.22912,-23.85999]],[[32.23623,-23.85686],[32.23623,-23.85677],[32.23613,-23.85676],[32.23623,-23.85686]],[[32.23849,-23.85641],[32.23859,-23.85678],[32.23948,-23.85642],[32.23849,-23.85641]],[[32.23268,-23.85657],[32.23268,-23.85639],[32.23249,-23.85638],[32.23268,-23.85657]],[[32.23229,-23.8562],[32.23229,-23.85611],[32.2321,-23.85611],[32.23229,-23.8562]],[[32.24184,-23.85616],[32.24174,-23.85643],[32.24194,-23.85643],[32.24184,-23.85616]],[[32.23604,-23.85586],[32.23682,-23.85586],[32.23663,-23.8555],[32.23604,-23.85586]],[[32.24096,-23.85579],[32.24086,-23.85552],[32.24066,-23.85561],[32.24096,-23.85579]],[[32.23988,-23.85542],[32.24027,-23.85552],[32.24027,-23.85534],[32.23988,-23.85542]],[[32.23574,-23.8554],[32.23584,-23.85504],[32.23525,-23.85495],[32.23574,-23.8554]],[[32.23722,-23.85541],[32.23752,-23.85523],[32.23742,-23.85496],[32.23722,-23.85541]],[[32.24106,-23.85516],[32.24106,-23.85543],[32.24145,-23.85543],[32.24106,-23.85516]],[[32.23624,-23.85532],[32.23673,-23.85523],[32.23673,-23.85514],[32.23624,-23.85532]],[[32.23752,-23.8546],[32.23752,-23.85433],[32.23723,-23.85433],[32.23752,-23.8546]],[[32.23969,-23.85398],[32.23969,-23.85388],[32.23959,-23.85388],[32.23969,-23.85398]],[[32.23221,-23.85367],[32.23221,-23.85349],[32.23211,-23.85348],[32.23221,-23.85367]],[[32.23605,-23.85332],[32.23585,-23.85341],[32.23595,-23.85359],[32.23605,-23.85332]],[[32.24383,-23.85336],[32.24383,-23.85345],[32.24402,-23.85345],[32.24383,-23.85336]],[[32.24324,-23.85282],[32.24334,-23.85318],[32.24353,-23.85309],[32.24324,-23.85282]],[[32.24817,-23.85221],[32.24876,-23.85194],[32.24906,-23.85103],[32.24778,-23.8513],[32.24796,-23.85311],[32.24875,-23.85311],[32.24817,-23.85221]],[[32.23655,-23.85206],[32.23645,-23.85233],[32.23665,-23.85242],[32.23655,-23.85206]],[[32.24088,-23.85217],[32.24088,-23.85208],[32.24068,-23.85208],[32.24068,-23.85226],[32.24088,-23.85217]],[[32.2461,-23.85229],[32.2461,-23.85238],[32.2463,-23.85238],[32.2461,-23.85229]],[[32.24748,-23.85175],[32.24748,-23.85166],[32.24738,-23.85166],[32.24748,-23.85175]],[[32.23547,-23.85151],[32.23547,-23.85142],[32.23537,-23.85142],[32.23547,-23.85151]],[[32.24679,-23.8512],[32.24679,-23.85147],[32.24719,-23.85139],[32.24679,-23.8512]],[[32.24876,-23.8523],[32.24983,-23.85357],[32.25023,-23.85312],[32.25032,-23.85367],[32.25082,-23.85367],[32.2524,-23.85214],[32.25241,-23.85105],[32.25162,-23.85059],[32.25112,-23.85168],[32.25043,-23.85167],[32.25015,-23.85049],[32.24965,-23.85067],[32.25004,-23.85104],[32.24935,-23.85122],[32.24876,-23.8523]],[[32.25012,-23.85439],[32.25032,-23.85439],[32.25042,-23.85385],[32.25013,-23.85366],[32.25012,-23.85439]],[[32.24936,-23.85013],[32.24897,-23.85031],[32.24916,-23.85067],[32.24975,-23.8504],[32.24936,-23.85013]],[[32.24079,-23.85063],[32.24079,-23.85045],[32.2406,-23.85045],[32.24079,-23.85063]],[[32.24532,-23.85011],[32.24522,-23.85029],[32.24542,-23.85038],[32.24532,-23.85011]],[[32.25595,-23.85089],[32.25517,-23.85052],[32.25457,-23.85115],[32.25595,-23.85089]],[[32.2527,-23.85187],[32.25359,-23.85124],[32.25378,-23.85178],[32.25438,-23.8507],[32.25329,-23.85105],[32.2527,-23.85187]],[[32.25064,-23.85095],[32.25063,-23.85113],[32.25073,-23.85113],[32.25064,-23.85095]],[[32.25672,-23.85379],[32.25702,-23.85388],[32.25712,-23.85334],[32.25672,-23.85379]],[[32.25554,-23.85342],[32.25554,-23.85369],[32.25584,-23.8536],[32.25554,-23.85342]],[[32.25505,-23.85405],[32.25505,-23.85396],[32.25495,-23.85396],[32.25505,-23.85405]],[[32.25524,-23.85423],[32.25524,-23.85414],[32.25505,-23.85405],[32.25524,-23.85423]],[[32.2515,-23.8543],[32.2516,-23.85412],[32.2514,-23.85412],[32.2515,-23.8543]],[[32.25072,-23.85412],[32.25072,-23.85403],[32.25062,-23.85403],[32.25072,-23.85412]],[[32.25416,-23.85441],[32.25426,-23.85441],[32.25426,-23.85423],[32.25416,-23.85441]],[[32.25406,-23.8545],[32.25416,-23.8545],[32.25416,-23.85441],[32.25406,-23.8545]],[[32.24855,-23.85456],[32.24855,-23.85447],[32.24835,-23.85438],[32.24855,-23.85456]],[[32.25042,-23.85457],[32.25042,-23.85475],[32.25061,-23.85475],[32.25042,-23.85457]],[[32.2515,-23.85476],[32.2515,-23.85521],[32.25179,-23.85521],[32.2515,-23.85476]],[[32.24717,-23.85401],[32.24697,-23.85455],[32.24835,-23.85501],[32.24766,-23.85456],[32.24806,-23.85393],[32.24717,-23.85401]],[[32.24895,-23.85321],[32.24885,-23.85402],[32.24904,-23.85411],[32.24954,-23.85357],[32.24895,-23.85321]],[[32.24933,-23.85466],[32.24943,-23.85502],[32.24963,-23.85502],[32.24933,-23.85466]],[[32.24501,-23.8531],[32.24511,-23.85282],[32.24491,-23.85282],[32.24501,-23.8531]],[[32.25543,-23.85541],[32.25543,-23.8555],[32.25563,-23.8555],[32.25543,-23.85541]],[[32.26038,-23.85145],[32.26038,-23.85136],[32.26018,-23.85136],[32.26038,-23.85145]],[[32.24966,-23.84995],[32.24966,-23.84968],[32.24936,-23.84968],[32.24966,-23.84995]],[[32.25262,-23.84879],[32.25262,-23.8487],[32.25252,-23.8487],[32.25262,-23.84879]],[[32.25941,-23.84809],[32.25941,-23.84828],[32.25961,-23.84819],[32.25941,-23.84809]],[[32.23449,-23.8506],[32.23449,-23.85069],[32.23469,-23.85069],[32.23469,-23.85051],[32.23449,-23.8506]],[[32.23479,-23.84942],[32.23479,-23.84969],[32.23499,-23.8497],[32.23479,-23.84942]],[[32.22604,-23.86378],[32.22604,-23.86396],[32.22614,-23.86396],[32.22604,-23.86378]],[[32.22427,-23.86386],[32.22387,-23.8654],[32.22426,-23.86594],[32.22436,-23.86549],[32.22485,-23.86522],[32.22427,-23.86386]],[[32.22475,-23.86576],[32.22515,-23.86567],[32.22495,-23.8654],[32.22475,-23.86576]],[[32.2215,-23.86602],[32.2215,-23.86575],[32.22121,-23.86584],[32.2215,-23.86602]],[[32.22062,-23.86565],[32.22062,-23.86583],[32.22081,-23.86583],[32.22062,-23.86565]],[[32.22269,-23.86548],[32.22249,-23.86557],[32.22259,-23.86575],[32.22269,-23.86548]],[[32.22683,-23.86405],[32.22654,-23.86405],[32.22653,-23.86432],[32.22683,-23.86405]],[[32.22604,-23.8645],[32.22594,-23.86495],[32.22673,-23.86487],[32.22604,-23.8645]],[[32.22347,-23.86666],[32.22357,-23.8663],[32.22337,-23.86621],[32.22347,-23.86666]],[[32.2217,-23.86638],[32.2217,-23.86656],[32.22189,-23.86656],[32.2217,-23.86638]],[[32.22179,-23.8672],[32.22179,-23.86738],[32.22199,-23.86738],[32.22179,-23.8672]],[[32.2417,-23.86422],[32.2417,-23.86413],[32.2415,-23.86413],[32.2415,-23.86431],[32.2417,-23.86422]],[[32.2412,-23.86431],[32.2412,-23.86421],[32.24101,-23.86421],[32.2412,-23.86431]],[[32.24416,-23.86468],[32.24386,-23.8645],[32.24406,-23.86477],[32.24416,-23.86468]],[[32.241,-23.86512],[32.2411,-23.8653],[32.24159,-23.86503],[32.241,-23.86512]],[[32.24248,-23.86522],[32.24218,-23.86585],[32.24218,-23.8654],[32.24159,-23.86521],[32.2408,-23.86611],[32.24109,-23.8663],[32.24149,-23.86567],[32.24198,-23.86621],[32.24297,-23.86594],[32.24316,-23.86631],[32.24297,-23.86558],[32.24248,-23.86522]],[[32.24267,-23.86676],[32.24286,-23.86676],[32.24277,-23.86631],[32.24267,-23.86676]],[[32.2405,-23.86629],[32.2405,-23.8662],[32.24031,-23.8662],[32.2405,-23.86629]],[[32.24316,-23.86676],[32.24316,-23.86721],[32.24355,-23.86712],[32.24375,-23.86667],[32.24316,-23.86676]],[[32.2474,-23.86542],[32.2473,-23.86515],[32.24691,-23.86524],[32.2474,-23.86542]],[[32.25165,-23.86209],[32.25166,-23.86191],[32.25136,-23.86191],[32.25165,-23.86209]],[[32.2549,-23.86238],[32.2549,-23.86256],[32.2551,-23.86256],[32.2549,-23.86238]],[[32.25421,-23.86238],[32.25392,-23.86265],[32.25431,-23.86274],[32.25421,-23.86238]],[[32.25333,-23.86246],[32.25332,-23.86264],[32.25352,-23.86255],[32.25333,-23.86246]],[[32.255,-23.86283],[32.255,-23.86292],[32.2551,-23.86292],[32.255,-23.86283]],[[32.25992,-23.86304],[32.26002,-23.86304],[32.26002,-23.86295],[32.25992,-23.86304]],[[32.25972,-23.86322],[32.25992,-23.86313],[32.25992,-23.86304],[32.25972,-23.86322]],[[32.25844,-23.86321],[32.25844,-23.8633],[32.25893,-23.86358],[32.25903,-23.86312],[32.25844,-23.86321]],[[32.25825,-23.86294],[32.25815,-23.86312],[32.25844,-23.86321],[32.25825,-23.86294]],[[32.26061,-23.86331],[32.26061,-23.8634],[32.2607,-23.8634],[32.26061,-23.86331]],[[32.2547,-23.8631],[32.25431,-23.8631],[32.2544,-23.86365],[32.2547,-23.8631]],[[32.25332,-23.86364],[32.25352,-23.8631],[32.25322,-23.86301],[32.25283,-23.86373],[32.25332,-23.86364]],[[32.25381,-23.864],[32.25381,-23.8641],[32.25391,-23.8641],[32.25381,-23.864]],[[32.26169,-23.86404],[32.26119,-23.86413],[32.26149,-23.8644],[32.26169,-23.86404]],[[32.26346,-23.86432],[32.26346,-23.86405],[32.26296,-23.86423],[32.26346,-23.86432]],[[32.26138,-23.86531],[32.26148,-23.86531],[32.26148,-23.86522],[32.26138,-23.86531]],[[32.26128,-23.8654],[32.26138,-23.8654],[32.26138,-23.86531],[32.26128,-23.8654]],[[32.26071,-23.86196],[32.26071,-23.86177],[32.26052,-23.86177],[32.26071,-23.86196]],[[32.26131,-23.86169],[32.26131,-23.8616],[32.26111,-23.8616],[32.26131,-23.86169]],[[32.25816,-23.86158],[32.25816,-23.8614],[32.25796,-23.8614],[32.25816,-23.86158]],[[32.26395,-23.8464],[32.26415,-23.84631],[32.26405,-23.84612],[32.26395,-23.8464]],[[32.26455,-23.84595],[32.26425,-23.84585],[32.26425,-23.84613],[32.26455,-23.84595]],[[32.26405,-23.84576],[32.26405,-23.84594],[32.26415,-23.84594],[32.26405,-23.84576]],[[32.26484,-23.84586],[32.26504,-23.84622],[32.26533,-23.84613],[32.26484,-23.84586]],[[32.26554,-23.84495],[32.26544,-23.84468],[32.26524,-23.84468],[32.26554,-23.84495]]],[[[32.27286,-23.94315],[32.27335,-23.94387],[32.27302,-23.94396],[32.27256,-23.94282],[32.27251,-23.94016],[32.27328,-23.93944],[32.27338,-23.93862],[32.27286,-23.94315]],[[32.27267,-23.9417],[32.27277,-23.94161],[32.27258,-23.94161],[32.27267,-23.9417]]],[[[32.26943,-23.9233],[32.26904,-23.92266],[32.26984,-23.92077],[32.27043,-23.92095],[32.27022,-23.92294],[32.26943,-23.9233]],[[32.27013,-23.92131],[32.26983,-23.92131],[32.26983,-23.92176],[32.27013,-23.92131]]],[[[32.25851,-23.91972],[32.25743,-23.91953],[32.25773,-23.91908],[32.25851,-23.91972]]],[[[32.26777,-23.92003],[32.26816,-23.92067],[32.26718,-23.92066],[32.26758,-23.91913],[32.26719,-23.91804],[32.26768,-23.91804],[32.26778,-23.91876],[32.26837,-23.91877],[32.26777,-23.92003]]],[[[32.27231,-23.91806],[32.27231,-23.91897],[32.27192,-23.91869],[32.27231,-23.91806]]],[[[32.2662,-23.9184],[32.2664,-23.91776],[32.26739,-23.91722],[32.2673,-23.91677],[32.26799,-23.91659],[32.26699,-23.91804],[32.2662,-23.9184]]],[[[32.26277,-23.91611],[32.26248,-23.91566],[32.26336,-23.91594],[32.26277,-23.91611]]],[[[32.26853,-23.90682],[32.26913,-23.90682],[32.26912,-23.90772],[32.26853,-23.90682]]],[[[32.26236,-23.90199],[32.26245,-23.90253],[32.26176,-23.90271],[32.26167,-23.90226],[32.26236,-23.90199]]],[[[32.26165,-23.88795],[32.26145,-23.8874],[32.26175,-23.88677],[32.26303,-23.88678],[32.26362,-23.88778],[32.26165,-23.88795]]],[[[32.27209,-23.88673],[32.27366,-23.88773],[32.27307,-23.88891],[32.27356,-23.88891],[32.27366,-23.88819],[32.27425,-23.88882],[32.27385,-23.88918],[32.27405,-23.88982],[32.27305,-23.88935],[32.27192,-23.88642],[32.27063,-23.88518],[32.27093,-23.88401],[32.27132,-23.88401],[32.27142,-23.88473],[32.27211,-23.88438],[32.2727,-23.88492],[32.27181,-23.88501],[32.2719,-23.88546],[32.27269,-23.88547],[32.27209,-23.88673]],[[32.27171,-23.88555],[32.27171,-23.88573],[32.2719,-23.88564],[32.27171,-23.88555]]],[[[32.26471,-23.88715],[32.26589,-23.88688],[32.26638,-23.88761],[32.26599,-23.88715],[32.26529,-23.8876],[32.26441,-23.88733],[32.26422,-23.88615],[32.265,-23.88661],[32.26471,-23.88715]]],[[[32.25122,-23.886],[32.25102,-23.88654],[32.25082,-23.88645],[32.25122,-23.886]]],[[[32.26442,-23.8847],[32.26531,-23.88507],[32.26501,-23.88561],[32.26353,-23.88633],[32.26442,-23.8847]]],[[[32.26591,-23.88398],[32.26522,-23.8831],[32.26628,-23.88366],[32.267,-23.88444],[32.26591,-23.88398]]],[[[32.2602,-23.88296],[32.25941,-23.88305],[32.25843,-23.88232],[32.25735,-23.88231],[32.25636,-23.88358],[32.25734,-23.8844],[32.25693,-23.88593],[32.25507,-23.88529],[32.25379,-23.88537],[32.25448,-23.88402],[32.25547,-23.88375],[32.25468,-23.88302],[32.25537,-23.88303],[32.25568,-23.88203],[32.25686,-23.88222],[32.25814,-23.8815],[32.25932,-23.88151],[32.2602,-23.88296]],[[32.25497,-23.88438],[32.25487,-23.88466],[32.25507,-23.88466],[32.25497,-23.88438]],[[32.25438,-23.88456],[32.25438,-23.88465],[32.25458,-23.88465],[32.25438,-23.88456]]],[[[32.26276,-23.88243],[32.26256,-23.88288],[32.26355,-23.88316],[32.26403,-23.88416],[32.26334,-23.88433],[32.26294,-23.88542],[32.26215,-23.88596],[32.26335,-23.88361],[32.26236,-23.88424],[32.26216,-23.88379],[32.26276,-23.88343],[32.26099,-23.88224],[32.26237,-23.88252],[32.26257,-23.8818],[32.26188,-23.8814],[32.26365,-23.88234],[32.26276,-23.88243]]],[[[32.26069,-23.88296],[32.26118,-23.88297],[32.26128,-23.88324],[32.26069,-23.88369],[32.26069,-23.88296]]],[[[32.26995,-23.88255],[32.27064,-23.88337],[32.26985,-23.88337],[32.27044,-23.88382],[32.27033,-23.88446],[32.26935,-23.88373],[32.26887,-23.88391],[32.2668,-23.88227],[32.26877,-23.88219],[32.26995,-23.88255]]],[[[32.25122,-23.8827],[32.25035,-23.8828],[32.25105,-23.88228],[32.25154,-23.88229],[32.25122,-23.8827]]],[[[32.25165,-23.87921],[32.25166,-23.87839],[32.25245,-23.87803],[32.25196,-23.87749],[32.25432,-23.8784],[32.25422,-23.87895],[32.25363,-23.87894],[32.25372,-23.87958],[32.25461,-23.87922],[32.25471,-23.8785],[32.25584,-23.87905],[32.25259,-23.88046],[32.25187,-23.88186],[32.25164,-23.88201],[32.25224,-23.8803],[32.25313,-23.87967],[32.25165,-23.87921]],[[32.25333,-23.87885],[32.25284,-23.87858],[32.25284,-23.87912],[32.25333,-23.8794],[32.25333,-23.87885]]],[[[32.2612,-23.8798],[32.25865,-23.87933],[32.25943,-23.87906],[32.2612,-23.8798]]],[[[32.2628,-23.87645],[32.26279,-23.87718],[32.2623,-23.87736],[32.26308,-23.87818],[32.26426,-23.87818],[32.26437,-23.87746],[32.26496,-23.8771],[32.26535,-23.87773],[32.26456,-23.878],[32.26623,-23.87846],[32.26633,-23.87783],[32.26722,-23.87738],[32.26751,-23.87829],[32.26811,-23.87766],[32.2685,-23.87856],[32.27105,-23.88011],[32.26987,-23.87975],[32.26996,-23.88065],[32.26887,-23.88173],[32.26819,-23.88083],[32.26711,-23.88064],[32.26612,-23.88163],[32.26621,-23.88232],[32.26523,-23.88163],[32.26543,-23.88081],[32.26484,-23.88072],[32.26513,-23.88108],[32.26494,-23.88144],[32.26425,-23.88072],[32.26415,-23.88125],[32.26297,-23.88063],[32.26307,-23.87981],[32.26258,-23.87989],[32.26258,-23.88034],[32.2616,-23.87985],[32.26081,-23.87871],[32.26032,-23.87852],[32.25983,-23.87897],[32.25974,-23.87744],[32.25895,-23.87779],[32.25944,-23.87843],[32.25826,-23.8777],[32.26053,-23.87653],[32.26142,-23.87654],[32.26122,-23.87608],[32.26044,-23.87617],[32.26044,-23.87545],[32.26113,-23.87536],[32.26084,-23.875],[32.2628,-23.87645]],[[32.26142,-23.87699],[32.26151,-23.8769],[32.26122,-23.87699],[32.26142,-23.87699]],[[32.2619,-23.87808],[32.2622,-23.87808],[32.2622,-23.87799],[32.2619,-23.87808]],[[32.26407,-23.87845],[32.26367,-23.87845],[32.26367,-23.87863],[32.26407,-23.87845]],[[32.2685,-23.87874],[32.26869,-23.87965],[32.26908,-23.87911],[32.2685,-23.87874]],[[32.26347,-23.87972],[32.26347,-23.87881],[32.26288,-23.87899],[32.26347,-23.87972]],[[32.26573,-23.87973],[32.26544,-23.87964],[32.26534,-23.88],[32.26573,-23.87973]],[[32.26475,-23.87981],[32.26485,-23.87981],[32.26485,-23.87963],[32.26475,-23.87981]],[[32.2618,-23.87898],[32.2618,-23.87917],[32.2619,-23.87908],[32.2618,-23.87898]],[[32.26613,-23.87891],[32.26593,-23.87882],[32.26583,-23.87928],[32.26623,-23.87928],[32.26613,-23.87891]],[[32.26475,-23.87891],[32.26446,-23.87891],[32.26446,-23.87909],[32.26475,-23.87891]],[[32.26859,-23.8801],[32.26849,-23.8801],[32.26849,-23.88028],[32.26859,-23.8801]],[[32.26583,-23.88045],[32.26603,-23.88018],[32.26573,-23.88018],[32.26583,-23.88045]],[[32.26898,-23.88047],[32.26888,-23.88047],[32.26888,-23.88056],[32.26898,-23.88047]],[[32.26829,-23.88074],[32.26839,-23.88046],[32.26819,-23.88046],[32.26829,-23.88074]],[[32.26376,-23.88026],[32.26376,-23.88044],[32.26435,-23.88054],[32.26376,-23.88026]],[[32.26514,-23.88036],[32.26533,-23.88045],[32.26534,-23.88018],[32.26514,-23.88036]],[[32.26741,-23.87847],[32.26751,-23.87847],[32.26751,-23.87838],[32.26741,-23.87847]]],[[[32.25906,-23.87635],[32.25955,-23.87653],[32.25915,-23.87689],[32.25906,-23.87635]]],[[[32.27285,-23.8756],[32.27294,-23.87605],[32.27215,-23.87605],[32.27216,-23.87568],[32.27285,-23.8756]]],[[[32.25866,-23.87607],[32.25847,-23.87553],[32.25916,-23.87481],[32.25945,-23.87598],[32.25876,-23.87562],[32.25866,-23.87607]]],[[[32.27247,-23.87297],[32.27168,-23.8736],[32.27099,-23.8735],[32.27138,-23.8745],[32.27078,-23.87468],[32.27117,-23.87523],[32.27078,-23.87477],[32.27039,-23.87531],[32.26842,-23.87494],[32.26862,-23.87331],[32.26951,-23.87286],[32.26912,-23.87196],[32.26981,-23.87196],[32.27061,-23.87088],[32.27189,-23.87088],[32.27208,-23.87188],[32.27247,-23.87297]],[[32.27158,-23.8726],[32.27148,-23.87287],[32.27178,-23.87278],[32.27158,-23.8726]],[[32.27128,-23.87323],[32.27148,-23.87324],[32.27158,-23.87296],[32.27128,-23.87323]]],[[[32.24992,-23.87232],[32.24923,-23.87313],[32.24913,-23.87249],[32.24992,-23.87232]]],[[[32.25406,-23.87252],[32.25366,-23.87279],[32.25268,-23.87179],[32.25377,-23.87125],[32.25376,-23.87179],[32.25455,-23.8718],[32.25642,-23.8728],[32.25602,-23.87307],[32.25406,-23.87252]],[[32.25465,-23.87234],[32.25465,-23.87207],[32.25445,-23.87216],[32.25465,-23.87234]]],[[[32.25889,-23.8701],[32.25801,-23.87009],[32.25849,-23.87127],[32.25918,-23.87137],[32.25958,-23.8701],[32.26017,-23.87019],[32.25948,-23.87155],[32.25987,-23.87218],[32.25918,-23.87254],[32.25829,-23.87227],[32.25651,-23.87425],[32.25622,-23.87352],[32.25671,-23.87371],[32.25691,-23.87262],[32.2577,-23.87217],[32.25692,-23.87072],[32.25761,-23.87045],[32.25732,-23.86982],[32.25772,-23.86937],[32.25889,-23.8701]],[[32.25918,-23.87218],[32.25918,-23.87191],[32.25879,-23.87191],[32.25918,-23.87218]]],[[[32.25623,-23.87144],[32.25553,-23.87225],[32.25524,-23.87126],[32.25623,-23.87144]]],[[[32.26145,-23.87129],[32.26154,-23.87201],[32.26105,-23.87165],[32.26145,-23.87129]]],[[[32.25151,-23.87042],[32.25288,-23.8707],[32.25219,-23.87115],[32.25239,-23.87151],[32.2518,-23.87133],[32.25151,-23.87042]]],[[[32.24924,-23.8705],[32.24924,-23.87077],[32.24845,-23.87095],[32.24836,-23.87059],[32.24924,-23.8705]]],[[[32.25574,-23.87108],[32.25585,-23.86945],[32.25713,-23.86945],[32.25732,-23.86982],[32.25574,-23.87108]],[[32.25594,-23.87044],[32.25623,-23.87045],[32.25614,-23.87017],[32.25594,-23.87044]]],[[[32.26146,-23.86993],[32.26165,-23.87029],[32.26096,-23.87047],[32.26146,-23.86993]]],[[[32.25122,-23.86961],[32.25121,-23.87006],[32.25043,-23.86987],[32.25122,-23.86961]]],[[[32.26087,-23.86956],[32.26106,-23.86993],[32.26027,-23.8701],[32.26028,-23.86947],[32.26087,-23.86956]]],[[[32.24955,-23.86887],[32.24817,-23.86914],[32.24787,-23.86995],[32.24708,-23.86922],[32.24629,-23.86994],[32.24739,-23.86796],[32.24788,-23.86823],[32.24768,-23.86886],[32.24886,-23.86833],[32.24955,-23.86887]],[[32.24738,-23.86886],[32.24748,-23.86914],[32.24768,-23.86914],[32.24738,-23.86886]]],[[[32.27023,-23.86825],[32.26963,-23.86888],[32.27051,-23.86988],[32.26816,-23.86797],[32.26885,-23.86851],[32.27023,-23.86825]]],[[[32.26097,-23.86793],[32.26008,-23.86911],[32.26009,-23.8682],[32.26097,-23.86793]]],[[[32.25654,-23.86891],[32.25546,-23.86872],[32.25566,-23.86827],[32.25654,-23.868],[32.25654,-23.86891]]],[[[32.25733,-23.86792],[32.25694,-23.86782],[32.25674,-23.868],[32.25654,-23.868],[32.25635,-23.86746],[32.25744,-23.8662],[32.2593,-23.86802],[32.2591,-23.86838],[32.25792,-23.86828],[32.25752,-23.86937],[32.25733,-23.86864],[32.25772,-23.86855],[32.25733,-23.86792]]],[[[32.2465,-23.86732],[32.24768,-23.86751],[32.24758,-23.86769],[32.2465,-23.86732]]],[[[32.26128,-23.86676],[32.26226,-23.86694],[32.26216,-23.86712],[32.26127,-23.86721],[32.26128,-23.86676]]],[[[32.27181,-23.86635],[32.2729,-23.86663],[32.27299,-23.86727],[32.27181,-23.86635]]],[[[32.26787,-23.86679],[32.26836,-23.86715],[32.26767,-23.8676],[32.2666,-23.86588],[32.26798,-23.86616],[32.26787,-23.86679]]],[[[32.25153,-23.86698],[32.25202,-23.86707],[32.25231,-23.86798],[32.253,-23.86817],[32.25053,-23.8687],[32.24995,-23.86725],[32.24907,-23.86706],[32.24996,-23.86616],[32.25036,-23.86462],[32.25173,-23.86526],[32.25163,-23.86581],[32.25173,-23.86608],[32.25024,-23.86743],[32.25192,-23.86789],[32.25202,-23.86735],[32.25153,-23.86698]],[[32.25064,-23.86806],[32.25073,-23.86834],[32.25122,-23.86825],[32.25064,-23.86806]]],[[[32.26413,-23.86786],[32.26423,-23.86713],[32.26354,-23.86758],[32.26374,-23.86704],[32.26334,-23.86686],[32.26404,-23.86605],[32.26325,-23.86532],[32.26375,-23.86441],[32.26434,-23.8646],[32.26394,-23.86514],[32.26444,-23.86541],[32.26452,-23.86732],[32.26531,-23.86678],[32.26521,-23.86804],[32.26471,-23.86822],[32.26413,-23.86786]],[[32.26501,-23.86759],[32.26472,-23.86768],[32.26511,-23.86768],[32.26501,-23.86759]]],[[[32.26976,-23.86462],[32.27113,-23.86554],[32.27113,-23.86608],[32.26976,-23.86462]]],[[[32.26867,-23.86516],[32.26808,-23.86534],[32.26848,-23.86471],[32.26936,-23.86553],[32.26857,-23.86571],[32.26867,-23.86516]]],[[[32.24997,-23.86399],[32.24938,-23.86435],[32.24938,-23.86398],[32.24997,-23.86399]]],[[[32.26888,-23.86245],[32.26917,-23.86299],[32.26809,-23.86344],[32.26976,-23.86462],[32.2676,-23.86344],[32.26749,-23.86461],[32.26621,-23.86488],[32.26621,-23.86443],[32.2672,-23.86443],[32.26681,-23.86416],[32.2671,-23.86371],[32.26652,-23.8618],[32.2678,-23.86199],[32.26849,-23.86281],[32.26888,-23.86245]]],[[[32.26959,-23.8591],[32.26989,-23.85919],[32.26959,-23.85973],[32.26959,-23.8591]]],[[[32.26056,-23.85444],[32.26135,-23.85399],[32.26105,-23.8548],[32.26164,-23.85508],[32.26046,-23.85489],[32.26056,-23.85444]]],[[[32.27279,-23.85124],[32.27328,-23.85097],[32.27337,-23.85187],[32.27278,-23.8525],[32.27279,-23.85124]]],[[[32.26041,-23.84538],[32.2613,-23.84566],[32.2608,-23.84602],[32.26021,-23.84574],[32.26041,-23.84538]]],[[[32.26377,-23.84404],[32.26407,-23.84332],[32.26358,-23.84286],[32.26446,-23.84305],[32.26476,-23.8426],[32.26476,-23.84359],[32.26377,-23.84404]]],[[[32.26535,-23.84287],[32.26535,-23.84233],[32.26604,-23.84269],[32.26535,-23.84287]]],[[[32.27323,-23.84137],[32.27254,-23.84146],[32.27265,-23.83992],[32.27324,-23.83956],[32.27384,-23.83802],[32.27345,-23.8372],[32.27395,-23.83694],[32.27443,-23.83784],[32.27412,-23.84047],[32.27451,-23.84219],[32.27391,-23.84327],[32.2742,-23.845],[32.2734,-23.84608],[32.27262,-23.84571],[32.27321,-23.8449],[32.27223,-23.84399],[32.27323,-23.84137]],[[32.27273,-23.84408],[32.27253,-23.84408],[32.27253,-23.84417],[32.27273,-23.84408]],[[32.27263,-23.84363],[32.27263,-23.84381],[32.27283,-23.84372],[32.27263,-23.84363]],[[32.27293,-23.84336],[32.27362,-23.84327],[32.27323,-23.84273],[32.27293,-23.84336]]],[[[32.26526,-23.84124],[32.26516,-23.84187],[32.26457,-23.84169],[32.26487,-23.84124],[32.26438,-23.84078],[32.26477,-23.8407],[32.26488,-23.83961],[32.26526,-23.84052],[32.26586,-23.84043],[32.26595,-23.84124],[32.26526,-23.84124]]],[[[32.25867,-23.84048],[32.25818,-23.84012],[32.25916,-23.84013],[32.25867,-23.84048]]],[[[32.26556,-23.84025],[32.26537,-23.84015],[32.26576,-23.83952],[32.26635,-23.83962],[32.26556,-23.84025]]],[[[32.26498,-23.83916],[32.26538,-23.83834],[32.26577,-23.83898],[32.26498,-23.83916]]],[[[32.27147,-23.83937],[32.2711,-23.83574],[32.27071,-23.83529],[32.27139,-23.83575],[32.27147,-23.83937]]],[[[32.26597,-23.83681],[32.26597,-23.83735],[32.26548,-23.83717],[32.26597,-23.83681]]],[[[32.2645,-23.83626],[32.26509,-23.83707],[32.2643,-23.83698],[32.2645,-23.83626]]],[[[32.2713,-23.83502],[32.27071,-23.83493],[32.27091,-23.83448],[32.2713,-23.83502]]],[[[32.26383,-23.83336],[32.26471,-23.83345],[32.26491,-23.833],[32.26609,-23.83319],[32.2651,-23.83418],[32.26539,-23.83536],[32.26441,-23.83508],[32.26471,-23.83408],[32.26373,-23.83381],[32.26383,-23.83336]],[[32.26481,-23.83372],[32.26501,-23.83372],[32.26501,-23.83363],[32.26481,-23.83372]]],[[[32.27269,-23.83331],[32.27338,-23.83277],[32.27387,-23.83295],[32.27387,-23.83368],[32.2719,-23.83358],[32.27152,-23.83176],[32.2725,-23.83249],[32.27269,-23.83331]]],[[[32.26324,-23.83254],[32.26304,-23.8329],[32.26255,-23.83281],[32.26265,-23.83226],[32.26324,-23.83254]]],[[[32.26127,-23.83244],[32.26216,-23.83235],[32.26226,-23.83281],[32.26127,-23.83244]]],[[[32.26452,-23.83254],[32.26541,-23.83219],[32.26541,-23.83291],[32.26452,-23.83254]]],[[[32.26019,-23.83207],[32.2602,-23.83162],[32.26098,-23.83217],[32.26088,-23.83253],[32.26019,-23.83207]]],[[[32.27092,-23.83303],[32.27044,-23.83112],[32.27073,-23.83131],[32.27092,-23.83303]]],[[[32.25951,-23.83143],[32.2602,-23.83144],[32.2598,-23.83189],[32.25951,-23.83143]]],[[[32.26659,-23.83219],[32.26708,-23.83274],[32.26669,-23.83283],[32.2662,-23.83201],[32.2663,-23.83092],[32.26591,-23.83101],[32.26621,-23.82984],[32.2669,-23.83047],[32.26659,-23.83219]]],[[[32.27261,-23.83041],[32.273,-23.83123],[32.27181,-23.83167],[32.27142,-23.83122],[32.27261,-23.83041]]],[[[32.27054,-23.83049],[32.27034,-23.83094],[32.26965,-23.83003],[32.26976,-23.82849],[32.27054,-23.83049]]],[[[32.26572,-23.8292],[32.26543,-23.82838],[32.26622,-23.82857],[32.26631,-23.8292],[32.26572,-23.8292]]],[[[32.26395,-23.82856],[32.26386,-23.82829],[32.26435,-23.82811],[32.26484,-23.82901],[32.26395,-23.82856]]],[[[32.27036,-23.82732],[32.27017,-23.82659],[32.27095,-23.82705],[32.27036,-23.82732]]],[[[32.26969,-23.82415],[32.27058,-23.82379],[32.27116,-23.82425],[32.27126,-23.82551],[32.27175,-23.82533],[32.27184,-23.82579],[32.27037,-23.82551],[32.27046,-23.82623],[32.26997,-23.82659],[32.26978,-23.82578],[32.27027,-23.82533],[32.26969,-23.82415]]],[[[32.26999,-23.82261],[32.27107,-23.82261],[32.2689,-23.82342],[32.26852,-23.82215],[32.26901,-23.82197],[32.26911,-23.8227],[32.2696,-23.8227],[32.26911,-23.82107],[32.26813,-23.82106],[32.26754,-23.82042],[32.26892,-23.82007],[32.26999,-23.82261]],[[32.26882,-23.82043],[32.26863,-23.82052],[32.26863,-23.82061],[32.26882,-23.82043]]],[[[32.26637,-23.81906],[32.26598,-23.81888],[32.26677,-23.81761],[32.26746,-23.81798],[32.26637,-23.81906]]],[[[32.28492,-23.98993],[32.28502,-23.98938],[32.28443,-23.98911],[32.28473,-23.98857],[32.28542,-23.98857],[32.28492,-23.98993]]],[[[32.32617,-23.97943],[32.32558,-23.97952],[32.32558,-23.97925],[32.32617,-23.97943]]],[[[32.32194,-23.97869],[32.32233,-23.97878],[32.32223,-23.97914],[32.32134,-23.97914],[32.32194,-23.97869]]],[[[32.32207,-23.97235],[32.32295,-23.97281],[32.32216,-23.97307],[32.32226,-23.97371],[32.32157,-23.97425],[32.32207,-23.97235]]],[[[32.32594,-23.96657],[32.32584,-23.96693],[32.32525,-23.96684],[32.32545,-23.96639],[32.32594,-23.96657]]],[[[32.33206,-23.96522],[32.3311,-23.96381],[32.32918,-23.96242],[32.32991,-23.96206],[32.3303,-23.96251],[32.3304,-23.96188],[32.33089,-23.96225],[32.33178,-23.96162],[32.33206,-23.96522]]],[[[32.32902,-23.96232],[32.32806,-23.96178],[32.32814,-23.96124],[32.32932,-23.96197],[32.32902,-23.96232]]],[[[32.29089,-23.96188],[32.29049,-23.96206],[32.2904,-23.96161],[32.29089,-23.96188]]],[[[32.31165,-23.9593],[32.3104,-23.96039],[32.30901,-23.96057],[32.31057,-23.95946],[32.31165,-23.9593]]],[[[32.2912,-23.9579],[32.29445,-23.95855],[32.29544,-23.95819],[32.29573,-23.95892],[32.29632,-23.95874],[32.29681,-23.95929],[32.29839,-23.95857],[32.29829,-23.95911],[32.29917,-23.96029],[32.30035,-23.96057],[32.30084,-23.96114],[32.298,-23.96082],[32.29507,-23.96015],[32.2912,-23.9579]],[[32.2975,-23.95983],[32.29799,-23.95993],[32.29829,-23.95947],[32.2977,-23.9592],[32.2975,-23.95983]],[[32.30006,-23.96102],[32.30035,-23.96093],[32.30035,-23.96084],[32.30006,-23.96102]]],[[[32.2777,-23.95956],[32.2774,-23.9601],[32.27711,-23.9591],[32.2777,-23.95956]]],[[[32.30588,-23.95915],[32.30637,-23.95888],[32.30637,-23.95969],[32.30588,-23.95969],[32.30588,-23.95915]]],[[[32.29888,-23.95893],[32.29908,-23.95884],[32.29928,-23.95957],[32.29888,-23.95893]]],[[[32.3044,-23.95887],[32.30568,-23.95887],[32.30558,-23.95942],[32.30529,-23.95896],[32.30489,-23.95923],[32.3044,-23.95887]]],[[[32.2844,-23.95841],[32.28519,-23.95851],[32.28499,-23.95896],[32.2844,-23.95841]]],[[[32.29594,-23.95756],[32.29603,-23.95783],[32.29544,-23.9581],[32.29534,-23.95765],[32.29594,-23.95756]]],[[[32.29259,-23.957],[32.29229,-23.95754],[32.2918,-23.95691],[32.2919,-23.95655],[32.29259,-23.95664],[32.2926,-23.95592],[32.29437,-23.95638],[32.29357,-23.95746],[32.29259,-23.957]],[[32.29328,-23.95673],[32.29308,-23.95701],[32.29338,-23.9571],[32.29328,-23.95673]]],[[[32.29624,-23.95602],[32.29525,-23.95638],[32.29526,-23.95593],[32.29378,-23.95547],[32.29437,-23.95484],[32.29496,-23.95502],[32.29457,-23.95556],[32.29526,-23.95529],[32.29624,-23.95602]]],[[[32.28747,-23.95625],[32.28747,-23.95652],[32.28324,-23.95488],[32.28383,-23.95452],[32.28747,-23.95625]]],[[[32.29271,-23.95329],[32.29359,-23.95366],[32.293,-23.95374],[32.2931,-23.95429],[32.29201,-23.95446],[32.29271,-23.95329]]],[[[32.28068,-23.95403],[32.28089,-23.95315],[32.28148,-23.95297],[32.28167,-23.95342],[32.28227,-23.95297],[32.28226,-23.95379],[32.28068,-23.95403]]],[[[32.31036,-23.94966],[32.31214,-23.94831],[32.31392,-23.94877],[32.31401,-23.94958],[32.3145,-23.94931],[32.31657,-23.94987],[32.31627,-23.95086],[32.31686,-23.95141],[32.31784,-23.95141],[32.31843,-23.95214],[32.31704,-23.95367],[32.31566,-23.95367],[32.31537,-23.95412],[32.31408,-23.95429],[32.31339,-23.95511],[32.31358,-23.95583],[32.31408,-23.9552],[32.31407,-23.95601],[32.31447,-23.95592],[32.31476,-23.95683],[32.31545,-23.95656],[32.31506,-23.95629],[32.31545,-23.95593],[32.31674,-23.95593],[32.31722,-23.95666],[32.31703,-23.95557],[32.31782,-23.95585],[32.3201,-23.95387],[32.32196,-23.9546],[32.32187,-23.95415],[32.32296,-23.95352],[32.32286,-23.95316],[32.32434,-23.95298],[32.32434,-23.95217],[32.32287,-23.95053],[32.32288,-23.9498],[32.32199,-23.94917],[32.32229,-23.94799],[32.3219,-23.94754],[32.32308,-23.94799],[32.32418,-23.94555],[32.32586,-23.94538],[32.32596,-23.94466],[32.32517,-23.94402],[32.32577,-23.94348],[32.32537,-23.94366],[32.32518,-23.94311],[32.32626,-23.94312],[32.32587,-23.94248],[32.32626,-23.94239],[32.32734,-23.94403],[32.32655,-23.94412],[32.32636,-23.94339],[32.32606,-23.94466],[32.32694,-23.94484],[32.32852,-23.94422],[32.32822,-23.94512],[32.3292,-23.94666],[32.3288,-23.94739],[32.32998,-23.94739],[32.32939,-23.94857],[32.32879,-23.94865],[32.32968,-23.9492],[32.32899,-23.94911],[32.32948,-23.95001],[32.33007,-23.94984],[32.33075,-23.95065],[32.33055,-23.95274],[32.33134,-23.95247],[32.33104,-23.95319],[32.33252,-23.95274],[32.33134,-23.95229],[32.33154,-23.95129],[32.33321,-23.95257],[32.3332,-23.95329],[32.33251,-23.95365],[32.3331,-23.95401],[32.33279,-23.95628],[32.33201,-23.95609],[32.33309,-23.95709],[32.33249,-23.95718],[32.33288,-23.95782],[32.3317,-23.95745],[32.33121,-23.95781],[32.3319,-23.95817],[32.3317,-23.95863],[32.33071,-23.95826],[32.3317,-23.95908],[32.33179,-23.96071],[32.33129,-23.96089],[32.33061,-23.96034],[32.33021,-23.96107],[32.32873,-23.96115],[32.32873,-23.96024],[32.32785,-23.95952],[32.32815,-23.9587],[32.32756,-23.95816],[32.32569,-23.95815],[32.3255,-23.95751],[32.325,-23.95796],[32.32471,-23.9576],[32.32343,-23.95769],[32.32323,-23.95841],[32.32401,-23.95868],[32.32381,-23.95914],[32.32176,-23.95803],[32.31988,-23.95785],[32.32106,-23.95758],[32.31988,-23.95676],[32.3185,-23.95757],[32.31781,-23.9573],[32.31801,-23.95782],[32.31407,-23.95763],[32.31368,-23.95628],[32.3123,-23.95601],[32.31229,-23.95718],[32.31394,-23.95764],[32.31184,-23.95825],[32.31102,-23.95902],[32.30648,-23.96101],[32.30094,-23.96115],[32.30154,-23.96085],[32.30114,-23.96021],[32.30213,-23.96058],[32.30233,-23.95949],[32.30322,-23.95968],[32.30283,-23.95895],[32.30184,-23.95895],[32.30126,-23.95795],[32.29958,-23.95794],[32.29928,-23.9583],[32.2981,-23.95811],[32.29928,-23.95803],[32.30017,-23.9574],[32.30165,-23.9575],[32.30196,-23.95605],[32.30137,-23.95578],[32.30156,-23.95668],[32.30087,-23.95686],[32.30097,-23.95605],[32.29999,-23.95586],[32.30127,-23.95505],[32.30128,-23.95414],[32.30039,-23.95396],[32.30058,-23.95459],[32.2994,-23.95504],[32.29979,-23.95541],[32.29939,-23.95604],[32.29978,-23.95731],[32.2986,-23.95685],[32.29851,-23.95585],[32.29624,-23.95539],[32.29635,-23.95448],[32.29506,-23.95493],[32.29507,-23.95321],[32.29438,-23.95393],[32.29458,-23.95303],[32.29409,-23.95293],[32.2936,-23.95221],[32.2939,-23.95176],[32.2935,-23.95176],[32.29371,-23.95103],[32.2945,-23.95067],[32.29322,-23.94967],[32.29194,-23.94994],[32.29135,-23.94957],[32.29085,-23.95038],[32.29164,-23.95048],[32.29184,-23.95003],[32.29272,-23.95085],[32.29173,-23.95111],[32.29163,-23.95147],[32.29193,-23.95175],[32.29193,-23.9513],[32.29242,-23.95121],[32.29272,-23.95166],[32.29153,-23.95229],[32.29104,-23.95202],[32.29163,-23.95193],[32.29124,-23.95156],[32.28986,-23.95147],[32.28957,-23.9511],[32.28997,-23.94893],[32.28869,-23.94974],[32.28859,-23.94929],[32.28938,-23.94875],[32.2884,-23.9492],[32.28742,-23.9482],[32.28692,-23.94828],[32.28604,-23.94701],[32.28644,-23.94584],[32.28556,-23.94592],[32.28585,-23.94538],[32.28508,-23.94375],[32.28606,-23.94303],[32.28675,-23.94421],[32.28664,-23.94529],[32.28724,-23.94503],[32.28821,-23.94711],[32.28939,-23.94766],[32.28998,-23.9473],[32.2893,-23.94657],[32.28998,-23.94703],[32.29018,-23.94667],[32.28783,-23.94458],[32.28764,-23.94349],[32.28794,-23.94322],[32.28843,-23.94349],[32.28783,-23.94376],[32.28803,-23.94412],[32.28911,-23.94467],[32.28941,-23.94404],[32.29,-23.94431],[32.29029,-23.94486],[32.2896,-23.94522],[32.29058,-23.94558],[32.29136,-23.94722],[32.29234,-23.94795],[32.29313,-23.94777],[32.2953,-23.9485],[32.29589,-23.94751],[32.29668,-23.94751],[32.29687,-23.94887],[32.29766,-23.94833],[32.29874,-23.94933],[32.29943,-23.94898],[32.30041,-23.94998],[32.3014,-23.94926],[32.30238,-23.94962],[32.30259,-23.94817],[32.30338,-23.94836],[32.30515,-23.94737],[32.30604,-23.94774],[32.30604,-23.94846],[32.30663,-23.94837],[32.30721,-23.94901],[32.30889,-23.94893],[32.31036,-23.94966]],[[32.294,-23.95167],[32.2939,-23.95167],[32.2939,-23.95176],[32.294,-23.95167]],[[32.32949,-23.94748],[32.32949,-23.94766],[32.32969,-23.94766],[32.32949,-23.94748]],[[32.33211,-23.95546],[32.33152,-23.95573],[32.33161,-23.95591],[32.33211,-23.95546]],[[32.33102,-23.956],[32.33112,-23.95618],[32.33152,-23.95591],[32.33102,-23.956]],[[32.31949,-23.95649],[32.31939,-23.95667],[32.31969,-23.95676],[32.31949,-23.95649]],[[32.30204,-23.95859],[32.30204,-23.9584],[32.30175,-23.9584],[32.30204,-23.95859]],[[32.29449,-23.95248],[32.29537,-23.95285],[32.29597,-23.95195],[32.29518,-23.95149],[32.29567,-23.95158],[32.29617,-23.95014],[32.29499,-23.95004],[32.29548,-23.95059],[32.29509,-23.95031],[32.29479,-23.95058],[32.29538,-23.95104],[32.294,-23.95158],[32.29449,-23.95248]],[[32.29391,-23.94986],[32.29381,-23.94985],[32.29381,-23.94995],[32.29391,-23.94986]],[[32.29401,-23.94977],[32.29391,-23.94976],[32.29391,-23.94986],[32.29401,-23.94977]],[[32.30633,-23.94892],[32.30633,-23.9491],[32.30692,-23.94919],[32.30633,-23.94892]],[[32.32841,-23.94757],[32.32851,-23.94738],[32.32772,-23.94666],[32.32752,-23.94711],[32.32624,-23.94737],[32.32663,-23.94783],[32.32841,-23.94757]],[[32.32614,-23.94756],[32.32624,-23.94756],[32.32624,-23.94747],[32.32614,-23.94756]],[[32.32594,-23.94728],[32.32595,-23.94647],[32.32555,-23.94656],[32.32594,-23.94728]],[[32.32506,-23.94701],[32.32516,-23.94701],[32.32516,-23.94683],[32.32506,-23.94701]],[[32.32822,-23.94603],[32.32841,-23.94603],[32.32841,-23.94594],[32.32822,-23.94603]],[[32.32625,-23.9452],[32.32644,-23.94566],[32.32664,-23.94566],[32.32625,-23.9452]],[[32.32723,-23.94557],[32.32704,-23.94557],[32.32704,-23.94566],[32.32723,-23.94557]],[[32.32614,-23.94792],[32.32604,-23.94792],[32.32604,-23.94801],[32.32614,-23.94792]],[[32.32338,-23.94854],[32.32347,-23.9489],[32.32377,-23.94854],[32.32338,-23.94854]],[[32.32534,-23.94891],[32.32534,-23.94882],[32.32515,-23.94882],[32.32534,-23.94891]],[[32.32298,-23.94854],[32.32249,-23.94844],[32.32259,-23.9489],[32.32298,-23.94854]],[[32.32327,-23.94917],[32.32317,-23.94944],[32.32337,-23.94944],[32.32327,-23.94917]],[[32.32721,-23.94946],[32.32662,-23.94973],[32.32672,-23.94991],[32.32721,-23.94946]],[[32.32475,-23.95018],[32.32465,-23.95017],[32.32465,-23.95027],[32.32475,-23.95018]],[[32.32573,-23.95099],[32.32602,-23.95118],[32.32622,-23.95072],[32.32573,-23.95099]],[[32.33026,-23.95083],[32.33016,-23.95083],[32.33016,-23.95101],[32.33026,-23.95083]],[[32.3273,-23.95127],[32.3273,-23.95164],[32.32789,-23.95173],[32.32789,-23.95119],[32.3273,-23.95127]],[[32.32847,-23.95372],[32.32917,-23.95309],[32.32887,-23.95237],[32.32927,-23.95182],[32.32858,-23.95227],[32.32847,-23.95372]],[[32.33045,-23.95274],[32.33015,-23.95255],[32.33015,-23.95282],[32.33045,-23.95274]],[[32.33232,-23.95329],[32.33232,-23.9532],[32.33192,-23.95329],[32.33232,-23.95329]],[[32.33143,-23.95365],[32.33143,-23.95337],[32.33123,-23.95346],[32.33143,-23.95365]],[[32.32739,-23.95327],[32.32749,-23.95345],[32.32778,-23.95336],[32.32739,-23.95327]],[[32.32985,-23.95391],[32.32906,-23.95382],[32.32926,-23.95427],[32.32985,-23.95391]],[[32.33034,-23.95455],[32.33004,-23.95464],[32.33093,-23.95554],[32.33034,-23.95455]],[[32.3193,-23.95513],[32.3194,-23.95513],[32.3194,-23.95504],[32.3193,-23.95513]],[[32.32167,-23.95505],[32.32186,-23.95505],[32.32186,-23.95487],[32.32167,-23.95505]],[[32.31999,-23.95477],[32.31999,-23.95495],[32.32019,-23.95495],[32.31999,-23.95477]],[[32.32058,-23.95477],[32.32039,-23.95468],[32.32039,-23.95486],[32.32058,-23.95477]],[[32.31891,-23.95549],[32.31871,-23.95549],[32.31871,-23.95576],[32.31891,-23.95549]],[[32.3189,-23.95585],[32.3189,-23.95576],[32.31881,-23.95576],[32.3189,-23.95585]],[[32.32146,-23.95605],[32.32156,-23.95578],[32.32117,-23.95586],[32.32146,-23.95605]],[[32.31782,-23.95639],[32.31871,-23.95612],[32.31831,-23.95585],[32.31782,-23.95639]],[[32.31772,-23.95648],[32.31782,-23.95648],[32.31782,-23.95639],[32.31772,-23.95648]],[[32.31762,-23.95657],[32.31772,-23.95657],[32.31772,-23.95648],[32.31762,-23.95657]],[[32.32048,-23.95577],[32.32038,-23.95604],[32.32068,-23.95604],[32.32048,-23.95577]],[[32.32994,-23.95645],[32.32974,-23.95645],[32.32974,-23.95654],[32.32994,-23.95645]],[[32.30521,-23.95552],[32.30472,-23.95579],[32.30481,-23.95597],[32.3054,-23.95597],[32.30521,-23.95552]],[[32.30501,-23.95525],[32.30491,-23.95552],[32.30511,-23.95552],[32.30501,-23.95525]],[[32.30816,-23.95572],[32.30836,-23.95563],[32.30817,-23.95517],[32.30816,-23.95572]],[[32.30728,-23.95526],[32.30758,-23.95535],[32.30758,-23.95517],[32.30728,-23.95526]],[[32.30245,-23.95524],[32.30265,-23.95524],[32.30265,-23.95515],[32.30245,-23.95524]],[[32.30541,-23.95525],[32.30649,-23.95516],[32.3064,-23.9548],[32.30541,-23.95525]],[[32.30186,-23.95496],[32.30176,-23.95505],[32.30196,-23.95505],[32.30186,-23.95496]],[[32.30354,-23.95479],[32.30344,-23.95479],[32.30344,-23.95497],[32.30354,-23.95479]],[[32.30413,-23.95479],[32.30423,-23.95479],[32.30423,-23.95461],[32.30413,-23.95479]],[[32.30216,-23.95433],[32.30187,-23.95424],[32.30167,-23.95451],[32.30206,-23.95469],[32.30216,-23.95433]],[[32.30354,-23.95416],[32.30354,-23.95388],[32.30315,-23.95406],[32.30354,-23.95416]],[[32.29882,-23.95287],[32.29931,-23.95305],[32.29941,-23.95269],[32.29853,-23.95223],[32.29813,-23.95268],[32.29832,-23.9535],[32.29744,-23.95304],[32.29714,-23.95358],[32.29773,-23.95395],[32.29655,-23.95403],[32.29674,-23.95503],[32.29782,-23.95558],[32.29822,-23.95476],[32.2994,-23.95477],[32.29911,-23.95404],[32.2998,-23.95378],[32.29901,-23.95386],[32.29882,-23.95287]],[[32.29851,-23.95513],[32.29841,-23.9554],[32.29871,-23.9554],[32.29851,-23.95513]],[[32.29831,-23.95549],[32.29841,-23.95549],[32.29841,-23.9554],[32.29831,-23.95549]],[[32.29557,-23.95312],[32.29576,-23.95312],[32.29576,-23.95303],[32.29557,-23.95312]],[[32.29783,-23.95277],[32.29793,-23.95277],[32.29793,-23.95268],[32.29783,-23.95277]],[[32.29626,-23.95249],[32.29636,-23.95249],[32.29636,-23.9524],[32.29626,-23.95249]],[[32.29991,-23.95206],[32.29952,-23.95169],[32.29922,-23.95214],[32.29981,-23.9526],[32.29991,-23.95206]],[[32.3003,-23.95206],[32.3005,-23.95161],[32.3003,-23.95161],[32.3003,-23.95206]],[[32.30178,-23.95216],[32.30198,-23.95143],[32.30159,-23.95125],[32.30218,-23.95116],[32.30198,-23.95062],[32.3009,-23.95116],[32.30109,-23.95215],[32.30168,-23.9517],[32.30178,-23.95216]],[[32.29972,-23.95115],[32.29991,-23.95124],[32.30001,-23.95079],[32.29972,-23.95115]],[[32.31134,-23.95057],[32.31125,-23.95057],[32.31125,-23.95075],[32.31134,-23.95057]],[[32.31479,-23.95113],[32.31499,-23.95104],[32.31489,-23.95077],[32.31479,-23.95113]],[[32.31075,-23.95165],[32.31095,-23.95102],[32.31026,-23.95084],[32.31026,-23.95147],[32.31075,-23.95165]],[[32.3069,-23.95173],[32.30592,-23.95136],[32.30612,-23.95181],[32.3069,-23.95173]],[[32.31695,-23.95222],[32.31754,-23.95223],[32.31735,-23.95177],[32.31695,-23.95222]],[[32.31676,-23.95213],[32.31656,-23.95249],[32.31695,-23.9524],[32.31676,-23.95213]],[[32.30582,-23.95263],[32.30582,-23.95235],[32.30434,-23.9518],[32.30355,-23.95216],[32.30394,-23.95298],[32.30582,-23.95263]],[[32.30316,-23.9518],[32.30316,-23.95216],[32.30345,-23.95225],[32.30316,-23.9518]],[[32.31656,-23.95258],[32.31646,-23.95258],[32.31646,-23.95267],[32.31656,-23.95258]],[[32.3065,-23.9529],[32.30641,-23.9529],[32.3064,-23.95308],[32.3065,-23.9529]],[[32.30315,-23.95289],[32.30237,-23.95279],[32.30246,-23.95315],[32.30315,-23.95289]],[[32.30059,-23.95287],[32.30089,-23.95306],[32.30089,-23.95278],[32.30059,-23.95287]],[[32.30187,-23.95279],[32.30217,-23.9527],[32.30217,-23.95261],[32.30187,-23.95279]],[[32.3072,-23.952],[32.3073,-23.952],[32.3073,-23.95191],[32.3072,-23.952]],[[32.30375,-23.95153],[32.30425,-23.95126],[32.30366,-23.9509],[32.30336,-23.95135],[32.30375,-23.95153]],[[32.30967,-23.95101],[32.30947,-23.95101],[32.30947,-23.95119],[32.30967,-23.95101]],[[32.30454,-23.95108],[32.30464,-23.95108],[32.30464,-23.95099],[32.30454,-23.95108]],[[32.31243,-23.95094],[32.31233,-23.95094],[32.31233,-23.95103],[32.31243,-23.95094]],[[32.30957,-23.95047],[32.30997,-23.95056],[32.30997,-23.95038],[32.30957,-23.95047]],[[32.30662,-23.95028],[32.30681,-23.95028],[32.30681,-23.95019],[32.30662,-23.95028]],[[32.31253,-23.95021],[32.31233,-23.95012],[32.31233,-23.9503],[32.31253,-23.95021]],[[32.31056,-23.95011],[32.31066,-23.95011],[32.31066,-23.94993],[32.31056,-23.95011]],[[32.29951,-23.95332],[32.29931,-23.95323],[32.29931,-23.95341],[32.29951,-23.95332]],[[32.30483,-23.95353],[32.30482,-23.95389],[32.30542,-23.95371],[32.30483,-23.95353]],[[32.30108,-23.95342],[32.30059,-23.95351],[32.30078,-23.95387],[32.30118,-23.95387],[32.30108,-23.95342]],[[32.30768,-23.95399],[32.30748,-23.95399],[32.30748,-23.95408],[32.30768,-23.95399]],[[32.3061,-23.95408],[32.30591,-23.95408],[32.30591,-23.95426],[32.3061,-23.95408]],[[32.30551,-23.95425],[32.30512,-23.95425],[32.30531,-23.95471],[32.30551,-23.95425]],[[32.30866,-23.95472],[32.30886,-23.95472],[32.30886,-23.95445],[32.30866,-23.95472]],[[32.30768,-23.95472],[32.30738,-23.95472],[32.30738,-23.9549],[32.30768,-23.95472]],[[32.30246,-23.95442],[32.30256,-23.95442],[32.30256,-23.95433],[32.30246,-23.95442]],[[32.30403,-23.95443],[32.30433,-23.95407],[32.30403,-23.95407],[32.30403,-23.95443]],[[32.31004,-23.95509],[32.30994,-23.95509],[32.30994,-23.95527],[32.31004,-23.95509]],[[32.30659,-23.95553],[32.30669,-23.95553],[32.30669,-23.95544],[32.30659,-23.95553]],[[32.30747,-23.95598],[32.30668,-23.95652],[32.30688,-23.95662],[32.30747,-23.95598]],[[32.30915,-23.95653],[32.30885,-23.95662],[32.30895,-23.9569],[32.30915,-23.95653]],[[32.30441,-23.95715],[32.30481,-23.95679],[32.30569,-23.95697],[32.3056,-23.95652],[32.30432,-23.9566],[32.30441,-23.95715]],[[32.30294,-23.95687],[32.30304,-23.9566],[32.30284,-23.9566],[32.30294,-23.95687]],[[32.30392,-23.95642],[32.30412,-23.95642],[32.30412,-23.95624],[32.30392,-23.95642]],[[32.30609,-23.9567],[32.30629,-23.95634],[32.3058,-23.95625],[32.30609,-23.9567]],[[32.30855,-23.95662],[32.30836,-23.95662],[32.30836,-23.9568],[32.30855,-23.95662]],[[32.30413,-23.95543],[32.30422,-23.95543],[32.30423,-23.95534],[32.30413,-23.95543]],[[32.31312,-23.94994],[32.31322,-23.94967],[32.31302,-23.94967],[32.31312,-23.94994]],[[32.3016,-23.94944],[32.3013,-23.94953],[32.3014,-23.9498],[32.3016,-23.94944]],[[32.30731,-23.94964],[32.30721,-23.94964],[32.30721,-23.94973],[32.30731,-23.94964]],[[32.30652,-23.94964],[32.30662,-23.94964],[32.30662,-23.94955],[32.30652,-23.94964]],[[32.31224,-23.94894],[32.31224,-23.94867],[32.31195,-23.94876],[32.31224,-23.94894]],[[32.30495,-23.949],[32.30564,-23.94946],[32.30594,-23.94882],[32.30544,-23.94837],[32.30495,-23.949]],[[32.30761,-23.9491],[32.30731,-23.9491],[32.30731,-23.94937],[32.30761,-23.9491]],[[32.30869,-23.9492],[32.30859,-23.9492],[32.30859,-23.94938],[32.30869,-23.9492]],[[32.29037,-23.94921],[32.29036,-23.94939],[32.29056,-23.94939],[32.29037,-23.94921]],[[32.29243,-23.94921],[32.29273,-23.94931],[32.29293,-23.94858],[32.29254,-23.94858],[32.29243,-23.94921]],[[32.29106,-23.94767],[32.29067,-23.94749],[32.28958,-23.94811],[32.29027,-23.94884],[32.29076,-23.94884],[32.29027,-23.94812],[32.29106,-23.94767]],[[32.2888,-23.94784],[32.2889,-23.94784],[32.2889,-23.94766],[32.2888,-23.94784]],[[32.29185,-23.94767],[32.29175,-23.94767],[32.29175,-23.94776],[32.29185,-23.94767]],[[32.29609,-23.94833],[32.29608,-23.94851],[32.29628,-23.94851],[32.29609,-23.94833]],[[32.29648,-23.94815],[32.29648,-23.94797],[32.29628,-23.94796],[32.29648,-23.94815]],[[32.2991,-23.95622],[32.2989,-23.95622],[32.2989,-23.9564],[32.2991,-23.95622]],[[32.30274,-23.95741],[32.30283,-23.95759],[32.30323,-23.95741],[32.30274,-23.95741]],[[32.30875,-23.95726],[32.30845,-23.95726],[32.30845,-23.95753],[32.30875,-23.95726]],[[32.3048,-23.9586],[32.30421,-23.9586],[32.30361,-23.95932],[32.30391,-23.95977],[32.30341,-23.95986],[32.30331,-23.96058],[32.30538,-23.96014],[32.30558,-23.96068],[32.30587,-23.96014],[32.30637,-23.96051],[32.30676,-23.96024],[32.30677,-23.95824],[32.30539,-23.95824],[32.3049,-23.95724],[32.3048,-23.9586]],[[32.31072,-23.95763],[32.31052,-23.95763],[32.31052,-23.95772],[32.31072,-23.95763]],[[32.30835,-23.95843],[32.30845,-23.95807],[32.30805,-23.95789],[32.30786,-23.95825],[32.30835,-23.95843]],[[32.30756,-23.95798],[32.30736,-23.95798],[32.30756,-23.95852],[32.30756,-23.95798]],[[32.30815,-23.95852],[32.30825,-23.95852],[32.30825,-23.95843],[32.30815,-23.95852]],[[32.30973,-23.95844],[32.30943,-23.95844],[32.30943,-23.95871],[32.30973,-23.95844]],[[32.30825,-23.95879],[32.30815,-23.95907],[32.30834,-23.95907],[32.30825,-23.95879]],[[32.30755,-23.96024],[32.30775,-23.96015],[32.30775,-23.95997],[32.30755,-23.96024]],[[32.30498,-23.96077],[32.30469,-23.96068],[32.30469,-23.96086],[32.30498,-23.96077]],[[32.30242,-23.96076],[32.30232,-23.96094],[32.30262,-23.96103],[32.30242,-23.96076]],[[32.30272,-23.96058],[32.30302,-23.95995],[32.30272,-23.95986],[32.30272,-23.96058]],[[32.30372,-23.95832],[32.30372,-23.9585],[32.30391,-23.9585],[32.30372,-23.95832]],[[32.30313,-23.95805],[32.30263,-23.95814],[32.30293,-23.95841],[32.30313,-23.95805]],[[32.30165,-23.95804],[32.30214,-23.95813],[32.30214,-23.95786],[32.30165,-23.95804]],[[32.30451,-23.95769],[32.30451,-23.95787],[32.3047,-23.95796],[32.30451,-23.95769]],[[32.30332,-23.95805],[32.30352,-23.95814],[32.30362,-23.95796],[32.30332,-23.95805]],[[32.30402,-23.95742],[32.30412,-23.95742],[32.30412,-23.95724],[32.30402,-23.95742]],[[32.30796,-23.95734],[32.30776,-23.95725],[32.30776,-23.95743],[32.30796,-23.95734]],[[32.31722,-23.95711],[32.31712,-23.95711],[32.31712,-23.9572],[32.31722,-23.95711]],[[32.31732,-23.95748],[32.31702,-23.95748],[32.31702,-23.95757],[32.31732,-23.95748]],[[32.332,-23.957],[32.3321,-23.95682],[32.33171,-23.95673],[32.332,-23.957]],[[32.32727,-23.95698],[32.32747,-23.95689],[32.32747,-23.9568],[32.32727,-23.95698]],[[32.32166,-23.95677],[32.32136,-23.95722],[32.32156,-23.95731],[32.32166,-23.95677]],[[32.32313,-23.95705],[32.32294,-23.95696],[32.32274,-23.95768],[32.32313,-23.95777],[32.32313,-23.95705]],[[32.32343,-23.95741],[32.32372,-23.95741],[32.32372,-23.95723],[32.32343,-23.95741]],[[32.3252,-23.95742],[32.3252,-23.95724],[32.3251,-23.95724],[32.3252,-23.95742]],[[32.32737,-23.95752],[32.32678,-23.95752],[32.32678,-23.95779],[32.32737,-23.95752]],[[32.32894,-23.95798],[32.32884,-23.95798],[32.32884,-23.95816],[32.32894,-23.95798]],[[32.32854,-23.95888],[32.32844,-23.95916],[32.32864,-23.95907],[32.32854,-23.95888]],[[32.33081,-23.95944],[32.331,-23.9598],[32.3313,-23.9598],[32.3312,-23.95935],[32.33081,-23.95944]]],[[[32.27716,-23.9515],[32.27735,-23.95123],[32.27794,-23.95141],[32.27794,-23.95214],[32.27716,-23.9515]]],[[[32.27559,-23.94868],[32.2755,-23.94769],[32.27599,-23.94787],[32.27618,-23.9486],[32.27559,-23.94868]]],[[[32.30348,-23.94709],[32.30377,-23.94791],[32.30289,-23.9479],[32.30289,-23.94709],[32.30348,-23.94709]]],[[[32.27551,-23.94615],[32.2757,-23.94678],[32.2759,-23.94588],[32.27669,-23.94615],[32.27689,-23.94534],[32.27718,-23.94697],[32.27639,-23.9467],[32.27609,-23.94724],[32.2752,-23.94732],[32.27413,-23.94551],[32.27551,-23.94615]]],[[[32.32349,-23.94501],[32.32398,-23.9451],[32.32369,-23.94573],[32.32329,-23.94546],[32.32349,-23.94501]]],[[[32.27729,-23.94471],[32.27728,-23.94552],[32.27709,-23.94543],[32.27729,-23.94471]]],[[[32.27384,-23.9446],[32.27413,-23.94533],[32.27364,-23.94541],[32.27355,-23.94415],[32.27463,-23.94379],[32.27492,-23.94451],[32.27384,-23.9446]]],[[[32.27571,-23.94524],[32.27531,-23.94497],[32.27532,-23.9437],[32.27611,-23.94325],[32.27571,-23.94524]]],[[[32.2765,-23.9447],[32.27669,-23.94507],[32.2761,-23.94506],[32.2772,-23.94308],[32.27749,-23.94407],[32.2765,-23.9447]]],[[[32.31404,-23.94379],[32.31473,-23.94379],[32.31473,-23.94406],[32.31404,-23.94379]]],[[[32.28676,-23.94267],[32.28695,-23.94258],[32.28754,-23.94331],[32.28744,-23.94412],[32.28685,-23.94403],[32.28676,-23.94267]]],[[[32.32458,-23.94347],[32.32459,-23.94293],[32.3239,-23.94311],[32.3238,-23.94229],[32.32469,-23.94239],[32.32498,-23.94348],[32.32458,-23.94347]]],[[[32.2774,-23.94217],[32.27789,-23.94217],[32.27779,-23.94299],[32.2774,-23.94217]]],[[[32.27415,-23.94243],[32.27385,-23.9427],[32.27336,-23.94242],[32.27405,-23.94225],[32.27415,-23.94243]],[[32.27385,-23.94243],[32.27385,-23.94252],[32.27395,-23.94252],[32.27385,-23.94243]]],[[[32.32114,-23.94192],[32.32184,-23.94129],[32.32115,-23.94129],[32.32135,-23.94029],[32.32253,-23.94039],[32.32252,-23.94165],[32.32321,-23.94184],[32.32213,-23.94256],[32.32114,-23.94192]]],[[[32.32637,-23.94185],[32.32597,-23.94131],[32.32608,-23.94022],[32.32696,-23.94068],[32.32637,-23.94185]]],[[[32.32076,-23.93993],[32.31997,-23.94056],[32.31997,-23.94028],[32.32076,-23.93993]]],[[[32.27455,-23.94017],[32.27396,-23.93998],[32.27406,-23.93962],[32.27485,-23.94008],[32.27455,-23.94062],[32.27455,-23.94017]]],[[[32.27515,-23.93872],[32.27456,-23.93917],[32.27495,-23.93935],[32.27465,-23.93971],[32.27426,-23.93971],[32.27397,-23.93881],[32.27407,-23.93835],[32.27515,-23.93872]]],[[[32.28619,-23.93741],[32.28669,-23.93769],[32.28708,-23.93715],[32.2863,-23.9366],[32.28621,-23.93515],[32.2866,-23.93443],[32.2872,-23.93443],[32.28611,-23.93388],[32.287,-23.93334],[32.28817,-23.93616],[32.28876,-23.93571],[32.28925,-23.93689],[32.29004,-23.93689],[32.28945,-23.93743],[32.28964,-23.93825],[32.29013,-23.93825],[32.28963,-23.93897],[32.29042,-23.93952],[32.29022,-23.93997],[32.28884,-23.93987],[32.28854,-23.9405],[32.28903,-23.94105],[32.28795,-23.94068],[32.28903,-23.9415],[32.28804,-23.94204],[32.28803,-23.94313],[32.28696,-23.94195],[32.28548,-23.9413],[32.28608,-23.93986],[32.28549,-23.93922],[32.28599,-23.93913],[32.28589,-23.93823],[32.28639,-23.93823],[32.28619,-23.93741]],[[32.28943,-23.9396],[32.28973,-23.93951],[32.28973,-23.93933],[32.28943,-23.9396]],[[32.28609,-23.93886],[32.28599,-23.93886],[32.28599,-23.93895],[32.28609,-23.93886]],[[32.28875,-23.93915],[32.28884,-23.93942],[32.28914,-23.93933],[32.28904,-23.93888],[32.28875,-23.93915]],[[32.28895,-23.93824],[32.28895,-23.93833],[32.28934,-23.93842],[32.28895,-23.93824]],[[32.28875,-23.93806],[32.28875,-23.93824],[32.28895,-23.93824],[32.28875,-23.93806]],[[32.28708,-23.93751],[32.28688,-23.93778],[32.28718,-23.93787],[32.28708,-23.93751]],[[32.28876,-23.93725],[32.28866,-23.93697],[32.28797,-23.93706],[32.28826,-23.93751],[32.28876,-23.93725]],[[32.28689,-23.93615],[32.28679,-23.93633],[32.28699,-23.93642],[32.28689,-23.93615]],[[32.28795,-23.94141],[32.28795,-23.94123],[32.28755,-23.94113],[32.28795,-23.94141]],[[32.28676,-23.94122],[32.28676,-23.94149],[32.28706,-23.9414],[32.28676,-23.94122]]],[[[32.27671,-23.94199],[32.27632,-23.94181],[32.27671,-23.94144],[32.27642,-23.9409],[32.27711,-23.94127],[32.2777,-23.94091],[32.2778,-23.9419],[32.27701,-23.94208],[32.2772,-23.94281],[32.27661,-23.94316],[32.27612,-23.94217],[32.27513,-23.94225],[32.27572,-23.94307],[32.27493,-23.94261],[32.27494,-23.9418],[32.27415,-23.94161],[32.27425,-23.94089],[32.27504,-23.9408],[32.27534,-23.94099],[32.27523,-23.94171],[32.27671,-23.94199]],[[32.27494,-23.94098],[32.27504,-23.94098],[32.27504,-23.94089],[32.27494,-23.94098]],[[32.27484,-23.94107],[32.27494,-23.94107],[32.27494,-23.94098],[32.27484,-23.94107]],[[32.27504,-23.94117],[32.27504,-23.94107],[32.27494,-23.94107],[32.27504,-23.94117]]],[[[32.278,-23.94073],[32.278,-23.94],[32.27879,-23.93937],[32.2786,-23.93883],[32.2781,-23.93964],[32.27742,-23.9381],[32.27811,-23.93846],[32.27812,-23.93665],[32.27851,-23.93684],[32.27921,-23.93602],[32.27872,-23.93539],[32.27812,-23.93602],[32.27862,-23.93466],[32.27971,-23.9344],[32.27892,-23.93385],[32.27803,-23.9343],[32.27764,-23.93376],[32.28119,-23.93314],[32.28109,-23.93386],[32.28207,-23.93423],[32.28207,-23.93486],[32.28108,-23.93585],[32.28128,-23.93467],[32.28089,-23.93404],[32.2803,-23.93449],[32.28049,-23.93512],[32.2799,-23.9353],[32.28088,-23.93576],[32.28019,-23.93621],[32.28058,-23.93648],[32.28038,-23.9373],[32.27969,-23.93747],[32.28028,-23.93775],[32.27988,-23.93938],[32.28037,-23.94001],[32.27938,-23.93965],[32.27958,-23.9391],[32.27919,-23.93874],[32.27909,-23.9401],[32.27849,-23.941],[32.27928,-23.94128],[32.27849,-23.94154],[32.2777,-23.94091],[32.278,-23.94073]],[[32.27949,-23.93865],[32.27949,-23.93856],[32.27929,-23.93856],[32.27949,-23.93865]],[[32.27941,-23.93548],[32.27941,-23.93575],[32.2797,-23.93575],[32.27941,-23.93548]],[[32.28148,-23.93449],[32.28148,-23.93468],[32.28168,-23.93468],[32.28148,-23.93449]],[[32.28021,-23.93367],[32.2803,-23.93395],[32.2806,-23.93386],[32.28021,-23.93367]]],[[[32.27497,-23.93664],[32.27556,-23.93664],[32.27536,-23.937],[32.27437,-23.937],[32.27497,-23.93664]]],[[[32.27606,-23.93565],[32.27547,-23.93564],[32.27547,-23.93546],[32.27586,-23.9351],[32.27606,-23.93565]]],[[[32.27765,-23.93167],[32.27835,-23.93158],[32.27844,-23.93195],[32.27775,-23.93212],[32.27765,-23.93167]]],[[[32.2745,-23.93147],[32.27382,-23.93102],[32.27451,-23.93093],[32.275,-23.93021],[32.2754,-23.93057],[32.2745,-23.93147]]],[[[32.28138,-23.92969],[32.2806,-23.93111],[32.27953,-23.93194],[32.27963,-23.93132],[32.28022,-23.93123],[32.28143,-23.92553],[32.28124,-23.92462],[32.28173,-23.92499],[32.28325,-23.92373],[32.28242,-23.92517],[32.28138,-23.92969]]],[[[32.28027,-23.92163],[32.28037,-23.9219],[32.27968,-23.92208],[32.27939,-23.92163],[32.28027,-23.92163]]],[[[32.28342,-23.92219],[32.28402,-23.92138],[32.28431,-23.92183],[32.28342,-23.92219]]],[[[32.28815,-23.9223],[32.28769,-23.92194],[32.28894,-23.92086],[32.28894,-23.92176],[32.28815,-23.9223]]],[[[32.27962,-23.91547],[32.27942,-23.91456],[32.28041,-23.91475],[32.27962,-23.91547]]],[[[32.28928,-23.91298],[32.28878,-23.91443],[32.2882,-23.91343],[32.28928,-23.91298]]],[[[32.28766,-23.90374],[32.28865,-23.90347],[32.28923,-23.9042],[32.28963,-23.90384],[32.28894,-23.90293],[32.28806,-23.90274],[32.28836,-23.9022],[32.29042,-23.90275],[32.29052,-23.90312],[32.28993,-23.90302],[32.28983,-23.90338],[32.29061,-23.90438],[32.29121,-23.9043],[32.28941,-23.90708],[32.28996,-23.91009],[32.29065,-23.91092],[32.29042,-23.91524],[32.28802,-23.92021],[32.28549,-23.92165],[32.28708,-23.92039],[32.28837,-23.91796],[32.28818,-23.91723],[32.28887,-23.91687],[32.28918,-23.9147],[32.28967,-23.9147],[32.28938,-23.91253],[32.28978,-23.91217],[32.28959,-23.91171],[32.28919,-23.91207],[32.2886,-23.9118],[32.289,-23.91062],[32.28861,-23.90999],[32.28911,-23.90936],[32.28852,-23.90809],[32.28902,-23.90619],[32.28843,-23.90637],[32.28804,-23.90591],[32.28784,-23.90682],[32.28775,-23.90546],[32.28874,-23.9051],[32.28844,-23.90492],[32.28834,-23.90455],[32.28716,-23.90482],[32.28766,-23.90374]],[[32.28954,-23.90275],[32.28954,-23.90266],[32.28934,-23.90266],[32.28954,-23.90275]],[[32.28893,-23.90492],[32.28893,-23.90465],[32.28864,-23.90483],[32.28893,-23.90492]],[[32.28923,-23.90546],[32.28933,-23.90519],[32.28893,-23.90492],[32.28923,-23.90546]],[[32.28815,-23.90383],[32.28805,-23.90401],[32.28854,-23.9041],[32.28815,-23.90383]],[[32.29002,-23.90438],[32.29002,-23.90447],[32.29012,-23.90447],[32.29002,-23.90438]]],[[[32.28151,-23.91104],[32.28339,-23.9106],[32.28388,-23.91087],[32.28299,-23.9115],[32.2823,-23.91141],[32.28249,-23.91204],[32.28328,-23.91241],[32.28308,-23.9134],[32.28248,-23.9134],[32.28249,-23.91222],[32.2817,-23.91249],[32.2819,-23.91204],[32.28151,-23.91213],[32.2813,-23.91349],[32.28032,-23.9123],[32.28044,-23.90986],[32.28132,-23.90959],[32.28151,-23.91104]],[[32.28102,-23.91068],[32.28092,-23.91068],[32.28092,-23.91077],[32.28102,-23.91068]],[[32.28171,-23.91141],[32.28151,-23.9114],[32.28151,-23.91149],[32.28171,-23.91141]]],[[[32.28241,-23.90996],[32.28202,-23.90923],[32.283,-23.90924],[32.28359,-23.9087],[32.28359,-23.90997],[32.28241,-23.90996]]],[[[32.28094,-23.9076],[32.28153,-23.90796],[32.28074,-23.9085],[32.28045,-23.90814],[32.28094,-23.9076]]],[[[32.28272,-23.90688],[32.2835,-23.90707],[32.2834,-23.90734],[32.28281,-23.90743],[32.28272,-23.90688]]],[[[32.28222,-23.90733],[32.28163,-23.90787],[32.28143,-23.90733],[32.28193,-23.90661],[32.28222,-23.90733]]],[[[32.29838,-23.9065],[32.29858,-23.90659],[32.29828,-23.90723],[32.29798,-23.90686],[32.29838,-23.9065]]],[[[32.28449,-23.90762],[32.28399,-23.90816],[32.28401,-23.90535],[32.28322,-23.90553],[32.28322,-23.90462],[32.2846,-23.90481],[32.28449,-23.90762]]],[[[32.28193,-23.90643],[32.28154,-23.90561],[32.28204,-23.90552],[32.28066,-23.90524],[32.28056,-23.90497],[32.28184,-23.9048],[32.28272,-23.90552],[32.28193,-23.90643]]],[[[32.29171,-23.90212],[32.29279,-23.90177],[32.29279,-23.90248],[32.29171,-23.90212]]],[[[32.2932,-23.89923],[32.29311,-23.89824],[32.2937,-23.89824],[32.29359,-23.89924],[32.2932,-23.89923]]],[[[32.2802,-23.89836],[32.27991,-23.89827],[32.27991,-23.89763],[32.2804,-23.89782],[32.2802,-23.89836]]],[[[32.29184,-23.8957],[32.29115,-23.8951],[32.29229,-23.89557],[32.29278,-23.89599],[32.29289,-23.89615],[32.29184,-23.8957]]],[[[32.3012,-23.89483],[32.3013,-23.89393],[32.30229,-23.89411],[32.30169,-23.89493],[32.3012,-23.89483]]],[[[32.2884,-23.89396],[32.28801,-23.89351],[32.28971,-23.89442],[32.2884,-23.89396]]],[[[32.27609,-23.85877],[32.2754,-23.85886],[32.276,-23.85786],[32.27551,-23.85677],[32.2762,-23.85605],[32.27945,-23.85743],[32.27964,-23.85716],[32.28112,-23.85698],[32.28042,-23.85969],[32.2813,-23.86088],[32.28119,-23.86178],[32.28169,-23.86187],[32.28168,-23.86251],[32.2802,-23.86268],[32.28128,-23.86314],[32.28079,-23.86413],[32.28078,-23.86477],[32.28285,-23.86514],[32.28246,-23.86414],[32.28266,-23.86387],[32.28363,-23.8655],[32.28285,-23.86532],[32.28294,-23.86595],[32.28373,-23.86596],[32.28382,-23.86677],[32.28422,-23.86659],[32.28403,-23.86569],[32.28501,-23.8666],[32.2857,-23.86615],[32.28688,-23.86706],[32.28687,-23.86742],[32.28766,-23.86715],[32.28873,-23.86924],[32.2908,-23.86898],[32.29168,-23.87007],[32.29346,-23.86999],[32.29493,-23.8709],[32.29305,-23.87252],[32.29452,-23.87325],[32.2956,-23.87516],[32.29619,-23.87525],[32.29579,-23.87579],[32.29628,-23.87598],[32.29608,-23.87652],[32.29716,-23.87788],[32.29893,-23.87744],[32.3004,-23.8788],[32.3,-23.8807],[32.30078,-23.88161],[32.30009,-23.88143],[32.29999,-23.88233],[32.2991,-23.88323],[32.30027,-23.88396],[32.30027,-23.88442],[32.30106,-23.88451],[32.30086,-23.88505],[32.30175,-23.8846],[32.30243,-23.88633],[32.30164,-23.8865],[32.30233,-23.88687],[32.30222,-23.88814],[32.30281,-23.88823],[32.30133,-23.88895],[32.30152,-23.89067],[32.30094,-23.88904],[32.30015,-23.88867],[32.29965,-23.88976],[32.29975,-23.8903],[32.30014,-23.88985],[32.30014,-23.89039],[32.29945,-23.8912],[32.29994,-23.89139],[32.30003,-23.89211],[32.29973,-23.89401],[32.30111,-23.89384],[32.30051,-23.89447],[32.3009,-23.8951],[32.29982,-23.89519],[32.29952,-23.89564],[32.30031,-23.89637],[32.30119,-23.89628],[32.3002,-23.89727],[32.30158,-23.89728],[32.30148,-23.89791],[32.30217,-23.89837],[32.30039,-23.899],[32.30049,-23.89945],[32.30098,-23.89918],[32.30137,-23.89963],[32.30018,-23.90099],[32.30008,-23.90189],[32.2987,-23.90252],[32.29929,-23.90279],[32.29948,-23.9037],[32.29898,-23.90415],[32.29928,-23.90488],[32.29868,-23.90542],[32.29887,-23.90623],[32.29661,-23.9055],[32.29582,-23.90613],[32.29592,-23.90667],[32.29651,-23.90622],[32.29661,-23.90686],[32.29452,-23.91002],[32.29531,-23.91011],[32.29531,-23.90939],[32.2962,-23.90903],[32.29619,-23.91039],[32.29461,-23.91074],[32.29373,-23.91019],[32.29304,-23.91046],[32.29323,-23.91101],[32.29383,-23.91074],[32.29412,-23.91128],[32.29333,-23.91119],[32.29273,-23.91236],[32.29401,-23.91255],[32.29322,-23.91327],[32.29272,-23.91517],[32.29163,-23.91661],[32.29142,-23.91878],[32.28944,-23.92032],[32.28983,-23.92158],[32.29032,-23.9215],[32.29013,-23.92032],[32.29111,-23.92105],[32.2911,-23.92241],[32.29031,-23.92349],[32.29149,-23.92331],[32.29207,-23.92504],[32.29158,-23.92485],[32.29049,-23.92566],[32.2905,-23.92512],[32.28951,-23.92484],[32.28992,-23.92349],[32.28716,-23.92338],[32.28637,-23.92401],[32.28616,-23.92492],[32.28487,-23.9269],[32.28418,-23.92699],[32.28447,-23.92763],[32.2837,-23.92735],[32.28419,-23.92645],[32.28468,-23.92645],[32.28409,-23.92563],[32.28513,-23.92379],[32.28756,-23.92205],[32.28775,-23.92284],[32.28795,-23.92248],[32.28874,-23.92276],[32.28894,-23.92212],[32.28943,-23.92294],[32.28973,-23.92204],[32.28914,-23.92059],[32.29054,-23.91806],[32.29162,-23.91361],[32.2914,-23.91018],[32.29176,-23.90982],[32.29137,-23.90973],[32.29139,-23.90855],[32.29187,-23.90738],[32.29316,-23.90675],[32.29337,-23.90494],[32.29258,-23.90512],[32.29277,-23.9063],[32.29227,-23.90675],[32.2912,-23.90638],[32.29228,-23.90602],[32.29189,-23.90532],[32.29594,-23.90296],[32.29683,-23.90106],[32.29694,-23.89961],[32.29616,-23.89762],[32.29695,-23.89753],[32.29744,-23.89808],[32.29735,-23.89744],[32.29784,-23.89717],[32.29696,-23.89663],[32.29656,-23.89708],[32.29627,-23.89653],[32.29607,-23.89743],[32.29421,-23.89516],[32.29284,-23.8947],[32.29323,-23.89453],[32.29293,-23.89425],[32.29185,-23.89414],[32.29254,-23.89335],[32.29372,-23.89417],[32.29353,-23.89226],[32.29442,-23.89163],[32.29353,-23.89199],[32.29334,-23.89063],[32.29117,-23.89243],[32.29205,-23.89316],[32.29155,-23.89391],[32.28989,-23.89279],[32.28891,-23.89188],[32.28498,-23.89153],[32.28506,-23.89084],[32.28606,-23.89078],[32.28658,-23.88988],[32.28714,-23.88979],[32.28705,-23.88897],[32.28656,-23.88915],[32.2864,-23.88876],[32.28686,-23.88843],[32.2865,-23.8877],[32.28696,-23.88698],[32.28657,-23.88689],[32.28647,-23.88734],[32.28463,-23.88108],[32.28542,-23.88082],[32.28454,-23.88083],[32.28133,-23.87343],[32.28082,-23.87355],[32.28142,-23.87473],[32.28083,-23.875],[32.27975,-23.87282],[32.28054,-23.87273],[32.28134,-23.87102],[32.27996,-23.87083],[32.27947,-23.87146],[32.2776,-23.87028],[32.27731,-23.87046],[32.2777,-23.87118],[32.2773,-23.87127],[32.27612,-23.87036],[32.27474,-23.87081],[32.27356,-23.87062],[32.27278,-23.86989],[32.27229,-23.86989],[32.27209,-23.87043],[32.2713,-23.87016],[32.27377,-23.86917],[32.27397,-23.86781],[32.27495,-23.86827],[32.27505,-23.86927],[32.27554,-23.86846],[32.27603,-23.86909],[32.27702,-23.86882],[32.27751,-23.86964],[32.2779,-23.86928],[32.2781,-23.86973],[32.27947,-23.86992],[32.27997,-23.86929],[32.2785,-23.86901],[32.2784,-23.86829],[32.27899,-23.86847],[32.27909,-23.86911],[32.27988,-23.86875],[32.2788,-23.86811],[32.2789,-23.86738],[32.27791,-23.86783],[32.27861,-23.86593],[32.27694,-23.86547],[32.27605,-23.86637],[32.27488,-23.86483],[32.27576,-23.86456],[32.2739,-23.86356],[32.27271,-23.86382],[32.27251,-23.86446],[32.2734,-23.86464],[32.27281,-23.86518],[32.27428,-23.86528],[32.27457,-23.86601],[32.27713,-23.86701],[32.27614,-23.86846],[32.27624,-23.86746],[32.27516,-23.86764],[32.27595,-23.86719],[32.27585,-23.86683],[32.27476,-23.86746],[32.27339,-23.86591],[32.2728,-23.86627],[32.27143,-23.86545],[32.27212,-23.86509],[32.27212,-23.86391],[32.27321,-23.86355],[32.27331,-23.86319],[32.27242,-23.86337],[32.27223,-23.86273],[32.27144,-23.863],[32.27115,-23.86255],[32.27184,-23.8621],[32.27125,-23.86173],[32.27085,-23.86246],[32.26977,-23.86263],[32.26889,-23.8619],[32.2677,-23.8619],[32.26967,-23.86182],[32.26968,-23.86136],[32.2685,-23.86127],[32.26968,-23.86082],[32.27008,-23.85983],[32.27096,-23.86028],[32.27185,-23.85984],[32.27294,-23.85857],[32.27274,-23.85939],[32.27362,-23.85993],[32.27362,-23.86057],[32.27451,-23.86048],[32.27705,-23.86267],[32.27765,-23.86204],[32.27706,-23.86158],[32.27746,-23.86013],[32.27687,-23.86049],[32.27648,-23.86031],[32.27707,-23.8595],[32.27609,-23.85877]],[[32.30029,-23.8989],[32.30029,-23.89899],[32.30039,-23.899],[32.30029,-23.8989]],[[32.29312,-23.91318],[32.29312,-23.91327],[32.29322,-23.91327],[32.29312,-23.91318]],[[32.29303,-23.91309],[32.29303,-23.91318],[32.29312,-23.91318],[32.29303,-23.91309]],[[32.28053,-23.85734],[32.28073,-23.85734],[32.28063,-23.85716],[32.28053,-23.85734]],[[32.28638,-23.86706],[32.28658,-23.86697],[32.28658,-23.86688],[32.28638,-23.86706]],[[32.29491,-23.87452],[32.29501,-23.87452],[32.29501,-23.87434],[32.29491,-23.87452]],[[32.30135,-23.88623],[32.30134,-23.88641],[32.30164,-23.88641],[32.30135,-23.88623]],[[32.30059,-23.89845],[32.30049,-23.89827],[32.2999,-23.89881],[32.30059,-23.89845]],[[32.29031,-23.92376],[32.29041,-23.92376],[32.29041,-23.92358],[32.29031,-23.92376]],[[32.29332,-23.89434],[32.29323,-23.89434],[32.29323,-23.89443],[32.29332,-23.89434]],[[32.29254,-23.89362],[32.29254,-23.89353],[32.29244,-23.89353],[32.29254,-23.89362]],[[32.29462,-23.89127],[32.29618,-23.89391],[32.29648,-23.89273],[32.2955,-23.89254],[32.29531,-23.89155],[32.29413,-23.89018],[32.29364,-23.89072],[32.29462,-23.89127]],[[32.29019,-23.89161],[32.29009,-23.89116],[32.2891,-23.89188],[32.29019,-23.89161]],[[32.28814,-23.88807],[32.28725,-23.88825],[32.28784,-23.88907],[32.28823,-23.88898],[32.28814,-23.88834],[32.28981,-23.8889],[32.28962,-23.88745],[32.28834,-23.88753],[32.28933,-23.88663],[32.28914,-23.88599],[32.28824,-23.8869],[32.28736,-23.88644],[32.28745,-23.88753],[32.28696,-23.88752],[32.28696,-23.88798],[32.28814,-23.88807]],[[32.29089,-23.88953],[32.2898,-23.89016],[32.28813,-23.88979],[32.28802,-23.89097],[32.28891,-23.8907],[32.28901,-23.89116],[32.2901,-23.89035],[32.29068,-23.89198],[32.29137,-23.89162],[32.29128,-23.89071],[32.29196,-23.89081],[32.29227,-23.88864],[32.29139,-23.88827],[32.29109,-23.8889],[32.2908,-23.8879],[32.2906,-23.88908],[32.28981,-23.88908],[32.29089,-23.88953]],[[32.27583,-23.86954],[32.27603,-23.86954],[32.27593,-23.86918],[32.27544,-23.86927],[32.27583,-23.86954]],[[32.27852,-23.86512],[32.27763,-23.86502],[32.27773,-23.86548],[32.27851,-23.86548],[32.27852,-23.86512]],[[32.27687,-23.86022],[32.27687,-23.86031],[32.27697,-23.86031],[32.27687,-23.86022]],[[32.2761,-23.85714],[32.27668,-23.85877],[32.27757,-23.85796],[32.27796,-23.8586],[32.27905,-23.85797],[32.27895,-23.8576],[32.27777,-23.85769],[32.27797,-23.85724],[32.27718,-23.85678],[32.2761,-23.85714]],[[32.27984,-23.85779],[32.27964,-23.85779],[32.27964,-23.85806],[32.27984,-23.85779]],[[32.28013,-23.85861],[32.28013,-23.85843],[32.27993,-23.85842],[32.28013,-23.85861]],[[32.28022,-23.85906],[32.28013,-23.85879],[32.27983,-23.85897],[32.28022,-23.85906]],[[32.27943,-23.85978],[32.28012,-23.85969],[32.27983,-23.85924],[32.27944,-23.85924],[32.27943,-23.85978]],[[32.27924,-23.85906],[32.27924,-23.85915],[32.27944,-23.85924],[32.27924,-23.85906]],[[32.27904,-23.85914],[32.27895,-23.85887],[32.27845,-23.85923],[32.27904,-23.85914]],[[32.27855,-23.85969],[32.27845,-23.85987],[32.27874,-23.85987],[32.27855,-23.85969]],[[32.27982,-23.86087],[32.28012,-23.86087],[32.28012,-23.8606],[32.27982,-23.86087]],[[32.28021,-23.86205],[32.2807,-23.86205],[32.28061,-23.86142],[32.28021,-23.86205]],[[32.27952,-23.86204],[32.27952,-23.86195],[32.27942,-23.86195],[32.27952,-23.86204]],[[32.27509,-23.8622],[32.27518,-23.86284],[32.27538,-23.86284],[32.27509,-23.8622]],[[32.27292,-23.86256],[32.27282,-23.86283],[32.2742,-23.86193],[32.27292,-23.86256]],[[32.27548,-23.86166],[32.27538,-23.86184],[32.27558,-23.86194],[32.27548,-23.86166]],[[32.27223,-23.86165],[32.27224,-23.86138],[32.27204,-23.86138],[32.27223,-23.86165]],[[32.2744,-23.8622],[32.2744,-23.86229],[32.2745,-23.86229],[32.2744,-23.8622]],[[32.27155,-23.8611],[32.27145,-23.86083],[32.27125,-23.86092],[32.27155,-23.8611]],[[32.27263,-23.86111],[32.27293,-23.86111],[32.27283,-23.86093],[32.27263,-23.86111]],[[32.27007,-23.862],[32.27007,-23.86227],[32.27066,-23.86209],[32.27007,-23.862]],[[32.27931,-23.86349],[32.27932,-23.86322],[32.27863,-23.86313],[32.27852,-23.86367],[32.27931,-23.86349]],[[32.27833,-23.86376],[32.27833,-23.86394],[32.27852,-23.86385],[32.27833,-23.86376]],[[32.27793,-23.86367],[32.27794,-23.86349],[32.27754,-23.86339],[32.27793,-23.86367]],[[32.27469,-23.8632],[32.27469,-23.86329],[32.27488,-23.86338],[32.27469,-23.8632]],[[32.27912,-23.86376],[32.27872,-23.86385],[32.27891,-23.86449],[32.27912,-23.86376]],[[32.28039,-23.86386],[32.28039,-23.86395],[32.28059,-23.86395],[32.28039,-23.86386]],[[32.2728,-23.866],[32.2728,-23.86609],[32.2729,-23.86609],[32.2728,-23.866]],[[32.28039,-23.86467],[32.28039,-23.86486],[32.28049,-23.86486],[32.28039,-23.86467]],[[32.2796,-23.86512],[32.2799,-23.86503],[32.2798,-23.86476],[32.2796,-23.86512]],[[32.27635,-23.86529],[32.27635,-23.86547],[32.27655,-23.86547],[32.27635,-23.86529]],[[32.28176,-23.86541],[32.28177,-23.86531],[32.28157,-23.86531],[32.28157,-23.8655],[32.28176,-23.86541]],[[32.28147,-23.86549],[32.28147,-23.8654],[32.28137,-23.8654],[32.28147,-23.86549]],[[32.2796,-23.86576],[32.2796,-23.86567],[32.2794,-23.86558],[32.2796,-23.86576]],[[32.28058,-23.86594],[32.28058,-23.86567],[32.28038,-23.86576],[32.28058,-23.86594]],[[32.28018,-23.86639],[32.28018,-23.86658],[32.28028,-23.86658],[32.28018,-23.86639]],[[32.2791,-23.86693],[32.27949,-23.86693],[32.27949,-23.86666],[32.2791,-23.86693]],[[32.27998,-23.86694],[32.27989,-23.86657],[32.27959,-23.86666],[32.27998,-23.86694]],[[32.28156,-23.86703],[32.28185,-23.86695],[32.28176,-23.86667],[32.28156,-23.86703]],[[32.28451,-23.86687],[32.28451,-23.86714],[32.28471,-23.86714],[32.28451,-23.86687]],[[32.28343,-23.86704],[32.28294,-23.86713],[32.28294,-23.8674],[32.28343,-23.86704]],[[32.27919,-23.86757],[32.28067,-23.86839],[32.28086,-23.86794],[32.27998,-23.86793],[32.27949,-23.8673],[32.27919,-23.86757]],[[32.28077,-23.86739],[32.28067,-23.86739],[32.28057,-23.86766],[32.28077,-23.86739]],[[32.28323,-23.86831],[32.28313,-23.86777],[32.28224,-23.86821],[32.28244,-23.86867],[32.28323,-23.86831]],[[32.28362,-23.86768],[32.28352,-23.86786],[32.28392,-23.86795],[32.28362,-23.86768]],[[32.28628,-23.86832],[32.28608,-23.86778],[32.28579,-23.86805],[32.28726,-23.86942],[32.28707,-23.86842],[32.28628,-23.86832]],[[32.28745,-23.86996],[32.28785,-23.86924],[32.28736,-23.86933],[32.28745,-23.86996]],[[32.28381,-23.86922],[32.28381,-23.86877],[32.28303,-23.86876],[32.28381,-23.86922]],[[32.28539,-23.86886],[32.28549,-23.86886],[32.28549,-23.86877],[32.28539,-23.86886]],[[32.28529,-23.86895],[32.28539,-23.86895],[32.28539,-23.86886],[32.28529,-23.86895]],[[32.28263,-23.87003],[32.28292,-23.86949],[32.28243,-23.86957],[32.28223,-23.87003],[32.28263,-23.87003]],[[32.27997,-23.87029],[32.28144,-23.87047],[32.28125,-23.86993],[32.28017,-23.86947],[32.27997,-23.87029]],[[32.28341,-23.86994],[32.28322,-23.86994],[32.28301,-23.87084],[32.28321,-23.87121],[32.28341,-23.86994]],[[32.29139,-23.87043],[32.29158,-23.87052],[32.29158,-23.87025],[32.29139,-23.87043]],[[32.28676,-23.87032],[32.28646,-23.87059],[32.28666,-23.87059],[32.28676,-23.87032]],[[32.2905,-23.87061],[32.2904,-23.87088],[32.2906,-23.87088],[32.2905,-23.87061]],[[32.29365,-23.8708],[32.29365,-23.87089],[32.29375,-23.87089],[32.29365,-23.8708]],[[32.29394,-23.87099],[32.29394,-23.87108],[32.29404,-23.87108],[32.29394,-23.87099]],[[32.28951,-23.87133],[32.28951,-23.87097],[32.28932,-23.87096],[32.28951,-23.87133]],[[32.2842,-23.87103],[32.284,-23.87094],[32.2838,-23.87157],[32.2842,-23.87103]],[[32.28951,-23.87169],[32.28951,-23.87196],[32.29,-23.87178],[32.2899,-23.87133],[32.28951,-23.87169]],[[32.29049,-23.87197],[32.29079,-23.87197],[32.29069,-23.87169],[32.29049,-23.87197]],[[32.28793,-23.87195],[32.28813,-23.87159],[32.28784,-23.87159],[32.28793,-23.87195]],[[32.27682,-23.86991],[32.27613,-23.87018],[32.27701,-23.87045],[32.27702,-23.86937],[32.27682,-23.86991]],[[32.27396,-23.86944],[32.27347,-23.86953],[32.27367,-23.8699],[32.27396,-23.86944]],[[32.27554,-23.8699],[32.27564,-23.86972],[32.27544,-23.86963],[32.27554,-23.8699]],[[32.27465,-23.86972],[32.27465,-23.8699],[32.27485,-23.8699],[32.27465,-23.86972]],[[32.28351,-23.86976],[32.28361,-23.86949],[32.28342,-23.8694],[32.28351,-23.86976]],[[32.28254,-23.86749],[32.28254,-23.86776],[32.28284,-23.86767],[32.28254,-23.86749]],[[32.28175,-23.86848],[32.28175,-23.86867],[32.28194,-23.86867],[32.28175,-23.86848]],[[32.28126,-23.86839],[32.28126,-23.8683],[32.28106,-23.8683],[32.28126,-23.86839]],[[32.2787,-23.86711],[32.2787,-23.86702],[32.27851,-23.86702],[32.2787,-23.86711]],[[32.28382,-23.86723],[32.28382,-23.86741],[32.28402,-23.86741],[32.28382,-23.86723]],[[32.29019,-23.87251],[32.2902,-23.87215],[32.2899,-23.87223],[32.29019,-23.87251]],[[32.28586,-23.87285],[32.28586,-23.87303],[32.28596,-23.87303],[32.28586,-23.87285]],[[32.2896,-23.87296],[32.2896,-23.87305],[32.2897,-23.87305],[32.2896,-23.87296]],[[32.28044,-23.87328],[32.28044,-23.87346],[32.28074,-23.87346],[32.28044,-23.87328]],[[32.29334,-23.87352],[32.29344,-23.87397],[32.29363,-23.87397],[32.29334,-23.87352]],[[32.28201,-23.87383],[32.28211,-23.87356],[32.28192,-23.87356],[32.28201,-23.87383]],[[32.29343,-23.87479],[32.29393,-23.87434],[32.29324,-23.87433],[32.29343,-23.87479]],[[32.29451,-23.87515],[32.29362,-23.87551],[32.29402,-23.8756],[32.29451,-23.87515]],[[32.2948,-23.8757],[32.29461,-23.87533],[32.29451,-23.87533],[32.29451,-23.87588],[32.2948,-23.8757]],[[32.28309,-23.87519],[32.28309,-23.87537],[32.28329,-23.87537],[32.28309,-23.87519]],[[32.29549,-23.87643],[32.2947,-23.87624],[32.2947,-23.87733],[32.29549,-23.87643]],[[32.28435,-23.87828],[32.28435,-23.878],[32.28396,-23.87791],[32.28376,-23.87827],[32.28435,-23.87828]],[[32.28997,-23.8783],[32.28996,-23.87848],[32.29006,-23.87848],[32.28997,-23.8783]],[[32.29981,-23.8788],[32.29971,-23.87862],[32.29922,-23.87862],[32.29922,-23.87943],[32.29981,-23.8788]],[[32.29448,-23.87909],[32.29566,-23.88049],[32.29642,-23.8797],[32.29555,-23.87949],[32.29606,-23.87913],[32.29581,-23.8786],[32.29448,-23.87909]],[[32.29656,-23.87942],[32.29656,-23.87951],[32.29675,-23.87951],[32.29656,-23.87942]],[[32.29951,-23.87979],[32.29951,-23.87961],[32.29941,-23.87961],[32.29951,-23.87979]],[[32.29961,-23.87989],[32.29961,-23.87979],[32.29951,-23.87979],[32.29961,-23.87989]],[[32.2997,-23.88007],[32.3,-23.88007],[32.2999,-23.87989],[32.2997,-23.88007]],[[32.29872,-23.88079],[32.29872,-23.88052],[32.29832,-23.88051],[32.29872,-23.88079]],[[32.29921,-23.88061],[32.2995,-23.88115],[32.2997,-23.88106],[32.29921,-23.88061]],[[32.29832,-23.88115],[32.29832,-23.88088],[32.29812,-23.88087],[32.29832,-23.88115]],[[32.29382,-23.88007],[32.29321,-23.88041],[32.294,-23.88166],[32.29529,-23.88062],[32.2947,-23.88013],[32.29415,-23.88043],[32.29382,-23.88007]],[[32.2867,-23.88155],[32.2869,-23.88119],[32.28591,-23.88118],[32.2867,-23.88155]],[[32.28533,-23.88018],[32.28543,-23.87991],[32.28454,-23.88009],[32.28464,-23.88045],[32.28533,-23.88018]],[[32.28533,-23.87973],[32.28543,-23.87955],[32.28523,-23.87955],[32.28533,-23.87973]],[[32.29853,-23.87897],[32.29853,-23.87907],[32.29863,-23.87907],[32.29853,-23.87897]],[[32.28846,-23.88273],[32.28787,-23.88363],[32.28826,-23.88373],[32.28895,-23.88301],[32.28846,-23.88273]],[[32.28737,-23.88381],[32.28727,-23.88408],[32.28777,-23.884],[32.28777,-23.88363],[32.28737,-23.88381]],[[32.28738,-23.883],[32.28738,-23.88327],[32.28757,-23.88327],[32.28738,-23.883]],[[32.28865,-23.88436],[32.28836,-23.88391],[32.28757,-23.88454],[32.28865,-23.88436]],[[32.28984,-23.88401],[32.28983,-23.88437],[32.29023,-23.88446],[32.28984,-23.88401]],[[32.29032,-23.88455],[32.29033,-23.88446],[32.29023,-23.88446],[32.29032,-23.88455]],[[32.28904,-23.88491],[32.28973,-23.88518],[32.28953,-23.88582],[32.29002,-23.88609],[32.29022,-23.88518],[32.28954,-23.88437],[32.28904,-23.88491]],[[32.29062,-23.88492],[32.29101,-23.88483],[32.29062,-23.88455],[32.29062,-23.88492]],[[32.29041,-23.88654],[32.2908,-23.88682],[32.29071,-23.88564],[32.29041,-23.88654]],[[32.2913,-23.88582],[32.2913,-23.88591],[32.2914,-23.88591],[32.2913,-23.88582]],[[32.29425,-23.88674],[32.29425,-23.88683],[32.29435,-23.88683],[32.29425,-23.88674]],[[32.28747,-23.88508],[32.28747,-23.8849],[32.28727,-23.8849],[32.28747,-23.88508]],[[32.28619,-23.8839],[32.28619,-23.88381],[32.286,-23.88381],[32.28619,-23.8839]],[[32.29129,-23.88754],[32.29139,-23.88782],[32.29179,-23.88764],[32.29129,-23.88754]],[[32.30163,-23.88786],[32.30163,-23.88795],[32.30183,-23.88795],[32.30163,-23.88786]],[[32.30104,-23.88886],[32.30104,-23.88858],[32.30084,-23.88858],[32.30104,-23.88886]],[[32.29966,-23.88894],[32.29956,-23.88921],[32.29975,-23.88921],[32.29966,-23.88894]],[[32.29345,-23.88918],[32.29306,-23.889],[32.29335,-23.88991],[32.29345,-23.88918]],[[32.29532,-23.88946],[32.29532,-23.88955],[32.29542,-23.88956],[32.29532,-23.88946]],[[32.29778,-23.89011],[32.29876,-23.89011],[32.29857,-23.88966],[32.29778,-23.89011]],[[32.29758,-23.89038],[32.29778,-23.89047],[32.29788,-23.8902],[32.29758,-23.89038]],[[32.29621,-23.88974],[32.29621,-23.88965],[32.29611,-23.88965],[32.29621,-23.88974]],[[32.2962,-23.89019],[32.296,-23.89055],[32.2964,-23.89056],[32.2962,-23.89019]],[[32.29561,-23.88983],[32.29561,-23.89001],[32.29581,-23.8901],[32.29561,-23.88983]],[[32.29276,-23.88927],[32.29276,-23.88918],[32.29256,-23.88918],[32.29276,-23.88927]],[[32.28684,-23.89078],[32.28684,-23.89069],[32.28665,-23.89069],[32.28684,-23.89078]],[[32.2898,-23.88989],[32.2899,-23.88971],[32.28961,-23.88962],[32.2898,-23.88989]],[[32.28853,-23.88952],[32.28902,-23.88944],[32.28892,-23.88916],[32.28853,-23.88952]],[[32.28861,-23.89124],[32.28861,-23.89133],[32.28871,-23.89134],[32.28861,-23.89124]],[[32.28783,-23.89133],[32.28733,-23.89142],[32.28743,-23.8916],[32.28783,-23.89133]],[[32.28714,-23.89133],[32.28714,-23.89151],[32.28733,-23.89142],[32.28714,-23.89133]],[[32.28576,-23.89159],[32.28605,-23.8915],[32.28595,-23.89132],[32.28576,-23.89159]],[[32.29018,-23.89225],[32.29018,-23.89243],[32.29038,-23.89243],[32.29018,-23.89225]],[[32.29097,-23.89289],[32.29097,-23.89298],[32.29107,-23.89298],[32.29097,-23.89289]],[[32.29758,-23.89101],[32.29758,-23.8911],[32.29777,-23.89111],[32.29758,-23.89101]],[[32.29569,-23.89399],[32.29569,-23.89381],[32.29559,-23.89381],[32.29569,-23.89399]],[[32.29481,-23.89299],[32.29481,-23.8929],[32.29461,-23.8929],[32.29481,-23.89299]],[[32.29608,-23.89418],[32.29608,-23.89436],[32.29628,-23.89436],[32.29608,-23.89418]],[[32.29401,-23.89462],[32.29372,-23.89453],[32.29372,-23.89489],[32.29401,-23.89462]],[[32.29529,-23.89463],[32.29529,-23.89472],[32.29539,-23.89472],[32.29529,-23.89463]],[[32.29628,-23.8949],[32.29637,-23.89517],[32.29677,-23.89509],[32.29628,-23.8949]],[[32.29519,-23.8958],[32.29489,-23.89571],[32.29489,-23.89589],[32.29519,-23.8958]],[[32.29951,-23.89736],[32.29991,-23.89727],[32.29991,-23.897],[32.29951,-23.89736]],[[32.29882,-23.89736],[32.29912,-23.89709],[32.29814,-23.8969],[32.29813,-23.89736],[32.29882,-23.89736]],[[32.3004,-23.89782],[32.30118,-23.89809],[32.30118,-23.89782],[32.3004,-23.89782]],[[32.29705,-23.89826],[32.29695,-23.89853],[32.29754,-23.89853],[32.29705,-23.89826]],[[32.30098,-23.89981],[32.30088,-23.89963],[32.30068,-23.89972],[32.30098,-23.89981]],[[32.29753,-23.90025],[32.29753,-23.90034],[32.29763,-23.90034],[32.29753,-23.90025]],[[32.29978,-23.90171],[32.29979,-23.90144],[32.29959,-23.90144],[32.29939,-23.9018],[32.29978,-23.90171]],[[32.29811,-23.90261],[32.29781,-23.90261],[32.29781,-23.90288],[32.29811,-23.90261]],[[32.29554,-23.90341],[32.29554,-23.90359],[32.29574,-23.90359],[32.29554,-23.90341]],[[32.29563,-23.90486],[32.29563,-23.90495],[32.29573,-23.90495],[32.29563,-23.90486]],[[32.29356,-23.90494],[32.29356,-23.90503],[32.29366,-23.90503],[32.29356,-23.90494]],[[32.29839,-23.90523],[32.29819,-23.90514],[32.29809,-23.9055],[32.29839,-23.90523]],[[32.29691,-23.90514],[32.29681,-23.90532],[32.2975,-23.9055],[32.29691,-23.90514]],[[32.29543,-23.90531],[32.29543,-23.9054],[32.29553,-23.9054],[32.29543,-23.90531]],[[32.29533,-23.90522],[32.29533,-23.90531],[32.29543,-23.90531],[32.29533,-23.90522]],[[32.29464,-23.90639],[32.29405,-23.90576],[32.29385,-23.90666],[32.29434,-23.90703],[32.29464,-23.90639]],[[32.29493,-23.90631],[32.29493,-23.90667],[32.29542,-23.90658],[32.29493,-23.90631]],[[32.29453,-23.90766],[32.29453,-23.90784],[32.29473,-23.90784],[32.29453,-23.90766]],[[32.29295,-23.90847],[32.29325,-23.90793],[32.29227,-23.90774],[32.29295,-23.90847]],[[32.29354,-23.90856],[32.29374,-23.9082],[32.29335,-23.9082],[32.29354,-23.90856]],[[32.29295,-23.90865],[32.29295,-23.90883],[32.29305,-23.90883],[32.29295,-23.90865]],[[32.29354,-23.90883],[32.29354,-23.90902],[32.29374,-23.90902],[32.29354,-23.90883]],[[32.29186,-23.90937],[32.29216,-23.90874],[32.29197,-23.90865],[32.29186,-23.90937]],[[32.29167,-23.90946],[32.29176,-23.90946],[32.29177,-23.90937],[32.29167,-23.90946]],[[32.29432,-23.91011],[32.29403,-23.90992],[32.29403,-23.91019],[32.29432,-23.91011]],[[32.29254,-23.911],[32.29265,-23.91046],[32.29235,-23.91055],[32.29254,-23.911]],[[32.29224,-23.91272],[32.29224,-23.91263],[32.29195,-23.91254],[32.29224,-23.91272]],[[32.29233,-23.91372],[32.29204,-23.91381],[32.29213,-23.91399],[32.29233,-23.91372]],[[32.29164,-23.91516],[32.29164,-23.91507],[32.29144,-23.91525],[32.29164,-23.91516]],[[32.28508,-23.92518],[32.28587,-23.92492],[32.28607,-23.92374],[32.28667,-23.92329],[32.28617,-23.92311],[32.28508,-23.92437],[32.28508,-23.92518]],[[32.28991,-23.92439],[32.28991,-23.92457],[32.29011,-23.92457],[32.28991,-23.92439]],[[32.29109,-23.92485],[32.2907,-23.92476],[32.2907,-23.92494],[32.29109,-23.92485]],[[32.28481,-23.86669],[32.28481,-23.86651],[32.28461,-23.86651],[32.28481,-23.86669]]],[[[32.3027,-23.89131],[32.30211,-23.89149],[32.3024,-23.89248],[32.30201,-23.89176],[32.30131,-23.89212],[32.30151,-23.89158],[32.30103,-23.89085],[32.30162,-23.89094],[32.30151,-23.89139],[32.3027,-23.89131]]],[[[32.28253,-23.89167],[32.28389,-23.89131],[32.28475,-23.89178],[32.28253,-23.89167]]],[[[32.28287,-23.87872],[32.28346,-23.87924],[32.28394,-23.88144],[32.28344,-23.88217],[32.28482,-23.88295],[32.2851,-23.88371],[32.28472,-23.88389],[32.28517,-23.88389],[32.28565,-23.8858],[32.2852,-23.8858],[32.28623,-23.88738],[32.28558,-23.88707],[32.28615,-23.88951],[32.28587,-23.88933],[32.28577,-23.8898],[32.28478,-23.89055],[32.28478,-23.88978],[32.28517,-23.89014],[32.28557,-23.88978],[32.28548,-23.8886],[32.28508,-23.88842],[32.28488,-23.88914],[32.28479,-23.88851],[32.2841,-23.88842],[32.28391,-23.88787],[32.28302,-23.88841],[32.28253,-23.88805],[32.28331,-23.88796],[32.28332,-23.88696],[32.2847,-23.88634],[32.28442,-23.88371],[32.28334,-23.88334],[32.28245,-23.88415],[32.28107,-23.88424],[32.28077,-23.88478],[32.2791,-23.88486],[32.28118,-23.88225],[32.28226,-23.88234],[32.28246,-23.88153],[32.28364,-23.88289],[32.28315,-23.88207],[32.28345,-23.88117],[32.28258,-23.87845],[32.2815,-23.87808],[32.27874,-23.87897],[32.27853,-23.87988],[32.27893,-23.88015],[32.27853,-23.88042],[32.27607,-23.88023],[32.27647,-23.87896],[32.27618,-23.87851],[32.27706,-23.87842],[32.27667,-23.87924],[32.27784,-23.87978],[32.27805,-23.87861],[32.27903,-23.87861],[32.28042,-23.87753],[32.2813,-23.87799],[32.28121,-23.87699],[32.2819,-23.87636],[32.28322,-23.87852],[32.28287,-23.87872]],[[32.28275,-23.88261],[32.28256,-23.8827],[32.28265,-23.88307],[32.28275,-23.88261]],[[32.28196,-23.88352],[32.28166,-23.88361],[32.28166,-23.88388],[32.28196,-23.88352]],[[32.28068,-23.88414],[32.28009,-23.88414],[32.28008,-23.8845],[32.28068,-23.88414]],[[32.28511,-23.88453],[32.28491,-23.88453],[32.28491,-23.88471],[32.28511,-23.88453]],[[32.28431,-23.88661],[32.28421,-23.88661],[32.28421,-23.8867],[32.28431,-23.88661]],[[32.2847,-23.88688],[32.28401,-23.88733],[32.2842,-23.88742],[32.2847,-23.88688]]],[[[32.27942,-23.88034],[32.27922,-23.87961],[32.28021,-23.87971],[32.27942,-23.88034]]],[[[32.28099,-23.88016],[32.2805,-23.87998],[32.2805,-23.87971],[32.28109,-23.8798],[32.28099,-23.88016]]],[[[32.30326,-23.87755],[32.30287,-23.87773],[32.30267,-23.87736],[32.30326,-23.87755]]],[[[32.27836,-23.87589],[32.27855,-23.87626],[32.27806,-23.87644],[32.27787,-23.87607],[32.27836,-23.87589]]],[[[32.29561,-23.87317],[32.296,-23.87326],[32.2955,-23.87371],[32.29521,-23.87353],[32.29561,-23.87317]]],[[[32.27316,-23.87288],[32.27227,-23.87206],[32.27267,-23.87125],[32.27435,-23.87098],[32.27474,-23.87225],[32.27355,-23.87225],[32.27316,-23.87288]]],[[[32.27573,-23.87126],[32.27582,-23.87235],[32.27474,-23.87207],[32.27533,-23.8718],[32.27494,-23.87135],[32.27573,-23.87126]]],[[[32.28383,-23.86514],[32.28472,-23.86497],[32.28423,-23.86551],[32.28383,-23.86514]]],[[[32.28354,-23.86415],[32.28413,-23.8646],[32.28393,-23.86487],[32.28354,-23.86415]]],[[[32.28118,-23.86441],[32.28098,-23.86395],[32.28167,-23.86396],[32.28118,-23.86441]]],[[[32.27471,-23.86003],[32.27412,-23.85985],[32.27392,-23.85921],[32.27441,-23.85921],[32.27491,-23.8584],[32.27403,-23.85813],[32.27462,-23.85804],[32.27442,-23.85749],[32.27521,-23.85741],[32.2755,-23.85822],[32.27471,-23.86003]]],[[[32.27407,-23.85043],[32.27387,-23.85106],[32.27338,-23.85052],[32.27417,-23.85016],[32.27487,-23.84898],[32.27535,-23.8498],[32.27505,-23.8507],[32.27407,-23.85043]],[[32.27437,-23.85016],[32.27437,-23.85034],[32.27466,-23.85043],[32.27437,-23.85016]],[[32.27486,-23.85043],[32.27476,-23.85043],[32.27476,-23.85052],[32.27486,-23.85043]]],[[[32.27307,-23.83612],[32.27386,-23.83576],[32.27415,-23.83648],[32.27346,-23.83666],[32.27307,-23.83612]]],[[[32.43477,-24.02514],[32.43398,-24.02478],[32.4333,-24.0236],[32.43419,-24.02333],[32.43419,-24.02378],[32.43507,-24.02397],[32.43477,-24.02514]]],[[[32.42898,-24.01987],[32.42937,-24.01969],[32.42957,-24.02014],[32.42917,-24.02032],[32.42898,-24.01987]]],[[[32.41046,-24.01736],[32.41026,-24.01699],[32.41085,-24.01681],[32.41095,-24.01727],[32.41046,-24.01736]]],[[[32.39499,-24.01431],[32.39539,-24.01331],[32.39598,-24.0135],[32.39598,-24.0144],[32.39499,-24.01431]]],[[[32.3896,-24.00912],[32.3888,-24.00975],[32.38841,-24.00903],[32.38882,-24.00731],[32.3896,-24.00912]]],[[[32.39186,-24.00931],[32.39117,-24.00922],[32.39237,-24.00714],[32.39266,-24.00814],[32.39186,-24.00931]]],[[[32.42065,-24.00834],[32.42075,-24.00771],[32.42134,-24.00807],[32.42065,-24.00834]]],[[[32.42184,-24.00617],[32.42263,-24.00536],[32.42303,-24.00572],[32.42184,-24.00617]]],[[[32.38862,-24.0074],[32.38783,-24.00694],[32.38783,-24.00658],[32.38852,-24.00649],[32.38794,-24.00468],[32.38844,-24.00405],[32.38883,-24.00414],[32.38873,-24.00505],[32.38961,-24.00568],[32.38862,-24.0074]]],[[[32.39868,-24.00527],[32.39947,-24.00491],[32.39947,-24.00572],[32.39868,-24.00527]]],[[[32.40076,-24.00464],[32.40056,-24.00509],[32.40006,-24.005],[32.39997,-24.00409],[32.39957,-24.00455],[32.39918,-24.00409],[32.40007,-24.00301],[32.40047,-24.0031],[32.40026,-24.00437],[32.40076,-24.00464]]],[[[32.40184,-24.00383],[32.40264,-24.00302],[32.40263,-24.00429],[32.40233,-24.00465],[32.40184,-24.00383]]],[[[32.38372,-24.00204],[32.3844,-24.0024],[32.38371,-24.0024],[32.38352,-24.00177],[32.38372,-24.00204]]],[[[32.3986,-24.00255],[32.39919,-24.00201],[32.399,-24.00155],[32.39998,-24.00174],[32.39949,-24.00183],[32.39948,-24.00246],[32.3986,-24.00255]],[[32.39939,-24.00174],[32.39929,-24.00174],[32.39929,-24.00183],[32.39939,-24.00174]]],[[[32.39702,-24.00164],[32.39742,-24.00137],[32.39712,-24.00227],[32.39702,-24.00164]]],[[[32.40797,-23.99951],[32.40738,-23.9996],[32.4072,-23.99706],[32.40818,-23.99733],[32.40797,-23.99951]]],[[[32.3796,-23.9974],[32.3799,-23.99668],[32.38058,-23.99714],[32.3793,-23.99804],[32.3793,-23.99858],[32.37821,-23.99921],[32.37802,-23.99803],[32.3796,-23.9974]],[[32.3791,-23.99822],[32.3789,-23.99812],[32.3788,-23.99849],[32.3791,-23.99822]]],[[[32.42908,-23.99759],[32.42966,-23.99823],[32.42937,-23.99805],[32.42898,-23.99805],[32.42908,-23.99759]]],[[[32.39872,-23.99802],[32.3999,-23.99812],[32.3994,-23.99884],[32.39959,-24.00002],[32.3988,-24.00047],[32.39841,-23.99992],[32.3991,-23.99965],[32.39802,-23.99902],[32.39763,-23.99929],[32.39576,-23.99747],[32.39711,-23.99743],[32.39824,-23.99656],[32.40474,-23.99453],[32.40415,-23.9956],[32.39872,-23.99802]],[[32.39981,-23.99631],[32.40001,-23.99631],[32.40001,-23.99622],[32.39981,-23.99631]],[[32.4001,-23.9964],[32.4001,-23.99631],[32.40001,-23.99631],[32.4001,-23.9964]],[[32.3998,-23.99712],[32.39981,-23.99694],[32.39951,-23.99703],[32.3998,-23.99712]],[[32.39764,-23.9972],[32.39763,-23.99738],[32.39793,-23.99739],[32.39764,-23.9972]],[[32.39911,-23.99884],[32.39901,-23.99884],[32.39901,-23.99893],[32.39911,-23.99884]]],[[[32.41025,-23.99662],[32.41045,-23.99617],[32.41114,-23.99671],[32.41055,-23.99707],[32.41025,-23.99662]]],[[[32.42938,-23.9966],[32.42878,-23.99705],[32.42869,-23.99605],[32.42741,-23.99542],[32.42889,-23.99515],[32.42859,-23.9956],[32.42938,-23.9966]]],[[[32.43303,-23.99507],[32.43411,-23.99526],[32.43342,-23.99598],[32.43401,-23.99616],[32.4344,-23.99707],[32.4341,-23.99779],[32.43216,-23.99414],[32.43247,-23.99317],[32.43313,-23.99417],[32.43303,-23.99507]],[[32.43391,-23.99716],[32.43401,-23.99716],[32.43391,-23.9968],[32.43391,-23.99716]]],[[[32.42732,-23.99324],[32.42831,-23.99343],[32.42722,-23.99433],[32.42732,-23.99324]]],[[[32.43201,-23.99342],[32.43176,-23.99199],[32.43225,-23.99226],[32.43245,-23.99313],[32.43201,-23.99342]]],[[[32.41027,-23.99282],[32.41037,-23.99209],[32.41096,-23.99273],[32.41027,-23.99282]]],[[[32.30862,-23.96251],[32.30901,-23.96287],[32.30942,-23.96116],[32.31149,-23.95998],[32.31188,-23.96017],[32.31209,-23.9594],[32.31406,-23.95884],[32.31514,-23.95897],[32.31494,-23.95955],[32.31534,-23.95902],[32.31761,-23.95938],[32.32159,-23.96068],[32.32285,-23.96006],[32.32341,-23.96129],[32.32792,-23.9624],[32.3297,-23.96366],[32.33107,-23.96549],[32.33149,-23.96756],[32.3358,-23.97361],[32.33579,-23.9745],[32.3367,-23.97582],[32.33891,-23.97706],[32.3413,-23.97947],[32.34643,-23.97984],[32.34983,-23.97899],[32.35021,-23.979],[32.3527,-23.97972],[32.35555,-23.98145],[32.3578,-23.98147],[32.35764,-23.98119],[32.35839,-23.98108],[32.35829,-23.98174],[32.36065,-23.98184],[32.36184,-23.98112],[32.36046,-23.98084],[32.35878,-23.98138],[32.35859,-23.98107],[32.37102,-23.97773],[32.37171,-23.97808],[32.37176,-23.97701],[32.37417,-23.97453],[32.37654,-23.97342],[32.37719,-23.97245],[32.37927,-23.97197],[32.38098,-23.97224],[32.38223,-23.97384],[32.38251,-23.97535],[32.38173,-23.97607],[32.38177,-23.97621],[32.38248,-23.97751],[32.38374,-23.97906],[32.38654,-23.98031],[32.38803,-23.98351],[32.38862,-23.9867],[32.38978,-23.98726],[32.39119,-23.98895],[32.39091,-23.99064],[32.39203,-23.99203],[32.39225,-23.99439],[32.39404,-23.9965],[32.39573,-23.99729],[32.39468,-23.99737],[32.39281,-23.9961],[32.39223,-23.99492],[32.39144,-23.99446],[32.39095,-23.99301],[32.38908,-23.99318],[32.38937,-23.99382],[32.39016,-23.99355],[32.39045,-23.99455],[32.39095,-23.99455],[32.39045,-23.99573],[32.39103,-23.99736],[32.39172,-23.99772],[32.39152,-23.99845],[32.3922,-23.99954],[32.3919,-24.00026],[32.39259,-24.00026],[32.39269,-24.00117],[32.39348,-24.00144],[32.39269,-24.00189],[32.39328,-24.00226],[32.39278,-24.00244],[32.39258,-24.00361],[32.39317,-24.00352],[32.39366,-24.00452],[32.39504,-24.00426],[32.39563,-24.00471],[32.39583,-24.00435],[32.39504,-24.00371],[32.39573,-24.00353],[32.39593,-24.00281],[32.39524,-24.00281],[32.39475,-24.00344],[32.39446,-24.00226],[32.39495,-24.00208],[32.39515,-24.00272],[32.39633,-24.00182],[32.39702,-24.00281],[32.39681,-24.00435],[32.3976,-24.00472],[32.39671,-24.00517],[32.3973,-24.00508],[32.39788,-24.00789],[32.39828,-24.00671],[32.39937,-24.00626],[32.39926,-24.00753],[32.39877,-24.00789],[32.39956,-24.00817],[32.39926,-24.00871],[32.39975,-24.0088],[32.40004,-24.0108],[32.40191,-24.01171],[32.4019,-24.01216],[32.40565,-24.01299],[32.40594,-24.01372],[32.40722,-24.01309],[32.4084,-24.01345],[32.40821,-24.01291],[32.40712,-24.013],[32.40653,-24.01254],[32.40732,-24.01245],[32.40703,-24.01182],[32.40762,-24.01173],[32.409,-24.01273],[32.41047,-24.01319],[32.41077,-24.01265],[32.41156,-24.01338],[32.41264,-24.01293],[32.41373,-24.01311],[32.41422,-24.01248],[32.41432,-24.0133],[32.4157,-24.01384],[32.41541,-24.01267],[32.41452,-24.01221],[32.41433,-24.01148],[32.41512,-24.01113],[32.4162,-24.01176],[32.41699,-24.01059],[32.4169,-24.0095],[32.41906,-24.01023],[32.41878,-24.00824],[32.42035,-24.0087],[32.42015,-24.00924],[32.42321,-24.00844],[32.42223,-24.00816],[32.42223,-24.00735],[32.42322,-24.0059],[32.42322,-24.00744],[32.4242,-24.00745],[32.42499,-24.00808],[32.4243,-24.00799],[32.4239,-24.00853],[32.4242,-24.0089],[32.42508,-24.00881],[32.42568,-24.00791],[32.42686,-24.00882],[32.42716,-24.00818],[32.42647,-24.00791],[32.42657,-24.00737],[32.42775,-24.00782],[32.42765,-24.00864],[32.42873,-24.00882],[32.42893,-24.00846],[32.42814,-24.008],[32.43031,-24.00756],[32.42845,-24.00538],[32.42805,-24.00574],[32.42884,-24.00719],[32.42785,-24.00665],[32.42766,-24.00592],[32.42658,-24.00583],[32.42668,-24.00456],[32.42638,-24.00474],[32.42629,-24.00429],[32.4251,-24.00419],[32.42402,-24.00491],[32.42244,-24.00454],[32.42225,-24.00409],[32.42294,-24.004],[32.42334,-24.00292],[32.42254,-24.00391],[32.42205,-24.00391],[32.42195,-24.00445],[32.42116,-24.00418],[32.42076,-24.00481],[32.42117,-24.00236],[32.42048,-24.00209],[32.42038,-24.00254],[32.41969,-24.00245],[32.4196,-24.00163],[32.41901,-24.00127],[32.4193,-24.00082],[32.41871,-24.00036],[32.41822,-24.00118],[32.41743,-24.0009],[32.41803,-23.99946],[32.41881,-24.0],[32.41862,-23.999],[32.41931,-23.99901],[32.41961,-23.99828],[32.41833,-23.99864],[32.41735,-23.99764],[32.41675,-23.99773],[32.41519,-23.99492],[32.41717,-23.99348],[32.41766,-23.99284],[32.41747,-23.99212],[32.41599,-23.99175],[32.4156,-23.99112],[32.41245,-23.99119],[32.41156,-23.99191],[32.41097,-23.99128],[32.41324,-23.98976],[32.41364,-23.99011],[32.41541,-23.98994],[32.41541,-23.98921],[32.41415,-23.98912],[32.41593,-23.98757],[32.41655,-23.98647],[32.41898,-23.98609],[32.42431,-23.98273],[32.4253,-23.98254],[32.42559,-23.98318],[32.42578,-23.98268],[32.42916,-23.98638],[32.43043,-23.9909],[32.43029,-23.99099],[32.4337,-23.99951],[32.43491,-24.00145],[32.43481,-24.0024],[32.43544,-24.00523],[32.43582,-24.00574],[32.43784,-24.00712],[32.44093,-24.01355],[32.44124,-24.01546],[32.4441,-24.01774],[32.44465,-24.01858],[32.4502,-24.02128],[32.45199,-24.02393],[32.45323,-24.02485],[32.4535,-24.02603],[32.45242,-24.02512],[32.45133,-24.02511],[32.45134,-24.02466],[32.45064,-24.02502],[32.45074,-24.02448],[32.45015,-24.02457],[32.45015,-24.0252],[32.44956,-24.0252],[32.44956,-24.02556],[32.45005,-24.02538],[32.44985,-24.02583],[32.44877,-24.02592],[32.44818,-24.02537],[32.44709,-24.02582],[32.44611,-24.02509],[32.44552,-24.02527],[32.44503,-24.02437],[32.44207,-24.02427],[32.44207,-24.02363],[32.44376,-24.02201],[32.44337,-24.02119],[32.44218,-24.02146],[32.4413,-24.02082],[32.4405,-24.02163],[32.43912,-24.02163],[32.43982,-24.02109],[32.43893,-24.02072],[32.43913,-24.02118],[32.43814,-24.02135],[32.43922,-24.02199],[32.43853,-24.02172],[32.43784,-24.02208],[32.43706,-24.02108],[32.43874,-24.01945],[32.4409,-24.02046],[32.441,-24.01991],[32.44199,-24.01992],[32.4414,-24.01892],[32.44268,-24.01911],[32.44268,-24.01983],[32.44367,-24.0192],[32.44377,-24.01866],[32.44308,-24.01784],[32.44269,-24.01847],[32.4418,-24.01865],[32.4415,-24.0182],[32.442,-24.01784],[32.44121,-24.01738],[32.44082,-24.01756],[32.44111,-24.01892],[32.44062,-24.01865],[32.44032,-24.01955],[32.43963,-24.01955],[32.43943,-24.01855],[32.43855,-24.01828],[32.43825,-24.01945],[32.43746,-24.01854],[32.43707,-24.01899],[32.43775,-24.01927],[32.43755,-24.0199],[32.43657,-24.01972],[32.43617,-24.02071],[32.43489,-24.02161],[32.4339,-24.02143],[32.4338,-24.02197],[32.43291,-24.02233],[32.43252,-24.02169],[32.43212,-24.02233],[32.43153,-24.02232],[32.43153,-24.02341],[32.43113,-24.02341],[32.42995,-24.02214],[32.43065,-24.02133],[32.43104,-24.02178],[32.43084,-24.02124],[32.43144,-24.02115],[32.43134,-24.01979],[32.43056,-24.01951],[32.42996,-24.02006],[32.42987,-24.01915],[32.42888,-24.01915],[32.42957,-24.01888],[32.42968,-24.01824],[32.42898,-24.01869],[32.42839,-24.01842],[32.42909,-24.01724],[32.42791,-24.01724],[32.42771,-24.01679],[32.42801,-24.01579],[32.42909,-24.01607],[32.42949,-24.01562],[32.42969,-24.01489],[32.4291,-24.01525],[32.429,-24.01453],[32.43078,-24.01426],[32.43029,-24.0139],[32.43058,-24.01336],[32.42901,-24.01172],[32.42832,-24.01253],[32.42802,-24.01407],[32.42743,-24.01398],[32.42664,-24.01461],[32.42634,-24.01343],[32.42604,-24.01461],[32.42496,-24.0146],[32.42437,-24.01397],[32.42328,-24.01532],[32.42309,-24.01478],[32.4224,-24.01468],[32.42279,-24.01514],[32.42239,-24.01559],[32.42121,-24.01559],[32.42012,-24.01631],[32.41835,-24.01576],[32.41726,-24.01611],[32.41648,-24.01566],[32.41638,-24.0162],[32.41549,-24.01611],[32.41558,-24.01692],[32.41509,-24.01629],[32.41489,-24.0171],[32.4144,-24.01674],[32.41282,-24.01691],[32.41233,-24.01609],[32.41174,-24.01645],[32.41164,-24.016],[32.40977,-24.01572],[32.40978,-24.01527],[32.40918,-24.0159],[32.40899,-24.01509],[32.4081,-24.01508],[32.40869,-24.01563],[32.408,-24.01553],[32.4078,-24.01626],[32.40731,-24.01499],[32.40682,-24.01517],[32.40701,-24.01589],[32.40603,-24.01607],[32.40563,-24.01553],[32.40524,-24.01616],[32.40396,-24.01552],[32.40416,-24.01425],[32.40308,-24.01425],[32.40248,-24.01479],[32.40101,-24.01451],[32.40101,-24.01397],[32.40209,-24.01452],[32.40209,-24.01388],[32.39993,-24.01351],[32.39934,-24.01288],[32.39865,-24.01305],[32.39835,-24.0126],[32.39894,-24.01242],[32.39845,-24.01197],[32.39786,-24.01224],[32.39796,-24.01133],[32.39698,-24.01006],[32.39649,-24.01006],[32.3963,-24.00897],[32.39414,-24.00733],[32.39325,-24.0076],[32.39365,-24.00697],[32.39306,-24.00615],[32.391,-24.00478],[32.39159,-24.0037],[32.3909,-24.00406],[32.39051,-24.00351],[32.39011,-24.00406],[32.39002,-24.00306],[32.38972,-24.00351],[32.38844,-24.00323],[32.38794,-24.00387],[32.38726,-24.00296],[32.38676,-24.00459],[32.38587,-24.00458],[32.38538,-24.00512],[32.38489,-24.00431],[32.38528,-24.00385],[32.3844,-24.00267],[32.38509,-24.00241],[32.3849,-24.00123],[32.38519,-24.00186],[32.38549,-24.00195],[32.3852,-24.00069],[32.38461,-24.00059],[32.3848,-24.00123],[32.38421,-24.00122],[32.38303,-24.0005],[32.38294,-23.99995],[32.38264,-24.0004],[32.38303,-24.00149],[32.38234,-24.00095],[32.38204,-24.00185],[32.38165,-24.00185],[32.38175,-24.00058],[32.37988,-24.00057],[32.37959,-23.99994],[32.3786,-23.99993],[32.3787,-23.99894],[32.37959,-23.99894],[32.38018,-23.99985],[32.38136,-23.99985],[32.38264,-23.99968],[32.38344,-23.99869],[32.38196,-23.9975],[32.38167,-23.99651],[32.3797,-23.99632],[32.37971,-23.99478],[32.37832,-23.99577],[32.37931,-23.99641],[32.37881,-23.99713],[32.37852,-23.99658],[32.37753,-23.99649],[32.37753,-23.99604],[32.37822,-23.99595],[32.37763,-23.99567],[32.37744,-23.99486],[32.37734,-23.99558],[32.37695,-23.99558],[32.37656,-23.99458],[32.37566,-23.99539],[32.37498,-23.99512],[32.37636,-23.99341],[32.37745,-23.99296],[32.37922,-23.99342],[32.37962,-23.99297],[32.37943,-23.99179],[32.38091,-23.99089],[32.38072,-23.99016],[32.38122,-23.98881],[32.38181,-23.98854],[32.38161,-23.98817],[32.38269,-23.98881],[32.3827,-23.98709],[32.38181,-23.98754],[32.38122,-23.98709],[32.38123,-23.98591],[32.38064,-23.98564],[32.38202,-23.98564],[32.38143,-23.985],[32.38173,-23.98419],[32.38016,-23.98364],[32.37897,-23.984],[32.37849,-23.98255],[32.37947,-23.98255],[32.37928,-23.98192],[32.3777,-23.98173],[32.37652,-23.98091],[32.37524,-23.98163],[32.37573,-23.98208],[32.37572,-23.98362],[32.37522,-23.98507],[32.37503,-23.98471],[32.37414,-23.98498],[32.37326,-23.98325],[32.37179,-23.98243],[32.3714,-23.98143],[32.37071,-23.98116],[32.36893,-23.98178],[32.36814,-23.9826],[32.36863,-23.9835],[32.36843,-23.98423],[32.36704,-23.98467],[32.36518,-23.98258],[32.36468,-23.9834],[32.3636,-23.98366],[32.36272,-23.98275],[32.36203,-23.98284],[32.36251,-23.98402],[32.36153,-23.98411],[32.36162,-23.98474],[32.36064,-23.98474],[32.35877,-23.98337],[32.35995,-23.9832],[32.35956,-23.98274],[32.35798,-23.9831],[32.35828,-23.98246],[32.35789,-23.98219],[32.3572,-23.98309],[32.35631,-23.98264],[32.35522,-23.98327],[32.35414,-23.98263],[32.35365,-23.9829],[32.35316,-23.98172],[32.35276,-23.98235],[32.35217,-23.98208],[32.34931,-23.9827],[32.34842,-23.98315],[32.34812,-23.98396],[32.34754,-23.98332],[32.34606,-23.98386],[32.34585,-23.98504],[32.34486,-23.98603],[32.34408,-23.98566],[32.34447,-23.98521],[32.34358,-23.98539],[32.34329,-23.98457],[32.34211,-23.98421],[32.34102,-23.98484],[32.34024,-23.98447],[32.34014,-23.98501],[32.33757,-23.98546],[32.3353,-23.98689],[32.33452,-23.98544],[32.33412,-23.98571],[32.3348,-23.98689],[32.33441,-23.9878],[32.33431,-23.9868],[32.33372,-23.98707],[32.33401,-23.98788],[32.33085,-23.98968],[32.32967,-23.98959],[32.32809,-23.99039],[32.32602,-23.99039],[32.32443,-23.99192],[32.32404,-23.99092],[32.32335,-23.99092],[32.32306,-23.99037],[32.3203,-23.98982],[32.31951,-23.98999],[32.31911,-23.99072],[32.31941,-23.99108],[32.31832,-23.99162],[32.31754,-23.99098],[32.31813,-23.99044],[32.31844,-23.98872],[32.31499,-23.98853],[32.3142,-23.98798],[32.31569,-23.98663],[32.31451,-23.98499],[32.3154,-23.98527],[32.31481,-23.98391],[32.31442,-23.98472],[32.31235,-23.98453],[32.31107,-23.98389],[32.31294,-23.98345],[32.31226,-23.98208],[32.3095,-23.98162],[32.3099,-23.9809],[32.31089,-23.98108],[32.31138,-23.98045],[32.31071,-23.97646],[32.31171,-23.97547],[32.31082,-23.97474],[32.31132,-23.97375],[32.31201,-23.97421],[32.3124,-23.97366],[32.31182,-23.97294],[32.30994,-23.97356],[32.30847,-23.97265],[32.30808,-23.97156],[32.30759,-23.97138],[32.30878,-23.97048],[32.30878,-23.96948],[32.30721,-23.96803],[32.30553,-23.96883],[32.30426,-23.96792],[32.30406,-23.96702],[32.30515,-23.96738],[32.30554,-23.96684],[32.30515,-23.96639],[32.30575,-23.96585],[32.30526,-23.9653],[32.3029,-23.96411],[32.30269,-23.96574],[32.3021,-23.96583],[32.29985,-23.96319],[32.29956,-23.96211],[32.29828,-23.96237],[32.29798,-23.96175],[32.3043,-23.96259],[32.30774,-23.96166],[32.30754,-23.96223],[32.30832,-23.96296],[32.30862,-23.96251]],[[32.41383,-24.0132],[32.41383,-24.01311],[32.41373,-24.01311],[32.41383,-24.0132]],[[32.41402,-24.01338],[32.41402,-24.0132],[32.41383,-24.0132],[32.41402,-24.01338]],[[32.43883,-24.02063],[32.43883,-24.02072],[32.43893,-24.02072],[32.43883,-24.02063]],[[32.44052,-24.01855],[32.44052,-24.01865],[32.44062,-24.01865],[32.44052,-24.01855]],[[32.43647,-24.01963],[32.43647,-24.01972],[32.43657,-24.01972],[32.43647,-24.01963]],[[32.38185,-24.00049],[32.38175,-24.00049],[32.38175,-24.00058],[32.38185,-24.00049]],[[32.36804,-23.98251],[32.36804,-23.9826],[32.36814,-23.9826],[32.36804,-23.98251]],[[32.35621,-23.98255],[32.35621,-23.98264],[32.35631,-23.98264],[32.35621,-23.98255]],[[32.39054,-23.99672],[32.39074,-23.99672],[32.39074,-23.99663],[32.39054,-23.99672]],[[32.39259,-24.00216],[32.39268,-24.00216],[32.39268,-24.00207],[32.39259,-24.00216]],[[32.41531,-24.01176],[32.41541,-24.01176],[32.41551,-24.01149],[32.41531,-24.01176]],[[32.42341,-24.0079],[32.42371,-24.00808],[32.42381,-24.00763],[32.42341,-24.0079]],[[32.42716,-24.008],[32.42706,-24.008],[32.42706,-24.00809],[32.42716,-24.008]],[[32.42726,-24.00791],[32.42716,-24.00791],[32.42716,-24.008],[32.42726,-24.00791]],[[32.44041,-24.021],[32.44051,-24.02073],[32.43982,-24.021],[32.44041,-24.021]],[[32.44219,-24.01829],[32.44239,-24.01829],[32.44229,-24.01802],[32.44219,-24.01829]],[[32.44062,-24.01828],[32.44032,-24.01837],[32.44042,-24.01855],[32.44062,-24.01828]],[[32.44022,-24.01828],[32.44022,-24.01837],[32.44032,-24.01837],[32.44022,-24.01828]],[[32.43657,-24.01936],[32.43618,-24.01926],[32.43627,-24.01963],[32.43657,-24.01936]],[[32.43074,-24.0225],[32.43064,-24.0225],[32.43064,-24.02259],[32.43074,-24.0225]],[[32.42979,-24.01535],[32.42979,-24.01526],[32.42969,-24.01525],[32.42979,-24.01535]],[[32.42998,-24.01544],[32.42998,-24.01535],[32.42979,-24.01535],[32.42998,-24.01544]],[[32.41312,-24.01655],[32.41292,-24.01655],[32.41292,-24.01664],[32.41312,-24.01655]],[[32.40613,-24.01571],[32.40613,-24.0158],[32.40642,-24.01589],[32.40613,-24.01571]],[[32.40524,-24.01561],[32.40524,-24.0158],[32.40544,-24.0158],[32.40524,-24.01561]],[[32.3848,-24.00277],[32.3847,-24.00277],[32.3847,-24.00286],[32.3848,-24.00277]],[[32.37784,-23.99368],[32.37833,-23.9935],[32.37725,-23.99359],[32.37754,-23.99486],[32.37784,-23.99368]],[[32.38201,-23.98709],[32.38201,-23.98718],[32.38211,-23.98718],[32.38201,-23.98709]],[[32.38201,-23.98673],[32.38182,-23.98673],[32.38182,-23.987],[32.38201,-23.98673]],[[32.36784,-23.98214],[32.36745,-23.9825],[32.36794,-23.9826],[32.36784,-23.98214]],[[32.36577,-23.98277],[32.36597,-23.98241],[32.36518,-23.98213],[32.36577,-23.98277]],[[32.35631,-23.98246],[32.35631,-23.98218],[32.35612,-23.98218],[32.35631,-23.98246]],[[32.34034,-23.98438],[32.34034,-23.9842],[32.34014,-23.9842],[32.34034,-23.98438]],[[32.33915,-23.98429],[32.33876,-23.98419],[32.33856,-23.98446],[32.33895,-23.98501],[32.33915,-23.98429]],[[32.3127,-23.97412],[32.3127,-23.97385],[32.3124,-23.97375],[32.3127,-23.97412]],[[32.30672,-23.9673],[32.30712,-23.96721],[32.30682,-23.96667],[32.30742,-23.96667],[32.30703,-23.96594],[32.30574,-23.96621],[32.30672,-23.9673]],[[32.30734,-23.96214],[32.30724,-23.96232],[32.30754,-23.96241],[32.30734,-23.96214]],[[32.39015,-23.99636],[32.39015,-23.99627],[32.39005,-23.99627],[32.39015,-23.99636]],[[32.3868,-23.9968],[32.3868,-23.99562],[32.38651,-23.99571],[32.3868,-23.9968]],[[32.38935,-23.99889],[32.39004,-23.99871],[32.38975,-23.9979],[32.39034,-23.99826],[32.39063,-23.99781],[32.39024,-23.99708],[32.38926,-23.99735],[32.38946,-23.99672],[32.38877,-23.99662],[32.38857,-23.99735],[32.38906,-23.99735],[32.38965,-23.99826],[32.38935,-23.99889]],[[32.38807,-23.99807],[32.38816,-23.99943],[32.38905,-23.99916],[32.38856,-23.99871],[32.38847,-23.99735],[32.38807,-23.99807]],[[32.38719,-23.99716],[32.38719,-23.99707],[32.38709,-23.99707],[32.38719,-23.99716]],[[32.386,-23.9977],[32.3862,-23.9977],[32.3862,-23.99707],[32.386,-23.9977]],[[32.38433,-23.99615],[32.38483,-23.99661],[32.38432,-23.99851],[32.38561,-23.99779],[32.38472,-23.9977],[32.38571,-23.99697],[32.38532,-23.99561],[32.38651,-23.99444],[32.38562,-23.9948],[32.38365,-23.99452],[32.38345,-23.99525],[32.38503,-23.9957],[32.38433,-23.99615]],[[32.38592,-23.99435],[32.38582,-23.99417],[32.38553,-23.99435],[32.38592,-23.99435]],[[32.38415,-23.99398],[32.38396,-23.99289],[32.38336,-23.99416],[32.38365,-23.99443],[32.38415,-23.99398]],[[32.38751,-23.99218],[32.38643,-23.99163],[32.38632,-23.99218],[32.38711,-23.99218],[32.38711,-23.99309],[32.38642,-23.99326],[32.3871,-23.99408],[32.387,-23.99463],[32.38819,-23.99391],[32.38751,-23.99218]],[[32.38739,-23.99544],[32.38808,-23.99526],[32.38907,-23.9959],[32.38838,-23.99536],[32.38878,-23.99436],[32.3874,-23.99481],[32.38739,-23.99544]],[[32.38671,-23.99435],[32.38681,-23.99417],[32.38661,-23.99417],[32.38671,-23.99435]],[[32.38494,-23.9938],[32.38514,-23.99344],[32.38474,-23.99326],[32.38494,-23.9938]],[[32.38534,-23.99299],[32.38534,-23.99254],[32.38465,-23.99281],[32.38534,-23.99299]],[[32.38317,-23.99262],[32.38346,-23.99316],[32.38386,-23.99244],[32.38317,-23.99262]],[[32.38317,-23.99298],[32.38277,-23.99262],[32.38268,-23.9928],[32.38317,-23.99298]],[[32.38002,-23.99242],[32.38001,-23.99261],[32.38011,-23.99261],[32.38002,-23.99242]],[[32.381,-23.99243],[32.381,-23.99252],[32.3812,-23.99252],[32.381,-23.99243]],[[32.38593,-23.99245],[32.38593,-23.99254],[32.38603,-23.99254],[32.38593,-23.99245]],[[32.38573,-23.99254],[32.38573,-23.99263],[32.38583,-23.99263],[32.38573,-23.99254]],[[32.38622,-23.99272],[32.38622,-23.9929],[32.38652,-23.9929],[32.38622,-23.99272]],[[32.38228,-23.99216],[32.38229,-23.9918],[32.38209,-23.9918],[32.38228,-23.99216]],[[32.3814,-23.99171],[32.3814,-23.99161],[32.3812,-23.99161],[32.3814,-23.99171]],[[32.38219,-23.99162],[32.38219,-23.99171],[32.38229,-23.99171],[32.38219,-23.99162]],[[32.38357,-23.99162],[32.38347,-23.99117],[32.38318,-23.99126],[32.38357,-23.99162]],[[32.38268,-23.99108],[32.38278,-23.99071],[32.38219,-23.99071],[32.38268,-23.99108]],[[32.38495,-23.99018],[32.38544,-23.99172],[32.38574,-23.99091],[32.38495,-23.99018]],[[32.38436,-23.99036],[32.38466,-23.99045],[32.38456,-23.99018],[32.38436,-23.99036]],[[32.38839,-23.99264],[32.38948,-23.99219],[32.38899,-23.99219],[32.38919,-23.99165],[32.3885,-23.99101],[32.3887,-23.99074],[32.38929,-23.99119],[32.38929,-23.99047],[32.38781,-23.99019],[32.38831,-23.98947],[32.38763,-23.98756],[32.38783,-23.98702],[32.38585,-23.98747],[32.38497,-23.9862],[32.38459,-23.98393],[32.38371,-23.98329],[32.38479,-23.9833],[32.38469,-23.98393],[32.38508,-23.98411],[32.38597,-23.98376],[32.38577,-23.98348],[32.38587,-23.98321],[32.38734,-23.98539],[32.38724,-23.98639],[32.38832,-23.98693],[32.38696,-23.98222],[32.38598,-23.98203],[32.38548,-23.98267],[32.38568,-23.98185],[32.38628,-23.98158],[32.3846,-23.98085],[32.38529,-23.98203],[32.3843,-23.98302],[32.38273,-23.98229],[32.38303,-23.9813],[32.38283,-23.98184],[32.38204,-23.98184],[32.38116,-23.98084],[32.38096,-23.98129],[32.38272,-23.98356],[32.38291,-23.98501],[32.38222,-23.98456],[32.38232,-23.9851],[32.3832,-23.98519],[32.38359,-23.98673],[32.38447,-23.98737],[32.38466,-23.98891],[32.38654,-23.98937],[32.38682,-23.99127],[32.38839,-23.99264]],[[32.38505,-23.99],[32.38525,-23.98964],[32.38476,-23.98936],[32.38456,-23.98991],[32.38505,-23.99]],[[32.38151,-23.98935],[32.38141,-23.9898],[32.3821,-23.98972],[32.38151,-23.98935]],[[32.3829,-23.98718],[32.3829,-23.98736],[32.3831,-23.98728],[32.3829,-23.98718]],[[32.383,-23.98592],[32.38261,-23.98582],[32.38251,-23.9861],[32.383,-23.98592]],[[32.38192,-23.98618],[32.38221,-23.98609],[32.38212,-23.98591],[32.38192,-23.98618]],[[32.38124,-23.98374],[32.38134,-23.98356],[32.38114,-23.98355],[32.38124,-23.98374]],[[32.38075,-23.98364],[32.38075,-23.98346],[32.38055,-23.98346],[32.38075,-23.98364]],[[32.37917,-23.98309],[32.37907,-23.98337],[32.37986,-23.98346],[32.37917,-23.98309]],[[32.38065,-23.98319],[32.38134,-23.98328],[32.38124,-23.98301],[32.38065,-23.98283],[32.38065,-23.98319]],[[32.38026,-23.98265],[32.38026,-23.98246],[32.38016,-23.98246],[32.38026,-23.98265]],[[32.38076,-23.98183],[32.38115,-23.98211],[32.38115,-23.98165],[32.38076,-23.98183]],[[32.38076,-23.98084],[32.38047,-23.97984],[32.38087,-23.97948],[32.38018,-23.97939],[32.37869,-23.98028],[32.37831,-23.97874],[32.37702,-23.97983],[32.37633,-23.97982],[32.37662,-23.98019],[32.3782,-23.97956],[32.37791,-23.98028],[32.3783,-23.98046],[32.38017,-23.9802],[32.37889,-23.98083],[32.38007,-23.98138],[32.38076,-23.98084]],[[32.37879,-23.98101],[32.37889,-23.98101],[32.37889,-23.98092],[32.37879,-23.98101]],[[32.37564,-23.98045],[32.37455,-23.98027],[32.37515,-23.97964],[32.37466,-23.97954],[32.37406,-23.98081],[32.37564,-23.98045]],[[32.37396,-23.98045],[32.37396,-23.98054],[32.37406,-23.98054],[32.37396,-23.98045]],[[32.37367,-23.98017],[32.37367,-23.98036],[32.37396,-23.98045],[32.37367,-23.98017]],[[32.37298,-23.97999],[32.37317,-23.98044],[32.37337,-23.98044],[32.37298,-23.97999]],[[32.37022,-23.98025],[32.37022,-23.98043],[32.37042,-23.98043],[32.37022,-23.98025]],[[32.37002,-23.98052],[32.37002,-23.98025],[32.36963,-23.98016],[32.37002,-23.98052]],[[32.36973,-23.98007],[32.36973,-23.97989],[32.36953,-23.97989],[32.36973,-23.98007]],[[32.36775,-23.98033],[32.36815,-23.98097],[32.36864,-23.98097],[32.36904,-23.98025],[32.36775,-23.98033]],[[32.37179,-23.98071],[32.3716,-23.98098],[32.37218,-23.98135],[32.37179,-23.98071]],[[32.37445,-23.98135],[32.37475,-23.98117],[32.37455,-23.98117],[32.37445,-23.98135]],[[32.36795,-23.98115],[32.36805,-23.98142],[32.36834,-23.98133],[32.36795,-23.98115]],[[32.36607,-23.98168],[32.36647,-23.98168],[32.36637,-23.98141],[32.36607,-23.98168]],[[32.36854,-23.98178],[32.36824,-23.98169],[32.36834,-23.98205],[32.36854,-23.98178]],[[32.36213,-23.98176],[32.36321,-23.98239],[32.364,-23.98158],[32.3638,-23.98303],[32.36419,-23.98303],[32.36479,-23.98159],[32.3643,-23.9814],[32.3645,-23.98068],[32.36272,-23.98112],[32.36213,-23.98176]],[[32.3646,-23.9805],[32.3646,-23.98032],[32.3644,-23.98032],[32.3646,-23.9805]],[[32.36568,-23.98059],[32.3649,-23.98032],[32.3647,-23.98077],[32.36608,-23.98078],[32.36638,-23.98023],[32.36568,-23.98059]],[[32.36706,-23.98078],[32.36746,-23.98096],[32.36756,-23.98069],[32.36706,-23.98078]],[[32.36617,-23.98096],[32.36608,-23.98114],[32.36647,-23.98114],[32.36617,-23.98096]],[[32.36509,-23.98123],[32.36509,-23.98104],[32.36479,-23.98104],[32.36509,-23.98123]],[[32.36578,-23.98168],[32.36578,-23.98195],[32.36597,-23.98195],[32.36578,-23.98168]],[[32.36686,-23.98232],[32.36696,-23.9825],[32.36725,-23.98241],[32.36686,-23.98232]],[[32.36065,-23.98247],[32.36124,-23.98202],[32.36114,-23.98184],[32.36065,-23.98193],[32.36065,-23.98247]],[[32.35464,-23.98182],[32.35454,-23.98254],[32.35523,-23.98245],[32.35464,-23.98182]],[[32.3572,-23.98219],[32.3571,-23.98246],[32.3573,-23.98246],[32.3572,-23.98219]],[[32.36164,-23.98184],[32.36164,-23.98221],[32.36193,-23.98212],[32.36164,-23.98184]],[[32.36144,-23.9823],[32.36144,-23.98248],[32.36163,-23.98248],[32.36144,-23.9823]],[[32.36786,-23.97979],[32.36677,-23.97978],[32.36697,-23.98006],[32.36786,-23.97979]],[[32.36884,-23.97979],[32.36953,-23.97934],[32.36855,-23.97907],[32.36786,-23.9797],[32.36884,-23.97979]],[[32.37032,-23.97898],[32.37012,-23.97944],[32.37081,-23.98007],[32.37032,-23.97898]],[[32.37091,-23.97908],[32.37111,-23.97971],[32.3715,-23.97953],[32.37091,-23.97908]],[[32.3718,-23.97899],[32.3718,-23.97926],[32.3721,-23.97917],[32.3718,-23.97899]],[[32.3722,-23.97899],[32.37298,-23.97927],[32.37298,-23.97899],[32.3723,-23.97863],[32.3722,-23.97899]],[[32.37318,-23.97863],[32.37318,-23.9789],[32.37338,-23.97891],[32.37318,-23.97863]],[[32.37417,-23.97882],[32.37417,-23.97846],[32.37387,-23.97845],[32.37417,-23.97882]],[[32.37565,-23.97774],[32.37516,-23.97755],[32.37447,-23.97837],[32.37565,-23.97774]],[[32.3724,-23.97745],[32.3724,-23.9779],[32.37289,-23.97727],[32.3724,-23.97745]],[[32.37536,-23.97728],[32.37536,-23.97737],[32.37546,-23.97737],[32.37536,-23.97728]],[[32.37654,-23.97756],[32.37703,-23.97747],[32.37694,-23.97711],[32.37634,-23.9772],[32.37654,-23.97756]],[[32.37575,-23.97701],[32.37575,-23.97728],[32.37595,-23.97729],[32.37575,-23.97701]],[[32.37743,-23.97738],[32.37782,-23.97766],[32.37782,-23.97702],[32.37743,-23.97738]],[[32.37871,-23.9773],[32.37841,-23.97766],[32.37959,-23.97775],[32.3794,-23.9773],[32.37871,-23.9773]],[[32.38009,-23.97757],[32.38009,-23.97794],[32.38028,-23.97794],[32.38009,-23.97757]],[[32.38176,-23.97794],[32.38176,-23.97812],[32.38186,-23.97812],[32.38176,-23.97794]],[[32.37634,-23.97783],[32.37644,-23.97819],[32.37673,-23.9781],[32.37634,-23.97783]],[[32.3789,-23.97829],[32.37909,-23.97902],[32.37929,-23.97902],[32.37939,-23.9783],[32.3789,-23.97829]],[[32.38116,-23.97894],[32.38126,-23.97867],[32.38087,-23.97866],[32.38116,-23.97894]],[[32.37732,-23.97892],[32.37791,-23.97856],[32.37742,-23.97856],[32.37732,-23.97892]],[[32.37564,-23.97991],[32.37585,-23.97837],[32.37525,-23.97855],[32.37564,-23.97991]],[[32.37367,-23.97918],[32.37338,-23.97909],[32.37338,-23.97936],[32.37367,-23.97918]],[[32.37476,-23.97882],[32.37446,-23.97918],[32.37495,-23.97918],[32.37476,-23.97882]],[[32.37408,-23.97755],[32.37408,-23.97737],[32.37388,-23.97737],[32.37408,-23.97755]],[[32.37329,-23.97764],[32.37329,-23.97773],[32.37338,-23.97773],[32.37329,-23.97764]],[[32.37229,-23.97972],[32.37239,-23.97953],[32.372,-23.97953],[32.37229,-23.97972]],[[32.3719,-23.97999],[32.3717,-23.98017],[32.3718,-23.98017],[32.3719,-23.97999]],[[32.38333,-23.97967],[32.38333,-23.97922],[32.38304,-23.97922],[32.38333,-23.97967]],[[32.38136,-23.97975],[32.38145,-23.98002],[32.38165,-23.98003],[32.38136,-23.97975]],[[32.38372,-23.97985],[32.38372,-23.97994],[32.38392,-23.97994],[32.38372,-23.97985]],[[32.38313,-23.98012],[32.38264,-23.98003],[32.38273,-23.9803],[32.38313,-23.98012]],[[32.38234,-23.98093],[32.38234,-23.98102],[32.38244,-23.98102],[32.38234,-23.98093]],[[32.38342,-23.98157],[32.38341,-23.98239],[32.38391,-23.98248],[32.38411,-23.98194],[32.38342,-23.98157]],[[32.38537,-23.98484],[32.38538,-23.98457],[32.38518,-23.98466],[32.38537,-23.98484]],[[32.38607,-23.98421],[32.38616,-23.98448],[32.38636,-23.98439],[32.38607,-23.98421]],[[32.38861,-23.98775],[32.38812,-23.98811],[32.38851,-23.98829],[32.38861,-23.98775]],[[32.3891,-23.98956],[32.3893,-23.98929],[32.389,-23.9892],[32.3891,-23.98956]],[[32.38997,-23.99174],[32.38997,-23.99183],[32.39017,-23.99183],[32.38997,-23.99174]],[[32.39037,-23.9921],[32.39046,-23.9921],[32.39047,-23.99201],[32.39037,-23.9921]],[[32.39027,-23.99228],[32.39037,-23.99228],[32.39037,-23.9921],[32.39027,-23.99228]],[[32.38977,-23.99273],[32.38997,-23.99228],[32.38958,-23.99237],[32.38977,-23.99273]],[[32.38603,-23.99118],[32.38633,-23.99118],[32.38623,-23.99073],[32.38603,-23.99118]],[[32.38387,-23.99099],[32.38387,-23.99081],[32.38367,-23.99081],[32.38387,-23.99099]],[[32.38839,-23.99282],[32.38839,-23.993],[32.38849,-23.993],[32.38839,-23.99282]],[[32.38868,-23.99382],[32.38868,-23.994],[32.38888,-23.994],[32.38868,-23.99382]],[[32.38986,-23.99418],[32.38986,-23.99437],[32.39006,-23.99437],[32.38986,-23.99418]],[[32.38966,-23.99482],[32.38966,-23.995],[32.38996,-23.995],[32.38966,-23.99482]],[[32.38976,-23.99536],[32.38976,-23.99545],[32.38986,-23.99545],[32.38976,-23.99536]],[[32.38669,-23.9987],[32.38669,-23.99852],[32.38639,-23.99861],[32.38669,-23.9987]],[[32.38698,-23.99861],[32.38688,-23.99879],[32.38708,-23.99879],[32.38698,-23.99861]],[[32.38777,-23.99934],[32.38777,-23.9987],[32.38758,-23.9987],[32.38777,-23.99934]],[[32.38935,-23.99952],[32.38954,-23.99962],[32.38954,-23.99934],[32.38935,-23.99952]],[[32.39112,-24.00007],[32.39132,-23.99953],[32.39102,-23.99953],[32.39112,-24.00007]],[[32.38885,-23.99998],[32.38826,-23.99997],[32.38836,-24.00034],[32.38885,-23.99998]],[[32.39131,-24.00071],[32.39141,-24.00089],[32.39171,-24.00071],[32.39151,-24.00035],[32.39131,-24.00071]],[[32.39219,-24.00144],[32.39239,-24.00108],[32.3919,-24.00089],[32.39219,-24.00144]],[[32.3917,-24.00153],[32.3917,-24.00134],[32.39151,-24.00134],[32.3917,-24.00153]],[[32.38923,-24.00206],[32.39012,-24.00215],[32.39022,-24.0027],[32.39111,-24.0017],[32.39023,-24.00107],[32.38923,-24.00206]],[[32.3918,-24.00216],[32.39229,-24.0018],[32.39209,-24.00171],[32.3918,-24.00216]],[[32.39101,-24.00261],[32.3915,-24.00261],[32.3915,-24.00234],[32.39101,-24.00261]],[[32.39239,-24.00289],[32.39239,-24.00262],[32.39179,-24.00325],[32.39239,-24.00289]],[[32.38953,-24.00324],[32.38972,-24.0027],[32.38894,-24.00278],[32.38953,-24.00324]],[[32.38874,-24.00269],[32.38874,-24.00278],[32.38894,-24.00278],[32.38874,-24.00269]],[[32.38579,-24.00196],[32.38677,-24.00277],[32.38854,-24.00224],[32.38805,-24.00151],[32.38726,-24.00178],[32.38648,-24.00132],[32.38579,-24.00196]],[[32.38854,-24.00242],[32.38854,-24.00233],[32.38845,-24.00233],[32.38854,-24.00242]],[[32.38864,-24.00251],[32.38864,-24.00242],[32.38854,-24.00242],[32.38864,-24.00251]],[[32.38766,-24.00142],[32.38766,-24.00124],[32.38746,-24.00124],[32.38766,-24.00142]],[[32.38884,-24.00142],[32.38874,-24.00188],[32.38943,-24.00152],[32.38934,-24.00115],[32.38884,-24.00142]],[[32.38845,-24.00088],[32.38845,-24.00079],[32.38835,-24.00079],[32.38845,-24.00088]],[[32.39111,-24.00089],[32.39111,-24.00062],[32.39092,-24.00062],[32.39111,-24.00089]],[[32.38402,-24.00014],[32.38392,-24.00059],[32.38431,-24.00041],[32.38402,-24.00014]],[[32.38698,-23.99952],[32.38708,-24.00024],[32.38787,-23.99988],[32.38698,-23.99952]],[[32.38304,-23.99941],[32.38333,-24.00004],[32.38363,-24.00005],[32.38363,-23.99941],[32.38304,-23.99941]],[[32.38521,-23.99942],[32.38442,-23.99969],[32.38432,-23.99896],[32.38363,-23.99905],[32.38402,-23.99968],[32.38491,-23.99987],[32.38521,-23.99942]],[[32.3855,-23.99897],[32.3855,-23.99906],[32.3856,-23.99906],[32.3855,-23.99897]],[[32.38629,-23.9996],[32.38619,-23.99987],[32.38639,-23.99987],[32.38629,-23.9996]],[[32.3855,-23.99987],[32.3855,-24.00005],[32.3857,-24.00005],[32.3855,-23.99987]],[[32.38236,-23.99705],[32.38236,-23.99732],[32.38255,-23.99732],[32.38236,-23.99705]],[[32.38374,-23.9966],[32.38384,-23.99633],[32.38305,-23.99642],[32.38374,-23.9966]],[[32.38266,-23.99633],[32.38266,-23.99624],[32.38256,-23.99624],[32.38266,-23.99633]],[[32.38069,-23.99605],[32.38069,-23.99578],[32.38,-23.99577],[32.38069,-23.99605]],[[32.38325,-23.99588],[32.38325,-23.99606],[32.38355,-23.99606],[32.38325,-23.99588]],[[32.38168,-23.99569],[32.38168,-23.99551],[32.38138,-23.99551],[32.38168,-23.99569]],[[32.38089,-23.99505],[32.38099,-23.99478],[32.38079,-23.99478],[32.38089,-23.99505]],[[32.37794,-23.99468],[32.37793,-23.99495],[32.37803,-23.99495],[32.37794,-23.99468]],[[32.3802,-23.99478],[32.3802,-23.99451],[32.3801,-23.99451],[32.3802,-23.99478]],[[32.37833,-23.99459],[32.37833,-23.9945],[32.37823,-23.9945],[32.37833,-23.99459]],[[32.37902,-23.99432],[32.37981,-23.99432],[32.38021,-23.9936],[32.37912,-23.99387],[32.37902,-23.99432]],[[32.38169,-23.99361],[32.38169,-23.99352],[32.38149,-23.99352],[32.38149,-23.9937],[32.38169,-23.99361]],[[32.38689,-23.99743],[32.3866,-23.99752],[32.38669,-23.9977],[32.38689,-23.99743]],[[32.39152,-23.99872],[32.39122,-23.99863],[32.39122,-23.9989],[32.39152,-23.99872]],[[32.39043,-23.99871],[32.39053,-23.99908],[32.39083,-23.9989],[32.39043,-23.99871]],[[32.37802,-23.97684],[32.37802,-23.97657],[32.37782,-23.97666],[32.37802,-23.97684]],[[32.37684,-23.97666],[32.37684,-23.97656],[32.37674,-23.97656],[32.37684,-23.97666]],[[32.37615,-23.9762],[32.37625,-23.97647],[32.37654,-23.97638],[32.37645,-23.97593],[32.37615,-23.9762]],[[32.37458,-23.97592],[32.37458,-23.97583],[32.37448,-23.97583],[32.37458,-23.97592]],[[32.37842,-23.9763],[32.37832,-23.97603],[32.37812,-23.97612],[32.37842,-23.9763]],[[32.37763,-23.97639],[32.37773,-23.97612],[32.37753,-23.97611],[32.37763,-23.97639]],[[32.37547,-23.97511],[32.37625,-23.97557],[32.37586,-23.97475],[32.37507,-23.97493],[32.37507,-23.97538],[32.37547,-23.97511]],[[32.37675,-23.97521],[32.37783,-23.9753],[32.37724,-23.97485],[32.37715,-23.97394],[32.37675,-23.97521]],[[32.37833,-23.97485],[32.37833,-23.97467],[32.37803,-23.97467],[32.37793,-23.97503],[32.37833,-23.97485]],[[32.3799,-23.97513],[32.3799,-23.97522],[32.3801,-23.97522],[32.3799,-23.97513]],[[32.37892,-23.97512],[32.37892,-23.97503],[32.37872,-23.97503],[32.37892,-23.97512]],[[32.37823,-23.97422],[32.37823,-23.9744],[32.37843,-23.9744],[32.37823,-23.97422]],[[32.35021,-23.98125],[32.34981,-23.98134],[32.34991,-23.98171],[32.35021,-23.98125]],[[32.34981,-23.98189],[32.34991,-23.98189],[32.34991,-23.98171],[32.34981,-23.98189]],[[32.34538,-23.98105],[32.34449,-23.98096],[32.34311,-23.98168],[32.3437,-23.98204],[32.34489,-23.98141],[32.34528,-23.98205],[32.34665,-23.98251],[32.34695,-23.9816],[32.34656,-23.98142],[32.34725,-23.98106],[32.34636,-23.98115],[32.34626,-23.98187],[32.34538,-23.98105]],[[32.34804,-23.98215],[32.34853,-23.9817],[32.34824,-23.98161],[32.34804,-23.98215]],[[32.34725,-23.98206],[32.34725,-23.98187],[32.34715,-23.98187],[32.34725,-23.98206]],[[32.34468,-23.9825],[32.34468,-23.98268],[32.34537,-23.98259],[32.34468,-23.9825]],[[32.34429,-23.98313],[32.34419,-23.98213],[32.3436,-23.98222],[32.3435,-23.98276],[32.34429,-23.98313]],[[32.34606,-23.9825],[32.34507,-23.98313],[32.34537,-23.98332],[32.34606,-23.9825]],[[32.34488,-23.98286],[32.34478,-23.98304],[32.34507,-23.98304],[32.34488,-23.98286]],[[32.34389,-23.98349],[32.34409,-23.98358],[32.34419,-23.98331],[32.34389,-23.98349]],[[32.34162,-23.98375],[32.34172,-23.98393],[32.34202,-23.98384],[32.34192,-23.98348],[32.34162,-23.98375]],[[32.34576,-23.98386],[32.34537,-23.98395],[32.34546,-23.98413],[32.34576,-23.98386]],[[32.33699,-23.98409],[32.33709,-23.98382],[32.33659,-23.98391],[32.33649,-23.98436],[32.33699,-23.98409]],[[32.33836,-23.98455],[32.33827,-23.98428],[32.33807,-23.98437],[32.33836,-23.98455]],[[32.33758,-23.98428],[32.33728,-23.98437],[32.33738,-23.98473],[32.33758,-23.98428]],[[32.33462,-23.98445],[32.33452,-23.98499],[32.33482,-23.9849],[32.33462,-23.98445]],[[32.33373,-23.98471],[32.33353,-23.98471],[32.33383,-23.98508],[32.33373,-23.98471]],[[32.32465,-23.98812],[32.32553,-23.9883],[32.32544,-23.98794],[32.32593,-23.98785],[32.32544,-23.98749],[32.32584,-23.98613],[32.32476,-23.98567],[32.32506,-23.98495],[32.32437,-23.98513],[32.32465,-23.98812]],[[32.33501,-23.98508],[32.33511,-23.98544],[32.33531,-23.98545],[32.33501,-23.98508]],[[32.3291,-23.9856],[32.329,-23.98533],[32.3288,-23.98533],[32.3291,-23.9856]],[[32.32555,-23.98531],[32.32565,-23.98568],[32.32584,-23.98549],[32.32555,-23.98531]],[[32.33058,-23.98515],[32.33058,-23.98506],[32.33048,-23.98506],[32.33058,-23.98515]],[[32.32761,-23.98659],[32.32752,-23.98605],[32.32633,-23.98622],[32.32623,-23.98731],[32.32712,-23.9865],[32.32761,-23.98659]],[[32.32594,-23.98649],[32.32594,-23.98658],[32.32613,-23.98667],[32.32594,-23.98649]],[[32.32919,-23.98696],[32.32939,-23.98651],[32.32899,-23.9865],[32.32919,-23.98696]],[[32.32869,-23.98705],[32.32869,-23.98723],[32.32899,-23.98714],[32.32869,-23.98705]],[[32.32978,-23.98723],[32.32958,-23.98687],[32.32938,-23.98696],[32.32978,-23.98723]],[[32.33066,-23.98733],[32.33086,-23.98706],[32.33057,-23.98696],[32.33066,-23.98733]],[[32.32928,-23.98777],[32.32918,-23.98804],[32.32987,-23.98814],[32.32928,-23.98777]],[[32.3278,-23.9884],[32.3278,-23.98813],[32.3275,-23.98822],[32.3278,-23.9884]],[[32.32671,-23.98894],[32.32691,-23.98903],[32.32711,-23.9884],[32.32671,-23.98894]],[[32.32504,-23.98875],[32.32504,-23.98857],[32.32455,-23.98848],[32.32504,-23.98875]],[[32.31716,-23.98835],[32.31715,-23.98854],[32.31735,-23.98854],[32.31716,-23.98835]],[[32.31785,-23.98799],[32.31794,-23.98827],[32.31824,-23.98827],[32.31785,-23.98799]],[[32.32169,-23.98801],[32.32169,-23.98792],[32.32149,-23.9881],[32.32169,-23.98801]],[[32.32347,-23.98793],[32.32347,-23.98802],[32.32356,-23.98802],[32.32347,-23.98793]],[[32.32278,-23.98784],[32.32288,-23.98756],[32.32258,-23.98747],[32.32278,-23.98784]],[[32.31568,-23.98699],[32.31569,-23.9869],[32.31559,-23.9869],[32.31568,-23.98699]],[[32.32337,-23.98702],[32.32347,-23.98666],[32.32308,-23.98648],[32.32337,-23.98702]],[[32.32249,-23.9863],[32.32259,-23.98611],[32.32239,-23.98611],[32.32249,-23.9863]],[[32.32338,-23.98603],[32.32367,-23.98603],[32.32318,-23.98539],[32.32259,-23.98557],[32.32338,-23.98603]],[[32.31579,-23.98563],[32.31579,-23.98581],[32.31609,-23.98572],[32.31579,-23.98563]],[[32.31835,-23.98564],[32.31835,-23.98537],[32.31796,-23.98555],[32.31835,-23.98564]],[[32.32181,-23.98457],[32.32132,-23.98439],[32.32131,-23.98493],[32.32181,-23.98457]],[[32.31846,-23.98483],[32.31846,-23.98456],[32.31826,-23.98465],[32.31846,-23.98483]],[[32.32023,-23.98438],[32.32023,-23.9842],[32.32004,-23.9842],[32.32023,-23.98438]],[[32.3156,-23.98418],[32.3159,-23.98427],[32.3159,-23.98391],[32.3156,-23.98418]],[[32.31777,-23.98383],[32.31777,-23.98401],[32.31787,-23.98401],[32.31777,-23.98383]],[[32.31984,-23.98366],[32.31974,-23.98411],[32.32093,-23.98357],[32.32063,-23.98285],[32.31984,-23.98366]],[[32.32201,-23.98376],[32.3223,-23.98439],[32.32309,-23.98385],[32.32309,-23.98349],[32.3224,-23.98376],[32.32241,-23.98285],[32.32172,-23.9833],[32.32163,-23.98158],[32.32103,-23.98339],[32.32201,-23.98376]],[[32.32171,-23.98385],[32.32181,-23.98385],[32.32181,-23.98376],[32.32171,-23.98385]],[[32.31639,-23.98328],[32.3163,-23.98328],[32.31629,-23.98346],[32.31639,-23.98328]],[[32.31649,-23.98319],[32.31639,-23.98319],[32.31639,-23.98328],[32.31649,-23.98319]],[[32.31689,-23.98328],[32.31699,-23.98301],[32.31679,-23.98292],[32.31689,-23.98328]],[[32.3164,-23.98265],[32.3165,-23.98283],[32.31669,-23.98274],[32.3164,-23.98265]],[[32.31512,-23.98255],[32.31522,-23.98237],[32.31492,-23.98228],[32.31512,-23.98255]],[[32.31867,-23.98229],[32.31857,-23.98257],[32.31896,-23.98266],[32.31867,-23.98229]],[[32.31837,-23.9822],[32.31837,-23.98202],[32.31817,-23.98202],[32.31837,-23.9822]],[[32.31729,-23.98183],[32.31729,-23.98211],[32.31739,-23.98211],[32.31729,-23.98183]],[[32.31965,-23.98175],[32.31965,-23.98203],[32.31985,-23.98203],[32.31965,-23.98175]],[[32.32024,-23.98239],[32.32064,-23.98248],[32.32074,-23.98221],[32.32034,-23.98203],[32.32024,-23.98239]],[[32.32015,-23.98176],[32.32015,-23.98167],[32.32005,-23.98167],[32.32015,-23.98176]],[[32.31433,-23.98155],[32.31394,-23.98064],[32.31375,-23.98064],[32.31433,-23.98155]],[[32.31306,-23.981],[32.31296,-23.981],[32.31296,-23.98109],[32.31306,-23.981]],[[32.31325,-23.98082],[32.31335,-23.98073],[32.31306,-23.98091],[32.31325,-23.98082]],[[32.31493,-23.98029],[32.31572,-23.98002],[32.31749,-23.98138],[32.3173,-23.98021],[32.31631,-23.98011],[32.31563,-23.97947],[32.31493,-23.98029]],[[32.3172,-23.97993],[32.3171,-23.97993],[32.3171,-23.98002],[32.3172,-23.97993]],[[32.31947,-23.98003],[32.31917,-23.98003],[32.31917,-23.98021],[32.31947,-23.98003]],[[32.31996,-23.98004],[32.32065,-23.9804],[32.32046,-23.97931],[32.31996,-23.98004]],[[32.31789,-23.97994],[32.31779,-23.97957],[32.3174,-23.97975],[32.31789,-23.97994]],[[32.31917,-23.97994],[32.31937,-23.97958],[32.31868,-23.97976],[32.31917,-23.97994]],[[32.31957,-23.97922],[32.31957,-23.9794],[32.31996,-23.9794],[32.31957,-23.97922]],[[32.31513,-23.97929],[32.31513,-23.9792],[32.31504,-23.9792],[32.31513,-23.97929]],[[32.3183,-23.97776],[32.31927,-23.97922],[32.31938,-23.97831],[32.3183,-23.97776]],[[32.318,-23.97858],[32.3177,-23.97849],[32.3178,-23.97912],[32.318,-23.97858]],[[32.31405,-23.97883],[32.31435,-23.97829],[32.31406,-23.9782],[32.31405,-23.97883]],[[32.31494,-23.97838],[32.31494,-23.97856],[32.31514,-23.97857],[32.31494,-23.97838]],[[32.3187,-23.97641],[32.3188,-23.97596],[32.31929,-23.9765],[32.32047,-23.97651],[32.32067,-23.97587],[32.31939,-23.97614],[32.31851,-23.97496],[32.31801,-23.97514],[32.31781,-23.97586],[32.3185,-23.97586],[32.3183,-23.97659],[32.31928,-23.97804],[32.31967,-23.97786],[32.3187,-23.97641]],[[32.31278,-23.97656],[32.31249,-23.97665],[32.31258,-23.97701],[32.31278,-23.97656]],[[32.31544,-23.97685],[32.31544,-23.97694],[32.31554,-23.97694],[32.31544,-23.97685]],[[32.3116,-23.97629],[32.3116,-23.97647],[32.3118,-23.97647],[32.3116,-23.97629]],[[32.31239,-23.97629],[32.31239,-23.9762],[32.31229,-23.9762],[32.31239,-23.97629]],[[32.31239,-23.97593],[32.31239,-23.97575],[32.3122,-23.97575],[32.31239,-23.97593]],[[32.3124,-23.97448],[32.31171,-23.97448],[32.31191,-23.97475],[32.3123,-23.97493],[32.3124,-23.97448]],[[32.31841,-23.97441],[32.31831,-23.9746],[32.31861,-23.97469],[32.31841,-23.97441]],[[32.32398,-23.96484],[32.32318,-23.96692],[32.32269,-23.96719],[32.32436,-23.96765],[32.32435,-23.96892],[32.32367,-23.96846],[32.32307,-23.96891],[32.32375,-23.97027],[32.32277,-23.97018],[32.32296,-23.97072],[32.32227,-23.97081],[32.32306,-23.97208],[32.32089,-23.97089],[32.32078,-23.97334],[32.32127,-23.97379],[32.32058,-23.97388],[32.32137,-23.97407],[32.32166,-23.9747],[32.32314,-23.97471],[32.32313,-23.97579],[32.32373,-23.97543],[32.3254,-23.97662],[32.32569,-23.97635],[32.3252,-23.97589],[32.3256,-23.97535],[32.32511,-23.97481],[32.3258,-23.97436],[32.32678,-23.97527],[32.32699,-23.97418],[32.32806,-23.97554],[32.32984,-23.97465],[32.33013,-23.97546],[32.33072,-23.97547],[32.33033,-23.97628],[32.33289,-23.9752],[32.33338,-23.97557],[32.33408,-23.97439],[32.33467,-23.97421],[32.33468,-23.97376],[32.33418,-23.97376],[32.33438,-23.97331],[32.3337,-23.97258],[32.333,-23.9733],[32.3332,-23.97385],[32.33261,-23.97375],[32.33181,-23.97456],[32.33093,-23.97429],[32.33113,-23.9732],[32.33172,-23.97321],[32.33133,-23.97275],[32.33182,-23.97248],[32.33114,-23.97175],[32.33085,-23.9703],[32.32977,-23.9703],[32.3281,-23.96821],[32.32633,-23.96757],[32.32634,-23.96648],[32.32673,-23.96666],[32.32703,-23.96612],[32.32673,-23.96585],[32.32664,-23.9654],[32.32398,-23.96484]],[[32.32722,-23.96649],[32.32722,-23.96639],[32.32703,-23.96639],[32.32722,-23.96649]],[[32.32733,-23.96567],[32.32723,-23.96549],[32.32693,-23.96594],[32.32733,-23.96567]],[[32.32732,-23.96612],[32.32732,-23.96603],[32.32713,-23.96603],[32.32732,-23.96612]],[[32.33232,-23.97167],[32.33242,-23.97185],[32.33271,-23.97176],[32.33232,-23.97167]],[[32.33192,-23.97221],[32.33183,-23.97176],[32.33173,-23.97176],[32.33192,-23.97221]],[[32.33595,-23.97513],[32.33536,-23.97512],[32.33526,-23.97576],[32.33585,-23.97585],[32.33595,-23.97513]],[[32.33476,-23.97557],[32.33477,-23.97548],[32.33457,-23.97548],[32.33476,-23.97557]],[[32.33407,-23.97584],[32.33348,-23.9762],[32.33387,-23.97675],[32.33446,-23.97675],[32.33407,-23.97584]],[[32.33555,-23.97639],[32.33574,-23.97694],[32.33663,-23.9764],[32.33555,-23.97639]],[[32.33515,-23.9772],[32.33574,-23.97721],[32.33574,-23.97694],[32.33515,-23.9772]],[[32.33426,-23.97711],[32.33416,-23.97738],[32.33446,-23.97775],[32.33505,-23.9772],[32.33426,-23.97711]],[[32.33554,-23.97811],[32.33584,-23.97775],[32.33515,-23.97739],[32.33554,-23.97811]],[[32.33318,-23.97692],[32.33348,-23.97684],[32.33338,-23.97665],[32.33318,-23.97692]],[[32.32944,-23.97682],[32.32944,-23.97646],[32.32885,-23.97682],[32.32894,-23.97718],[32.32944,-23.97682]],[[32.33091,-23.97701],[32.33101,-23.97701],[32.33101,-23.97692],[32.33091,-23.97701]],[[32.33081,-23.97728],[32.33091,-23.97728],[32.33091,-23.97701],[32.33081,-23.97728]],[[32.32431,-23.97707],[32.32352,-23.97779],[32.3247,-23.9787],[32.32341,-23.97933],[32.32479,-23.97933],[32.32508,-23.98015],[32.32617,-23.98033],[32.32666,-23.98097],[32.32715,-23.97998],[32.32627,-23.9797],[32.32706,-23.97835],[32.32628,-23.9778],[32.32677,-23.97735],[32.32588,-23.97789],[32.32529,-23.97906],[32.3247,-23.97834],[32.3251,-23.9777],[32.32421,-23.9777],[32.3248,-23.97725],[32.32431,-23.97707]],[[32.32725,-23.98052],[32.32725,-23.98043],[32.32715,-23.98043],[32.32725,-23.98052]],[[32.32509,-23.97843],[32.32539,-23.97834],[32.32509,-23.97798],[32.32509,-23.97843]],[[32.34144,-23.98085],[32.34144,-23.98058],[32.34124,-23.98058],[32.34144,-23.98085]],[[32.34203,-23.98049],[32.34203,-23.98068],[32.34213,-23.98068],[32.34203,-23.98049]],[[32.34302,-23.9805],[32.34292,-23.98068],[32.3438,-23.98095],[32.3439,-23.98041],[32.34302,-23.9805]],[[32.3377,-23.98029],[32.3373,-23.98002],[32.3372,-23.98029],[32.3377,-23.98029]],[[32.3379,-23.98002],[32.3378,-23.98002],[32.3377,-23.98029],[32.3379,-23.98002]],[[32.33622,-23.98002],[32.33651,-23.98047],[32.33701,-23.9802],[32.33691,-23.97939],[32.33622,-23.98002]],[[32.32824,-23.98043],[32.32853,-23.98044],[32.32853,-23.98016],[32.32824,-23.98043]],[[32.32686,-23.97961],[32.32765,-23.97962],[32.32765,-23.97898],[32.32716,-23.9788],[32.32686,-23.97961]],[[32.32775,-23.97971],[32.32775,-23.97962],[32.32765,-23.97962],[32.32775,-23.97971]],[[32.32794,-23.9798],[32.32794,-23.97971],[32.32775,-23.97971],[32.32794,-23.9798]],[[32.3311,-23.97891],[32.33159,-23.97891],[32.3313,-23.97846],[32.3311,-23.97891]],[[32.33347,-23.97801],[32.33239,-23.9781],[32.33307,-23.97864],[32.33347,-23.97801]],[[32.33268,-23.97774],[32.33259,-23.97756],[32.33209,-23.97783],[32.33268,-23.97774]],[[32.33682,-23.97794],[32.33633,-23.97748],[32.33633,-23.97784],[32.33652,-23.9783],[32.33682,-23.97794]],[[32.33722,-23.97776],[32.33732,-23.9774],[32.33692,-23.9773],[32.33722,-23.97776]],[[32.33791,-23.97803],[32.33781,-23.9783],[32.338,-23.9783],[32.33791,-23.97803]],[[32.33889,-23.97813],[32.33899,-23.97858],[32.33968,-23.97876],[32.33889,-23.97813]],[[32.33859,-23.97957],[32.33869,-23.97921],[32.3379,-23.97857],[32.33731,-23.97884],[32.3375,-23.97948],[32.33859,-23.97957]],[[32.33898,-23.97967],[32.33898,-23.97985],[32.33928,-23.97985],[32.33898,-23.97967]],[[32.35071,-23.97981],[32.35071,-23.97999],[32.3509,-23.97999],[32.35071,-23.97981]],[[32.33642,-23.97938],[32.33682,-23.97884],[32.33642,-23.97857],[32.33593,-23.97911],[32.33642,-23.97938]],[[32.3309,-23.97945],[32.3309,-23.97927],[32.3307,-23.97936],[32.3309,-23.97945]],[[32.331,-23.97972],[32.331,-23.97963],[32.3308,-23.97954],[32.331,-23.97972]],[[32.32903,-23.97953],[32.32913,-23.97935],[32.32893,-23.97935],[32.32903,-23.97953]],[[32.32824,-23.97953],[32.32824,-23.97935],[32.32814,-23.97935],[32.32824,-23.97953]],[[32.33563,-23.97938],[32.33563,-23.97956],[32.33573,-23.97956],[32.33563,-23.97938]],[[32.33248,-23.97964],[32.33248,-23.97982],[32.33267,-23.97982],[32.33248,-23.97964]],[[32.33524,-23.97902],[32.33534,-23.97884],[32.33514,-23.97883],[32.33524,-23.97902]],[[32.32746,-23.97808],[32.32815,-23.97799],[32.32776,-23.97744],[32.32746,-23.97808]],[[32.32914,-23.97781],[32.32913,-23.97799],[32.32933,-23.97799],[32.32914,-23.97781]],[[32.34479,-23.98032],[32.34469,-23.9806],[32.34489,-23.9806],[32.34479,-23.98032]],[[32.34627,-23.98051],[32.34627,-23.98042],[32.34607,-23.98042],[32.34607,-23.9806],[32.34627,-23.98051]],[[32.35208,-23.9809],[32.35208,-23.98072],[32.35189,-23.98072],[32.35208,-23.9809]],[[32.34883,-23.98089],[32.34883,-23.9807],[32.34863,-23.9807],[32.34883,-23.98089]],[[32.34646,-23.98097],[32.34647,-23.98078],[32.34637,-23.98078],[32.34646,-23.98097]],[[32.34568,-23.98096],[32.34587,-23.98133],[32.34607,-23.98124],[32.34568,-23.98096]],[[32.34932,-23.98098],[32.34902,-23.98152],[32.34972,-23.98125],[32.34932,-23.98098]],[[32.351,-23.98126],[32.351,-23.98144],[32.35119,-23.98144],[32.351,-23.98126]],[[32.33384,-23.98254],[32.33295,-23.98299],[32.33334,-23.98417],[32.33354,-23.98326],[32.33423,-23.98372],[32.33532,-23.98327],[32.33581,-23.98391],[32.3366,-23.98346],[32.33581,-23.98228],[32.33522,-23.98309],[32.33512,-23.98246],[32.33433,-23.98263],[32.33385,-23.98127],[32.33296,-23.98082],[32.33384,-23.98254]],[[32.33661,-23.98092],[32.33651,-23.98138],[32.3368,-23.98129],[32.33661,-23.98092]],[[32.34331,-23.9815],[32.34361,-23.98104],[32.34173,-23.98095],[32.34144,-23.98158],[32.34331,-23.9815]],[[32.337,-23.98174],[32.3372,-23.98165],[32.3371,-23.98147],[32.337,-23.98174]],[[32.34262,-23.98176],[32.34262,-23.98195],[32.34271,-23.98195],[32.34262,-23.98176]],[[32.34212,-23.98212],[32.34212,-23.98185],[32.34183,-23.98194],[32.34212,-23.98212]],[[32.34124,-23.98212],[32.34133,-23.98194],[32.34114,-23.98194],[32.34124,-23.98212]],[[32.33473,-23.98173],[32.33473,-23.98155],[32.33464,-23.98155],[32.33473,-23.98173]],[[32.33838,-23.98111],[32.33828,-23.98147],[32.33858,-23.98148],[32.33878,-23.98111],[32.33838,-23.98111]],[[32.33552,-23.98137],[32.33562,-23.9811],[32.33503,-23.9811],[32.33552,-23.98137]],[[32.34271,-23.98249],[32.34291,-23.98285],[32.3433,-23.98267],[32.34271,-23.98249]],[[32.33887,-23.98274],[32.33887,-23.98265],[32.33877,-23.98265],[32.33887,-23.98274]],[[32.33876,-23.98356],[32.33837,-23.98301],[32.33788,-23.98374],[32.33876,-23.98356]],[[32.33955,-23.98329],[32.33955,-23.98338],[32.33995,-23.98338],[32.33955,-23.98329]],[[32.34034,-23.98375],[32.33995,-23.98384],[32.34004,-23.98402],[32.34034,-23.98375]],[[32.33719,-23.98328],[32.33719,-23.98337],[32.33729,-23.98337],[32.33719,-23.98328]],[[32.33709,-23.98319],[32.33709,-23.98328],[32.33719,-23.98328],[32.33709,-23.98319]],[[32.33551,-23.98382],[32.33551,-23.98373],[32.33531,-23.98373],[32.33551,-23.98382]],[[32.33393,-23.98399],[32.33383,-23.98417],[32.33423,-23.98426],[32.33393,-23.98399]],[[32.32959,-23.9847],[32.32969,-23.98424],[32.32891,-23.98397],[32.32959,-23.9847]],[[32.33285,-23.98444],[32.33304,-23.98453],[32.33304,-23.98426],[32.33285,-23.98444]],[[32.32654,-23.98378],[32.32586,-23.98314],[32.32585,-23.98441],[32.32654,-23.98378]],[[32.32743,-23.98396],[32.32724,-23.98278],[32.32655,-23.98287],[32.32606,-23.98224],[32.32636,-23.98124],[32.32557,-23.98088],[32.32547,-23.98251],[32.32596,-23.9826],[32.32586,-23.98305],[32.32743,-23.98396]],[[32.32438,-23.9835],[32.32526,-23.9835],[32.32477,-23.98268],[32.32438,-23.9835]],[[32.32369,-23.98313],[32.32379,-23.98286],[32.32359,-23.98286],[32.32369,-23.98313]],[[32.32478,-23.98196],[32.32478,-23.98187],[32.32468,-23.98187],[32.32478,-23.98196]],[[32.32192,-23.98167],[32.32261,-23.98122],[32.32252,-23.98104],[32.32163,-23.98104],[32.32192,-23.98167]],[[32.31926,-23.98157],[32.31926,-23.98148],[32.31907,-23.98139],[32.31926,-23.98157]],[[32.31591,-23.98119],[32.31641,-23.98093],[32.31542,-23.9811],[32.31571,-23.98156],[32.31591,-23.98119]],[[32.32035,-23.98103],[32.32064,-23.98113],[32.32064,-23.98094],[32.32035,-23.98103]],[[32.31848,-23.98103],[32.31907,-23.98094],[32.31877,-23.98039],[32.31848,-23.98103]],[[32.31798,-23.98075],[32.31798,-23.98066],[32.31789,-23.98066],[32.31798,-23.98075]],[[32.32193,-23.98041],[32.32183,-23.98068],[32.32232,-23.98068],[32.32193,-23.98041]],[[32.32478,-23.98069],[32.32469,-23.98087],[32.32498,-23.98096],[32.32478,-23.98069]],[[32.32419,-23.98105],[32.32468,-23.98105],[32.32469,-23.98087],[32.32419,-23.98105]],[[32.3238,-23.98114],[32.3237,-23.98141],[32.32419,-23.98123],[32.3238,-23.98114]],[[32.32301,-23.98095],[32.32301,-23.98086],[32.32281,-23.98086],[32.32301,-23.98095]],[[32.33129,-23.98117],[32.33129,-23.98126],[32.33148,-23.98126],[32.33129,-23.98117]],[[32.33286,-23.98136],[32.33286,-23.98145],[32.33296,-23.98145],[32.33286,-23.98136]],[[32.33227,-23.98145],[32.33227,-23.98136],[32.33217,-23.98136],[32.33227,-23.98145]],[[32.32715,-23.98152],[32.32685,-23.98152],[32.32675,-23.98179],[32.32715,-23.98152]],[[32.33138,-23.98172],[32.33128,-23.98199],[32.33158,-23.9819],[32.33138,-23.98172]],[[32.33286,-23.98227],[32.33286,-23.98172],[32.33266,-23.98181],[32.33286,-23.98227]],[[32.32881,-23.9827],[32.32783,-23.98215],[32.32763,-23.9827],[32.32822,-23.98261],[32.32802,-23.98324],[32.32881,-23.9827]],[[32.33355,-23.98236],[32.33355,-23.98245],[32.33365,-23.98245],[32.33355,-23.98236]],[[32.3297,-23.9827],[32.32931,-23.98279],[32.3297,-23.98343],[32.3297,-23.9827]],[[32.3292,-23.98361],[32.32891,-23.98315],[32.32852,-23.98333],[32.32881,-23.98388],[32.3292,-23.98361]],[[32.33137,-23.98398],[32.33127,-23.98362],[32.33098,-23.98371],[32.33137,-23.98398]],[[32.32822,-23.9836],[32.32792,-23.98351],[32.32782,-23.98387],[32.32822,-23.9836]],[[32.32892,-23.98198],[32.32892,-23.98189],[32.32882,-23.98189],[32.32892,-23.98198]],[[32.32282,-23.97941],[32.32282,-23.97878],[32.32194,-23.97814],[32.32174,-23.97869],[32.32075,-23.97877],[32.32124,-23.98022],[32.32282,-23.97941]],[[32.32155,-23.97796],[32.32145,-23.97823],[32.32164,-23.97823],[32.32155,-23.97796]],[[32.32125,-23.97787],[32.32105,-23.97778],[32.32095,-23.97823],[32.32125,-23.97787]],[[32.32056,-23.97823],[32.31987,-23.97831],[32.32056,-23.97886],[32.32056,-23.97823]],[[32.32322,-23.97878],[32.32312,-23.97905],[32.32341,-23.97896],[32.32322,-23.97878]],[[32.3242,-23.98005],[32.3242,-23.98024],[32.32439,-23.98024],[32.3242,-23.98005]],[[32.31996,-23.97904],[32.31997,-23.97886],[32.31987,-23.97886],[32.31996,-23.97904]],[[32.32027,-23.9775],[32.32017,-23.97777],[32.32037,-23.97777],[32.32027,-23.9775]],[[32.32135,-23.97769],[32.32165,-23.97769],[32.32165,-23.97733],[32.32135,-23.97769]],[[32.32589,-23.97735],[32.32589,-23.97744],[32.32608,-23.97744],[32.32589,-23.97735]],[[32.32569,-23.9778],[32.32569,-23.97744],[32.32549,-23.97734],[32.32569,-23.9778]],[[32.33012,-23.97709],[32.33013,-23.977],[32.33003,-23.977],[32.33012,-23.97709]],[[32.32293,-23.97634],[32.32283,-23.97661],[32.32323,-23.97661],[32.32293,-23.97634]],[[32.32707,-23.97654],[32.32747,-23.97645],[32.32737,-23.97627],[32.32707,-23.97654]],[[32.33121,-23.97637],[32.33121,-23.97646],[32.33141,-23.97646],[32.33121,-23.97637]],[[32.32767,-23.97618],[32.32767,-23.976],[32.32727,-23.9759],[32.32767,-23.97618]],[[32.32944,-23.97582],[32.32944,-23.976],[32.32983,-23.9761],[32.32944,-23.97582]],[[32.32156,-23.97579],[32.32077,-23.97578],[32.32106,-23.97615],[32.32156,-23.97579]],[[32.31949,-23.97569],[32.31959,-23.97587],[32.31978,-23.97578],[32.31949,-23.97569]],[[32.32196,-23.97515],[32.32166,-23.97515],[32.32185,-23.97579],[32.32196,-23.97515]],[[32.32146,-23.97497],[32.32147,-23.9747],[32.32117,-23.9747],[32.32146,-23.97497]],[[32.31635,-23.97341],[32.31674,-23.97423],[32.31743,-23.97369],[32.31635,-23.97341]],[[32.3193,-23.97369],[32.3195,-23.9727],[32.31852,-23.97224],[32.31793,-23.97324],[32.31832,-23.97387],[32.3193,-23.97369]],[[32.31793,-23.97287],[32.31793,-23.97296],[32.31803,-23.97296],[32.31793,-23.97287]],[[32.31685,-23.97115],[32.31596,-23.97187],[32.31734,-23.97242],[32.31547,-23.97214],[32.31714,-23.97323],[32.31793,-23.97287],[32.31685,-23.97115]],[[32.31911,-23.97215],[32.32039,-23.97261],[32.3202,-23.97153],[32.31961,-23.97198],[32.3202,-23.97116],[32.31991,-23.97026],[32.31932,-23.97062],[32.31873,-23.97043],[32.31932,-23.97107],[32.31911,-23.97215]],[[32.31912,-23.96998],[32.31912,-23.97025],[32.31942,-23.97034],[32.31912,-23.96998]],[[32.31803,-23.97133],[32.31774,-23.97133],[32.31793,-23.9717],[32.31803,-23.97133]],[[32.31754,-23.97124],[32.31744,-23.97097],[32.31725,-23.97106],[32.31754,-23.97124]],[[32.31538,-23.9706],[32.31626,-23.9706],[32.31686,-23.96907],[32.31804,-23.96998],[32.31854,-23.96862],[32.31647,-23.96852],[32.31568,-23.96942],[32.31529,-23.9687],[32.3148,-23.96869],[32.3144,-23.96896],[32.31469,-23.96951],[32.314,-23.96923],[32.3141,-23.96987],[32.31351,-23.96996],[32.3137,-23.97068],[32.31479,-23.9706],[32.31439,-23.97141],[32.31528,-23.97114],[32.31538,-23.9706]],[[32.31637,-23.96843],[32.31637,-23.96852],[32.31647,-23.96852],[32.31637,-23.96843]],[[32.31371,-23.96878],[32.31342,-23.96878],[32.31391,-23.96923],[32.31371,-23.96878]],[[32.31439,-23.97068],[32.31439,-23.97077],[32.31449,-23.97078],[32.31439,-23.97068]],[[32.31381,-23.96869],[32.31421,-23.9686],[32.31401,-23.96797],[32.31381,-23.96869]],[[32.31558,-23.9687],[32.31558,-23.96888],[32.31578,-23.96888],[32.31558,-23.9687]],[[32.30997,-23.96777],[32.30899,-23.96785],[32.30907,-23.97003],[32.30986,-23.97075],[32.31114,-23.97058],[32.31105,-23.96904],[32.30997,-23.96777]],[[32.31124,-23.97067],[32.31124,-23.97058],[32.31114,-23.97058],[32.31124,-23.97067]],[[32.31134,-23.97076],[32.31134,-23.97067],[32.31124,-23.97067],[32.31134,-23.97076]],[[32.30613,-23.96829],[32.30613,-23.96784],[32.30593,-23.96784],[32.30613,-23.96829]],[[32.31707,-23.96762],[32.31687,-23.96771],[32.31697,-23.96789],[32.31707,-23.96762]],[[32.31303,-23.96778],[32.31303,-23.96769],[32.31283,-23.96769],[32.31303,-23.96778]],[[32.32229,-23.96773],[32.32229,-23.96791],[32.32239,-23.96791],[32.32229,-23.96773]],[[32.31873,-23.96944],[32.31923,-23.96926],[32.31972,-23.9698],[32.32061,-23.96908],[32.31953,-23.96799],[32.31943,-23.96881],[32.31873,-23.96944]],[[32.31578,-23.96816],[32.31608,-23.96834],[32.31618,-23.96807],[32.31578,-23.96816]],[[32.31764,-23.97061],[32.31764,-23.97079],[32.31784,-23.97079],[32.31764,-23.97061]],[[32.31597,-23.97087],[32.31597,-23.97105],[32.31616,-23.97105],[32.31597,-23.97087]],[[32.31074,-23.97103],[32.31054,-23.97139],[32.31084,-23.97139],[32.31074,-23.97103]],[[32.30907,-23.97138],[32.30917,-23.97111],[32.30887,-23.97111],[32.30907,-23.97138]],[[32.31478,-23.9725],[32.31468,-23.97277],[32.31507,-23.97277],[32.31517,-23.97232],[32.31478,-23.9725]],[[32.31599,-23.96734],[32.31599,-23.96743],[32.31618,-23.96743],[32.31599,-23.96734]],[[32.31589,-23.96725],[32.31589,-23.96734],[32.31599,-23.96734],[32.31589,-23.96725]],[[32.31313,-23.96651],[32.31274,-23.96642],[32.31283,-23.96724],[32.31313,-23.96651]],[[32.31323,-23.96697],[32.31352,-23.96697],[32.31323,-23.9666],[32.31323,-23.96697]],[[32.31895,-23.96654],[32.31884,-23.96708],[32.31904,-23.96717],[32.31944,-23.96663],[32.31895,-23.96654]],[[32.31866,-23.96536],[32.31747,-23.96545],[32.31757,-23.96599],[32.31816,-23.9659],[32.31875,-23.96654],[32.31866,-23.96536]],[[32.32229,-23.96701],[32.32229,-23.96728],[32.32249,-23.96728],[32.32229,-23.96701]],[[32.31658,-23.96671],[32.31658,-23.96653],[32.31648,-23.96653],[32.31658,-23.96671]],[[32.30988,-23.9665],[32.30988,-23.96677],[32.31047,-23.96659],[32.30988,-23.9665]],[[32.30988,-23.96586],[32.30939,-23.96641],[32.30978,-23.96641],[32.30988,-23.96586]],[[32.3088,-23.96631],[32.3088,-23.96613],[32.3087,-23.96613],[32.3088,-23.96631]],[[32.31432,-23.96579],[32.31432,-23.96598],[32.31461,-23.96598],[32.31432,-23.96579]],[[32.31717,-23.96608],[32.31717,-23.96617],[32.31727,-23.96617],[32.31717,-23.96608]],[[32.3151,-23.96625],[32.3151,-23.96643],[32.3153,-23.96643],[32.3151,-23.96625]],[[32.309,-23.96568],[32.3092,-23.96514],[32.30831,-23.96477],[32.309,-23.96568]],[[32.30703,-23.96531],[32.30713,-23.96504],[32.30693,-23.96504],[32.30703,-23.96531]],[[32.30939,-23.96532],[32.30939,-23.96541],[32.30959,-23.96541],[32.30939,-23.96532]],[[32.32003,-23.96654],[32.32033,-23.96591],[32.31925,-23.96564],[32.31944,-23.96645],[32.32003,-23.96654]],[[32.32082,-23.96619],[32.32082,-23.96637],[32.32092,-23.96637],[32.32082,-23.96619]],[[32.31442,-23.9648],[32.31442,-23.96471],[32.31432,-23.96471],[32.31442,-23.9648]],[[32.3161,-23.96435],[32.3162,-23.96481],[32.31669,-23.96454],[32.3166,-23.96381],[32.3161,-23.96435]],[[32.31009,-23.96442],[32.31048,-23.96433],[32.31039,-23.96406],[32.31009,-23.96442]],[[32.30595,-23.96413],[32.30595,-23.96386],[32.30576,-23.96385],[32.30595,-23.96413]],[[32.31403,-23.96389],[32.31403,-23.96407],[32.31413,-23.96407],[32.31403,-23.96389]],[[32.3159,-23.96408],[32.31591,-23.9639],[32.31571,-23.9639],[32.3159,-23.96408]],[[32.31088,-23.96406],[32.31088,-23.96397],[32.31078,-23.96397],[32.31088,-23.96406]],[[32.31975,-23.96365],[32.31965,-23.96383],[32.31985,-23.96392],[32.31975,-23.96365]],[[32.32014,-23.96356],[32.32014,-23.96374],[32.32034,-23.96374],[32.32014,-23.96356]],[[32.32113,-23.96392],[32.32231,-23.96384],[32.32251,-23.9633],[32.32113,-23.96392]],[[32.3095,-23.96342],[32.31019,-23.96342],[32.30961,-23.9626],[32.3095,-23.96342]],[[32.30783,-23.96305],[32.30783,-23.96296],[32.30773,-23.96296],[32.30783,-23.96305]],[[32.31187,-23.9628],[32.31207,-23.96316],[32.31236,-23.96307],[32.31237,-23.96253],[32.31187,-23.9628]],[[32.31365,-23.96262],[32.31374,-23.96317],[32.31423,-23.96308],[32.31365,-23.96262]],[[32.3234,-23.96267],[32.3234,-23.96294],[32.3236,-23.96294],[32.3234,-23.96267]],[[32.32409,-23.96285],[32.32409,-23.96303],[32.32419,-23.96303],[32.32409,-23.96285]],[[32.32271,-23.96311],[32.32271,-23.9633],[32.323,-23.9633],[32.32271,-23.96311]],[[32.32339,-23.96384],[32.32399,-23.96394],[32.32409,-23.96339],[32.32339,-23.96384]],[[32.32783,-23.9635],[32.32763,-23.96431],[32.32812,-23.96441],[32.32783,-23.9635]],[[32.32054,-23.96311],[32.32054,-23.96329],[32.32074,-23.96338],[32.32054,-23.96311]],[[32.31305,-23.96271],[32.31315,-23.96307],[32.31345,-23.96307],[32.31305,-23.96271]],[[32.31266,-23.96289],[32.31266,-23.9628],[32.31256,-23.9628],[32.31266,-23.96289]],[[32.32752,-23.96558],[32.32742,-23.96585],[32.32762,-23.96585],[32.32752,-23.96558]],[[32.31326,-23.9801],[32.31385,-23.98037],[32.31365,-23.97992],[32.31425,-23.97947],[32.31326,-23.9801]],[[32.31237,-23.98],[32.31237,-23.97991],[32.31227,-23.97991],[32.31237,-23.98]],[[32.31405,-23.97983],[32.31405,-23.97992],[32.31424,-23.97992],[32.31405,-23.97983]],[[32.34469,-23.98205],[32.34478,-23.98177],[32.34459,-23.98177],[32.34469,-23.98205]],[[32.34933,-23.97926],[32.34933,-23.97917],[32.34923,-23.97917],[32.34933,-23.97926]],[[32.31641,-23.96209],[32.31631,-23.96236],[32.3166,-23.96245],[32.31641,-23.96209]],[[32.3103,-23.96206],[32.31089,-23.96198],[32.31089,-23.9617],[32.3103,-23.96206]],[[32.31188,-23.96189],[32.31188,-23.96171],[32.31168,-23.96171],[32.31188,-23.96189]],[[32.31375,-23.96199],[32.31395,-23.96181],[32.31355,-23.96153],[32.31326,-23.9619],[32.31375,-23.96199]],[[32.32045,-23.96238],[32.32045,-23.96211],[32.32005,-23.96211],[32.32045,-23.96238]],[[32.32468,-23.96231],[32.32468,-23.9624],[32.32488,-23.9624],[32.32468,-23.96231]],[[32.32301,-23.96149],[32.32301,-23.9614],[32.32291,-23.9614],[32.32301,-23.96149]],[[32.32045,-23.96084],[32.32045,-23.96111],[32.32075,-23.96102],[32.32045,-23.96084]],[[32.3179,-23.96001],[32.3179,-23.95983],[32.3177,-23.95983],[32.3179,-23.96001]],[[32.31465,-23.95946],[32.31465,-23.95928],[32.31366,-23.95936],[32.31465,-23.95946]],[[32.30083,-23.96284],[32.30084,-23.96275],[32.30074,-23.96274],[32.30083,-23.96284]],[[32.30594,-23.96693],[32.30594,-23.96721],[32.30603,-23.96721],[32.30594,-23.96693]],[[32.30594,-23.96675],[32.30594,-23.96684],[32.30604,-23.96684],[32.30594,-23.96675]],[[32.30584,-23.96666],[32.30584,-23.96675],[32.30594,-23.96675],[32.30584,-23.96666]],[[32.34073,-23.98447],[32.34073,-23.98456],[32.34083,-23.98456],[32.34073,-23.98447]],[[32.34428,-23.9844],[32.34379,-23.98458],[32.34438,-23.98476],[32.34428,-23.9844]],[[32.36074,-23.98383],[32.36094,-23.98293],[32.36025,-23.9832],[32.36054,-23.98356],[32.36005,-23.98383],[32.36074,-23.98383]],[[32.36153,-23.98356],[32.36163,-23.98329],[32.36114,-23.98329],[32.36153,-23.98356]],[[32.36755,-23.98287],[32.36754,-23.98305],[32.36764,-23.98305],[32.36755,-23.98287]],[[32.36725,-23.98314],[32.36725,-23.98332],[32.36744,-23.98332],[32.36725,-23.98314]],[[32.37337,-23.98153],[32.37337,-23.98171],[32.37356,-23.98171],[32.37337,-23.98153]],[[32.37475,-23.98172],[32.37474,-23.9819],[32.37484,-23.9819],[32.37475,-23.98172]],[[32.37258,-23.98189],[32.37257,-23.98216],[32.37277,-23.98216],[32.37258,-23.98189]],[[32.37504,-23.98217],[32.37504,-23.98226],[32.37514,-23.98226],[32.37504,-23.98217]],[[32.37385,-23.98244],[32.37385,-23.98289],[32.37435,-23.98271],[32.37385,-23.98244]],[[32.37503,-23.98371],[32.37503,-23.98389],[32.37523,-23.98389],[32.37503,-23.98371]],[[32.37695,-23.99395],[32.37676,-23.99395],[32.37675,-23.99422],[32.37695,-23.99395]],[[32.38598,-24.00331],[32.38598,-24.00304],[32.38568,-24.00304],[32.38598,-24.00331]],[[32.39445,-24.00489],[32.39445,-24.00462],[32.39415,-24.00471],[32.39445,-24.00489]],[[32.39484,-24.00534],[32.39494,-24.00507],[32.39474,-24.00498],[32.39484,-24.00534]],[[32.39681,-24.00553],[32.39661,-24.00562],[32.39661,-24.00589],[32.39681,-24.00553]],[[32.39543,-24.00598],[32.39543,-24.00616],[32.39552,-24.00616],[32.39543,-24.00598]],[[32.39434,-24.00643],[32.39434,-24.00661],[32.39454,-24.00661],[32.39434,-24.00643]],[[32.39473,-24.00715],[32.39512,-24.00743],[32.39522,-24.00706],[32.39473,-24.00715]],[[32.39424,-24.00706],[32.39424,-24.00697],[32.39414,-24.00697],[32.39424,-24.00706]],[[32.39867,-24.00816],[32.39828,-24.00798],[32.39837,-24.00834],[32.39906,-24.00817],[32.39867,-24.00816]],[[32.39817,-24.00907],[32.39817,-24.00898],[32.39797,-24.00916],[32.39817,-24.00907]],[[32.39924,-24.01161],[32.39924,-24.01179],[32.39934,-24.01179],[32.39924,-24.01161]],[[32.4017,-24.01316],[32.4017,-24.01325],[32.4018,-24.01325],[32.4017,-24.01316]],[[32.40387,-24.01344],[32.40387,-24.01353],[32.40397,-24.01353],[32.40387,-24.01344]],[[32.41944,-24.01359],[32.41866,-24.01349],[32.41855,-24.01431],[32.41914,-24.01449],[32.41944,-24.01359]],[[32.41885,-24.01331],[32.41885,-24.01313],[32.41856,-24.01322],[32.41885,-24.01331]],[[32.42328,-24.01442],[32.42368,-24.01369],[32.4229,-24.01315],[32.42328,-24.01442]],[[32.4228,-24.01306],[32.4228,-24.01315],[32.4229,-24.01315],[32.4228,-24.01306]],[[32.42832,-24.01181],[32.42743,-24.01217],[32.42743,-24.01362],[32.42832,-24.01181]],[[32.42576,-24.01298],[32.42576,-24.0128],[32.42566,-24.01279],[32.42576,-24.01298]],[[32.42428,-24.01288],[32.42428,-24.01306],[32.42447,-24.01306],[32.42428,-24.01288]],[[32.42418,-24.01279],[32.42418,-24.01288],[32.42428,-24.01288],[32.42418,-24.01279]],[[32.42379,-24.01261],[32.42369,-24.01279],[32.42408,-24.01288],[32.42379,-24.01261]],[[32.42054,-24.01169],[32.41965,-24.0115],[32.42014,-24.01169],[32.41975,-24.01205],[32.42033,-24.01305],[32.42054,-24.01169]],[[32.41955,-24.01214],[32.41955,-24.01232],[32.41974,-24.01232],[32.41955,-24.01214]],[[32.41876,-24.01168],[32.41876,-24.01186],[32.41916,-24.01177],[32.41876,-24.01168]],[[32.41679,-24.01177],[32.41679,-24.01149],[32.4165,-24.01158],[32.41679,-24.01177]],[[32.41768,-24.01168],[32.41768,-24.01177],[32.41787,-24.01177],[32.41768,-24.01168]],[[32.41887,-24.01032],[32.41818,-24.01059],[32.41769,-24.01005],[32.41719,-24.01023],[32.41758,-24.0115],[32.41906,-24.01078],[32.41887,-24.01032]],[[32.42103,-24.01042],[32.42104,-24.01015],[32.42064,-24.00997],[32.42103,-24.01042]],[[32.42114,-24.00997],[32.42114,-24.01006],[32.42133,-24.01006],[32.42114,-24.00997]],[[32.42163,-24.01033],[32.42192,-24.01088],[32.42241,-24.01079],[32.42241,-24.01151],[32.4234,-24.01116],[32.42379,-24.01152],[32.42399,-24.01089],[32.42547,-24.0108],[32.42587,-24.01017],[32.42498,-24.00989],[32.42389,-24.01034],[32.4235,-24.00989],[32.4239,-24.00953],[32.42291,-24.00916],[32.42232,-24.00961],[32.42321,-24.00989],[32.4234,-24.01052],[32.42291,-24.01088],[32.42163,-24.01033]],[[32.42183,-24.00961],[32.42183,-24.00943],[32.42163,-24.00943],[32.42183,-24.00961]],[[32.41936,-24.00915],[32.41946,-24.00942],[32.41966,-24.00933],[32.41936,-24.00915]],[[32.42439,-24.00935],[32.42459,-24.00908],[32.4242,-24.00908],[32.42439,-24.00935]],[[32.42508,-24.00926],[32.42567,-24.00935],[32.42558,-24.00863],[32.42508,-24.00926]],[[32.43198,-24.00874],[32.43169,-24.00874],[32.43169,-24.00901],[32.43198,-24.00874]],[[32.43348,-24.00395],[32.43397,-24.00486],[32.43279,-24.00512],[32.43268,-24.00639],[32.43219,-24.00684],[32.43238,-24.00893],[32.43297,-24.00938],[32.43356,-24.00911],[32.43405,-24.01011],[32.43415,-24.00948],[32.43524,-24.00912],[32.43553,-24.00966],[32.43612,-24.00903],[32.43661,-24.00939],[32.43681,-24.00876],[32.43623,-24.0074],[32.43534,-24.00695],[32.43544,-24.00631],[32.43476,-24.00549],[32.43417,-24.00549],[32.43437,-24.00468],[32.43368,-24.00377],[32.43369,-24.00259],[32.4331,-24.00223],[32.43221,-24.00304],[32.43043,-24.00258],[32.43171,-24.00449],[32.43348,-24.00395]],[[32.43388,-24.0025],[32.43369,-24.0025],[32.43369,-24.00259],[32.43388,-24.0025]],[[32.43385,-24.01011],[32.43395,-24.01011],[32.43395,-24.01002],[32.43385,-24.01011]],[[32.4319,-24.00458],[32.4319,-24.00449],[32.43181,-24.00449],[32.4319,-24.00458]],[[32.42942,-24.00991],[32.42951,-24.01009],[32.42981,-24.00991],[32.42942,-24.00991]],[[32.42991,-24.00946],[32.42971,-24.00937],[32.42971,-24.00964],[32.42991,-24.00946]],[[32.43188,-24.00983],[32.43188,-24.01001],[32.43208,-24.01001],[32.43188,-24.00983]],[[32.4302,-24.01],[32.43,-24.01073],[32.4304,-24.01064],[32.4305,-24.00992],[32.4302,-24.01]],[[32.43602,-24.01003],[32.43602,-24.01021],[32.43631,-24.0103],[32.43602,-24.01003]],[[32.43651,-24.00985],[32.43622,-24.00994],[32.43622,-24.01003],[32.43651,-24.00985]],[[32.43779,-24.01076],[32.43819,-24.01049],[32.43681,-24.01039],[32.43779,-24.01076]],[[32.43829,-24.0104],[32.43829,-24.01049],[32.43838,-24.01049],[32.43829,-24.0104]],[[32.43434,-24.01047],[32.43434,-24.01074],[32.43454,-24.01065],[32.43434,-24.01047]],[[32.43454,-24.01038],[32.43444,-24.01038],[32.43444,-24.01047],[32.43454,-24.01038]],[[32.43069,-24.01091],[32.43109,-24.01082],[32.43099,-24.01055],[32.43069,-24.01091]],[[32.43178,-24.01074],[32.43138,-24.01101],[32.43217,-24.01146],[32.43256,-24.01128],[32.43178,-24.01074]],[[32.43079,-24.01191],[32.43069,-24.01146],[32.42971,-24.01145],[32.42931,-24.0119],[32.43079,-24.01227],[32.43137,-24.01291],[32.43256,-24.01228],[32.43256,-24.01264],[32.43404,-24.01283],[32.43393,-24.01346],[32.43463,-24.0131],[32.43404,-24.01264],[32.43424,-24.01219],[32.43315,-24.01219],[32.43414,-24.01129],[32.43385,-24.01092],[32.43316,-24.01092],[32.43256,-24.01173],[32.43079,-24.01191]],[[32.43838,-24.01139],[32.43828,-24.01157],[32.43858,-24.01167],[32.43838,-24.01139]],[[32.43739,-24.01157],[32.43769,-24.01175],[32.43749,-24.01148],[32.43739,-24.01157]],[[32.43779,-24.01184],[32.43779,-24.01175],[32.43769,-24.01175],[32.43779,-24.01184]],[[32.43788,-24.01193],[32.43789,-24.01184],[32.43779,-24.01184],[32.43788,-24.01193]],[[32.43483,-24.01174],[32.43443,-24.01247],[32.43522,-24.01247],[32.43552,-24.01202],[32.43483,-24.01174]],[[32.43434,-24.01192],[32.43434,-24.01201],[32.43443,-24.01201],[32.43434,-24.01192]],[[32.43414,-24.01174],[32.43404,-24.01201],[32.43424,-24.01201],[32.43414,-24.01174]],[[32.43611,-24.01193],[32.43611,-24.01211],[32.4367,-24.0122],[32.43611,-24.01193]],[[32.43877,-24.01221],[32.43877,-24.01212],[32.43867,-24.01212],[32.43877,-24.01221]],[[32.43867,-24.01257],[32.43887,-24.01275],[32.43887,-24.01221],[32.43867,-24.01257]],[[32.43936,-24.01303],[32.43936,-24.01276],[32.43887,-24.01275],[32.43936,-24.01303]],[[32.43975,-24.01267],[32.43975,-24.01276],[32.43985,-24.01276],[32.43975,-24.01267]],[[32.43659,-24.01591],[32.43737,-24.01619],[32.43718,-24.01546],[32.43757,-24.01519],[32.43639,-24.01546],[32.43649,-24.01465],[32.43728,-24.01492],[32.43738,-24.01465],[32.43649,-24.01447],[32.43679,-24.01365],[32.4362,-24.01311],[32.43522,-24.01319],[32.43541,-24.01419],[32.43413,-24.01373],[32.43294,-24.01463],[32.43412,-24.01527],[32.436,-24.01428],[32.4361,-24.01492],[32.43531,-24.01519],[32.4353,-24.01609],[32.43629,-24.01646],[32.43659,-24.01591]],[[32.4352,-24.01618],[32.4353,-24.01618],[32.4353,-24.01609],[32.4352,-24.01618]],[[32.43412,-24.01581],[32.43383,-24.01572],[32.43383,-24.01599],[32.43412,-24.01581]],[[32.43461,-24.01618],[32.43461,-24.01627],[32.43491,-24.01636],[32.43461,-24.01618]],[[32.4354,-24.01636],[32.43441,-24.01654],[32.43451,-24.01699],[32.4354,-24.01636]],[[32.43895,-24.01529],[32.43817,-24.01456],[32.43777,-24.01474],[32.43787,-24.01556],[32.43816,-24.01574],[32.43836,-24.01511],[32.43866,-24.01574],[32.43856,-24.01619],[32.43717,-24.01655],[32.43796,-24.01664],[32.43796,-24.01746],[32.43835,-24.01737],[32.43826,-24.01655],[32.43925,-24.01647],[32.43945,-24.01502],[32.43895,-24.01529]],[[32.43776,-24.01773],[32.43806,-24.01764],[32.43796,-24.01746],[32.43776,-24.01773]],[[32.43865,-24.01674],[32.43914,-24.01755],[32.43825,-24.01782],[32.43894,-24.01782],[32.43904,-24.01837],[32.43973,-24.01783],[32.43924,-24.01656],[32.43865,-24.01674]],[[32.4354,-24.01727],[32.43559,-24.01799],[32.43579,-24.0179],[32.4354,-24.01727]],[[32.43628,-24.01772],[32.43618,-24.018],[32.43697,-24.01809],[32.43687,-24.01755],[32.43628,-24.01772]],[[32.43815,-24.01836],[32.43796,-24.018],[32.43776,-24.01809],[32.43815,-24.01836]],[[32.4347,-24.01808],[32.43411,-24.01763],[32.43401,-24.0179],[32.4347,-24.01808]],[[32.43204,-24.01843],[32.43214,-24.01825],[32.43184,-24.01825],[32.43204,-24.01843]],[[32.43687,-24.01845],[32.43618,-24.01854],[32.43657,-24.01908],[32.43687,-24.01845]],[[32.43263,-24.01907],[32.43273,-24.01943],[32.43312,-24.01925],[32.43263,-24.01907]],[[32.43697,-24.01927],[32.43697,-24.01936],[32.43706,-24.01936],[32.43697,-24.01927]],[[32.43371,-24.01944],[32.4343,-24.01944],[32.43421,-24.01926],[32.43371,-24.01944]],[[32.43509,-24.01971],[32.43539,-24.01989],[32.43549,-24.01962],[32.43509,-24.01971]],[[32.43026,-24.01924],[32.43026,-24.01942],[32.43046,-24.01933],[32.43026,-24.01924]],[[32.43086,-24.01861],[32.43017,-24.01834],[32.43026,-24.01888],[32.43086,-24.01861]],[[32.43194,-24.01861],[32.43194,-24.01879],[32.43214,-24.0188],[32.43194,-24.01861]],[[32.43224,-24.0178],[32.43224,-24.01807],[32.43313,-24.01789],[32.43303,-24.01735],[32.43224,-24.0178]],[[32.43254,-24.01608],[32.43224,-24.01708],[32.43146,-24.01653],[32.43067,-24.01716],[32.43264,-24.01744],[32.43274,-24.0169],[32.43353,-24.0169],[32.43254,-24.01608]],[[32.42929,-24.01725],[32.42978,-24.01698],[32.42949,-24.01661],[32.42879,-24.01679],[32.42929,-24.01725]],[[32.4283,-24.01661],[32.4283,-24.01652],[32.42811,-24.01652],[32.4283,-24.01661]],[[32.43047,-24.01662],[32.43047,-24.01671],[32.43077,-24.0168],[32.43047,-24.01662]],[[32.43017,-24.01689],[32.43027,-24.01671],[32.43008,-24.01671],[32.43017,-24.01689]],[[32.43215,-24.01617],[32.43176,-24.01562],[32.43235,-24.01508],[32.43136,-24.01535],[32.43087,-24.01499],[32.42958,-24.01634],[32.43215,-24.01617]],[[32.43501,-24.01546],[32.43501,-24.01527],[32.43481,-24.01527],[32.43501,-24.01546]],[[32.43284,-24.01563],[32.43294,-24.01545],[32.43274,-24.01545],[32.43284,-24.01563]],[[32.43412,-24.01708],[32.43412,-24.01672],[32.43382,-24.01681],[32.43412,-24.01708]],[[32.43352,-24.01726],[32.43352,-24.01744],[32.43372,-24.01744],[32.43352,-24.01726]],[[32.43648,-24.01691],[32.43648,-24.017],[32.43658,-24.017],[32.43648,-24.01691]],[[32.43639,-24.01673],[32.43609,-24.01673],[32.43619,-24.01691],[32.43639,-24.01673]],[[32.43688,-24.01664],[32.43688,-24.01655],[32.43678,-24.01655],[32.43688,-24.01664]],[[32.43994,-24.01502],[32.44043,-24.01511],[32.44053,-24.01475],[32.43994,-24.01502]],[[32.43974,-24.01556],[32.44004,-24.01529],[32.43984,-24.01529],[32.43974,-24.01556]],[[32.44082,-24.01684],[32.44171,-24.01666],[32.44053,-24.01557],[32.43974,-24.01611],[32.44023,-24.01602],[32.44082,-24.01684]],[[32.44013,-24.01683],[32.44033,-24.01683],[32.44033,-24.01656],[32.44013,-24.01683]],[[32.4418,-24.0172],[32.44171,-24.01693],[32.44141,-24.01702],[32.4418,-24.0172]],[[32.4422,-24.0172],[32.4419,-24.01729],[32.44239,-24.01793],[32.4422,-24.0172]],[[32.44387,-24.01793],[32.44377,-24.01766],[32.44358,-24.01775],[32.44387,-24.01793]],[[32.43166,-24.01445],[32.43166,-24.01436],[32.43147,-24.01436],[32.43166,-24.01445]],[[32.43295,-24.01391],[32.43295,-24.01382],[32.43285,-24.01382],[32.43295,-24.01391]],[[32.43719,-24.01356],[32.43729,-24.0132],[32.4368,-24.01311],[32.43719,-24.01356]],[[32.43975,-24.01421],[32.43995,-24.01384],[32.43945,-24.01375],[32.43975,-24.01421]],[[32.43955,-24.01439],[32.43955,-24.01448],[32.43965,-24.01448],[32.43955,-24.01439]],[[32.43591,-24.01256],[32.43581,-24.01292],[32.4362,-24.01283],[32.43591,-24.01256]],[[32.43729,-24.01248],[32.43729,-24.01266],[32.43739,-24.01266],[32.43729,-24.01248]],[[32.43808,-24.01248],[32.43808,-24.0123],[32.43778,-24.01221],[32.43808,-24.01248]],[[32.42684,-24.01262],[32.42724,-24.01262],[32.42645,-24.01189],[32.42645,-24.0109],[32.42586,-24.01171],[32.42684,-24.01262]],[[32.42546,-24.01243],[32.42546,-24.01198],[32.42477,-24.01225],[32.42546,-24.01243]],[[32.4231,-24.01251],[32.4231,-24.01242],[32.423,-24.01242],[32.4231,-24.01251]],[[32.42122,-24.01205],[32.42123,-24.01169],[32.42083,-24.01178],[32.42122,-24.01205]],[[32.42981,-24.011],[32.42981,-24.01091],[32.42971,-24.01091],[32.42981,-24.011]],[[32.4302,-24.01118],[32.4302,-24.011],[32.42981,-24.011],[32.4302,-24.01118]],[[32.42774,-24.01081],[32.42774,-24.01063],[32.42754,-24.01063],[32.42774,-24.01081]],[[32.42833,-24.01045],[32.42823,-24.01063],[32.42843,-24.01072],[32.42833,-24.01045]],[[32.43553,-24.00993],[32.43494,-24.00966],[32.43484,-24.00993],[32.43553,-24.00993]],[[32.4377,-24.00976],[32.4375,-24.00994],[32.4376,-24.00994],[32.4377,-24.00976]],[[32.42567,-24.00963],[32.42597,-24.01008],[32.42656,-24.00927],[32.42597,-24.00899],[32.42567,-24.00963]],[[32.42715,-24.01008],[32.42735,-24.00981],[32.42676,-24.00963],[32.42646,-24.0099],[32.42715,-24.01008]],[[32.42429,-24.00953],[32.42439,-24.0098],[32.42459,-24.00971],[32.42429,-24.00953]],[[32.42863,-24.00982],[32.42863,-24.01],[32.42882,-24.01],[32.42863,-24.00982]],[[32.4306,-24.00883],[32.4306,-24.00865],[32.43021,-24.00856],[32.4306,-24.00883]],[[32.42972,-24.00864],[32.42962,-24.00837],[32.42952,-24.00837],[32.42972,-24.00864]],[[32.43159,-24.00775],[32.4316,-24.00757],[32.4315,-24.00756],[32.43159,-24.00775]],[[32.4315,-24.00702],[32.4316,-24.00675],[32.43081,-24.0072],[32.4315,-24.00702]],[[32.43041,-24.00693],[32.43042,-24.00675],[32.43032,-24.00675],[32.43041,-24.00693]],[[32.43081,-24.00602],[32.43071,-24.00629],[32.43111,-24.00639],[32.43081,-24.00602]],[[32.43209,-24.0063],[32.43239,-24.0063],[32.43239,-24.00603],[32.43209,-24.0063]],[[32.43003,-24.0052],[32.43003,-24.00548],[32.43042,-24.00539],[32.43003,-24.0052]],[[32.42894,-24.00538],[32.42894,-24.0052],[32.42875,-24.0052],[32.42894,-24.00538]],[[32.42756,-24.00511],[32.42756,-24.00501],[32.42747,-24.00501],[32.42756,-24.00511]],[[32.4324,-24.00467],[32.4322,-24.00494],[32.43259,-24.00503],[32.4324,-24.00467]],[[32.42924,-24.00448],[32.42924,-24.00484],[32.42954,-24.00493],[32.42973,-24.00466],[32.42924,-24.00448]],[[32.43003,-24.00412],[32.43013,-24.00448],[32.43033,-24.00439],[32.43003,-24.00412]],[[32.42431,-24.00455],[32.42471,-24.0041],[32.42412,-24.00382],[32.42372,-24.00428],[32.42431,-24.00455]],[[32.42343,-24.00382],[32.42343,-24.00373],[32.42333,-24.00373],[32.42343,-24.00382]],[[32.42659,-24.00338],[32.42649,-24.00202],[32.42619,-24.00311],[32.4256,-24.00338],[32.42471,-24.0031],[32.42481,-24.00392],[32.4256,-24.00401],[32.42659,-24.00338]],[[32.42531,-24.00274],[32.4254,-24.0031],[32.4258,-24.00256],[32.42531,-24.00274]],[[32.42511,-24.00274],[32.42551,-24.00193],[32.42669,-24.0013],[32.42571,-24.00066],[32.42472,-24.00147],[32.42511,-24.00274]],[[32.42768,-24.00176],[32.42827,-24.00167],[32.42837,-24.00221],[32.42906,-24.00176],[32.43004,-24.00267],[32.43034,-24.00195],[32.43172,-24.00231],[32.43103,-24.00159],[32.43044,-24.00186],[32.42985,-24.00158],[32.42828,-24.00004],[32.43006,-23.99869],[32.43104,-23.9986],[32.43115,-23.99769],[32.43253,-23.9977],[32.43095,-23.99706],[32.43095,-23.99769],[32.43026,-23.99796],[32.43046,-23.99669],[32.42967,-23.99651],[32.42997,-23.99615],[32.43105,-23.99652],[32.43115,-23.99597],[32.43027,-23.99525],[32.42958,-23.99551],[32.42948,-23.99443],[32.42928,-23.99506],[32.42889,-23.99461],[32.4282,-23.99469],[32.42841,-23.99297],[32.4291,-23.99298],[32.42802,-23.99225],[32.42891,-23.99153],[32.42861,-23.99125],[32.42654,-23.99125],[32.42644,-23.99233],[32.42772,-23.99279],[32.42564,-23.99378],[32.42574,-23.99414],[32.42633,-23.99405],[32.42662,-23.99523],[32.42593,-23.99604],[32.42662,-23.99632],[32.42741,-23.99587],[32.4282,-23.99605],[32.42819,-23.99678],[32.42691,-23.99641],[32.42671,-23.99686],[32.42691,-23.9975],[32.42819,-23.99714],[32.42789,-23.99786],[32.42858,-23.99841],[32.42808,-23.99931],[32.42799,-23.99868],[32.42621,-23.99921],[32.42611,-24.00066],[32.42768,-24.00176]],[[32.43074,-24.00104],[32.43074,-24.00059],[32.42985,-24.00068],[32.43014,-24.00158],[32.43074,-24.00104]],[[32.43054,-24.00014],[32.42985,-23.99995],[32.42995,-24.00022],[32.43054,-24.00014]],[[32.42946,-24.00077],[32.42936,-24.00077],[32.42936,-24.00086],[32.42946,-24.00077]],[[32.42965,-24.00068],[32.42965,-24.00049],[32.42946,-24.00058],[32.42965,-24.00068]],[[32.42495,-23.9936],[32.42594,-23.99297],[32.42575,-23.99206],[32.42447,-23.99178],[32.42487,-23.99088],[32.42369,-23.9906],[32.42338,-23.99232],[32.42398,-23.99196],[32.42447,-23.99224],[32.42495,-23.99477],[32.42554,-23.99405],[32.42495,-23.9936]],[[32.42614,-23.99315],[32.42614,-23.99297],[32.42594,-23.99297],[32.42614,-23.99315]],[[32.42604,-23.99278],[32.42594,-23.99278],[32.42594,-23.99287],[32.42604,-23.99278]],[[32.42466,-23.99414],[32.42446,-23.99396],[32.42456,-23.99441],[32.42466,-23.99414]],[[32.42564,-23.9945],[32.42564,-23.99441],[32.42554,-23.99441],[32.42564,-23.9945]],[[32.42574,-23.99459],[32.42574,-23.9945],[32.42564,-23.9945],[32.42574,-23.99459]],[[32.42789,-23.99804],[32.4274,-23.99804],[32.42769,-23.99831],[32.42789,-23.99804]],[[32.42701,-23.99777],[32.427,-23.9984],[32.4274,-23.99804],[32.42701,-23.99777]],[[32.42383,-24.00265],[32.42383,-24.00247],[32.42373,-24.00246],[32.42383,-24.00265]],[[32.42472,-24.00202],[32.42423,-24.00192],[32.42413,-24.00229],[32.42472,-24.00202]],[[32.41999,-24.00227],[32.42018,-24.00227],[32.42019,-24.002],[32.41999,-24.00227]],[[32.42354,-24.00201],[32.42354,-24.0021],[32.42363,-24.0021],[32.42354,-24.00201]],[[32.42107,-24.00155],[32.42097,-24.00182],[32.42117,-24.00191],[32.42107,-24.00155]],[[32.42265,-24.00174],[32.42246,-24.0011],[32.42177,-24.00092],[32.42265,-24.00174]],[[32.42256,-24.00101],[32.42246,-24.00101],[32.42246,-24.0011],[32.42256,-24.00101]],[[32.42304,-24.00183],[32.42304,-24.00192],[32.42314,-24.00192],[32.42304,-24.00183]],[[32.42098,-23.99983],[32.42009,-24.00037],[32.42039,-23.99946],[32.4197,-23.99955],[32.4195,-24.00073],[32.41999,-24.00136],[32.42098,-23.99983]],[[32.41822,-24.00036],[32.41822,-24.00018],[32.41803,-24.00018],[32.41822,-24.00036]],[[32.42118,-23.99938],[32.42118,-23.99947],[32.42128,-23.99947],[32.42118,-23.99938]],[[32.42227,-23.99974],[32.42404,-23.99984],[32.42375,-23.99911],[32.42454,-23.99848],[32.42316,-23.99866],[32.42227,-23.99974]],[[32.42552,-23.99894],[32.42582,-23.9984],[32.42494,-23.99731],[32.42336,-23.99721],[32.42267,-23.99639],[32.42139,-23.99621],[32.42129,-23.99729],[32.42228,-23.99739],[32.42247,-23.99784],[32.42277,-23.99721],[32.42306,-23.99793],[32.42454,-23.99803],[32.42552,-23.99894]],[[32.42463,-23.99966],[32.42463,-24.00002],[32.42502,-24.00002],[32.42503,-23.99948],[32.42463,-23.99966]],[[32.41991,-23.99856],[32.42,-23.9991],[32.4203,-23.99901],[32.41991,-23.99856]],[[32.42266,-23.99884],[32.42276,-23.99857],[32.42227,-23.99857],[32.42266,-23.99884]],[[32.42079,-23.99865],[32.42059,-23.99865],[32.42069,-23.9991],[32.42079,-23.99865]],[[32.4203,-23.99838],[32.4203,-23.9982],[32.4201,-23.9982],[32.4203,-23.99838]],[[32.42168,-23.99802],[32.42168,-23.9982],[32.42198,-23.99811],[32.42168,-23.99802]],[[32.41981,-23.99765],[32.41971,-23.99783],[32.41991,-23.99792],[32.41981,-23.99765]],[[32.41814,-23.9971],[32.41804,-23.99683],[32.41774,-23.99692],[32.41774,-23.99728],[32.41814,-23.9971]],[[32.42001,-23.99684],[32.42001,-23.99675],[32.41981,-23.99675],[32.42001,-23.99684]],[[32.41903,-23.99629],[32.41913,-23.99665],[32.41942,-23.99656],[32.41903,-23.99629]],[[32.42268,-23.99567],[32.42258,-23.99504],[32.42209,-23.99512],[32.42268,-23.99621],[32.42337,-23.99622],[32.42336,-23.99667],[32.42435,-23.99703],[32.42484,-23.99631],[32.42406,-23.99558],[32.42268,-23.99567]],[[32.42494,-23.99658],[32.42494,-23.99649],[32.42484,-23.99649],[32.42494,-23.99658]],[[32.42514,-23.99722],[32.42543,-23.99649],[32.42494,-23.99658],[32.42514,-23.99722]],[[32.41864,-23.99593],[32.41863,-23.99611],[32.41883,-23.99611],[32.41864,-23.99593]],[[32.42041,-23.99575],[32.42041,-23.99557],[32.42002,-23.99593],[32.42041,-23.99575]],[[32.41755,-23.99529],[32.41755,-23.99538],[32.41785,-23.99556],[32.41755,-23.99529]],[[32.41795,-23.9952],[32.41815,-23.99493],[32.41736,-23.99483],[32.41795,-23.9952]],[[32.41933,-23.99557],[32.41943,-23.99511],[32.41923,-23.99502],[32.41933,-23.99557]],[[32.41647,-23.99546],[32.41647,-23.99537],[32.41627,-23.99537],[32.41647,-23.99546]],[[32.42584,-23.99487],[32.42574,-23.99514],[32.42603,-23.99514],[32.42584,-23.99487]],[[32.42032,-23.99503],[32.42032,-23.99494],[32.42012,-23.99494],[32.42032,-23.99503]],[[32.42337,-23.99495],[32.42337,-23.99504],[32.42347,-23.99504],[32.42337,-23.99495]],[[32.42602,-23.99849],[32.42602,-23.99876],[32.42631,-23.99876],[32.42602,-23.99849]],[[32.42453,-24.00039],[32.42374,-24.00011],[32.42414,-24.00029],[32.42404,-24.00075],[32.42453,-24.00039]],[[32.42305,-24.00065],[32.42285,-24.00128],[32.42334,-24.0012],[32.42305,-24.00065]],[[32.42147,-24.00046],[32.42108,-24.00046],[32.42098,-24.00119],[32.42147,-24.00046]],[[32.42187,-24.00019],[32.42147,-24.00037],[32.42147,-24.00046],[32.42187,-24.00019]],[[32.42305,-24.0002],[32.42295,-24.00047],[32.42325,-24.00047],[32.42305,-24.0002]],[[32.42741,-23.99623],[32.42741,-23.99605],[32.42731,-23.99605],[32.42741,-23.99623]],[[32.42288,-23.99449],[32.42308,-23.99386],[32.42269,-23.99395],[32.42258,-23.99458],[32.42288,-23.99449]],[[32.42199,-23.99449],[32.42199,-23.9944],[32.4218,-23.9944],[32.42199,-23.99449]],[[32.41717,-23.99375],[32.41756,-23.99438],[32.41776,-23.99438],[32.41776,-23.99366],[32.41717,-23.99375]],[[32.41984,-23.99167],[32.41895,-23.99158],[32.42003,-23.99376],[32.42121,-23.99394],[32.41984,-23.99167]],[[32.41845,-23.99339],[32.41855,-23.99321],[32.41786,-23.99293],[32.41776,-23.9933],[32.41845,-23.99339]],[[32.41845,-23.99276],[32.41845,-23.99248],[32.41826,-23.99248],[32.41845,-23.99276]],[[32.41865,-23.99203],[32.41875,-23.99176],[32.41856,-23.99176],[32.41865,-23.99203]],[[32.42141,-23.99177],[32.42121,-23.9924],[32.42141,-23.9925],[32.42141,-23.99177]],[[32.42288,-23.99368],[32.42269,-23.99304],[32.422,-23.99331],[32.4219,-23.99404],[32.42288,-23.99368]],[[32.4216,-23.9934],[32.4219,-23.99331],[32.4218,-23.99313],[32.4216,-23.9934]],[[32.42111,-23.99313],[32.42111,-23.99304],[32.42101,-23.99304],[32.42111,-23.99313]],[[32.41914,-23.99403],[32.41914,-23.99412],[32.41924,-23.99412],[32.41914,-23.99403]],[[32.42357,-23.99404],[32.42347,-23.99431],[32.42367,-23.99431],[32.42357,-23.99404]],[[32.42319,-23.99151],[32.42319,-23.99132],[32.42309,-23.99132],[32.42319,-23.99151]],[[32.41856,-23.99113],[32.41836,-23.99076],[32.41807,-23.99085],[32.41826,-23.99131],[32.41856,-23.99113]],[[32.41324,-23.99092],[32.41324,-23.99056],[32.41304,-23.99056],[32.41324,-23.99092]],[[32.42152,-23.99087],[32.42172,-23.99041],[32.42152,-23.99032],[32.42152,-23.99087]],[[32.41738,-23.99013],[32.41738,-23.99058],[32.41767,-23.99058],[32.41787,-23.99004],[32.41738,-23.99013]],[[32.42636,-23.98771],[32.42814,-23.98727],[32.42853,-23.98664],[32.42804,-23.98609],[32.42725,-23.98609],[32.42745,-23.98663],[32.42696,-23.98663],[32.42695,-23.98717],[32.42637,-23.98645],[32.42607,-23.98735],[32.42587,-23.98672],[32.42528,-23.98699],[32.42489,-23.98608],[32.42578,-23.98572],[32.42656,-23.98609],[32.42598,-23.98509],[32.42628,-23.98464],[32.42421,-23.98454],[32.42381,-23.98517],[32.42352,-23.98463],[32.42391,-23.98426],[32.42253,-23.98399],[32.42174,-23.98507],[32.42322,-23.98535],[32.42331,-23.98743],[32.42252,-23.98752],[32.42252,-23.98661],[32.42184,-23.9858],[32.42055,-23.9876],[32.42015,-23.98724],[32.42035,-23.9867],[32.41976,-23.98669],[32.41936,-23.98796],[32.42094,-23.98797],[32.42104,-23.98724],[32.42153,-23.98779],[32.42103,-23.9886],[32.42152,-23.98978],[32.42231,-23.98879],[32.42192,-23.98815],[32.42232,-23.98779],[32.42301,-23.98806],[32.42261,-23.98824],[32.4233,-23.98897],[32.42271,-23.98933],[32.4233,-23.9897],[32.4227,-23.99024],[32.4229,-23.99078],[32.42389,-23.98997],[32.42546,-23.99052],[32.42546,-23.98988],[32.42724,-23.98871],[32.42735,-23.98781],[32.42636,-23.98771]],[[32.42734,-23.98944],[32.42734,-23.98917],[32.42704,-23.98917],[32.42665,-23.98944],[32.42734,-23.98944]],[[32.42862,-23.9889],[32.42892,-23.98854],[32.42843,-23.98845],[32.42832,-23.98953],[32.42891,-23.99008],[32.42862,-23.9889]],[[32.43,-23.9899],[32.43,-23.98999],[32.4301,-23.98999],[32.43,-23.9899]],[[32.42744,-23.98971],[32.42753,-23.99016],[32.42773,-23.98998],[32.42744,-23.98971]],[[32.42645,-23.98998],[32.42645,-23.9898],[32.42635,-23.9898],[32.42645,-23.98998]],[[32.42694,-23.9898],[32.42694,-23.98998],[32.42704,-23.98998],[32.42694,-23.9898]],[[32.42704,-23.99107],[32.42723,-23.99107],[32.42733,-23.99043],[32.42684,-23.99043],[32.42704,-23.99107]],[[32.4297,-23.9909],[32.4298,-23.99063],[32.42891,-23.99053],[32.4291,-23.99117],[32.4297,-23.9909]],[[32.42783,-23.99071],[32.42783,-23.99053],[32.42773,-23.99053],[32.42783,-23.99071]],[[32.42881,-23.99053],[32.42881,-23.99044],[32.42861,-23.99044],[32.42881,-23.99053]],[[32.42605,-23.99088],[32.42605,-23.99079],[32.42595,-23.99079],[32.42605,-23.99088]],[[32.41886,-23.99004],[32.41886,-23.98968],[32.41866,-23.98968],[32.41886,-23.99004]],[[32.41659,-23.98985],[32.41659,-23.98976],[32.4164,-23.98976],[32.41659,-23.98985]],[[32.41709,-23.9894],[32.41699,-23.98967],[32.41738,-23.98976],[32.41709,-23.9894]],[[32.42251,-23.9896],[32.42251,-23.98951],[32.42241,-23.98951],[32.42251,-23.9896]],[[32.42123,-23.98914],[32.42103,-23.98905],[32.42103,-23.98932],[32.42123,-23.98914]],[[32.41926,-23.98887],[32.41926,-23.98868],[32.41896,-23.98868],[32.41926,-23.98887]],[[32.42034,-23.9886],[32.42015,-23.9886],[32.42015,-23.98878],[32.42034,-23.9886]],[[32.41976,-23.98588],[32.41977,-23.9857],[32.41967,-23.9857],[32.41976,-23.98588]],[[32.42321,-23.98634],[32.42243,-23.98571],[32.42242,-23.98616],[32.42301,-23.98662],[32.42321,-23.98634]],[[32.42735,-23.98573],[32.42824,-23.98555],[32.42805,-23.98537],[32.42735,-23.98573]],[[32.42803,-23.98799],[32.42814,-23.98745],[32.42754,-23.98754],[32.42803,-23.98799]],[[32.4224,-23.99105],[32.4224,-23.99114],[32.4226,-23.99114],[32.4224,-23.99105]],[[32.4294,-23.99126],[32.4294,-23.99135],[32.4295,-23.99135],[32.4294,-23.99126]],[[32.42999,-23.99135],[32.42959,-23.99171],[32.42979,-23.99207],[32.42999,-23.99135]],[[32.42615,-23.99143],[32.42585,-23.99133],[32.42585,-23.99161],[32.42615,-23.99143]],[[32.429,-23.99216],[32.429,-23.99225],[32.4291,-23.99225],[32.429,-23.99216]],[[32.43018,-23.99226],[32.43018,-23.99235],[32.43038,-23.99235],[32.43018,-23.99226]],[[32.42979,-23.99307],[32.42979,-23.99316],[32.42988,-23.99316],[32.42979,-23.99307]],[[32.42929,-23.99388],[32.42929,-23.99325],[32.4291,-23.99325],[32.42899,-23.99397],[32.42929,-23.99388]],[[32.42958,-23.99407],[32.43047,-23.99371],[32.42998,-23.99361],[32.42958,-23.99407]],[[32.43096,-23.99516],[32.43106,-23.99398],[32.43017,-23.99461],[32.43096,-23.99516]],[[32.43106,-23.99498],[32.43106,-23.99507],[32.43135,-23.99507],[32.43106,-23.99498]],[[32.43214,-23.9967],[32.43214,-23.99652],[32.43194,-23.99652],[32.43214,-23.9967]],[[32.43056,-23.99715],[32.43046,-23.99742],[32.43075,-23.99742],[32.43056,-23.99715]],[[32.43124,-23.9986],[32.43124,-23.99869],[32.43144,-23.99869],[32.43124,-23.9986]],[[32.43005,-23.99959],[32.43035,-23.99968],[32.43055,-23.99923],[32.43005,-23.99959]],[[32.43173,-23.99933],[32.43173,-23.9996],[32.43202,-23.99951],[32.43173,-23.99933]],[[32.43104,-23.99959],[32.43104,-23.99941],[32.43094,-23.99941],[32.43104,-23.99959]],[[32.42936,-23.99995],[32.42926,-23.99968],[32.42897,-23.99977],[32.42936,-23.99995]],[[32.43291,-24.00014],[32.43291,-23.99987],[32.43271,-23.99987],[32.43291,-24.00014]],[[32.43261,-24.00051],[32.43212,-23.99996],[32.43183,-23.99996],[32.43192,-24.00068],[32.43261,-24.00051]],[[32.43409,-24.00105],[32.43409,-24.00087],[32.4334,-24.00078],[32.43409,-24.00105]],[[32.43261,-24.00078],[32.43251,-24.00105],[32.433,-24.00114],[32.43261,-24.00078]],[[32.43133,-24.00141],[32.43143,-24.00104],[32.43103,-24.00095],[32.43133,-24.00141]],[[32.43123,-24.00014],[32.43123,-24.00005],[32.43114,-24.00005],[32.43123,-24.00014]],[[32.42925,-24.00276],[32.42925,-24.00249],[32.42905,-24.00248],[32.42925,-24.00276]],[[32.42846,-24.00284],[32.42846,-24.00294],[32.42866,-24.00294],[32.42846,-24.00284]],[[32.42925,-24.00312],[32.42925,-24.00321],[32.42945,-24.00321],[32.42925,-24.00312]],[[32.43023,-24.00358],[32.42974,-24.00348],[32.42984,-24.00376],[32.43023,-24.00358]],[[32.42757,-24.00366],[32.42718,-24.00365],[32.42727,-24.00384],[32.42757,-24.00366]],[[32.42865,-24.00375],[32.42865,-24.00384],[32.42875,-24.00384],[32.42865,-24.00375]],[[32.43438,-24.00287],[32.43437,-24.00305],[32.43457,-24.00305],[32.43438,-24.00287]],[[32.43457,-24.00386],[32.43437,-24.00404],[32.43467,-24.00404],[32.43457,-24.00386]],[[32.4379,-24.00813],[32.4377,-24.00831],[32.4378,-24.00831],[32.4379,-24.00813]],[[32.43711,-24.00858],[32.43711,-24.00885],[32.43731,-24.00885],[32.4375,-24.00858],[32.43711,-24.00858]],[[32.42321,-24.00898],[32.42321,-24.0088],[32.42301,-24.00907],[32.42321,-24.00898]],[[32.42153,-24.01088],[32.42094,-24.01069],[32.42123,-24.01124],[32.42153,-24.01088]],[[32.41905,-24.01295],[32.41925,-24.0125],[32.41787,-24.01277],[32.41797,-24.01313],[32.41905,-24.01295]],[[32.41679,-24.01213],[32.41639,-24.01249],[32.41708,-24.01258],[32.41679,-24.01213]],[[32.41837,-24.01222],[32.41836,-24.01241],[32.41856,-24.01241],[32.41837,-24.01222]],[[32.42269,-24.0145],[32.42279,-24.01432],[32.4225,-24.01423],[32.42269,-24.0145]],[[32.41974,-24.0144],[32.41964,-24.01458],[32.41993,-24.01477],[32.41974,-24.0144]],[[32.42092,-24.01477],[32.42092,-24.01495],[32.42111,-24.01495],[32.42092,-24.01477]],[[32.41835,-24.01476],[32.41835,-24.01521],[32.41865,-24.01512],[32.41875,-24.01467],[32.41835,-24.01476]],[[32.42032,-24.01513],[32.42013,-24.01549],[32.42072,-24.01576],[32.42082,-24.01531],[32.42032,-24.01513]],[[32.41727,-24.01566],[32.41736,-24.01584],[32.41756,-24.01575],[32.41727,-24.01566]],[[32.4148,-24.01556],[32.4148,-24.01583],[32.415,-24.01583],[32.4148,-24.01556]],[[32.41372,-24.01583],[32.41342,-24.01528],[32.41293,-24.01564],[32.41372,-24.01583]],[[32.41362,-24.01528],[32.41352,-24.01528],[32.41352,-24.01537],[32.41362,-24.01528]],[[32.41401,-24.01628],[32.41421,-24.01628],[32.41421,-24.01592],[32.41401,-24.01628]],[[32.41234,-24.01546],[32.41234,-24.01528],[32.41224,-24.01528],[32.41234,-24.01546]],[[32.41973,-24.01522],[32.41944,-24.01531],[32.41953,-24.01549],[32.41973,-24.01522]],[[32.40643,-24.01453],[32.40643,-24.01489],[32.40662,-24.01499],[32.40643,-24.01453]],[[32.40554,-24.01525],[32.40643,-24.01426],[32.40446,-24.01443],[32.40554,-24.01525]],[[32.40653,-24.01444],[32.40653,-24.01435],[32.40643,-24.01435],[32.40653,-24.01444]],[[32.40613,-24.01517],[32.40613,-24.01526],[32.40623,-24.01526],[32.40613,-24.01517]],[[32.40751,-24.01472],[32.40751,-24.0149],[32.40761,-24.0149],[32.40751,-24.01472]],[[32.41629,-24.01403],[32.41638,-24.0143],[32.41658,-24.01421],[32.41629,-24.01403]],[[32.40781,-24.01409],[32.40771,-24.0139],[32.40761,-24.0139],[32.40781,-24.01409]],[[32.41678,-24.01349],[32.41678,-24.01367],[32.41698,-24.01367],[32.41678,-24.01349]],[[32.41619,-24.01339],[32.41619,-24.01348],[32.41639,-24.01348],[32.41639,-24.0133],[32.41619,-24.01339]],[[32.43597,-24.02044],[32.43607,-24.02008],[32.43489,-24.02053],[32.43518,-24.02089],[32.43597,-24.02044]],[[32.43164,-24.0206],[32.43193,-24.0207],[32.43183,-24.02042],[32.43164,-24.0206]],[[32.43381,-24.02043],[32.43361,-24.02061],[32.43371,-24.02061],[32.43381,-24.02043]],[[32.43124,-24.02196],[32.43124,-24.02214],[32.43163,-24.02223],[32.43183,-24.02196],[32.43124,-24.02196]],[[32.44446,-24.01875],[32.44465,-24.01929],[32.44495,-24.01902],[32.44446,-24.01875]],[[32.44928,-24.0223],[32.44859,-24.0213],[32.44819,-24.02166],[32.4481,-24.02085],[32.4477,-24.02103],[32.4477,-24.02193],[32.44691,-24.02138],[32.44741,-24.02057],[32.44485,-24.02029],[32.44406,-24.01929],[32.44435,-24.02074],[32.44495,-24.02047],[32.44514,-24.02093],[32.44593,-24.02093],[32.4473,-24.02274],[32.44789,-24.02275],[32.4474,-24.02338],[32.44848,-24.02311],[32.44966,-24.02438],[32.45016,-24.02357],[32.44888,-24.02293],[32.44928,-24.0223]],[[32.45026,-24.02348],[32.45016,-24.02348],[32.45016,-24.02357],[32.45026,-24.02348]],[[32.45036,-24.02339],[32.45026,-24.02339],[32.45026,-24.02348],[32.45036,-24.02339]],[[32.45045,-24.0233],[32.45036,-24.0233],[32.45036,-24.02339],[32.45045,-24.0233]],[[32.45094,-24.02384],[32.45075,-24.02393],[32.45144,-24.0243],[32.45094,-24.02384]],[[32.45035,-24.02439],[32.45065,-24.0243],[32.45055,-24.02411],[32.45035,-24.02439]],[[32.44739,-24.0241],[32.44749,-24.02447],[32.44779,-24.02447],[32.44779,-24.02401],[32.44739,-24.0241]],[[32.4469,-24.02419],[32.44661,-24.02401],[32.44651,-24.02455],[32.4469,-24.02419]],[[32.4466,-24.02528],[32.44749,-24.02555],[32.44719,-24.02492],[32.4466,-24.02528]],[[32.44641,-24.02419],[32.44631,-24.02328],[32.44582,-24.02328],[32.44641,-24.02419]],[[32.44385,-24.02364],[32.44375,-24.024],[32.44424,-24.024],[32.44385,-24.02364]],[[32.44316,-24.02373],[32.44316,-24.02391],[32.44355,-24.02391],[32.44316,-24.02373]],[[32.44266,-24.02381],[32.44266,-24.02363],[32.44247,-24.02363],[32.44266,-24.02381]],[[32.44513,-24.02337],[32.44523,-24.02364],[32.44552,-24.02346],[32.44513,-24.02337]],[[32.44484,-24.02319],[32.44494,-24.02274],[32.44415,-24.02291],[32.44484,-24.02319]],[[32.44336,-24.02282],[32.44346,-24.023],[32.44365,-24.02291],[32.44336,-24.02282]],[[32.44612,-24.02193],[32.44592,-24.02283],[32.44681,-24.02301],[32.44612,-24.02193]],[[32.44435,-24.02192],[32.44445,-24.02165],[32.44405,-24.02156],[32.44435,-24.02192]],[[32.44524,-24.02138],[32.44514,-24.02165],[32.44533,-24.02165],[32.44524,-24.02138]],[[32.44425,-24.0211],[32.44425,-24.02083],[32.44386,-24.02101],[32.44425,-24.0211]],[[32.44228,-24.02101],[32.44228,-24.02082],[32.44199,-24.02082],[32.44228,-24.02101]],[[32.44691,-24.02301],[32.44691,-24.02311],[32.4472,-24.02311],[32.44691,-24.02301]],[[32.4471,-24.02365],[32.4471,-24.02347],[32.4469,-24.02347],[32.4471,-24.02365]],[[32.44661,-24.02374],[32.44671,-24.02347],[32.44651,-24.02347],[32.44661,-24.02374]],[[32.44946,-24.02484],[32.44946,-24.02493],[32.44956,-24.02493],[32.44946,-24.02484]],[[32.44238,-24.02073],[32.44268,-24.02065],[32.44268,-24.02037],[32.44238,-24.02073]],[[32.44297,-24.02056],[32.44297,-24.02074],[32.44307,-24.02074],[32.44297,-24.02056]],[[32.44317,-24.02065],[32.44317,-24.02074],[32.44327,-24.02074],[32.44317,-24.02065]],[[32.44376,-24.01992],[32.44377,-24.01965],[32.44357,-24.01965],[32.44376,-24.01992]],[[32.44643,-24.02002],[32.44682,-24.02012],[32.44682,-24.01985],[32.44643,-24.01966],[32.44643,-24.02002]],[[32.44889,-24.02085],[32.44889,-24.02121],[32.44908,-24.02121],[32.44889,-24.02085]],[[32.44967,-24.02275],[32.44967,-24.02302],[32.45026,-24.02303],[32.44967,-24.02275]],[[32.43903,-24.02018],[32.43903,-24.02],[32.43893,-24.02],[32.43903,-24.02018]],[[32.44041,-24.02127],[32.44041,-24.02145],[32.44051,-24.02145],[32.44041,-24.02127]],[[32.40712,-24.01327],[32.40702,-24.01345],[32.40722,-24.01354],[32.40712,-24.01327]],[[32.41254,-24.01347],[32.41254,-24.01329],[32.41235,-24.01329],[32.41254,-24.01347]]],[[[32.3922,-23.99188],[32.3921,-23.9908],[32.39217,-23.99087],[32.3922,-23.99188]]],[[[32.37904,-23.99052],[32.37963,-23.99007],[32.37992,-23.99088],[32.37854,-23.99169],[32.37893,-23.99269],[32.37834,-23.99242],[32.37804,-23.99296],[32.37755,-23.99278],[32.37686,-23.99178],[32.37549,-23.99105],[32.37579,-23.99005],[32.37668,-23.99006],[32.37707,-23.98933],[32.37786,-23.98907],[32.37895,-23.98943],[32.37904,-23.99052]],[[32.37776,-23.98943],[32.37757,-23.98943],[32.37766,-23.98979],[32.37776,-23.98943]],[[32.37835,-23.99061],[32.37884,-23.99052],[32.37835,-23.98979],[32.37796,-23.98997],[32.37835,-23.99061]],[[32.37776,-23.99069],[32.37786,-23.99069],[32.37786,-23.9906],[32.37776,-23.99069]],[[32.37677,-23.9906],[32.37647,-23.99087],[32.37697,-23.99096],[32.37677,-23.9906]]],[[[32.43085,-23.99046],[32.43135,-23.99148],[32.43097,-23.99119],[32.43085,-23.99046]]],[[[32.40993,-23.99035],[32.41203,-23.98995],[32.41048,-23.9911],[32.40956,-23.99113],[32.40993,-23.99035]],[[32.41009,-23.99046],[32.40999,-23.99046],[32.40999,-23.99064],[32.41009,-23.99046]]],[[[32.39137,-23.9891],[32.39185,-23.98949],[32.39186,-23.99153],[32.39121,-23.99092],[32.39137,-23.9891]]],[[[32.3408,-23.98945],[32.34129,-23.98982],[32.3409,-23.99027],[32.3405,-23.99009],[32.3408,-23.98945]]],[[[32.37462,-23.98824],[32.3759,-23.98815],[32.3754,-23.98878],[32.37451,-23.98869],[32.37462,-23.98824]]],[[[32.34534,-23.98811],[32.34534,-23.98866],[32.34377,-23.9882],[32.34258,-23.98883],[32.34308,-23.98756],[32.34417,-23.98684],[32.34466,-23.98693],[32.34495,-23.98811],[32.34534,-23.98811]],[[32.34367,-23.98811],[32.34377,-23.98793],[32.34357,-23.98784],[32.34367,-23.98811]]],[[[32.40832,-23.9881],[32.40763,-23.98855],[32.40685,-23.98746],[32.40823,-23.98746],[32.40793,-23.98774],[32.40832,-23.9881]]],[[[32.36663,-23.98811],[32.36634,-23.98775],[32.36703,-23.98757],[32.36663,-23.98811]]],[[[32.41624,-23.98682],[32.41463,-23.98843],[32.41522,-23.98704],[32.41624,-23.98682]]],[[[32.34358,-23.98602],[32.34338,-23.98675],[32.34249,-23.98693],[32.3423,-23.9862],[32.34358,-23.98602]],[[32.34279,-23.98656],[32.34299,-23.98657],[32.34299,-23.98638],[32.34279,-23.98656]]],[[[32.38034,-23.986],[32.38084,-23.98591],[32.38103,-23.98654],[32.38034,-23.986]]],[[[32.42371,-23.98589],[32.42381,-23.98553],[32.42459,-23.98599],[32.42439,-23.98644],[32.42371,-23.98589]]],[[[32.36911,-23.98432],[32.36951,-23.98487],[32.3695,-23.9864],[32.36842,-23.9854],[32.36911,-23.98432]],[[32.36921,-23.98577],[32.3693,-23.98577],[32.36931,-23.98559],[32.36921,-23.98577]],[[32.36872,-23.98541],[32.36881,-23.98568],[32.36901,-23.98559],[32.36872,-23.98541]]],[[[32.40311,-23.98654],[32.40261,-23.98699],[32.40222,-23.98635],[32.40271,-23.98672],[32.40311,-23.98609],[32.40212,-23.98608],[32.40183,-23.98563],[32.40312,-23.98437],[32.40272,-23.98373],[32.40283,-23.98292],[32.40342,-23.98283],[32.40313,-23.98237],[32.40382,-23.98229],[32.40313,-23.98192],[32.40323,-23.98093],[32.40184,-23.98346],[32.40135,-23.98273],[32.40027,-23.98209],[32.39948,-23.98227],[32.39879,-23.98145],[32.39889,-23.981],[32.40008,-23.98073],[32.40048,-23.97956],[32.40097,-23.97956],[32.39999,-23.97829],[32.40128,-23.97666],[32.40118,-23.97576],[32.4,-23.9753],[32.40001,-23.97485],[32.40079,-23.97485],[32.401,-23.97413],[32.4006,-23.97331],[32.39991,-23.9734],[32.40021,-23.97267],[32.39943,-23.97167],[32.39983,-23.97059],[32.40091,-23.97041],[32.4019,-23.97123],[32.40298,-23.97105],[32.40367,-23.97187],[32.40366,-23.97287],[32.40425,-23.97287],[32.40474,-23.97378],[32.40543,-23.97378],[32.40523,-23.97423],[32.40612,-23.97451],[32.40612,-23.97396],[32.4072,-23.97397],[32.40631,-23.9746],[32.4066,-23.97578],[32.40729,-23.97569],[32.4072,-23.97469],[32.40769,-23.97451],[32.40809,-23.97488],[32.40779,-23.97551],[32.40828,-23.97533],[32.40818,-23.97569],[32.40887,-23.97606],[32.41055,-23.97606],[32.41123,-23.97761],[32.4129,-23.97807],[32.4129,-23.97879],[32.41369,-23.9787],[32.41417,-23.98061],[32.41467,-23.98006],[32.41526,-23.98016],[32.41437,-23.98124],[32.41446,-23.98178],[32.41397,-23.98187],[32.41416,-23.98242],[32.41357,-23.98241],[32.41455,-23.98378],[32.41642,-23.98433],[32.41662,-23.98315],[32.41722,-23.98279],[32.41761,-23.98315],[32.4186,-23.98234],[32.41831,-23.98144],[32.41673,-23.98197],[32.41565,-23.98134],[32.41595,-23.9798],[32.41654,-23.98007],[32.41763,-23.97863],[32.41881,-23.97908],[32.41881,-23.97999],[32.42019,-23.97954],[32.42157,-23.97973],[32.42176,-23.98027],[32.42137,-23.98],[32.42117,-23.98054],[32.42196,-23.98064],[32.42215,-23.98109],[32.42284,-23.98055],[32.42402,-23.98091],[32.42462,-23.98046],[32.42461,-23.98128],[32.4253,-23.9821],[32.4189,-23.98553],[32.41546,-23.98659],[32.41357,-23.98905],[32.40983,-23.99028],[32.4064,-23.99279],[32.40203,-23.99482],[32.39728,-23.99644],[32.3947,-23.99603],[32.39349,-23.99509],[32.39286,-23.99375],[32.39252,-23.99039],[32.39401,-23.99167],[32.39352,-23.99212],[32.3943,-23.99312],[32.39568,-23.99303],[32.395,-23.99221],[32.39608,-23.99285],[32.39716,-23.99276],[32.39716,-23.99322],[32.39637,-23.9933],[32.39657,-23.99394],[32.39726,-23.99376],[32.39656,-23.99475],[32.39735,-23.99439],[32.39725,-23.99521],[32.39863,-23.99485],[32.39853,-23.99521],[32.39912,-23.9954],[32.40149,-23.99432],[32.40287,-23.99424],[32.40297,-23.9936],[32.40376,-23.99388],[32.40367,-23.99342],[32.40406,-23.99297],[32.40683,-23.99162],[32.40703,-23.99036],[32.40821,-23.99018],[32.40782,-23.98964],[32.40872,-23.98801],[32.4094,-23.98865],[32.4099,-23.98829],[32.4097,-23.98783],[32.41029,-23.98802],[32.40951,-23.98656],[32.41021,-23.98521],[32.40922,-23.98539],[32.40971,-23.98593],[32.40931,-23.98656],[32.40843,-23.98665],[32.40883,-23.98547],[32.40804,-23.98556],[32.40746,-23.98221],[32.40687,-23.98275],[32.40726,-23.9833],[32.40637,-23.98347],[32.40607,-23.98429],[32.40588,-23.98311],[32.40529,-23.98329],[32.40509,-23.98401],[32.40568,-23.9842],[32.40577,-23.98555],[32.40439,-23.98663],[32.40311,-23.98654]],[[32.41664,-23.98025],[32.41664,-23.98007],[32.41654,-23.98007],[32.41664,-23.98025]],[[32.41455,-23.98405],[32.41445,-23.98459],[32.41504,-23.98423],[32.41543,-23.98459],[32.41504,-23.98405],[32.41455,-23.98405]],[[32.41841,-23.98035],[32.4187,-23.98099],[32.41939,-23.98081],[32.4194,-23.98017],[32.419,-23.97999],[32.419,-23.98035],[32.41841,-23.98035]],[[32.40406,-23.99342],[32.40426,-23.99343],[32.40416,-23.99324],[32.40406,-23.99342]],[[32.4047,-23.98383],[32.40469,-23.98419],[32.40489,-23.98419],[32.40509,-23.98383],[32.4047,-23.98383]],[[32.40538,-23.98528],[32.40548,-23.98555],[32.40557,-23.98555],[32.40538,-23.98528]],[[32.4112,-23.98394],[32.4113,-23.98367],[32.411,-23.98367],[32.4112,-23.98394]],[[32.41386,-23.98405],[32.41386,-23.98477],[32.41425,-23.98477],[32.41386,-23.98405]],[[32.4176,-23.98469],[32.4176,-23.98478],[32.4177,-23.98478],[32.4176,-23.98469]],[[32.41987,-23.9847],[32.41957,-23.98461],[32.41967,-23.98488],[32.41987,-23.9847]],[[32.40844,-23.98448],[32.40844,-23.98484],[32.40873,-23.98475],[32.40844,-23.98448]],[[32.41356,-23.98486],[32.41258,-23.98486],[32.41267,-23.98522],[32.41208,-23.98494],[32.41228,-23.9854],[32.41169,-23.98549],[32.41129,-23.9853],[32.41188,-23.98494],[32.41129,-23.98494],[32.4105,-23.98566],[32.4102,-23.98693],[32.41128,-23.98711],[32.41217,-23.9863],[32.41227,-23.98703],[32.41266,-23.98703],[32.41257,-23.98594],[32.41356,-23.98486]],[[32.41276,-23.98712],[32.41276,-23.98703],[32.41266,-23.98703],[32.41276,-23.98712]],[[32.41671,-23.98505],[32.41671,-23.98523],[32.41681,-23.98523],[32.41671,-23.98505]],[[32.41208,-23.98458],[32.41199,-23.98431],[32.41169,-23.9844],[32.41208,-23.98458]],[[32.41662,-23.98451],[32.41672,-23.98469],[32.41691,-23.9846],[32.41662,-23.98451]],[[32.4179,-23.98451],[32.4179,-23.98433],[32.4177,-23.98433],[32.4179,-23.98451]],[[32.41849,-23.98443],[32.41849,-23.98452],[32.41859,-23.98452],[32.41849,-23.98443]],[[32.40992,-23.98394],[32.41022,-23.98367],[32.40953,-23.9833],[32.40992,-23.98394]],[[32.41219,-23.98286],[32.4116,-23.98349],[32.41219,-23.98331],[32.41278,-23.98341],[32.41219,-23.98286]],[[32.40825,-23.98312],[32.40835,-23.98294],[32.40815,-23.98294],[32.40825,-23.98312]],[[32.40983,-23.98276],[32.40993,-23.98231],[32.40953,-23.9824],[32.40953,-23.98303],[32.40983,-23.98276]],[[32.40923,-23.98312],[32.40943,-23.98312],[32.40943,-23.98303],[32.40923,-23.98312]],[[32.40894,-23.98249],[32.40894,-23.98222],[32.40874,-23.98221],[32.40894,-23.98249]],[[32.40628,-23.98211],[32.40618,-23.98211],[32.40618,-23.9823],[32.40628,-23.98211]],[[32.40668,-23.98166],[32.40717,-23.98203],[32.40737,-23.98185],[32.40589,-23.98094],[32.40638,-23.98212],[32.40668,-23.98166]],[[32.40411,-23.9822],[32.40589,-23.9822],[32.40559,-23.98121],[32.40451,-23.98102],[32.40411,-23.9822]],[[32.40372,-23.98165],[32.40372,-23.98147],[32.40352,-23.98147],[32.40372,-23.98165]],[[32.40707,-23.98112],[32.40737,-23.98085],[32.40717,-23.98085],[32.40707,-23.98112]],[[32.40392,-23.98066],[32.40392,-23.98084],[32.40412,-23.98084],[32.40392,-23.98066]],[[32.41062,-23.98213],[32.41062,-23.98114],[32.41121,-23.98078],[32.41082,-23.98014],[32.40934,-23.9805],[32.40983,-23.98195],[32.41062,-23.98213]],[[32.40678,-23.98058],[32.40678,-23.98049],[32.40668,-23.98049],[32.40678,-23.98058]],[[32.40412,-23.98011],[32.40412,-23.97993],[32.40373,-23.98002],[32.40363,-23.98047],[32.40412,-23.98011]],[[32.40452,-23.97984],[32.40461,-23.98021],[32.40501,-23.98021],[32.40452,-23.97984]],[[32.40954,-23.98004],[32.40975,-23.97851],[32.40806,-23.97977],[32.40954,-23.98004]],[[32.40816,-23.97941],[32.40816,-23.9795],[32.40826,-23.9795],[32.40816,-23.97941]],[[32.40807,-23.97931],[32.40807,-23.9794],[32.40816,-23.97941],[32.40807,-23.97931]],[[32.40846,-23.97913],[32.40856,-23.97886],[32.40797,-23.97895],[32.40787,-23.97931],[32.40846,-23.97913]],[[32.40748,-23.97868],[32.40728,-23.97859],[32.40728,-23.97886],[32.40748,-23.97868]],[[32.41063,-23.97987],[32.41073,-23.97887],[32.41112,-23.97915],[32.41142,-23.97851],[32.41162,-23.97869],[32.41221,-23.97852],[32.41073,-23.97788],[32.41103,-23.97842],[32.40994,-23.9795],[32.41063,-23.97987]],[[32.41044,-23.97824],[32.41044,-23.97815],[32.41034,-23.97815],[32.41044,-23.97824]],[[32.40728,-23.97804],[32.40728,-23.97795],[32.40719,-23.97795],[32.40728,-23.97804]],[[32.40827,-23.97805],[32.40847,-23.97787],[32.40798,-23.97759],[32.40827,-23.97805]],[[32.40334,-23.97776],[32.40334,-23.97785],[32.40354,-23.97767],[32.40334,-23.97776]],[[32.40867,-23.97742],[32.40827,-23.97705],[32.40827,-23.97741],[32.40867,-23.97742]],[[32.40778,-23.97723],[32.40788,-23.97696],[32.40768,-23.97696],[32.40778,-23.97723]],[[32.41024,-23.9776],[32.41024,-23.97778],[32.41034,-23.97778],[32.41024,-23.9776]],[[32.4128,-23.97897],[32.4128,-23.97906],[32.4129,-23.97906],[32.4128,-23.97897]],[[32.41161,-23.97924],[32.41181,-23.97915],[32.41171,-23.97897],[32.41161,-23.97924]],[[32.4121,-23.98096],[32.41239,-23.98223],[32.41377,-23.9816],[32.41269,-23.98132],[32.41269,-23.9806],[32.41329,-23.98015],[32.4128,-23.97924],[32.4123,-23.97942],[32.4126,-23.98024],[32.4121,-23.98096]],[[32.41201,-23.98014],[32.412,-23.98042],[32.4123,-23.98024],[32.41201,-23.98014]],[[32.41191,-23.97987],[32.41211,-23.97942],[32.41181,-23.97942],[32.41151,-23.97987],[32.41191,-23.97987]],[[32.4055,-23.97967],[32.4058,-23.97976],[32.4058,-23.97958],[32.4055,-23.97967]],[[32.40206,-23.97893],[32.40196,-23.97947],[32.40245,-23.97947],[32.40255,-23.97893],[32.40206,-23.97893]],[[32.40757,-23.97949],[32.40748,-23.97913],[32.40718,-23.97922],[32.40757,-23.97949]],[[32.40639,-23.97931],[32.40609,-23.97976],[32.40659,-23.97976],[32.40639,-23.97931]],[[32.40412,-23.9803],[32.40412,-23.98039],[32.40422,-23.98039],[32.40412,-23.9803]],[[32.40865,-23.98049],[32.40865,-23.98058],[32.40875,-23.98058],[32.40865,-23.98049]],[[32.40816,-23.98094],[32.40816,-23.98076],[32.40796,-23.98085],[32.40816,-23.98094]],[[32.41298,-23.98268],[32.41328,-23.98259],[32.41308,-23.98232],[32.41298,-23.98268]],[[32.4114,-23.98277],[32.4113,-23.98304],[32.4117,-23.98313],[32.4114,-23.98277]],[[32.41297,-23.98377],[32.41297,-23.98386],[32.41307,-23.98386],[32.41297,-23.98377]],[[32.40581,-23.97677],[32.40581,-23.97668],[32.40562,-23.97668],[32.40581,-23.97677]],[[32.40867,-23.97669],[32.40848,-23.97615],[32.40828,-23.97624],[32.40867,-23.97669]],[[32.40985,-23.9766],[32.40995,-23.97633],[32.40976,-23.97624],[32.40985,-23.9766]],[[32.40179,-23.97349],[32.40179,-23.9734],[32.40169,-23.9734],[32.40179,-23.97349]],[[32.40608,-23.98266],[32.40608,-23.98293],[32.40638,-23.98284],[32.40608,-23.98266]],[[32.4045,-23.98356],[32.40401,-23.98328],[32.40411,-23.98283],[32.40361,-23.9831],[32.40401,-23.98365],[32.4045,-23.98356]],[[32.40549,-23.98284],[32.40549,-23.98275],[32.40529,-23.98274],[32.40549,-23.98284]],[[32.4041,-23.98437],[32.4043,-23.9841],[32.404,-23.98401],[32.4041,-23.98437]],[[32.4037,-23.98518],[32.4038,-23.98555],[32.4039,-23.98555],[32.4037,-23.98518]],[[32.40252,-23.98554],[32.40252,-23.98563],[32.40272,-23.98563],[32.40272,-23.98545],[32.40252,-23.98554]],[[32.40843,-23.98529],[32.40873,-23.98502],[32.40853,-23.98502],[32.40843,-23.98529]],[[32.41059,-23.98883],[32.41098,-23.98883],[32.41079,-23.98829],[32.41059,-23.98883]],[[32.4096,-23.98883],[32.4095,-23.9891],[32.4098,-23.9891],[32.4096,-23.98883]],[[32.39656,-23.99584],[32.39705,-23.99566],[32.39696,-23.99521],[32.39597,-23.9952],[32.39656,-23.99584]],[[32.39479,-23.99457],[32.39499,-23.99457],[32.39499,-23.99429],[32.39479,-23.99457]],[[32.39598,-23.99367],[32.39578,-23.99357],[32.39568,-23.99394],[32.39598,-23.99367]],[[32.39598,-23.99348],[32.39588,-23.99348],[32.39588,-23.99357],[32.39598,-23.99348]],[[32.39529,-23.99366],[32.39529,-23.99357],[32.39519,-23.99357],[32.39529,-23.99366]],[[32.3946,-23.99348],[32.3946,-23.99339],[32.3945,-23.99339],[32.3946,-23.99348]],[[32.41879,-23.98262],[32.41879,-23.9828],[32.41899,-23.9828],[32.41879,-23.98262]],[[32.42274,-23.98254],[32.42274,-23.98245],[32.42264,-23.98245],[32.42274,-23.98254]],[[32.42382,-23.98245],[32.42382,-23.98254],[32.42392,-23.98254],[32.42382,-23.98245]],[[32.4186,-23.98144],[32.41998,-23.98162],[32.41959,-23.98117],[32.4186,-23.98144]],[[32.41653,-23.98125],[32.41663,-23.98098],[32.41644,-23.98098],[32.41653,-23.98125]],[[32.42166,-23.98118],[32.42146,-23.98136],[32.42156,-23.98136],[32.42166,-23.98118]],[[32.42038,-23.98135],[32.42038,-23.98126],[32.42018,-23.98126],[32.42038,-23.98135]],[[32.41732,-23.98062],[32.41703,-23.98071],[32.41722,-23.98098],[32.41732,-23.98062]],[[32.41782,-23.98071],[32.41782,-23.9808],[32.41792,-23.9808],[32.41782,-23.98071]],[[32.41782,-23.98026],[32.41772,-23.98026],[32.41772,-23.98035],[32.41782,-23.98026]],[[32.41792,-23.98017],[32.41782,-23.98017],[32.41782,-23.98026],[32.41792,-23.98017]],[[32.41802,-23.97999],[32.41792,-23.97999],[32.41792,-23.98017],[32.41802,-23.97999]],[[32.41703,-23.98143],[32.41683,-23.98143],[32.41683,-23.98161],[32.41703,-23.98143]]],[[[32.35039,-23.98406],[32.35,-23.98334],[32.35089,-23.98271],[32.35039,-23.98406]]],[[[32.38834,-23.98078],[32.38691,-23.97998],[32.38806,-23.98003],[32.38866,-23.98111],[32.38834,-23.98078]]],[[[32.3597,-23.98076],[32.35914,-23.98079],[32.36046,-23.98024],[32.3597,-23.98076]]],[[[32.42354,-23.97883],[32.42403,-23.97883],[32.42413,-23.97938],[32.42354,-23.97928],[32.42354,-23.97883]]],[[[32.34668,-23.97734],[32.34697,-23.97807],[32.34481,-23.9777],[32.34382,-23.97688],[32.34668,-23.97734]]],[[[32.38274,-23.97543],[32.38268,-23.97722],[32.38184,-23.9763],[32.38274,-23.97543]]],[[[32.37333,-23.97528],[32.3729,-23.97562],[32.37374,-23.97425],[32.37426,-23.97405],[32.37333,-23.97528]]],[[[32.37423,-23.97323],[32.37544,-23.97296],[32.37519,-23.9736],[32.3738,-23.97407],[32.37423,-23.97323]]],[[[32.37695,-23.97248],[32.37656,-23.97333],[32.37563,-23.97341],[32.37695,-23.97248]]],[[[32.40544,-23.97269],[32.40524,-23.97215],[32.40573,-23.97215],[32.40544,-23.97269]]],[[[32.37739,-23.97235],[32.37717,-23.97231],[32.37863,-23.9719],[32.37739,-23.97235]]],[[[32.40456,-23.97142],[32.40445,-23.97197],[32.40505,-23.97206],[32.40416,-23.97196],[32.40456,-23.97142]]],[[[32.3882,-23.97136],[32.38829,-23.97163],[32.38741,-23.97181],[32.38701,-23.97144],[32.3882,-23.97136]]],[[[32.36277,-23.97279],[32.36208,-23.97234],[32.36099,-23.9727],[32.36139,-23.97215],[32.3607,-23.97197],[32.36071,-23.97043],[32.36189,-23.97016],[32.36287,-23.97144],[32.36277,-23.97279]],[[32.36189,-23.9708],[32.36159,-23.9708],[32.36188,-23.97152],[32.36189,-23.9708]],[[32.361,-23.97061],[32.3611,-23.97089],[32.3613,-23.9708],[32.361,-23.97061]],[[32.3612,-23.97152],[32.3612,-23.97143],[32.361,-23.97161],[32.3612,-23.97152]]],[[[32.38514,-23.97207],[32.38475,-23.97171],[32.38662,-23.97081],[32.38652,-23.97126],[32.38514,-23.97207]]],[[[32.33784,-23.97169],[32.33577,-23.97141],[32.33597,-23.97078],[32.33784,-23.97169]]],[[[32.35716,-23.96978],[32.35756,-23.96924],[32.35737,-23.96815],[32.35451,-23.96905],[32.35313,-23.96823],[32.35283,-23.96868],[32.35155,-23.96885],[32.35135,-23.96976],[32.35116,-23.96885],[32.34899,-23.96966],[32.34998,-23.96821],[32.34968,-23.96776],[32.3489,-23.96757],[32.3488,-23.96821],[32.3483,-23.9683],[32.34634,-23.96738],[32.34663,-23.96702],[32.34801,-23.96757],[32.3489,-23.96721],[32.349,-23.96667],[32.34801,-23.96712],[32.34575,-23.9662],[32.34654,-23.96612],[32.34752,-23.96675],[32.34841,-23.96649],[32.34773,-23.9644],[32.34841,-23.96594],[32.34891,-23.96486],[32.35009,-23.96568],[32.35029,-23.96486],[32.3496,-23.96441],[32.34961,-23.96341],[32.3509,-23.96161],[32.35207,-23.96406],[32.35246,-23.96352],[32.35355,-23.96334],[32.35305,-23.96433],[32.35354,-23.96488],[32.35295,-23.96551],[32.35364,-23.96542],[32.35393,-23.96588],[32.35443,-23.96561],[32.35443,-23.96443],[32.35364,-23.96443],[32.35355,-23.96361],[32.35414,-23.96298],[32.35415,-23.96207],[32.35494,-23.96199],[32.35444,-23.96343],[32.35502,-23.96398],[32.35522,-23.96353],[32.35601,-23.96362],[32.35611,-23.96299],[32.3571,-23.96353],[32.35699,-23.96453],[32.3564,-23.96489],[32.35679,-23.96525],[32.35749,-23.96444],[32.35916,-23.96427],[32.35907,-23.96363],[32.35818,-23.96327],[32.35858,-23.96218],[32.36055,-23.9631],[32.36045,-23.96264],[32.36134,-23.96183],[32.36271,-23.96329],[32.36113,-23.96382],[32.36123,-23.96491],[32.3624,-23.96627],[32.36428,-23.96474],[32.36507,-23.96529],[32.36517,-23.96456],[32.36468,-23.96465],[32.3636,-23.96356],[32.36527,-23.96402],[32.36626,-23.96348],[32.36665,-23.96403],[32.36793,-23.96394],[32.36872,-23.96467],[32.3698,-23.96458],[32.3696,-23.96531],[32.37029,-23.96585],[32.37098,-23.96577],[32.37217,-23.9645],[32.37285,-23.96505],[32.37246,-23.96541],[32.37265,-23.9665],[32.37344,-23.96614],[32.37364,-23.96668],[32.37472,-23.96669],[32.37512,-23.96569],[32.37511,-23.96642],[32.376,-23.96669],[32.37659,-23.96606],[32.37678,-23.9676],[32.37747,-23.96742],[32.37787,-23.96815],[32.37836,-23.96797],[32.37807,-23.96588],[32.37876,-23.9667],[32.37895,-23.96815],[32.37954,-23.96788],[32.37945,-23.96625],[32.38014,-23.96616],[32.37974,-23.9668],[32.37984,-23.96734],[32.38034,-23.96662],[32.38103,-23.9668],[32.38182,-23.96626],[32.3823,-23.96753],[32.382,-23.9688],[32.38328,-23.97016],[32.38377,-23.96971],[32.38396,-23.97062],[32.38327,-23.97052],[32.38327,-23.97089],[32.38641,-23.97389],[32.38836,-23.97906],[32.38806,-23.9794],[32.38555,-23.97904],[32.38362,-23.97805],[32.38283,-23.9767],[32.38341,-23.97575],[32.38314,-23.97393],[32.3811,-23.97088],[32.38091,-23.97128],[32.37823,-23.97136],[32.37381,-23.97307],[32.37215,-23.97581],[32.36921,-23.97799],[32.3621,-23.9792],[32.35761,-23.98083],[32.35586,-23.98082],[32.35068,-23.97867],[32.34215,-23.97903],[32.34028,-23.97786],[32.34185,-23.97814],[32.34146,-23.97759],[32.33989,-23.97732],[32.3391,-23.97623],[32.33804,-23.97625],[32.33708,-23.97545],[32.33451,-23.9696],[32.33539,-23.96969],[32.33568,-23.97042],[32.33528,-23.97123],[32.33655,-23.9725],[32.33793,-23.97359],[32.33891,-23.97342],[32.33812,-23.97459],[32.33901,-23.97469],[32.3392,-23.97514],[32.3399,-23.97433],[32.34048,-23.97496],[32.34098,-23.97469],[32.34176,-23.97542],[32.33989,-23.9755],[32.34215,-23.97633],[32.34195,-23.97696],[32.34274,-23.97688],[32.34283,-23.97769],[32.34382,-23.97751],[32.34401,-23.97815],[32.34717,-23.97861],[32.34766,-23.97798],[32.34825,-23.97844],[32.34953,-23.97826],[32.3515,-23.97881],[32.35515,-23.97856],[32.35574,-23.97938],[32.35742,-23.97857],[32.35781,-23.97938],[32.35811,-23.97839],[32.35889,-23.97894],[32.35968,-23.97858],[32.35948,-23.97894],[32.35958,-23.97921],[32.36017,-23.97876],[32.35978,-23.97794],[32.36234,-23.97823],[32.36216,-23.97614],[32.36423,-23.97606],[32.36403,-23.97534],[32.36453,-23.97525],[32.36521,-23.97579],[32.36542,-23.97489],[32.36818,-23.97427],[32.36809,-23.97245],[32.36927,-23.97264],[32.36977,-23.97201],[32.36977,-23.9711],[32.36869,-23.97092],[32.36889,-23.96974],[32.3681,-23.96992],[32.3685,-23.96938],[32.36702,-23.9701],[32.36603,-23.96964],[32.36594,-23.96891],[32.36545,-23.96873],[32.36446,-23.96954],[32.36642,-23.97055],[32.36376,-23.97162],[32.36278,-23.97008],[32.36416,-23.96927],[32.36427,-23.96809],[32.36328,-23.96791],[32.36348,-23.96736],[32.3621,-23.96772],[32.36112,-23.96717],[32.36141,-23.96817],[32.36092,-23.96817],[32.36061,-23.96934],[32.35904,-23.96898],[32.35716,-23.96978]],[[32.37137,-23.96604],[32.37137,-23.96586],[32.37098,-23.96577],[32.37137,-23.96604]],[[32.3761,-23.96678],[32.3761,-23.96669],[32.376,-23.96669],[32.3761,-23.96678]],[[32.35894,-23.96879],[32.35894,-23.96898],[32.35904,-23.96898],[32.35894,-23.96879]],[[32.3561,-23.9657],[32.35718,-23.96616],[32.35797,-23.9658],[32.35748,-23.96526],[32.3561,-23.9657]],[[32.36289,-23.96655],[32.3628,-23.96618],[32.3627,-23.96618],[32.36289,-23.96655]],[[32.3626,-23.96673],[32.3627,-23.96673],[32.3627,-23.96664],[32.3626,-23.96673]],[[32.3624,-23.967],[32.3625,-23.967],[32.3626,-23.96673],[32.3624,-23.967]],[[32.37541,-23.96687],[32.37541,-23.96714],[32.3757,-23.96705],[32.37541,-23.96687]],[[32.37954,-23.96815],[32.37974,-23.96816],[32.37964,-23.96797],[32.37954,-23.96815]],[[32.35541,-23.96543],[32.35521,-23.96552],[32.3557,-23.96606],[32.35541,-23.96543]],[[32.35482,-23.96597],[32.35482,-23.96588],[32.35462,-23.96588],[32.35482,-23.96597]],[[32.35166,-23.96704],[32.35215,-23.96723],[32.35225,-23.96804],[32.35353,-23.96768],[32.35333,-23.96705],[32.35373,-23.9666],[32.35284,-23.96669],[32.35304,-23.96596],[32.35166,-23.96704]],[[32.35817,-23.96644],[32.35827,-23.96617],[32.35787,-23.96607],[32.35817,-23.96644]],[[32.35946,-23.96436],[32.35866,-23.96517],[32.35925,-23.96617],[32.35946,-23.96436]],[[32.36053,-23.96572],[32.36053,-23.9659],[32.36073,-23.9659],[32.36053,-23.96572]],[[32.36122,-23.96618],[32.36122,-23.966],[32.36103,-23.966],[32.36122,-23.96618]],[[32.36171,-23.96645],[32.36191,-23.96618],[32.36171,-23.96609],[32.36171,-23.96645]],[[32.35984,-23.96653],[32.35905,-23.96653],[32.35904,-23.96825],[32.36013,-23.96871],[32.36042,-23.96844],[32.35984,-23.96653]],[[32.36052,-23.96862],[32.36052,-23.96853],[32.36042,-23.96853],[32.36052,-23.96862]],[[32.35688,-23.96815],[32.35707,-23.96788],[32.35678,-23.96788],[32.35688,-23.96815]],[[32.35658,-23.96788],[32.35648,-23.96761],[32.35569,-23.96806],[32.35589,-23.96842],[32.35658,-23.96788]],[[32.35481,-23.9676],[32.35491,-23.96733],[32.35442,-23.96724],[32.35412,-23.96742],[32.35481,-23.9676]],[[32.35392,-23.96723],[32.35392,-23.96741],[32.35412,-23.96733],[32.35392,-23.96723]],[[32.35708,-23.96734],[32.35708,-23.96761],[32.35737,-23.96761],[32.35708,-23.96734]],[[32.35639,-23.96706],[32.35659,-23.96679],[32.35619,-23.96679],[32.35639,-23.96706]],[[32.3556,-23.96697],[32.3556,-23.96679],[32.3555,-23.96679],[32.3556,-23.96697]],[[32.35422,-23.96651],[32.35422,-23.96678],[32.35442,-23.96678],[32.35422,-23.96651]],[[32.36073,-23.96672],[32.36082,-23.96672],[32.36083,-23.96663],[32.36073,-23.96672]],[[32.36063,-23.96681],[32.36073,-23.96681],[32.36073,-23.96672],[32.36063,-23.96681]],[[32.36053,-23.96708],[32.36063,-23.96708],[32.36063,-23.96681],[32.36053,-23.96708]],[[32.36289,-23.96682],[32.36279,-23.967],[32.36388,-23.96718],[32.36349,-23.96664],[32.36289,-23.96682]],[[32.36763,-23.96639],[32.36753,-23.96666],[32.36772,-23.96666],[32.36763,-23.96639]],[[32.36832,-23.96494],[32.36753,-23.96512],[32.36822,-23.96657],[32.36871,-23.96621],[32.36832,-23.96494]],[[32.36615,-23.96611],[32.36595,-23.96547],[32.36576,-23.96556],[32.36615,-23.96611]],[[32.36428,-23.96556],[32.36428,-23.96538],[32.36389,-23.96555],[32.36428,-23.96556]],[[32.36635,-23.96538],[32.36635,-23.96511],[32.36615,-23.9652],[32.36635,-23.96538]],[[32.37048,-23.96631],[32.37048,-23.9664],[32.37058,-23.9664],[32.37048,-23.96631]],[[32.36684,-23.96674],[32.36684,-23.96683],[32.36693,-23.96684],[32.36684,-23.96674]],[[32.37362,-23.96985],[32.37421,-23.97012],[32.3753,-23.96986],[32.37559,-23.96932],[32.37559,-23.97022],[32.37687,-23.97005],[32.37677,-23.96959],[32.37471,-23.9685],[32.3754,-23.96814],[32.37491,-23.96786],[32.37491,-23.96714],[32.37383,-23.96741],[32.37373,-23.9684],[32.37441,-23.96859],[32.37392,-23.96967],[32.37362,-23.96985]],[[32.37353,-23.96813],[32.37343,-23.9684],[32.37363,-23.9684],[32.37353,-23.96813]],[[32.37175,-23.96984],[32.37076,-23.97056],[32.37076,-23.97102],[32.37115,-23.9712],[32.37105,-23.97066],[32.37145,-23.97066],[32.37174,-23.97111],[32.37283,-23.97112],[32.37244,-23.9703],[32.37274,-23.9693],[32.37225,-23.96876],[32.37254,-23.96804],[32.37136,-23.96885],[32.37096,-23.96984],[32.37175,-23.96984]],[[32.37116,-23.96857],[32.37126,-23.96885],[32.37136,-23.96885],[32.37116,-23.96857]],[[32.36762,-23.96802],[32.36742,-23.96847],[32.36722,-23.96801],[32.36624,-23.96819],[32.36614,-23.96882],[32.36682,-23.96946],[32.36702,-23.96874],[32.36811,-23.96901],[32.369,-23.96829],[32.369,-23.96757],[32.36762,-23.96802]],[[32.3688,-23.96865],[32.3688,-23.96893],[32.36899,-23.96893],[32.3688,-23.96865]],[[32.37057,-23.9692],[32.37077,-23.96921],[32.37087,-23.96893],[32.37057,-23.9692]],[[32.37027,-23.96929],[32.37027,-23.96947],[32.37057,-23.96948],[32.37027,-23.96929]],[[32.36466,-23.96782],[32.36456,-23.96791],[32.36476,-23.96791],[32.36496,-23.96755],[32.36466,-23.96737],[32.36466,-23.96782]],[[32.36516,-23.9671],[32.36496,-23.96719],[32.36496,-23.96728],[32.36516,-23.9671]],[[32.36634,-23.96792],[32.36653,-23.96783],[32.36644,-23.96738],[32.36634,-23.96792]],[[32.37215,-23.96758],[32.37215,-23.96767],[32.37225,-23.96767],[32.37215,-23.96758]],[[32.37294,-23.96822],[32.37294,-23.9684],[32.37313,-23.9684],[32.37294,-23.96822]],[[32.37362,-23.96922],[32.37372,-23.9694],[32.37402,-23.96931],[32.37362,-23.96922]],[[32.37303,-23.97012],[32.37332,-23.97012],[32.37323,-23.96976],[32.37303,-23.97012]],[[32.37894,-23.97014],[32.37766,-23.96996],[32.37775,-23.97095],[32.37904,-23.97069],[32.37894,-23.97014]],[[32.38209,-23.97034],[32.38258,-23.97043],[32.38239,-23.96989],[32.38209,-23.97034]],[[32.38032,-23.97042],[32.38042,-23.97006],[32.38012,-23.97006],[32.38032,-23.97042]],[[32.38101,-23.97051],[32.38101,-23.97061],[32.38111,-23.97061],[32.38101,-23.97051]],[[32.37529,-23.97194],[32.37351,-23.97257],[32.37479,-23.97248],[32.37706,-23.9714],[32.37647,-23.97113],[32.37657,-23.9705],[32.37529,-23.97194]],[[32.37578,-23.97212],[32.37578,-23.97221],[32.37587,-23.97221],[32.37578,-23.97212]],[[32.37173,-23.97265],[32.37173,-23.97274],[32.37193,-23.97256],[32.37173,-23.97265]],[[32.37124,-23.97301],[32.37114,-23.97256],[32.37085,-23.97274],[32.37094,-23.97319],[32.37124,-23.97301]],[[32.37193,-23.97347],[32.37222,-23.97329],[32.37222,-23.97301],[32.37163,-23.9731],[32.37193,-23.97347]],[[32.37262,-23.97293],[32.37262,-23.97311],[32.37282,-23.97311],[32.37262,-23.97293]],[[32.36858,-23.97318],[32.36848,-23.97318],[32.36848,-23.97327],[32.36858,-23.97318]],[[32.36868,-23.97309],[32.36858,-23.97309],[32.36858,-23.97318],[32.36868,-23.97309]],[[32.36878,-23.973],[32.36887,-23.97291],[32.36868,-23.97291],[32.36878,-23.973]],[[32.37321,-23.97266],[32.37321,-23.97284],[32.37331,-23.97284],[32.37321,-23.97266]],[[32.37095,-23.97238],[32.37095,-23.97219],[32.37075,-23.97219],[32.37095,-23.97238]],[[32.37193,-23.97211],[32.37193,-23.97238],[32.37213,-23.97229],[32.37193,-23.97211]],[[32.37233,-23.97148],[32.37164,-23.97129],[32.37164,-23.97174],[32.37193,-23.97202],[32.37233,-23.97148]],[[32.37331,-23.97229],[32.37321,-23.97211],[32.37302,-23.9722],[32.37331,-23.97229]],[[32.37351,-23.97184],[32.37361,-23.97221],[32.3743,-23.97194],[32.37401,-23.97148],[32.37351,-23.97184]],[[32.37016,-23.97156],[32.37016,-23.97183],[32.37046,-23.97174],[32.37016,-23.97156]],[[32.37105,-23.97174],[32.37105,-23.97183],[32.37115,-23.97183],[32.37105,-23.97174]],[[32.37351,-23.9713],[32.3748,-23.97121],[32.3744,-23.97103],[32.37351,-23.9713]],[[32.37539,-23.97094],[32.37539,-23.97076],[32.37529,-23.97076],[32.37539,-23.97094]],[[32.37332,-23.97076],[32.37352,-23.97076],[32.37352,-23.97057],[32.37332,-23.97076]],[[32.37411,-23.97067],[32.37411,-23.97058],[32.37391,-23.97058],[32.37391,-23.97076],[32.37411,-23.97067]],[[32.37706,-23.97068],[32.37706,-23.97077],[32.37716,-23.97077],[32.37706,-23.97068]],[[32.37026,-23.97092],[32.37036,-23.97074],[32.37017,-23.97074],[32.37026,-23.97092]],[[32.37066,-23.97002],[32.37037,-23.97038],[32.37096,-23.97029],[32.37066,-23.97002]],[[32.36958,-23.96974],[32.36958,-23.96965],[32.36938,-23.96965],[32.36958,-23.96974]],[[32.38023,-23.9687],[32.38043,-23.96825],[32.37993,-23.96834],[32.38023,-23.9687]],[[32.37668,-23.96869],[32.37668,-23.9686],[32.37658,-23.9686],[32.37668,-23.96869]],[[32.37963,-23.96915],[32.37963,-23.96924],[32.37973,-23.96924],[32.37963,-23.96915]],[[32.3817,-23.96952],[32.3817,-23.9697],[32.3818,-23.9697],[32.3817,-23.96952]],[[32.35639,-23.96634],[32.35639,-23.96616],[32.35629,-23.96616],[32.35639,-23.96634]],[[32.35087,-23.96758],[32.35087,-23.96785],[32.35116,-23.96777],[32.35087,-23.96758]],[[32.35226,-23.96578],[32.35226,-23.96551],[32.35206,-23.9656],[32.35226,-23.96578]],[[32.35078,-23.96496],[32.35078,-23.96514],[32.35098,-23.96514],[32.35078,-23.96496]],[[32.35206,-23.96505],[32.35206,-23.96514],[32.35216,-23.96514],[32.35206,-23.96505]],[[32.35069,-23.96459],[32.35069,-23.96441],[32.35059,-23.96441],[32.35069,-23.96459]],[[32.35039,-23.96405],[32.35049,-23.96387],[32.3502,-23.96378],[32.35039,-23.96405]],[[32.35069,-23.96333],[32.35069,-23.96305],[32.3505,-23.96314],[32.35069,-23.96333]],[[32.3506,-23.9626],[32.35089,-23.96269],[32.35089,-23.96233],[32.3506,-23.9626]],[[32.3485,-23.96803],[32.3485,-23.96775],[32.3483,-23.96775],[32.3485,-23.96803]],[[32.34988,-23.96857],[32.34988,-23.96903],[32.35017,-23.96894],[32.34988,-23.96857]],[[32.36445,-23.96999],[32.36406,-23.97008],[32.36436,-23.97017],[32.36445,-23.96999]],[[32.37005,-23.97355],[32.37005,-23.97364],[32.37025,-23.97364],[32.37005,-23.97355]],[[32.36956,-23.97373],[32.36927,-23.97364],[32.36936,-23.97391],[32.36956,-23.97373]],[[32.37172,-23.97464],[32.37162,-23.97491],[32.37192,-23.97491],[32.37172,-23.97464]],[[32.36965,-23.9759],[32.36955,-23.97545],[32.36876,-23.97545],[32.36896,-23.97635],[32.36965,-23.9759]],[[32.3664,-23.9758],[32.3659,-23.97571],[32.3661,-23.97652],[32.36649,-23.97652],[32.3664,-23.9758]],[[32.36827,-23.97671],[32.36836,-23.97644],[32.36807,-23.97644],[32.36787,-23.97671],[32.36827,-23.97671]],[[32.36344,-23.97687],[32.36294,-23.97651],[32.36284,-23.97678],[32.36314,-23.97714],[32.36344,-23.97687]],[[32.36491,-23.97697],[32.36491,-23.97715],[32.36501,-23.97715],[32.36491,-23.97697]],[[32.36452,-23.97606],[32.36432,-23.97633],[32.36462,-23.97642],[32.36452,-23.97606]],[[32.36857,-23.97581],[32.36857,-23.97563],[32.36817,-23.97562],[32.36857,-23.97581]],[[32.36788,-23.97535],[32.36788,-23.97553],[32.36817,-23.97562],[32.36788,-23.97535]],[[32.36402,-23.97724],[32.36402,-23.97742],[32.36461,-23.97778],[32.36462,-23.97733],[32.36402,-23.97724]],[[32.36303,-23.97823],[32.36363,-23.9776],[32.36324,-23.97741],[32.36254,-23.97795],[32.36303,-23.97823]],[[32.36432,-23.97787],[32.36392,-23.97796],[32.36402,-23.97814],[32.36432,-23.97787]],[[32.36057,-23.97849],[32.36066,-23.97921],[32.36106,-23.97922],[32.36057,-23.97849]],[[32.3579,-23.97938],[32.3579,-23.97947],[32.3582,-23.97948],[32.3579,-23.97938]],[[32.35465,-23.97892],[32.35465,-23.97919],[32.35485,-23.97919],[32.35465,-23.97892]],[[32.34224,-23.97832],[32.34214,-23.97823],[32.34234,-23.97878],[32.34263,-23.97841],[32.34224,-23.97832]],[[32.34441,-23.97833],[32.34441,-23.97851],[32.34451,-23.97851],[32.34441,-23.97833]],[[32.34322,-23.97869],[32.34322,-23.97887],[32.34342,-23.97887],[32.34322,-23.97869]],[[32.34205,-23.97769],[32.34205,-23.97751],[32.34185,-23.97751],[32.34205,-23.97769]],[[32.34166,-23.97696],[32.34166,-23.97678],[32.34156,-23.97678],[32.34166,-23.97696]],[[32.33871,-23.97514],[32.33871,-23.97505],[32.33851,-23.97505],[32.33871,-23.97514]],[[32.35593,-23.98019],[32.35593,-23.9801],[32.35573,-23.98028],[32.35593,-23.98019]],[[32.35741,-23.98056],[32.35741,-23.98038],[32.35721,-23.98038],[32.35741,-23.98056]],[[32.38277,-23.97297],[32.38336,-23.9727],[32.38307,-23.97252],[32.38277,-23.97297]],[[32.38356,-23.97333],[32.38366,-23.97306],[32.38346,-23.97297],[32.38356,-23.97333]],[[32.38502,-23.97642],[32.38482,-23.97596],[32.38463,-23.97605],[32.38502,-23.97642]],[[32.38719,-23.9767],[32.38709,-23.97697],[32.38728,-23.97697],[32.38719,-23.9767]],[[32.38403,-23.97714],[32.38413,-23.97741],[32.38433,-23.97741],[32.38403,-23.97714]],[[32.38112,-23.9678],[32.38112,-23.96762],[32.38102,-23.96762],[32.38112,-23.9678]],[[32.37226,-23.96523],[32.37256,-23.96514],[32.37246,-23.96496],[32.37226,-23.96523]],[[32.35966,-23.96355],[32.35936,-23.96363],[32.35946,-23.96391],[32.35966,-23.96355]],[[32.36173,-23.96283],[32.36173,-23.9631],[32.36203,-23.96301],[32.36173,-23.96283]]],[[[32.4023,-23.96987],[32.40269,-23.96997],[32.40259,-23.9706],[32.402,-23.97024],[32.4023,-23.96987]]],[[[32.34544,-23.97],[32.34554,-23.96955],[32.34613,-23.96974],[32.34544,-23.97]]],[[[32.40397,-23.96979],[32.40397,-23.97024],[32.40367,-23.97006],[32.40427,-23.96934],[32.40456,-23.9697],[32.40397,-23.96979]]],[[[32.35549,-23.96969],[32.35539,-23.96941],[32.35667,-23.96924],[32.35628,-23.96987],[32.35549,-23.96969]]],[[[32.34474,-23.97027],[32.34396,-23.96973],[32.34436,-23.96864],[32.34574,-23.9691],[32.34474,-23.97027]],[[32.34436,-23.96891],[32.34455,-23.96937],[32.34485,-23.96928],[32.34436,-23.96891]]],[[[32.34721,-23.96956],[32.34731,-23.96893],[32.3483,-23.96893],[32.3481,-23.96929],[32.34751,-23.96902],[32.34721,-23.96956]]],[[[32.34879,-23.96911],[32.3483,-23.96893],[32.34889,-23.9683],[32.34879,-23.96911]]],[[[32.39944,-23.96914],[32.39885,-23.96841],[32.39954,-23.96851],[32.39935,-23.96814],[32.39945,-23.96787],[32.40033,-23.96815],[32.39944,-23.96914]]],[[[32.36801,-23.9682],[32.36811,-23.96865],[32.36742,-23.96874],[32.36801,-23.9682]]],[[[32.38427,-23.96908],[32.38348,-23.96889],[32.38328,-23.96935],[32.38279,-23.96817],[32.38349,-23.96754],[32.38427,-23.96754],[32.38496,-23.96863],[32.38427,-23.96908]]],[[[32.4027,-23.96825],[32.40378,-23.96825],[32.40417,-23.96861],[32.40319,-23.96852],[32.4027,-23.96825]],[[32.40378,-23.96852],[32.40388,-23.96852],[32.40388,-23.96843],[32.40378,-23.96852]]],[[[32.33421,-23.96851],[32.335,-23.96851],[32.33499,-23.96915],[32.3343,-23.96932],[32.33307,-23.9676],[32.33431,-23.96806],[32.33421,-23.96851]]],[[[32.3418,-23.96827],[32.342,-23.96773],[32.34298,-23.96791],[32.3418,-23.96827]]],[[[32.40191,-23.96797],[32.40053,-23.96769],[32.40113,-23.96733],[32.40142,-23.9677],[32.40182,-23.96679],[32.40221,-23.96761],[32.40191,-23.96797]]],[[[32.38467,-23.96736],[32.38615,-23.96655],[32.38625,-23.96691],[32.38555,-23.96764],[32.38467,-23.96736]]],[[[32.34319,-23.96637],[32.3425,-23.96637],[32.34191,-23.96564],[32.34299,-23.96565],[32.34319,-23.96619],[32.34349,-23.96601],[32.34388,-23.96601],[32.34496,-23.96674],[32.34476,-23.96747],[32.34417,-23.96674],[32.34348,-23.96764],[32.34259,-23.96746],[32.34319,-23.96637]],[[32.34358,-23.96619],[32.34358,-23.9661],[32.34348,-23.9661],[32.34358,-23.96619]],[[32.34378,-23.96629],[32.34378,-23.96619],[32.34358,-23.96619],[32.34378,-23.96629]],[[32.34378,-23.96665],[32.34378,-23.96674],[32.34397,-23.96674],[32.34378,-23.96665]]],[[[32.38497,-23.96618],[32.38428,-23.96709],[32.38309,-23.96681],[32.38359,-23.96627],[32.38497,-23.96618]]],[[[32.33213,-23.96674],[32.33123,-23.96514],[32.33179,-23.96546],[32.33213,-23.96674]]],[[[32.34063,-23.96464],[32.34113,-23.96464],[32.34122,-23.9651],[32.34063,-23.96464]]],[[[32.40213,-23.9639],[32.40282,-23.9639],[32.40262,-23.96426],[32.40213,-23.9639]]],[[[32.34882,-23.96332],[32.34891,-23.96441],[32.34803,-23.9644],[32.34862,-23.96404],[32.34813,-23.96368],[32.34833,-23.96304],[32.34882,-23.96332]]],[[[32.35562,-23.96308],[32.35611,-23.96281],[32.35562,-23.96335],[32.35532,-23.96298],[32.35562,-23.96308]]],[[[32.35355,-23.96298],[32.35247,-23.96297],[32.35238,-23.96161],[32.35297,-23.96162],[32.35277,-23.96243],[32.35355,-23.96298]]],[[[32.33632,-23.96118],[32.33543,-23.96045],[32.33642,-23.96073],[32.33632,-23.96118]]],[[[32.33278,-23.95854],[32.33308,-23.95836],[32.33317,-23.95927],[32.33268,-23.95908],[32.33278,-23.95854]]],[[[32.3741,-23.95256],[32.37439,-23.95301],[32.3739,-23.9531],[32.3736,-23.95274],[32.3741,-23.95256]]],[[[32.47229,-24.08341],[32.47269,-24.08332],[32.47268,-24.08396],[32.47219,-24.08395],[32.47229,-24.08341]]],[[[32.4786,-24.08396],[32.47855,-24.08189],[32.47891,-24.0819],[32.479,-24.08316],[32.4786,-24.08325],[32.479,-24.08362],[32.4786,-24.08396]]],[[[32.46499,-24.08357],[32.46479,-24.08357],[32.4648,-24.08248],[32.46549,-24.08221],[32.46569,-24.08257],[32.46509,-24.08284],[32.46499,-24.08357]]],[[[32.47832,-24.08347],[32.47733,-24.08219],[32.47856,-24.08108],[32.47832,-24.08347]]],[[[32.46589,-24.0814],[32.46648,-24.08131],[32.46608,-24.08185],[32.46589,-24.0814]]],[[[32.46521,-24.07967],[32.46491,-24.07922],[32.4657,-24.07931],[32.4653,-24.08058],[32.46412,-24.08049],[32.46363,-24.07985],[32.46303,-24.08021],[32.46254,-24.0793],[32.46333,-24.07912],[32.46185,-24.07903],[32.46215,-24.07858],[32.46324,-24.07894],[32.46363,-24.07858],[32.46521,-24.07967]],[[32.46363,-24.07894],[32.46373,-24.07894],[32.46373,-24.07885],[32.46363,-24.07894]],[[32.46383,-24.07931],[32.46383,-24.07958],[32.46412,-24.07949],[32.46383,-24.07931]]],[[[32.46268,-24.04779],[32.46189,-24.04589],[32.46298,-24.04616],[32.46219,-24.04544],[32.46308,-24.04526],[32.46377,-24.04607],[32.46356,-24.04789],[32.46425,-24.04753],[32.46455,-24.04816],[32.46504,-24.04807],[32.46415,-24.04888],[32.46504,-24.04916],[32.46504,-24.04871],[32.46563,-24.04871],[32.46553,-24.04907],[32.46632,-24.04943],[32.46681,-24.04889],[32.46671,-24.05007],[32.46523,-24.04934],[32.46464,-24.0497],[32.46405,-24.04897],[32.46366,-24.04915],[32.46405,-24.05006],[32.46277,-24.04987],[32.46316,-24.05069],[32.46276,-24.05087],[32.46276,-24.05223],[32.46355,-24.05178],[32.46306,-24.05096],[32.46394,-24.05115],[32.46434,-24.0506],[32.46463,-24.05205],[32.46512,-24.05242],[32.46482,-24.05314],[32.46463,-24.05269],[32.46394,-24.05278],[32.46285,-24.05359],[32.46226,-24.05331],[32.46196,-24.05386],[32.46206,-24.05467],[32.46304,-24.05431],[32.46343,-24.05522],[32.46393,-24.05504],[32.46344,-24.05459],[32.46344,-24.0535],[32.46394,-24.05305],[32.46442,-24.05441],[32.46482,-24.05441],[32.46472,-24.05341],[32.4658,-24.0545],[32.4661,-24.05405],[32.46649,-24.05442],[32.46748,-24.05415],[32.4662,-24.05505],[32.4658,-24.05468],[32.46551,-24.05486],[32.4659,-24.05568],[32.46669,-24.05505],[32.46747,-24.0556],[32.46659,-24.0555],[32.46629,-24.05623],[32.4654,-24.0555],[32.4656,-24.05622],[32.46501,-24.05667],[32.4654,-24.05686],[32.46451,-24.05712],[32.465,-24.0574],[32.4647,-24.05812],[32.4653,-24.05794],[32.4653,-24.05749],[32.46569,-24.05776],[32.46519,-24.05885],[32.46568,-24.05921],[32.4645,-24.05957],[32.46549,-24.05948],[32.46479,-24.05984],[32.46459,-24.06066],[32.46518,-24.06156],[32.46568,-24.06138],[32.46587,-24.06247],[32.47002,-24.06095],[32.47051,-24.06113],[32.4708,-24.06213],[32.47218,-24.06159],[32.47189,-24.06068],[32.47268,-24.0605],[32.47219,-24.06005],[32.47219,-24.05932],[32.47387,-24.06015],[32.47347,-24.06141],[32.47396,-24.06178],[32.47327,-24.06204],[32.47258,-24.06123],[32.47277,-24.06186],[32.47178,-24.06258],[32.47178,-24.06331],[32.47286,-24.06385],[32.47267,-24.0644],[32.47346,-24.06358],[32.47444,-24.06467],[32.47335,-24.06521],[32.47503,-24.06585],[32.47443,-24.0663],[32.47482,-24.06694],[32.47433,-24.06712],[32.47394,-24.06676],[32.47354,-24.06712],[32.47393,-24.06748],[32.47157,-24.06765],[32.47255,-24.06802],[32.47265,-24.0692],[32.47373,-24.06947],[32.47304,-24.06956],[32.47274,-24.07128],[32.47156,-24.06974],[32.47156,-24.07037],[32.46978,-24.07045],[32.47017,-24.07145],[32.47106,-24.07164],[32.47165,-24.07091],[32.47234,-24.07218],[32.47086,-24.07236],[32.47194,-24.07363],[32.47085,-24.07354],[32.47065,-24.0739],[32.47223,-24.07427],[32.47173,-24.07535],[32.47272,-24.07526],[32.47232,-24.07599],[32.47302,-24.07517],[32.47361,-24.07545],[32.4736,-24.07599],[32.47439,-24.07599],[32.474,-24.07572],[32.47449,-24.07536],[32.4743,-24.07482],[32.47519,-24.07409],[32.4744,-24.074],[32.47362,-24.0721],[32.4749,-24.07237],[32.47421,-24.07246],[32.47421,-24.07291],[32.47569,-24.0731],[32.47618,-24.07238],[32.47599,-24.07183],[32.47638,-24.07156],[32.47688,-24.07193],[32.47708,-24.06985],[32.47777,-24.06912],[32.47827,-24.06931],[32.47867,-24.06795],[32.47916,-24.06886],[32.48014,-24.06895],[32.48043,-24.06959],[32.4826,-24.06959],[32.4825,-24.06992],[32.48063,-24.07049],[32.47992,-24.07165],[32.47958,-24.07271],[32.47989,-24.07423],[32.47943,-24.07447],[32.4797,-24.07483],[32.47925,-24.07592],[32.47873,-24.0761],[32.4792,-24.0761],[32.47852,-24.07884],[32.47766,-24.07995],[32.47786,-24.08125],[32.4769,-24.08249],[32.4785,-24.08447],[32.4785,-24.08479],[32.48116,-24.08543],[32.48027,-24.08579],[32.47958,-24.08525],[32.4785,-24.08524],[32.47909,-24.08579],[32.47918,-24.08642],[32.47978,-24.0857],[32.48086,-24.0867],[32.48007,-24.0867],[32.48027,-24.08724],[32.48115,-24.08725],[32.48145,-24.0877],[32.48046,-24.08842],[32.48094,-24.08996],[32.48154,-24.09005],[32.48095,-24.08942],[32.48105,-24.08887],[32.48184,-24.08879],[32.48165,-24.0867],[32.48273,-24.08689],[32.48195,-24.08517],[32.4829,-24.08622],[32.48268,-24.08825],[32.48126,-24.09071],[32.481,-24.09499],[32.48412,-24.09956],[32.48426,-24.10048],[32.48522,-24.10118],[32.48633,-24.10388],[32.49231,-24.10948],[32.4927,-24.1111],[32.49191,-24.11128],[32.4921,-24.11236],[32.49141,-24.11173],[32.49181,-24.11137],[32.49151,-24.11091],[32.49033,-24.11118],[32.49152,-24.1101],[32.49162,-24.11001],[32.49152,-24.10956],[32.49122,-24.11001],[32.49093,-24.10955],[32.48974,-24.11],[32.48984,-24.11091],[32.48875,-24.1109],[32.48954,-24.11118],[32.48924,-24.11154],[32.48963,-24.11236],[32.49082,-24.11182],[32.49052,-24.11245],[32.49091,-24.11327],[32.49012,-24.11354],[32.48973,-24.11308],[32.48992,-24.1139],[32.48943,-24.11353],[32.48894,-24.11389],[32.48874,-24.11326],[32.48934,-24.11245],[32.48894,-24.1129],[32.48845,-24.11262],[32.48846,-24.1109],[32.48678,-24.11026],[32.48698,-24.10954],[32.48767,-24.10972],[32.48817,-24.10846],[32.48886,-24.10864],[32.48876,-24.10792],[32.48798,-24.10782],[32.48709,-24.1061],[32.48522,-24.10709],[32.48591,-24.10591],[32.48562,-24.1041],[32.48474,-24.10347],[32.48405,-24.10355],[32.48435,-24.10265],[32.48366,-24.10229],[32.48355,-24.10391],[32.48267,-24.10364],[32.48247,-24.10427],[32.48197,-24.10418],[32.48197,-24.10527],[32.48138,-24.1049],[32.48119,-24.10364],[32.48,-24.10336],[32.4803,-24.10236],[32.48079,-24.10318],[32.48168,-24.103],[32.48129,-24.10237],[32.48188,-24.10192],[32.48179,-24.10146],[32.48346,-24.10201],[32.48366,-24.10129],[32.48317,-24.1012],[32.48307,-24.10083],[32.48357,-24.10047],[32.48248,-24.10101],[32.48248,-24.10056],[32.48179,-24.10038],[32.48179,-24.09992],[32.48238,-24.09984],[32.48042,-24.0982],[32.48081,-24.09775],[32.47973,-24.09774],[32.47993,-24.09711],[32.47756,-24.09783],[32.47796,-24.09593],[32.47895,-24.09593],[32.47895,-24.09566],[32.47816,-24.09557],[32.47758,-24.09312],[32.47679,-24.09194],[32.47778,-24.09113],[32.47748,-24.09203],[32.47827,-24.09213],[32.47789,-24.0904],[32.47838,-24.08977],[32.47749,-24.08959],[32.47709,-24.09085],[32.4766,-24.09094],[32.4769,-24.09131],[32.47591,-24.09139],[32.47562,-24.09012],[32.47601,-24.09049],[32.47601,-24.09003],[32.47483,-24.08976],[32.47553,-24.08804],[32.47513,-24.08786],[32.47503,-24.08831],[32.47514,-24.08722],[32.47445,-24.0874],[32.47367,-24.08514],[32.47298,-24.08477],[32.47347,-24.08468],[32.47308,-24.08414],[32.47338,-24.08305],[32.4717,-24.08305],[32.47111,-24.08178],[32.46993,-24.0815],[32.47042,-24.08295],[32.4718,-24.08359],[32.4712,-24.08422],[32.47209,-24.0845],[32.47091,-24.08467],[32.47051,-24.08422],[32.47012,-24.08485],[32.46804,-24.08503],[32.46864,-24.08358],[32.46677,-24.08249],[32.46727,-24.08195],[32.46668,-24.08113],[32.46727,-24.0805],[32.46629,-24.07995],[32.46658,-24.08104],[32.46589,-24.08058],[32.46619,-24.07904],[32.46767,-24.08023],[32.46758,-24.07869],[32.46866,-24.0786],[32.46876,-24.07969],[32.46964,-24.07987],[32.46993,-24.08096],[32.47072,-24.08078],[32.47003,-24.08051],[32.47004,-24.07969],[32.47083,-24.07988],[32.47112,-24.0797],[32.47014,-24.07906],[32.46955,-24.0796],[32.46915,-24.07887],[32.46995,-24.07824],[32.47005,-24.07707],[32.46926,-24.07706],[32.46955,-24.07761],[32.46906,-24.07751],[32.46896,-24.07842],[32.46866,-24.07851],[32.46857,-24.07706],[32.46907,-24.07652],[32.46837,-24.07652],[32.46828,-24.07588],[32.46818,-24.07661],[32.46709,-24.07615],[32.46749,-24.07597],[32.46729,-24.07534],[32.46661,-24.07497],[32.4671,-24.07461],[32.46651,-24.07452],[32.46681,-24.07398],[32.46612,-24.07406],[32.46592,-24.07289],[32.46474,-24.07333],[32.46454,-24.07288],[32.46365,-24.07315],[32.46326,-24.0726],[32.46464,-24.0727],[32.46524,-24.07225],[32.46504,-24.07171],[32.46573,-24.07162],[32.46524,-24.07044],[32.46485,-24.07044],[32.46476,-24.06926],[32.46397,-24.06944],[32.46279,-24.06853],[32.46209,-24.06907],[32.4616,-24.06861],[32.46259,-24.06789],[32.46082,-24.06734],[32.46082,-24.06671],[32.46023,-24.06716],[32.45974,-24.06607],[32.45826,-24.06625],[32.45816,-24.06534],[32.45659,-24.06516],[32.45787,-24.06471],[32.45856,-24.06543],[32.45945,-24.06526],[32.46023,-24.06626],[32.46063,-24.06544],[32.46171,-24.06581],[32.46261,-24.06436],[32.46241,-24.06373],[32.46202,-24.06391],[32.46143,-24.06291],[32.46094,-24.06291],[32.46084,-24.06227],[32.45966,-24.06173],[32.45986,-24.06046],[32.45937,-24.06082],[32.45849,-24.05937],[32.45848,-24.06009],[32.45789,-24.05964],[32.45602,-24.05999],[32.45582,-24.05963],[32.45493,-24.06008],[32.45503,-24.05936],[32.45651,-24.059],[32.45671,-24.05936],[32.45691,-24.05891],[32.45869,-24.05864],[32.45819,-24.05846],[32.45859,-24.0571],[32.45811,-24.05593],[32.4587,-24.05566],[32.4586,-24.05511],[32.45949,-24.0553],[32.45929,-24.05484],[32.45998,-24.05475],[32.45969,-24.0543],[32.46009,-24.0534],[32.46088,-24.05322],[32.46068,-24.05249],[32.46009,-24.05231],[32.46029,-24.05168],[32.45882,-24.05068],[32.45971,-24.05032],[32.4601,-24.04977],[32.45981,-24.04932],[32.46099,-24.05005],[32.46178,-24.04951],[32.46217,-24.0496],[32.46237,-24.04942],[32.46287,-24.04951],[32.46306,-24.04906],[32.46248,-24.04852],[32.46268,-24.04779]],[[32.46453,-24.05214],[32.46463,-24.05214],[32.46463,-24.05205],[32.46453,-24.05214]],[[32.47327,-24.0615],[32.47347,-24.0615],[32.47347,-24.06141],[32.47327,-24.0615]],[[32.47076,-24.07227],[32.47076,-24.07236],[32.47086,-24.07236],[32.47076,-24.07227]],[[32.48026,-24.08833],[32.48026,-24.08842],[32.48046,-24.08842],[32.48026,-24.08833]],[[32.49142,-24.11082],[32.49191,-24.11019],[32.49152,-24.1101],[32.49142,-24.11082]],[[32.48494,-24.10338],[32.48474,-24.10338],[32.48474,-24.10347],[32.48494,-24.10338]],[[32.47437,-24.08215],[32.47329,-24.08106],[32.47259,-24.0816],[32.47338,-24.08305],[32.47437,-24.08215]],[[32.46315,-24.0525],[32.46256,-24.05241],[32.46206,-24.05295],[32.46315,-24.05305],[32.46315,-24.0525]],[[32.46492,-24.05387],[32.46502,-24.05387],[32.46502,-24.05378],[32.46492,-24.05387]],[[32.46402,-24.0564],[32.46402,-24.05712],[32.465,-24.05676],[32.46402,-24.0564]],[[32.47041,-24.06204],[32.47051,-24.06204],[32.47051,-24.06194],[32.47041,-24.06204]],[[32.4704,-24.06285],[32.4707,-24.06285],[32.4707,-24.06231],[32.47031,-24.06203],[32.4704,-24.06285]],[[32.4708,-24.06222],[32.4707,-24.06222],[32.4707,-24.06231],[32.4708,-24.06222]],[[32.47238,-24.06096],[32.47219,-24.06095],[32.47219,-24.06105],[32.47238,-24.06096]],[[32.47337,-24.06105],[32.47288,-24.06069],[32.47288,-24.06123],[32.47337,-24.06105]],[[32.47365,-24.0644],[32.47375,-24.0644],[32.47375,-24.06431],[32.47365,-24.0644]],[[32.47433,-24.06676],[32.47433,-24.06685],[32.47443,-24.06685],[32.47433,-24.06676]],[[32.47558,-24.07464],[32.47568,-24.0741],[32.47519,-24.07428],[32.47558,-24.07464]],[[32.47823,-24.07881],[32.47823,-24.0789],[32.47833,-24.0789],[32.47823,-24.07881]],[[32.478,-24.08615],[32.4783,-24.08642],[32.47889,-24.08588],[32.478,-24.08615]],[[32.49162,-24.10919],[32.49152,-24.10901],[32.49113,-24.10928],[32.49162,-24.10919]],[[32.49073,-24.10946],[32.49073,-24.10955],[32.49083,-24.10955],[32.49073,-24.10946]],[[32.48484,-24.10283],[32.48494,-24.10229],[32.48435,-24.10256],[32.48484,-24.10283]],[[32.4803,-24.10327],[32.4802,-24.10327],[32.4802,-24.10336],[32.4803,-24.10327]],[[32.48248,-24.10002],[32.48248,-24.09993],[32.48238,-24.09993],[32.48248,-24.10002]],[[32.4817,-24.09866],[32.4814,-24.09856],[32.4814,-24.09875],[32.4817,-24.09866]],[[32.47828,-24.09104],[32.47818,-24.09104],[32.47818,-24.09113],[32.47828,-24.09104]],[[32.4764,-24.09085],[32.4764,-24.09076],[32.47601,-24.09085],[32.4764,-24.09085]],[[32.4765,-24.09067],[32.4764,-24.09067],[32.4764,-24.09076],[32.4765,-24.09067]],[[32.4769,-24.0904],[32.4766,-24.09022],[32.4765,-24.09067],[32.4769,-24.0904]],[[32.47201,-24.08069],[32.47161,-24.08096],[32.4723,-24.08169],[32.4726,-24.08133],[32.47201,-24.08069]],[[32.47151,-24.08241],[32.4717,-24.08241],[32.47131,-24.08114],[32.47151,-24.08241]],[[32.46856,-24.07905],[32.46846,-24.07878],[32.46837,-24.07878],[32.46856,-24.07905]],[[32.46856,-24.07996],[32.46846,-24.08023],[32.46905,-24.08032],[32.46856,-24.07996]],[[32.4634,-24.06409],[32.46379,-24.06319],[32.46241,-24.06364],[32.4634,-24.06409]],[[32.46015,-24.06155],[32.45996,-24.06146],[32.45986,-24.06173],[32.46015,-24.06155]],[[32.45879,-24.05846],[32.45869,-24.05846],[32.45869,-24.05855],[32.45879,-24.05846]],[[32.45888,-24.05837],[32.45898,-24.05828],[32.45879,-24.05828],[32.45888,-24.05837]],[[32.46257,-24.0496],[32.46267,-24.0496],[32.46267,-24.04951],[32.46257,-24.0496]],[[32.46247,-24.04969],[32.46257,-24.04969],[32.46257,-24.0496],[32.46247,-24.04969]],[[32.46237,-24.04978],[32.46247,-24.04978],[32.46247,-24.04969],[32.46237,-24.04978]],[[32.46187,-24.05186],[32.46187,-24.05168],[32.46157,-24.05168],[32.46187,-24.05186]],[[32.46207,-24.0515],[32.46207,-24.05132],[32.46187,-24.05132],[32.46207,-24.0515]],[[32.46168,-24.05114],[32.46168,-24.05123],[32.46187,-24.05132],[32.46168,-24.05114]],[[32.4598,-24.05122],[32.4601,-24.05131],[32.4599,-24.0505],[32.4598,-24.05122]],[[32.46069,-24.05023],[32.4606,-24.04996],[32.46,-24.05023],[32.46069,-24.05023]],[[32.46317,-24.04843],[32.46327,-24.04807],[32.46277,-24.04852],[32.46317,-24.04843]],[[32.46376,-24.04825],[32.46376,-24.04834],[32.46386,-24.04834],[32.46376,-24.04825]],[[32.46317,-24.0477],[32.46317,-24.04761],[32.46307,-24.04761],[32.46317,-24.0477]],[[32.46127,-24.05259],[32.46127,-24.05277],[32.46167,-24.05277],[32.46127,-24.05259]],[[32.46127,-24.05403],[32.46156,-24.05413],[32.46157,-24.05385],[32.46127,-24.05403]],[[32.46107,-24.05503],[32.46127,-24.05422],[32.46028,-24.05385],[32.46107,-24.05503]],[[32.46136,-24.05494],[32.46136,-24.05503],[32.46146,-24.05503],[32.46136,-24.05494]],[[32.46235,-24.05513],[32.46225,-24.05531],[32.46254,-24.05549],[32.46284,-24.05513],[32.46235,-24.05513]],[[32.46215,-24.05576],[32.46155,-24.05684],[32.46323,-24.05685],[32.46352,-24.05721],[32.46382,-24.0564],[32.46323,-24.05631],[32.46343,-24.05558],[32.46304,-24.05522],[32.46215,-24.05576]],[[32.46185,-24.05576],[32.46215,-24.05567],[32.46205,-24.0554],[32.46185,-24.05576]],[[32.45959,-24.05575],[32.46008,-24.05602],[32.45998,-24.05557],[32.45959,-24.05575]],[[32.45909,-24.05593],[32.45958,-24.05584],[32.45959,-24.05575],[32.45909,-24.05593]],[[32.46077,-24.05557],[32.46077,-24.05566],[32.46087,-24.05566],[32.46077,-24.05557]],[[32.46393,-24.05531],[32.46383,-24.05558],[32.46442,-24.05577],[32.46471,-24.05531],[32.46393,-24.05531]],[[32.46521,-24.05541],[32.4655,-24.05532],[32.46521,-24.05495],[32.46521,-24.05541]],[[32.46273,-24.05811],[32.46313,-24.05766],[32.46224,-24.05748],[32.46184,-24.05793],[32.46204,-24.05721],[32.46155,-24.05711],[32.46105,-24.05829],[32.46273,-24.05811]],[[32.46372,-24.05757],[32.46372,-24.05776],[32.46382,-24.05776],[32.46372,-24.05757]],[[32.46441,-24.05776],[32.46441,-24.05785],[32.46451,-24.05785],[32.46441,-24.05776]],[[32.46431,-24.05812],[32.46431,-24.05821],[32.46441,-24.05821],[32.46431,-24.05812]],[[32.46312,-24.05839],[32.46312,-24.05848],[32.46322,-24.05848],[32.46312,-24.05839]],[[32.46421,-24.05848],[32.4644,-24.05894],[32.465,-24.05876],[32.46421,-24.05848]],[[32.46519,-24.05894],[32.46519,-24.05912],[32.46529,-24.05912],[32.46519,-24.05894]],[[32.46361,-24.05975],[32.46411,-24.05912],[32.46302,-24.05911],[32.46361,-24.05975]],[[32.46144,-24.05965],[32.46144,-24.05929],[32.46125,-24.05929],[32.46144,-24.05965]],[[32.46203,-24.05956],[32.46204,-24.05938],[32.46184,-24.05938],[32.46203,-24.05956]],[[32.45957,-24.05919],[32.45957,-24.0591],[32.45947,-24.0591],[32.45957,-24.05919]],[[32.46184,-24.05884],[32.46164,-24.05884],[32.46164,-24.05902],[32.46184,-24.05884]],[[32.46194,-24.05875],[32.46184,-24.05875],[32.46184,-24.05884],[32.46194,-24.05875]],[[32.46204,-24.05866],[32.46194,-24.05866],[32.46194,-24.05875],[32.46204,-24.05866]],[[32.46017,-24.05856],[32.46016,-24.05874],[32.46036,-24.05874],[32.46017,-24.05856]],[[32.45987,-24.05865],[32.45987,-24.05856],[32.45967,-24.05856],[32.45987,-24.05865]],[[32.46342,-24.05875],[32.46372,-24.05857],[32.46352,-24.05857],[32.46342,-24.05875]],[[32.46253,-24.05884],[32.46253,-24.05902],[32.46273,-24.05902],[32.46253,-24.05884]],[[32.45928,-24.05756],[32.45928,-24.05747],[32.45918,-24.05747],[32.45928,-24.05756]],[[32.45909,-24.05665],[32.45919,-24.05692],[32.45938,-24.05684],[32.45909,-24.05665]],[[32.46017,-24.05684],[32.46037,-24.05657],[32.45998,-24.05657],[32.46017,-24.05684]],[[32.46077,-24.0563],[32.46086,-24.05648],[32.46106,-24.05639],[32.46077,-24.0563]],[[32.45701,-24.05945],[32.4571,-24.05945],[32.4571,-24.05936],[32.45701,-24.05945]],[[32.45691,-24.05954],[32.45701,-24.05954],[32.45701,-24.05945],[32.45691,-24.05954]],[[32.45671,-24.05972],[32.45691,-24.05963],[32.45691,-24.05954],[32.45671,-24.05972]],[[32.46085,-24.05974],[32.46085,-24.05992],[32.46105,-24.05992],[32.46085,-24.05974]],[[32.4643,-24.06029],[32.4644,-24.06002],[32.4642,-24.05993],[32.4643,-24.06029]],[[32.46391,-24.06011],[32.46302,-24.05993],[32.46341,-24.06029],[32.46351,-24.06065],[32.46391,-24.06011]],[[32.46045,-24.06064],[32.46045,-24.06028],[32.46026,-24.06037],[32.46045,-24.06064]],[[32.45947,-24.05991],[32.45917,-24.05982],[32.45927,-24.06019],[32.45947,-24.05991]],[[32.46183,-24.06028],[32.46183,-24.06038],[32.46203,-24.06047],[32.46233,-24.06029],[32.46183,-24.06028]],[[32.46213,-24.06083],[32.46213,-24.06065],[32.46193,-24.06065],[32.46213,-24.06083]],[[32.46094,-24.06101],[32.46094,-24.0611],[32.46104,-24.0611],[32.46094,-24.06101]],[[32.46154,-24.0611],[32.46153,-24.06128],[32.46163,-24.06128],[32.46154,-24.0611]],[[32.46055,-24.0611],[32.46055,-24.061],[32.46045,-24.061],[32.46055,-24.0611]],[[32.46124,-24.06164],[32.46084,-24.06164],[32.46084,-24.06191],[32.46124,-24.06164]],[[32.46409,-24.06292],[32.464,-24.06237],[32.46528,-24.0622],[32.4639,-24.06183],[32.4635,-24.0621],[32.4636,-24.06292],[32.46409,-24.06292]],[[32.46705,-24.06266],[32.46705,-24.06311],[32.46735,-24.06302],[32.46705,-24.06266]],[[32.46961,-24.06276],[32.46961,-24.06285],[32.46981,-24.06294],[32.46961,-24.06276]],[[32.46932,-24.06339],[32.46942,-24.06312],[32.46912,-24.06294],[32.46932,-24.06339]],[[32.46961,-24.0633],[32.46961,-24.06348],[32.46991,-24.06348],[32.46961,-24.0633]],[[32.46823,-24.06348],[32.46833,-24.06321],[32.46794,-24.06311],[32.46823,-24.06348]],[[32.46616,-24.06329],[32.46557,-24.06347],[32.46567,-24.06365],[32.46616,-24.06383],[32.46616,-24.06329]],[[32.47001,-24.06375],[32.47069,-24.06421],[32.4706,-24.06367],[32.47001,-24.06375]],[[32.47217,-24.06421],[32.47217,-24.06403],[32.47178,-24.06385],[32.47217,-24.06421]],[[32.46971,-24.06421],[32.46971,-24.06402],[32.46961,-24.06402],[32.46971,-24.06421]],[[32.46438,-24.06437],[32.46438,-24.06419],[32.46409,-24.0641],[32.46438,-24.06437]],[[32.46655,-24.06429],[32.46655,-24.06447],[32.46665,-24.06447],[32.46655,-24.06429]],[[32.46872,-24.06466],[32.46872,-24.0652],[32.46793,-24.06565],[32.46862,-24.06574],[32.46871,-24.06683],[32.4694,-24.06683],[32.4698,-24.06593],[32.46921,-24.06547],[32.4702,-24.06511],[32.47019,-24.06566],[32.47118,-24.06548],[32.47108,-24.0662],[32.47029,-24.06665],[32.47098,-24.06656],[32.47128,-24.06593],[32.47226,-24.06639],[32.47178,-24.06439],[32.4698,-24.06493],[32.46872,-24.06466]],[[32.47237,-24.06458],[32.47237,-24.06485],[32.47266,-24.06485],[32.47237,-24.06458]],[[32.47316,-24.06503],[32.47316,-24.06476],[32.47296,-24.06485],[32.47316,-24.06503]],[[32.47325,-24.06594],[32.47325,-24.06567],[32.47286,-24.06576],[32.47325,-24.06594]],[[32.47266,-24.06603],[32.47285,-24.06621],[32.47295,-24.06603],[32.47266,-24.06603]],[[32.47374,-24.06585],[32.47364,-24.0663],[32.47404,-24.06648],[32.47434,-24.06585],[32.47374,-24.06585]],[[32.47315,-24.06666],[32.47315,-24.06684],[32.47335,-24.06684],[32.47315,-24.06666]],[[32.47187,-24.06675],[32.47167,-24.06729],[32.47196,-24.06738],[32.47187,-24.06675]],[[32.47285,-24.06693],[32.47285,-24.06702],[32.47295,-24.06702],[32.47285,-24.06693]],[[32.46269,-24.06735],[32.46269,-24.06726],[32.46259,-24.06726],[32.46269,-24.06735]],[[32.46338,-24.06717],[32.46329,-24.0669],[32.46309,-24.0669],[32.46338,-24.06717]],[[32.46674,-24.06682],[32.46644,-24.067],[32.46664,-24.06709],[32.46674,-24.06682]],[[32.46792,-24.06655],[32.46782,-24.06719],[32.46841,-24.06719],[32.46792,-24.06655]],[[32.46713,-24.06664],[32.46713,-24.06646],[32.46704,-24.06646],[32.46713,-24.06664]],[[32.46417,-24.0669],[32.46437,-24.06654],[32.46388,-24.06663],[32.46417,-24.0669]],[[32.46171,-24.06644],[32.46141,-24.06653],[32.46151,-24.0668],[32.46171,-24.06644]],[[32.46102,-24.06617],[32.46092,-24.06635],[32.46112,-24.06644],[32.46102,-24.06617]],[[32.46388,-24.06627],[32.46388,-24.06636],[32.46398,-24.06636],[32.46388,-24.06627]],[[32.46743,-24.06637],[32.46743,-24.06655],[32.46763,-24.06655],[32.46743,-24.06637]],[[32.46299,-24.06654],[32.46299,-24.06681],[32.46319,-24.06681],[32.46299,-24.06654]],[[32.47127,-24.06693],[32.47127,-24.06702],[32.47137,-24.06702],[32.47127,-24.06693]],[[32.46476,-24.06718],[32.46476,-24.06709],[32.46457,-24.06709],[32.46476,-24.06718]],[[32.46161,-24.06617],[32.46161,-24.06608],[32.46142,-24.06608],[32.46161,-24.06617]],[[32.46369,-24.06572],[32.46329,-24.06545],[32.46329,-24.06581],[32.46349,-24.06609],[32.46369,-24.06572]],[[32.4626,-24.06554],[32.463,-24.06545],[32.4628,-24.06518],[32.4626,-24.06554]],[[32.463,-24.06518],[32.463,-24.06482],[32.4626,-24.06491],[32.4628,-24.06518],[32.463,-24.06518]],[[32.46408,-24.06491],[32.46359,-24.06491],[32.46447,-24.06564],[32.46408,-24.06491]],[[32.46704,-24.06456],[32.46625,-24.06474],[32.46655,-24.06546],[32.46704,-24.06519],[32.46704,-24.06456]],[[32.46803,-24.06438],[32.46793,-24.06465],[32.46813,-24.06465],[32.46803,-24.06438]],[[32.46941,-24.06448],[32.46941,-24.06466],[32.46951,-24.06466],[32.46941,-24.06448]],[[32.46596,-24.06528],[32.46596,-24.0651],[32.46586,-24.0651],[32.46596,-24.06528]],[[32.46507,-24.06546],[32.46507,-24.06555],[32.46526,-24.06555],[32.46507,-24.06546]],[[32.46645,-24.06582],[32.46615,-24.06591],[32.46625,-24.0661],[32.46645,-24.06582]],[[32.46833,-24.06411],[32.46833,-24.06402],[32.46823,-24.06402],[32.46833,-24.06411]],[[32.46783,-24.06402],[32.46803,-24.06375],[32.46764,-24.06366],[32.46783,-24.06402]],[[32.46862,-24.06375],[32.46862,-24.06384],[32.46882,-24.06384],[32.46862,-24.06375]],[[32.46261,-24.06328],[32.46261,-24.06309],[32.46241,-24.06309],[32.46261,-24.06328]],[[32.46656,-24.06311],[32.46656,-24.06284],[32.46636,-24.06284],[32.46656,-24.06311]],[[32.46163,-24.06273],[32.46163,-24.06255],[32.46153,-24.06255],[32.46163,-24.06273]],[[32.46055,-24.06182],[32.46055,-24.06164],[32.46035,-24.06164],[32.46055,-24.06182]],[[32.4694,-24.06746],[32.4694,-24.06756],[32.4695,-24.06756],[32.4694,-24.06746]],[[32.46871,-24.06773],[32.46821,-24.06746],[32.46792,-24.068],[32.46871,-24.06773]],[[32.47107,-24.06774],[32.47107,-24.06801],[32.47137,-24.06792],[32.47107,-24.06774]],[[32.47018,-24.06801],[32.46989,-24.06828],[32.47028,-24.06828],[32.47018,-24.06801]],[[32.46703,-24.06773],[32.46693,-24.06755],[32.46663,-24.068],[32.46703,-24.06773]],[[32.46801,-24.06855],[32.46801,-24.06891],[32.46811,-24.06891],[32.46801,-24.06855]],[[32.47127,-24.06874],[32.47127,-24.06892],[32.47136,-24.06892],[32.47127,-24.06874]],[[32.46417,-24.06862],[32.46417,-24.06899],[32.46446,-24.0689],[32.46417,-24.06862]],[[32.47087,-24.06919],[32.47087,-24.06901],[32.47067,-24.06901],[32.47087,-24.06919]],[[32.47205,-24.06956],[32.47225,-24.0691],[32.47205,-24.0691],[32.47205,-24.06956]],[[32.46742,-24.06954],[32.46751,-24.0699],[32.46781,-24.06972],[32.46742,-24.06954]],[[32.4687,-24.06964],[32.4687,-24.06973],[32.4689,-24.06973],[32.4687,-24.06964]],[[32.46801,-24.06981],[32.46801,-24.07],[32.46811,-24.07],[32.46801,-24.06981]],[[32.46978,-24.07018],[32.46978,-24.07],[32.46949,-24.07],[32.46978,-24.07018]],[[32.46574,-24.07017],[32.46574,-24.06999],[32.46564,-24.06999],[32.46574,-24.07017]],[[32.46732,-24.07017],[32.46732,-24.07036],[32.46751,-24.07036],[32.46732,-24.07017]],[[32.46633,-24.07026],[32.46643,-24.07044],[32.46662,-24.07035],[32.46633,-24.07026]],[[32.46663,-24.06972],[32.46663,-24.06954],[32.46623,-24.06954],[32.46663,-24.06972]],[[32.46653,-24.06936],[32.46653,-24.06908],[32.46633,-24.06917],[32.46653,-24.06936]],[[32.46525,-24.06926],[32.46545,-24.06926],[32.46545,-24.06908],[32.46525,-24.06926]],[[32.46732,-24.069],[32.46732,-24.06891],[32.46722,-24.06891],[32.46732,-24.069]],[[32.46869,-24.07072],[32.46869,-24.07081],[32.46889,-24.07081],[32.46869,-24.07072]],[[32.46849,-24.07208],[32.46938,-24.07127],[32.4685,-24.0709],[32.46849,-24.07208]],[[32.46918,-24.07172],[32.46908,-24.0719],[32.46928,-24.07199],[32.46918,-24.07172]],[[32.46938,-24.07208],[32.46938,-24.07199],[32.46928,-24.07199],[32.46938,-24.07208]],[[32.46948,-24.07226],[32.46948,-24.07208],[32.46938,-24.07208],[32.46948,-24.07226]],[[32.47145,-24.072],[32.47145,-24.07209],[32.47165,-24.07209],[32.47145,-24.072]],[[32.47036,-24.07245],[32.47036,-24.07218],[32.46997,-24.07218],[32.46997,-24.07281],[32.47036,-24.07245]],[[32.46908,-24.07308],[32.46918,-24.0729],[32.46898,-24.07281],[32.46908,-24.07308]],[[32.46681,-24.07298],[32.46681,-24.07289],[32.46661,-24.07289],[32.46681,-24.07298]],[[32.4677,-24.0728],[32.4677,-24.07271],[32.4676,-24.07271],[32.4677,-24.0728]],[[32.46908,-24.07272],[32.46908,-24.07253],[32.46879,-24.07253],[32.46908,-24.07272]],[[32.46829,-24.07226],[32.46829,-24.07235],[32.46859,-24.07235],[32.46859,-24.07217],[32.46829,-24.07226]],[[32.46593,-24.07189],[32.46593,-24.07171],[32.46583,-24.07171],[32.46593,-24.07189]],[[32.46692,-24.07108],[32.46692,-24.07099],[32.46682,-24.07099],[32.46692,-24.07108]],[[32.46967,-24.07353],[32.46987,-24.07326],[32.46937,-24.07317],[32.46967,-24.07353]],[[32.46868,-24.07362],[32.46858,-24.07344],[32.46819,-24.07389],[32.46868,-24.07362]],[[32.46789,-24.07353],[32.46789,-24.07362],[32.46809,-24.07362],[32.46809,-24.07344],[32.46789,-24.07353]],[[32.46671,-24.07343],[32.46671,-24.07325],[32.46651,-24.07325],[32.46671,-24.07343]],[[32.46769,-24.07425],[32.46779,-24.07452],[32.46799,-24.07452],[32.46769,-24.07425]],[[32.46897,-24.0748],[32.46897,-24.07498],[32.46937,-24.07507],[32.46897,-24.0748]],[[32.46956,-24.07552],[32.47015,-24.0758],[32.47035,-24.07526],[32.46956,-24.07552]],[[32.46927,-24.07552],[32.46927,-24.07579],[32.46956,-24.07561],[32.46927,-24.07552]],[[32.47183,-24.07626],[32.47193,-24.07599],[32.47144,-24.07571],[32.47064,-24.07671],[32.47183,-24.07626]],[[32.47479,-24.07581],[32.47489,-24.07618],[32.47498,-24.07618],[32.47479,-24.07581]],[[32.47627,-24.07582],[32.47627,-24.076],[32.47646,-24.076],[32.47627,-24.07582]],[[32.47824,-24.07555],[32.47755,-24.07619],[32.47764,-24.07682],[32.47824,-24.07555]],[[32.47805,-24.0741],[32.47766,-24.07401],[32.47735,-24.07546],[32.47795,-24.07528],[32.47805,-24.0741]],[[32.47726,-24.07483],[32.47736,-24.07483],[32.47736,-24.07474],[32.47726,-24.07483]],[[32.47943,-24.07411],[32.47943,-24.07429],[32.47953,-24.07429],[32.47943,-24.07411]],[[32.47844,-24.07483],[32.47844,-24.07474],[32.47824,-24.07474],[32.47824,-24.07492],[32.47844,-24.07483]],[[32.47893,-24.0751],[32.47864,-24.07501],[32.47874,-24.07528],[32.47893,-24.0751]],[[32.47509,-24.075],[32.47509,-24.07491],[32.47499,-24.07491],[32.47509,-24.075]],[[32.47715,-24.07754],[32.47745,-24.07691],[32.47705,-24.07673],[32.47695,-24.07736],[32.47567,-24.07772],[32.47715,-24.07754]],[[32.47666,-24.07618],[32.47636,-24.07636],[32.47646,-24.07682],[32.47705,-24.07655],[32.47666,-24.07618]],[[32.47676,-24.077],[32.47666,-24.077],[32.47666,-24.07718],[32.47676,-24.077]],[[32.47596,-24.07826],[32.47478,-24.07744],[32.47478,-24.07808],[32.47537,-24.07835],[32.47527,-24.07889],[32.47596,-24.07826]],[[32.4736,-24.07672],[32.4732,-24.07753],[32.4736,-24.07789],[32.47172,-24.07752],[32.47221,-24.07825],[32.4733,-24.07816],[32.47399,-24.07871],[32.47468,-24.07808],[32.4736,-24.07672]],[[32.47459,-24.07645],[32.4735,-24.07635],[32.4736,-24.07672],[32.47459,-24.07645]],[[32.47311,-24.07726],[32.47311,-24.07735],[32.4732,-24.07735],[32.47311,-24.07726]],[[32.47616,-24.07817],[32.47616,-24.07899],[32.47655,-24.07881],[32.47616,-24.07817]],[[32.47063,-24.07888],[32.47063,-24.07879],[32.47054,-24.07879],[32.47063,-24.07888]],[[32.4728,-24.07861],[32.47281,-24.07834],[32.47251,-24.07879],[32.4728,-24.07861]],[[32.47192,-24.07716],[32.47212,-24.07716],[32.47212,-24.07689],[32.47192,-24.07716]],[[32.47104,-24.07689],[32.47104,-24.07707],[32.47123,-24.07707],[32.47104,-24.07689]],[[32.47222,-24.07635],[32.47232,-24.07653],[32.47252,-24.07644],[32.47222,-24.07635]],[[32.47488,-24.07708],[32.47488,-24.07699],[32.47468,-24.07699],[32.47468,-24.07717],[32.47488,-24.07708]],[[32.47587,-24.07709],[32.47587,-24.07718],[32.47606,-24.07718],[32.47587,-24.07709]],[[32.47715,-24.07627],[32.47745,-24.07582],[32.47686,-24.07582],[32.47715,-24.07627]],[[32.46966,-24.07661],[32.46966,-24.07643],[32.46956,-24.07643],[32.46966,-24.07661]],[[32.46897,-24.07616],[32.46917,-24.07616],[32.46917,-24.07598],[32.46897,-24.07616]],[[32.47764,-24.07908],[32.47763,-24.07926],[32.47773,-24.07927],[32.47764,-24.07908]],[[32.47724,-24.07926],[32.47724,-24.07917],[32.47714,-24.07917],[32.47724,-24.07926]],[[32.47389,-24.07916],[32.47349,-24.07934],[32.47369,-24.07961],[32.47389,-24.07916]],[[32.47704,-24.07944],[32.47704,-24.07926],[32.47694,-24.07926],[32.47704,-24.07944]],[[32.47724,-24.07963],[32.47724,-24.07944],[32.47704,-24.07944],[32.47724,-24.07963]],[[32.473,-24.07961],[32.47339,-24.07979],[32.47339,-24.07961],[32.473,-24.07961]],[[32.47418,-24.07971],[32.47418,-24.0798],[32.47428,-24.0798],[32.47418,-24.07971]],[[32.47201,-24.07943],[32.47201,-24.07915],[32.47172,-24.07924],[32.47201,-24.07943]],[[32.47231,-24.07934],[32.47231,-24.07952],[32.47241,-24.07952],[32.47231,-24.07934]],[[32.47655,-24.07989],[32.47635,-24.07998],[32.47664,-24.08044],[32.47714,-24.08017],[32.47655,-24.07989]],[[32.47388,-24.08016],[32.47359,-24.08016],[32.47339,-24.0807],[32.47388,-24.08061],[32.47388,-24.08016]],[[32.47418,-24.08088],[32.47437,-24.08079],[32.47428,-24.08061],[32.47418,-24.08088]],[[32.47299,-24.08088],[32.47299,-24.0807],[32.4728,-24.0807],[32.47299,-24.08088]],[[32.47092,-24.08051],[32.47092,-24.08024],[32.47033,-24.08024],[32.47092,-24.08051]],[[32.4725,-24.08051],[32.47231,-24.07997],[32.47201,-24.08024],[32.4725,-24.08051]],[[32.47428,-24.08007],[32.47428,-24.08025],[32.47467,-24.08034],[32.47428,-24.08007]],[[32.46915,-24.08105],[32.46915,-24.08077],[32.46845,-24.08095],[32.46915,-24.08105]],[[32.46767,-24.08068],[32.46767,-24.08059],[32.46757,-24.08059],[32.46767,-24.08068]],[[32.46846,-24.07987],[32.46846,-24.0796],[32.46826,-24.07959],[32.46846,-24.07987]],[[32.46807,-24.07932],[32.46807,-24.07905],[32.46787,-24.07905],[32.46807,-24.07932]],[[32.46895,-24.0815],[32.46865,-24.08195],[32.46914,-24.08204],[32.46934,-24.08168],[32.46895,-24.0815]],[[32.46934,-24.08222],[32.46865,-24.0824],[32.46884,-24.08295],[32.46933,-24.08295],[32.46934,-24.08222]],[[32.46983,-24.08259],[32.46973,-24.08277],[32.47012,-24.08295],[32.46983,-24.08259]],[[32.46993,-24.08322],[32.46982,-24.08377],[32.47012,-24.08368],[32.46993,-24.08322]],[[32.46894,-24.08403],[32.46894,-24.08412],[32.46913,-24.08413],[32.46894,-24.08403]],[[32.46982,-24.08458],[32.46982,-24.0844],[32.46962,-24.0844],[32.46982,-24.08458]],[[32.47565,-24.08107],[32.47565,-24.08116],[32.47575,-24.08116],[32.47565,-24.08107]],[[32.47437,-24.08116],[32.47398,-24.08143],[32.47427,-24.08188],[32.47437,-24.08116]],[[32.47693,-24.08153],[32.47693,-24.08171],[32.47703,-24.08171],[32.47693,-24.08153]],[[32.47545,-24.08378],[32.47594,-24.08415],[32.47702,-24.08415],[32.47693,-24.08379],[32.47771,-24.08406],[32.47742,-24.08325],[32.47673,-24.0837],[32.47574,-24.08351],[32.47565,-24.08297],[32.47624,-24.08324],[32.47644,-24.08279],[32.47516,-24.08152],[32.47545,-24.08378]],[[32.47475,-24.0846],[32.47495,-24.08378],[32.47377,-24.08369],[32.47387,-24.08441],[32.47475,-24.0846]],[[32.47692,-24.08451],[32.47692,-24.08479],[32.47712,-24.08479],[32.47692,-24.08451]],[[32.47652,-24.08632],[32.47643,-24.08524],[32.47564,-24.08578],[32.47612,-24.08668],[32.47711,-24.0866],[32.4783,-24.0847],[32.47751,-24.08461],[32.47751,-24.08524],[32.47652,-24.08632]],[[32.47869,-24.08697],[32.47898,-24.08697],[32.47899,-24.08669],[32.47869,-24.08697]],[[32.47928,-24.08679],[32.47928,-24.08706],[32.47948,-24.08697],[32.47928,-24.08679]],[[32.4778,-24.08678],[32.47741,-24.08696],[32.4777,-24.08723],[32.4778,-24.08678]],[[32.47987,-24.08715],[32.47987,-24.08724],[32.48007,-24.08724],[32.47987,-24.08715]],[[32.47612,-24.08696],[32.47642,-24.08705],[32.47642,-24.08687],[32.47612,-24.08696]],[[32.47593,-24.08677],[32.47593,-24.08659],[32.47573,-24.08659],[32.47593,-24.08677]],[[32.47445,-24.08641],[32.47445,-24.08632],[32.47435,-24.08632],[32.47445,-24.08641]],[[32.47524,-24.08532],[32.47495,-24.08532],[32.47504,-24.08568],[32.47524,-24.08532]],[[32.47554,-24.08542],[32.47554,-24.08551],[32.47574,-24.08551],[32.47554,-24.08542]],[[32.47485,-24.08514],[32.47485,-24.08487],[32.47465,-24.08487],[32.47485,-24.08514]],[[32.48056,-24.08742],[32.48056,-24.08751],[32.48086,-24.08752],[32.48056,-24.08742]],[[32.47908,-24.08778],[32.47869,-24.08769],[32.47868,-24.0886],[32.47908,-24.08778]],[[32.48046,-24.08797],[32.48046,-24.08779],[32.48026,-24.08779],[32.48046,-24.08797]],[[32.47947,-24.08787],[32.47957,-24.08824],[32.47987,-24.08815],[32.47947,-24.08787]],[[32.47769,-24.08868],[32.4777,-24.0885],[32.4776,-24.0885],[32.47769,-24.08868]],[[32.4771,-24.08859],[32.4771,-24.0885],[32.47681,-24.0885],[32.4771,-24.08859]],[[32.47631,-24.0885],[32.47632,-24.08832],[32.47592,-24.08831],[32.47631,-24.0885]],[[32.47809,-24.08923],[32.47848,-24.08914],[32.47839,-24.08868],[32.47809,-24.08923]],[[32.47838,-24.09068],[32.47897,-24.09095],[32.47907,-24.09032],[32.47926,-24.09077],[32.47996,-24.09059],[32.47956,-24.09005],[32.48016,-24.09005],[32.48036,-24.08887],[32.47838,-24.09068]],[[32.48025,-24.09041],[32.48025,-24.0905],[32.48035,-24.0905],[32.48025,-24.09041]],[[32.47582,-24.08967],[32.47582,-24.08949],[32.47523,-24.08949],[32.47513,-24.08976],[32.47582,-24.08967]],[[32.47779,-24.08895],[32.4775,-24.08886],[32.47749,-24.08941],[32.47779,-24.08895]],[[32.47533,-24.08886],[32.47533,-24.08895],[32.47572,-24.08922],[32.47582,-24.08886],[32.47533,-24.08886]],[[32.47661,-24.08795],[32.47652,-24.08768],[32.47632,-24.08768],[32.47661,-24.08795]],[[32.47886,-24.09222],[32.47887,-24.09167],[32.47857,-24.09167],[32.47847,-24.09222],[32.47886,-24.09222]],[[32.47837,-24.09276],[32.47866,-24.09339],[32.47926,-24.09276],[32.47926,-24.09222],[32.47837,-24.09276]],[[32.47827,-24.09376],[32.47886,-24.09376],[32.47866,-24.09339],[32.47827,-24.09376]],[[32.47995,-24.09213],[32.47995,-24.09222],[32.48005,-24.09222],[32.47995,-24.09213]],[[32.48054,-24.09277],[32.48054,-24.09286],[32.48074,-24.09286],[32.48054,-24.09277]],[[32.47925,-24.09349],[32.47925,-24.09367],[32.47945,-24.09367],[32.47925,-24.09349]],[[32.47817,-24.09312],[32.47817,-24.09303],[32.47807,-24.09303],[32.47817,-24.09312]],[[32.47905,-24.0943],[32.47905,-24.09448],[32.47925,-24.09448],[32.47905,-24.0943]],[[32.47856,-24.09457],[32.47856,-24.09466],[32.47866,-24.09466],[32.47856,-24.09457]],[[32.47994,-24.09467],[32.47964,-24.09467],[32.47984,-24.09494],[32.47994,-24.09467]],[[32.47894,-24.09666],[32.47944,-24.09602],[32.47845,-24.09611],[32.47845,-24.09665],[32.47894,-24.09666]],[[32.47983,-24.09648],[32.47983,-24.0963],[32.47964,-24.0963],[32.47983,-24.09648]],[[32.47973,-24.09684],[32.48042,-24.09666],[32.48023,-24.09657],[32.47973,-24.09684]],[[32.48072,-24.09693],[32.48072,-24.09702],[32.48092,-24.09702],[32.48072,-24.09693]],[[32.4818,-24.09848],[32.4818,-24.09857],[32.482,-24.09857],[32.4818,-24.09848]],[[32.48268,-24.09884],[32.48268,-24.09893],[32.48308,-24.09884],[32.48268,-24.09884]],[[32.48258,-24.09911],[32.48249,-24.0992],[32.48268,-24.0992],[32.48258,-24.09911]],[[32.48406,-24.09984],[32.48406,-24.09966],[32.48377,-24.09948],[32.48406,-24.09984]],[[32.48327,-24.09984],[32.48327,-24.10002],[32.48347,-24.10002],[32.48327,-24.09984]],[[32.48287,-24.10228],[32.48287,-24.10237],[32.48297,-24.10237],[32.48287,-24.10228]],[[32.48198,-24.10246],[32.48198,-24.10228],[32.48178,-24.10228],[32.48198,-24.10246]],[[32.48287,-24.10292],[32.48286,-24.10301],[32.48296,-24.10301],[32.48287,-24.10292]],[[32.48306,-24.10301],[32.48306,-24.10328],[32.48316,-24.10328],[32.48306,-24.10301]],[[32.48267,-24.10319],[32.48267,-24.1031],[32.48247,-24.1031],[32.48267,-24.10319]],[[32.4868,-24.10519],[32.48739,-24.10501],[32.48641,-24.10501],[32.4865,-24.10555],[32.4868,-24.10519]],[[32.4871,-24.10583],[32.4871,-24.10592],[32.48729,-24.10592],[32.4871,-24.10583]],[[32.49074,-24.1081],[32.49074,-24.10819],[32.49083,-24.1082],[32.49074,-24.1081]],[[32.48975,-24.10919],[32.48975,-24.1091],[32.48965,-24.1091],[32.48975,-24.10919]],[[32.48984,-24.10928],[32.48984,-24.10919],[32.48975,-24.10919],[32.48984,-24.10928]],[[32.48994,-24.10937],[32.48994,-24.10928],[32.48984,-24.10928],[32.48994,-24.10937]],[[32.49063,-24.10928],[32.49063,-24.10937],[32.49073,-24.10937],[32.49063,-24.10928]],[[32.48905,-24.11027],[32.48905,-24.11036],[32.48915,-24.11036],[32.48905,-24.11027]],[[32.48173,-24.08969],[32.48174,-24.08951],[32.48154,-24.08951],[32.48173,-24.08969]],[[32.48243,-24.08761],[32.48243,-24.08743],[32.48224,-24.08743],[32.48243,-24.08761]],[[32.47637,-24.07392],[32.47637,-24.07383],[32.47628,-24.07383],[32.47637,-24.07392]],[[32.47578,-24.07364],[32.47588,-24.07337],[32.4749,-24.07337],[32.47578,-24.07364]],[[32.47598,-24.07328],[32.47588,-24.07328],[32.47588,-24.07337],[32.47598,-24.07328]],[[32.47608,-24.07319],[32.47598,-24.07319],[32.47598,-24.07328],[32.47608,-24.07319]],[[32.47687,-24.07329],[32.47677,-24.07265],[32.47608,-24.0731],[32.47687,-24.07329]],[[32.47658,-24.07256],[32.47658,-24.07265],[32.47667,-24.07265],[32.47658,-24.07256]],[[32.47717,-24.07256],[32.47717,-24.07238],[32.47707,-24.07238],[32.47717,-24.07256]],[[32.47767,-24.07112],[32.47737,-24.07139],[32.47737,-24.07184],[32.47914,-24.07203],[32.47865,-24.07139],[32.47826,-24.07175],[32.47767,-24.07112]],[[32.47836,-24.07039],[32.47836,-24.07094],[32.47925,-24.07031],[32.47915,-24.06949],[32.47836,-24.07039]],[[32.47955,-24.06949],[32.47955,-24.06976],[32.47984,-24.06967],[32.47955,-24.06949]],[[32.47984,-24.07031],[32.47974,-24.07049],[32.48033,-24.07031],[32.48034,-24.06986],[32.47984,-24.07031]],[[32.48241,-24.06986],[32.48241,-24.06977],[32.48231,-24.06977],[32.48241,-24.06986]],[[32.47856,-24.06922],[32.47846,-24.06922],[32.47846,-24.06931],[32.47856,-24.06922]],[[32.47866,-24.06913],[32.47856,-24.06913],[32.47856,-24.06922],[32.47866,-24.06913]],[[32.47149,-24.06231],[32.47188,-24.06231],[32.47189,-24.06222],[32.47149,-24.06231]],[[32.47198,-24.06222],[32.47218,-24.06213],[32.47208,-24.06186],[32.47189,-24.06195],[32.47189,-24.06222],[32.47198,-24.06222]],[[32.47327,-24.06032],[32.47327,-24.06023],[32.47318,-24.06023],[32.47327,-24.06032]],[[32.46755,-24.06221],[32.46764,-24.06257],[32.46794,-24.06257],[32.46755,-24.06221]],[[32.46912,-24.06212],[32.46922,-24.06248],[32.46991,-24.06221],[32.46912,-24.06212]],[[32.46833,-24.06248],[32.46833,-24.06257],[32.46853,-24.06257],[32.46833,-24.06248]],[[32.47031,-24.06167],[32.47031,-24.06149],[32.47021,-24.06149],[32.47031,-24.06167]]],[[[32.47802,-24.07988],[32.47921,-24.07881],[32.47931,-24.0799],[32.47802,-24.07988]]],[[[32.47321,-24.07481],[32.47332,-24.07427],[32.47351,-24.07427],[32.4741,-24.07509],[32.47321,-24.07481]]],[[[32.47312,-24.07382],[32.47253,-24.074],[32.47253,-24.07336],[32.47312,-24.07382]]],[[[32.47332,-24.07246],[32.47342,-24.07291],[32.47273,-24.07309],[32.47332,-24.07246]]],[[[32.47224,-24.07182],[32.47234,-24.07128],[32.47264,-24.07164],[32.47244,-24.07218],[32.47224,-24.07182]]],[[[32.47461,-24.07156],[32.47431,-24.07138],[32.47471,-24.07074],[32.4752,-24.0712],[32.47461,-24.07156]]],[[[32.47422,-24.06947],[32.47471,-24.07002],[32.47422,-24.07029],[32.47383,-24.06983],[32.47422,-24.06947]]],[[[32.47995,-24.06723],[32.47995,-24.06777],[32.47956,-24.06741],[32.47995,-24.06687],[32.48044,-24.06723],[32.47995,-24.06723]]],[[[32.45786,-24.06661],[32.45816,-24.06697],[32.45796,-24.06733],[32.45757,-24.06706],[32.45786,-24.06661]],[[32.45776,-24.06688],[32.45776,-24.06706],[32.45796,-24.06697],[32.45776,-24.06688]]],[[[32.45737,-24.06652],[32.45767,-24.06597],[32.45708,-24.06561],[32.45767,-24.06552],[32.45777,-24.06643],[32.45737,-24.06652]]],[[[32.47899,-24.06197],[32.47918,-24.06279],[32.47869,-24.0627],[32.47899,-24.06197]]],[[[32.48047,-24.06153],[32.48106,-24.0618],[32.48076,-24.06225],[32.48047,-24.06153]]],[[[32.48037,-24.06125],[32.47987,-24.06189],[32.47879,-24.06161],[32.47958,-24.06062],[32.48096,-24.06135],[32.48037,-24.06125]],[[32.47988,-24.06125],[32.47998,-24.06098],[32.47968,-24.06098],[32.47988,-24.06125]],[[32.47948,-24.06152],[32.47948,-24.06161],[32.47968,-24.06161],[32.47948,-24.06152]]],[[[32.47594,-24.05952],[32.47663,-24.0597],[32.47643,-24.06024],[32.47594,-24.05952]]],[[[32.4715,-24.05968],[32.4713,-24.06005],[32.47111,-24.0595],[32.4718,-24.0595],[32.4715,-24.05968]]],[[[32.4717,-24.05851],[32.4719,-24.0586],[32.4716,-24.05914],[32.47121,-24.05887],[32.4717,-24.05851]]],[[[32.47239,-24.05914],[32.47269,-24.0586],[32.4723,-24.05824],[32.47328,-24.05897],[32.47239,-24.05914]]],[[[32.46814,-24.06139],[32.46735,-24.06112],[32.46726,-24.06058],[32.46775,-24.06031],[32.46716,-24.0594],[32.46598,-24.05985],[32.46638,-24.05903],[32.46569,-24.05849],[32.46668,-24.05731],[32.46579,-24.05731],[32.46629,-24.05686],[32.4657,-24.05659],[32.46747,-24.05641],[32.46757,-24.05759],[32.46806,-24.05759],[32.46836,-24.05596],[32.46875,-24.05605],[32.46836,-24.05632],[32.46875,-24.05678],[32.46974,-24.05642],[32.46925,-24.05615],[32.46955,-24.05542],[32.47053,-24.05561],[32.47043,-24.05624],[32.47102,-24.05615],[32.47122,-24.05688],[32.47082,-24.05724],[32.46984,-24.05696],[32.47042,-24.05769],[32.46944,-24.05805],[32.46993,-24.05886],[32.46924,-24.05913],[32.46855,-24.05868],[32.46913,-24.05959],[32.47042,-24.05941],[32.47041,-24.06004],[32.46943,-24.06022],[32.46874,-24.05977],[32.46814,-24.06139]],[[32.46864,-24.05967],[32.46864,-24.05977],[32.46874,-24.05977],[32.46864,-24.05967]],[[32.46766,-24.05949],[32.46766,-24.05931],[32.46756,-24.0594],[32.46766,-24.05949]],[[32.46785,-24.05922],[32.46785,-24.05913],[32.46766,-24.05913],[32.46785,-24.05922]],[[32.46707,-24.05876],[32.46707,-24.05858],[32.46697,-24.05858],[32.46707,-24.05876]],[[32.46756,-24.05804],[32.46756,-24.05786],[32.46707,-24.05777],[32.46697,-24.05822],[32.46756,-24.05804]],[[32.46894,-24.05805],[32.46904,-24.05777],[32.46865,-24.05768],[32.46855,-24.05804],[32.46894,-24.05805]],[[32.46825,-24.05822],[32.46825,-24.05795],[32.46806,-24.05795],[32.46825,-24.05822]],[[32.46914,-24.05768],[32.46964,-24.0575],[32.46944,-24.05687],[32.46895,-24.05732],[32.46914,-24.05768]],[[32.47004,-24.05597],[32.47013,-24.05633],[32.47033,-24.05624],[32.47004,-24.05597]],[[32.46727,-24.05722],[32.46737,-24.05695],[32.46698,-24.05704],[32.46727,-24.05722]],[[32.46756,-24.05994],[32.46815,-24.06004],[32.46795,-24.05967],[32.46756,-24.05994]]],[[[32.47793,-24.05572],[32.47862,-24.055],[32.47852,-24.056],[32.47773,-24.05654],[32.47793,-24.05572]]],[[[32.45397,-24.05365],[32.45496,-24.05356],[32.45516,-24.05401],[32.45526,-24.05356],[32.45575,-24.05365],[32.45594,-24.05456],[32.45436,-24.05501],[32.45446,-24.0541],[32.45387,-24.05446],[32.45397,-24.05365]],[[32.45456,-24.05401],[32.45446,-24.05401],[32.45446,-24.0541],[32.45456,-24.05401]],[[32.45466,-24.05392],[32.45456,-24.05392],[32.45456,-24.05401],[32.45466,-24.05392]],[[32.45515,-24.05428],[32.45496,-24.05428],[32.45496,-24.05437],[32.45515,-24.05428]]],[[[32.45752,-24.05375],[32.45811,-24.05384],[32.45801,-24.0542],[32.45752,-24.0542],[32.45752,-24.05375]]],[[[32.45644,-24.05447],[32.45614,-24.05393],[32.45654,-24.05329],[32.45723,-24.05366],[32.45644,-24.05447]]],[[[32.46512,-24.05323],[32.46532,-24.0526],[32.46571,-24.05269],[32.46581,-24.05315],[32.4664,-24.05333],[32.46679,-24.05396],[32.46512,-24.05323]]],[[[32.46249,-24.04526],[32.4619,-24.04426],[32.4622,-24.04408],[32.46289,-24.04471],[32.46249,-24.04526]]],[[[32.47798,-24.04277],[32.47877,-24.04314],[32.47926,-24.04278],[32.47965,-24.04359],[32.47926,-24.04405],[32.47798,-24.04277]]],[[[32.45363,-24.04205],[32.45412,-24.04142],[32.45441,-24.04251],[32.45363,-24.04205]]],[[[32.45215,-24.0416],[32.45196,-24.04132],[32.45265,-24.04133],[32.45294,-24.04169],[32.45215,-24.0416]]],[[[32.47375,-24.03995],[32.47454,-24.03977],[32.47434,-24.04023],[32.47375,-24.03995]]],[[[32.48241,-24.04333],[32.48153,-24.04333],[32.48173,-24.04197],[32.48114,-24.04161],[32.48183,-24.04107],[32.48144,-24.0407],[32.48045,-24.04124],[32.48035,-24.04206],[32.47996,-24.04043],[32.47898,-24.04033],[32.47849,-24.03961],[32.47809,-24.03988],[32.47819,-24.03915],[32.47681,-24.03969],[32.4775,-24.03906],[32.47622,-24.03878],[32.47622,-24.03815],[32.47563,-24.03896],[32.47494,-24.03878],[32.47484,-24.03824],[32.47425,-24.03869],[32.47406,-24.03769],[32.47307,-24.03814],[32.47307,-24.03868],[32.47228,-24.03877],[32.47188,-24.03859],[32.47228,-24.03805],[32.47129,-24.03795],[32.47169,-24.03732],[32.47041,-24.03722],[32.47041,-24.03677],[32.46943,-24.03613],[32.4723,-24.03666],[32.47357,-24.03717],[32.47337,-24.03742],[32.47672,-24.03823],[32.47888,-24.03934],[32.47878,-24.03979],[32.47937,-24.03953],[32.4816,-24.04038],[32.48368,-24.04297],[32.4833,-24.04324],[32.48242,-24.04261],[32.48241,-24.04333]],[[32.47504,-24.03796],[32.47504,-24.03805],[32.47524,-24.03806],[32.47504,-24.03796]],[[32.47258,-24.03741],[32.47268,-24.03768],[32.47277,-24.03768],[32.47258,-24.03741]]],[[[32.48148,-24.03983],[32.48115,-24.03943],[32.48105,-24.03977],[32.48012,-24.03951],[32.47884,-24.03853],[32.48111,-24.03925],[32.48148,-24.03983]]],[[[32.48037,-24.03572],[32.48096,-24.0359],[32.48077,-24.03635],[32.48008,-24.03617],[32.48037,-24.03572]]],[[[32.46292,-24.03584],[32.46243,-24.03629],[32.46302,-24.03521],[32.46371,-24.03575],[32.46292,-24.03584]]],[[[32.46135,-24.03484],[32.46184,-24.03547],[32.46273,-24.03493],[32.46174,-24.03629],[32.46135,-24.03484]]],[[[32.47,-24.03611],[32.46856,-24.03471],[32.47042,-24.03559],[32.47223,-24.03601],[32.47,-24.03611]]],[[[32.46746,-24.03586],[32.46766,-24.03522],[32.46628,-24.03486],[32.46589,-24.03406],[32.46735,-24.0346],[32.46912,-24.03586],[32.46746,-24.03586]]],[[[32.4686,-24.0352],[32.46758,-24.03417],[32.46809,-24.03437],[32.4686,-24.0352]]],[[[32.46513,-24.03331],[32.46518,-24.03287],[32.46604,-24.0332],[32.46704,-24.03438],[32.46513,-24.03331]],[[32.46569,-24.03331],[32.46569,-24.03322],[32.4656,-24.03322],[32.46569,-24.03331]]],[[[32.479,-24.0339],[32.47891,-24.03291],[32.4795,-24.03309],[32.47969,-24.03391],[32.479,-24.0339]]],[[[32.4727,-24.03216],[32.47171,-24.03306],[32.47161,-24.0327],[32.4727,-24.03216]]],[[[32.4648,-24.03358],[32.46503,-24.03336],[32.46559,-24.03395],[32.46441,-24.03376],[32.46412,-24.03313],[32.46234,-24.03294],[32.46185,-24.0333],[32.46106,-24.03294],[32.46067,-24.03239],[32.46185,-24.03203],[32.46087,-24.0313],[32.46097,-24.03203],[32.46028,-24.03194],[32.46037,-24.03266],[32.45988,-24.03293],[32.45968,-24.0323],[32.45889,-24.03257],[32.4583,-24.0322],[32.4585,-24.03148],[32.45801,-24.03093],[32.45959,-24.03085],[32.45988,-24.0313],[32.45982,-24.03012],[32.4648,-24.03358]],[[32.45949,-24.03157],[32.4589,-24.03184],[32.45978,-24.03212],[32.45949,-24.03157]],[[32.46235,-24.03212],[32.46235,-24.03194],[32.46215,-24.03194],[32.46235,-24.03212]],[[32.46254,-24.03267],[32.46264,-24.03249],[32.46244,-24.03249],[32.46254,-24.03267]],[[32.46195,-24.03258],[32.46195,-24.03285],[32.46215,-24.03276],[32.46195,-24.03258]]],[[[32.44115,-24.03132],[32.44155,-24.03133],[32.44145,-24.03196],[32.44095,-24.03178],[32.44115,-24.03132]]],[[[32.47255,-24.02084],[32.47294,-24.02075],[32.47107,-24.01984],[32.47018,-24.02002],[32.47008,-24.02101],[32.46929,-24.02092],[32.4691,-24.02047],[32.47049,-24.01839],[32.47147,-24.01885],[32.47157,-24.01794],[32.47325,-24.01795],[32.47295,-24.01903],[32.47364,-24.01922],[32.47364,-24.01867],[32.47472,-24.01868],[32.47472,-24.01904],[32.47403,-24.01904],[32.47443,-24.0194],[32.47541,-24.01886],[32.47561,-24.01949],[32.47738,-24.02031],[32.47738,-24.02104],[32.47866,-24.02122],[32.47865,-24.02204],[32.47796,-24.02204],[32.47806,-24.02349],[32.47994,-24.02222],[32.48003,-24.02413],[32.48053,-24.02205],[32.48181,-24.02178],[32.48171,-24.02232],[32.48082,-24.02277],[32.48141,-24.02314],[32.4822,-24.02323],[32.48201,-24.02223],[32.4826,-24.02251],[32.48299,-24.02359],[32.48249,-24.02314],[32.48249,-24.02359],[32.4818,-24.02359],[32.48131,-24.02422],[32.48269,-24.02395],[32.48249,-24.02549],[32.48199,-24.02585],[32.48258,-24.02595],[32.48219,-24.02658],[32.48248,-24.0274],[32.48317,-24.02749],[32.48337,-24.02722],[32.48278,-24.02676],[32.48406,-24.02622],[32.48465,-24.02722],[32.48524,-24.02686],[32.48623,-24.02714],[32.48593,-24.02768],[32.48534,-24.02768],[32.48533,-24.02922],[32.48602,-24.02949],[32.48642,-24.02886],[32.48651,-24.02922],[32.48592,-24.02994],[32.48552,-24.02976],[32.48641,-24.03031],[32.48591,-24.03148],[32.4869,-24.0313],[32.48827,-24.03348],[32.48797,-24.0352],[32.48718,-24.0352],[32.48678,-24.03601],[32.48855,-24.03647],[32.48806,-24.03683],[32.48727,-24.03656],[32.48835,-24.03855],[32.48834,-24.03991],[32.48765,-24.03991],[32.48755,-24.04109],[32.48528,-24.04226],[32.48646,-24.04289],[32.48556,-24.04488],[32.484,-24.04274],[32.48376,-24.04162],[32.4842,-24.04153],[32.48488,-24.04189],[32.48499,-24.04117],[32.48666,-24.04135],[32.48667,-24.04009],[32.48736,-24.03955],[32.48608,-24.03809],[32.48578,-24.03963],[32.48657,-24.03954],[32.48608,-24.04008],[32.48637,-24.04126],[32.48548,-24.04081],[32.48568,-24.04035],[32.48548,-24.04017],[32.48449,-24.04135],[32.48361,-24.04134],[32.48125,-24.03889],[32.47928,-24.03843],[32.47938,-24.03789],[32.47908,-24.03844],[32.47841,-24.03844],[32.47444,-24.03691],[32.47288,-24.03578],[32.47278,-24.03605],[32.4714,-24.03524],[32.46915,-24.03482],[32.46483,-24.03204],[32.46531,-24.03177],[32.46481,-24.03204],[32.46276,-24.03145],[32.46203,-24.03109],[32.46028,-24.02971],[32.4599,-24.02909],[32.46019,-24.02795],[32.4598,-24.02795],[32.4597,-24.02858],[32.45743,-24.02747],[32.45402,-24.02349],[32.45607,-24.02404],[32.45665,-24.02568],[32.45735,-24.02541],[32.45774,-24.02631],[32.45872,-24.02641],[32.45901,-24.02713],[32.45961,-24.02686],[32.4596,-24.0275],[32.46148,-24.02796],[32.46177,-24.02886],[32.46265,-24.02905],[32.46246,-24.02941],[32.46403,-24.0295],[32.46433,-24.03041],[32.46571,-24.03042],[32.4658,-24.03196],[32.46639,-24.03123],[32.46747,-24.03214],[32.47053,-24.03315],[32.47052,-24.03387],[32.4718,-24.03424],[32.47161,-24.03324],[32.47299,-24.03343],[32.47309,-24.0328],[32.47398,-24.03334],[32.47387,-24.03389],[32.47516,-24.03317],[32.47506,-24.03362],[32.47555,-24.03389],[32.47605,-24.03317],[32.47555,-24.03326],[32.47546,-24.03271],[32.47654,-24.03299],[32.47674,-24.03181],[32.47733,-24.03163],[32.47713,-24.03218],[32.47773,-24.03191],[32.47891,-24.03263],[32.47782,-24.03363],[32.47654,-24.03317],[32.47654,-24.03389],[32.47831,-24.03399],[32.47742,-24.03489],[32.47752,-24.03562],[32.4783,-24.03544],[32.47811,-24.03598],[32.47899,-24.03599],[32.4784,-24.03517],[32.4788,-24.03426],[32.47959,-24.03463],[32.48028,-24.03382],[32.48087,-24.03418],[32.47969,-24.03481],[32.47988,-24.03545],[32.47909,-24.03626],[32.47938,-24.03725],[32.48204,-24.03781],[32.48362,-24.037],[32.48411,-24.03781],[32.48451,-24.03772],[32.48461,-24.03727],[32.48402,-24.03709],[32.4851,-24.03682],[32.4855,-24.03619],[32.48501,-24.03582],[32.48402,-24.03664],[32.48363,-24.03627],[32.48284,-24.03654],[32.48294,-24.03527],[32.48392,-24.03591],[32.48353,-24.03537],[32.48383,-24.03473],[32.48334,-24.03464],[32.48363,-24.03428],[32.48215,-24.03455],[32.48225,-24.034],[32.48265,-24.03419],[32.48255,-24.03337],[32.48117,-24.0331],[32.48118,-24.03201],[32.48049,-24.03201],[32.48068,-24.03264],[32.48019,-24.03273],[32.48009,-24.03336],[32.4797,-24.03282],[32.47999,-24.03255],[32.4795,-24.03227],[32.47999,-24.0321],[32.48,-24.03083],[32.48069,-24.03119],[32.48069,-24.03047],[32.48128,-24.0302],[32.48158,-24.03029],[32.48099,-24.03083],[32.48138,-24.03147],[32.48177,-24.03183],[32.48266,-24.03165],[32.48286,-24.03093],[32.48197,-24.03011],[32.48257,-24.03002],[32.48325,-24.03066],[32.48326,-24.02921],[32.48188,-24.02902],[32.48198,-24.02939],[32.48128,-24.02993],[32.4805,-24.02983],[32.4798,-24.03083],[32.47872,-24.03082],[32.47871,-24.03182],[32.47832,-24.03191],[32.47783,-24.03136],[32.47862,-24.03046],[32.47852,-24.02983],[32.47725,-24.02855],[32.47784,-24.02738],[32.47706,-24.0272],[32.47646,-24.02765],[32.47647,-24.02683],[32.47588,-24.02647],[32.47617,-24.02701],[32.47567,-24.02755],[32.47558,-24.02683],[32.47489,-24.0271],[32.47371,-24.02646],[32.47381,-24.02601],[32.4742,-24.02619],[32.47401,-24.02474],[32.4743,-24.0251],[32.47519,-24.02619],[32.4748,-24.02547],[32.47628,-24.02448],[32.47628,-24.02375],[32.4752,-24.0232],[32.4755,-24.02221],[32.47471,-24.02221],[32.47392,-24.02302],[32.47412,-24.02175],[32.47353,-24.02121],[32.47284,-24.0213],[32.47255,-24.02084]],[[32.46167,-24.02895],[32.46177,-24.02895],[32.46177,-24.02886],[32.46167,-24.02895]],[[32.46147,-24.02913],[32.46167,-24.02913],[32.46167,-24.02895],[32.46147,-24.02913]],[[32.47578,-24.02638],[32.47578,-24.02647],[32.47588,-24.02647],[32.47578,-24.02638]],[[32.47421,-24.0251],[32.4743,-24.02519],[32.4743,-24.0251],[32.47421,-24.0251]],[[32.47363,-24.02112],[32.47353,-24.02112],[32.47353,-24.02121],[32.47363,-24.02112]],[[32.47944,-24.02322],[32.47964,-24.02313],[32.47954,-24.02286],[32.47944,-24.02322]],[[32.48189,-24.02603],[32.48199,-24.02604],[32.48199,-24.02594],[32.48189,-24.02603]],[[32.48513,-24.03039],[32.48552,-24.03021],[32.48552,-24.03003],[32.48513,-24.03039]],[[32.48602,-24.0304],[32.48572,-24.0303],[32.48562,-24.03085],[32.48602,-24.0304]],[[32.484,-24.04189],[32.48429,-24.0418],[32.48429,-24.04171],[32.484,-24.04189]],[[32.47486,-24.03389],[32.47515,-24.0347],[32.47466,-24.03443],[32.47436,-24.03497],[32.47604,-24.03489],[32.47575,-24.03434],[32.47594,-24.03389],[32.47555,-24.03407],[32.47486,-24.03389]],[[32.47476,-24.03516],[32.47476,-24.03507],[32.47466,-24.03507],[32.47476,-24.03516]],[[32.47446,-24.03543],[32.47466,-24.03579],[32.47505,-24.03543],[32.47446,-24.03543]],[[32.47644,-24.03435],[32.47594,-24.03435],[32.47594,-24.03444],[32.47644,-24.03435]],[[32.4789,-24.03526],[32.4789,-24.03508],[32.4787,-24.03517],[32.4789,-24.03526]],[[32.48599,-24.03565],[32.48609,-24.03547],[32.48521,-24.03537],[32.48501,-24.03573],[32.48599,-24.03565]],[[32.48688,-24.03502],[32.48669,-24.03465],[32.486,-24.03501],[32.48619,-24.03547],[32.48688,-24.03502]],[[32.48649,-24.03565],[32.48649,-24.03556],[32.48639,-24.03556],[32.48649,-24.03565]],[[32.48659,-24.03574],[32.48659,-24.03565],[32.48649,-24.03565],[32.48659,-24.03574]],[[32.48718,-24.03475],[32.48688,-24.03484],[32.48688,-24.03493],[32.48718,-24.03475]],[[32.48462,-24.03492],[32.48511,-24.03438],[32.48639,-24.03447],[32.48699,-24.03357],[32.48571,-24.03338],[32.4861,-24.03402],[32.48462,-24.03419],[32.48403,-24.03356],[32.48383,-24.03428],[32.48462,-24.03492]],[[32.48502,-24.0332],[32.48492,-24.03338],[32.48531,-24.03356],[32.48571,-24.03329],[32.48502,-24.0332]],[[32.48246,-24.0331],[32.48236,-24.0331],[32.48236,-24.03319],[32.48246,-24.0331]],[[32.47462,-24.02003],[32.47403,-24.01976],[32.47285,-24.02012],[32.47393,-24.02112],[32.47462,-24.02003]],[[32.47324,-24.01949],[32.47265,-24.01921],[32.47245,-24.02003],[32.47324,-24.01949]],[[32.47934,-24.02358],[32.47904,-24.02331],[32.47904,-24.02367],[32.47934,-24.02358]],[[32.47766,-24.02367],[32.47766,-24.02385],[32.47776,-24.02385],[32.47766,-24.02367]],[[32.47746,-24.02394],[32.47746,-24.02421],[32.47766,-24.02412],[32.47746,-24.02394]],[[32.47678,-24.02321],[32.47667,-24.02402],[32.47727,-24.02385],[32.47707,-24.02348],[32.47747,-24.02348],[32.47678,-24.02321]],[[32.47658,-24.0243],[32.47677,-24.02439],[32.47667,-24.02402],[32.47658,-24.0243]],[[32.47874,-24.02412],[32.47874,-24.02421],[32.47904,-24.0243],[32.47874,-24.02412]],[[32.47865,-24.02412],[32.47865,-24.02403],[32.47845,-24.02403],[32.47865,-24.02412]],[[32.48072,-24.02322],[32.48042,-24.02431],[32.48091,-24.02458],[32.48072,-24.02322]],[[32.47874,-24.02448],[32.47874,-24.02485],[32.47904,-24.02476],[32.47874,-24.02448]],[[32.47992,-24.02494],[32.48002,-24.02467],[32.47953,-24.02458],[32.47923,-24.02494],[32.47992,-24.02494]],[[32.47825,-24.02503],[32.47805,-24.02611],[32.47864,-24.02593],[32.47914,-24.02503],[32.47825,-24.02503]],[[32.47765,-24.02548],[32.47756,-24.02475],[32.47716,-24.02484],[32.47765,-24.02548]],[[32.47726,-24.02584],[32.47775,-24.02593],[32.47785,-24.02566],[32.47726,-24.02548],[32.47726,-24.02584]],[[32.47667,-24.02584],[32.47696,-24.02566],[32.47637,-24.02511],[32.47667,-24.02584]],[[32.47696,-24.02593],[32.47696,-24.02584],[32.47686,-24.02584],[32.47696,-24.02593]],[[32.47716,-24.02611],[32.47716,-24.02593],[32.47696,-24.02593],[32.47716,-24.02611]],[[32.47666,-24.02665],[32.47844,-24.02729],[32.47854,-24.02702],[32.47686,-24.0262],[32.47666,-24.02665]],[[32.47578,-24.02556],[32.47519,-24.02538],[32.47509,-24.02556],[32.47548,-24.02592],[32.47578,-24.02556]],[[32.47657,-24.02638],[32.47647,-24.02593],[32.47617,-24.02611],[32.47657,-24.02638]],[[32.47962,-24.02603],[32.47903,-24.02603],[32.47903,-24.02621],[32.47962,-24.02603]],[[32.47923,-24.02648],[32.47893,-24.02684],[32.47942,-24.02748],[32.47853,-24.02756],[32.47981,-24.02784],[32.47961,-24.02847],[32.48031,-24.02829],[32.48041,-24.02775],[32.47923,-24.02648]],[[32.4806,-24.02775],[32.4806,-24.02766],[32.48041,-24.02766],[32.48041,-24.02775],[32.4806,-24.02775]],[[32.47873,-24.02838],[32.47932,-24.02829],[32.47922,-24.02802],[32.47853,-24.02783],[32.47873,-24.02838]],[[32.47863,-24.02847],[32.47873,-24.02847],[32.47873,-24.02838],[32.47863,-24.02847]],[[32.47864,-24.02657],[32.47854,-24.02657],[32.47854,-24.02675],[32.47864,-24.02657]],[[32.47874,-24.02648],[32.47864,-24.02648],[32.47864,-24.02657],[32.47874,-24.02648]],[[32.4812,-24.02685],[32.4812,-24.02676],[32.4811,-24.02676],[32.4812,-24.02685]],[[32.4813,-24.02694],[32.4813,-24.02685],[32.4812,-24.02685],[32.4813,-24.02694]],[[32.48139,-24.02703],[32.4814,-24.02694],[32.4813,-24.02694],[32.48139,-24.02703]],[[32.48169,-24.02748],[32.48189,-24.02748],[32.48169,-24.02703],[32.48169,-24.02748]],[[32.48474,-24.02767],[32.48435,-24.02831],[32.48494,-24.02813],[32.48474,-24.02767]],[[32.48218,-24.02857],[32.48208,-24.02821],[32.48188,-24.02821],[32.48218,-24.02857]],[[32.48366,-24.0284],[32.48366,-24.02849],[32.48376,-24.02849],[32.48366,-24.0284]],[[32.48306,-24.02857],[32.48307,-24.02839],[32.48287,-24.02839],[32.48306,-24.02857]],[[32.48119,-24.02866],[32.4806,-24.0282],[32.4806,-24.02848],[32.48119,-24.02866]],[[32.47804,-24.02819],[32.47814,-24.02847],[32.47833,-24.02838],[32.47804,-24.02819]],[[32.48336,-24.02803],[32.48336,-24.02785],[32.48317,-24.02785],[32.48336,-24.02803]],[[32.48376,-24.02785],[32.48376,-24.02767],[32.48356,-24.02767],[32.48376,-24.02785]],[[32.48415,-24.02767],[32.48415,-24.02776],[32.48425,-24.02776],[32.48415,-24.02767]],[[32.48091,-24.02476],[32.48091,-24.02485],[32.48101,-24.02485],[32.48091,-24.02476]],[[32.4819,-24.02504],[32.4818,-24.02531],[32.48199,-24.02531],[32.4819,-24.02504]],[[32.48101,-24.0254],[32.4812,-24.0254],[32.48121,-24.02513],[32.48101,-24.0254]],[[32.48052,-24.02503],[32.48022,-24.02558],[32.48051,-24.02558],[32.48052,-24.02503]],[[32.47982,-24.02567],[32.47982,-24.02576],[32.47992,-24.02576],[32.47982,-24.02567]],[[32.47747,-24.02294],[32.47747,-24.02276],[32.47737,-24.02276],[32.47747,-24.02294]],[[32.47708,-24.02249],[32.47668,-24.0224],[32.47678,-24.02267],[32.47708,-24.02249]],[[32.4757,-24.02248],[32.4756,-24.02266],[32.47589,-24.02275],[32.4757,-24.02248]],[[32.47609,-24.02203],[32.47609,-24.02221],[32.47668,-24.0223],[32.47609,-24.02203]],[[32.4755,-24.02149],[32.47521,-24.02139],[32.4753,-24.02194],[32.4755,-24.02149]],[[32.4758,-24.0214],[32.4758,-24.02158],[32.47609,-24.02158],[32.4758,-24.0214]],[[32.4756,-24.02121],[32.4762,-24.02076],[32.476,-24.02067],[32.4756,-24.02121]],[[32.47551,-24.01986],[32.47551,-24.01976],[32.47541,-24.01976],[32.47551,-24.01986]],[[32.47137,-24.01966],[32.47108,-24.01893],[32.47039,-24.0192],[32.47137,-24.01966]],[[32.47157,-24.01939],[32.47157,-24.01948],[32.47176,-24.01948],[32.47157,-24.01939]],[[32.47216,-24.01858],[32.47196,-24.01885],[32.47226,-24.01894],[32.47216,-24.01858]],[[32.47275,-24.01858],[32.47285,-24.01831],[32.47256,-24.01822],[32.47275,-24.01858]],[[32.48099,-24.02893],[32.47971,-24.02902],[32.47981,-24.02929],[32.48079,-24.02965],[32.48099,-24.02893]],[[32.48434,-24.02903],[32.48444,-24.02957],[32.48484,-24.02949],[32.48434,-24.02903]],[[32.48375,-24.0293],[32.48375,-24.02921],[32.48365,-24.02921],[32.48375,-24.0293]],[[32.48129,-24.02911],[32.48129,-24.02929],[32.48148,-24.02929],[32.48129,-24.02911]],[[32.4798,-24.03019],[32.48,-24.03001],[32.47951,-24.03001],[32.4798,-24.03019]],[[32.47921,-24.03037],[32.47921,-24.0301],[32.47892,-24.0301],[32.47921,-24.03037]],[[32.48464,-24.0303],[32.48414,-24.03039],[32.48424,-24.03075],[32.48464,-24.0303]],[[32.48384,-24.03093],[32.48384,-24.03084],[32.48375,-24.03084],[32.48384,-24.03093]],[[32.48394,-24.03102],[32.48394,-24.03093],[32.48384,-24.03093],[32.48394,-24.03102]],[[32.48404,-24.0312],[32.48443,-24.0313],[32.48443,-24.03111],[32.48404,-24.0312]],[[32.48493,-24.03112],[32.48493,-24.03121],[32.48503,-24.03121],[32.48493,-24.03112]],[[32.48355,-24.03165],[32.48335,-24.03129],[32.48315,-24.03129],[32.48355,-24.03165]],[[32.48463,-24.03148],[32.48473,-24.03184],[32.48493,-24.03175],[32.48463,-24.03148]],[[32.48463,-24.03193],[32.48473,-24.03193],[32.48473,-24.03184],[32.48463,-24.03193]],[[32.48443,-24.03202],[32.48463,-24.03202],[32.48463,-24.03193],[32.48443,-24.03202]],[[32.4868,-24.03194],[32.4863,-24.03194],[32.4863,-24.03212],[32.4868,-24.03194]],[[32.48325,-24.03229],[32.48325,-24.03238],[32.48354,-24.03247],[32.48354,-24.03211],[32.48325,-24.03229]],[[32.48413,-24.03229],[32.48413,-24.03247],[32.48433,-24.0322],[32.48413,-24.03229]],[[32.48591,-24.03248],[32.48591,-24.03266],[32.4861,-24.03266],[32.48591,-24.03248]],[[32.48236,-24.03228],[32.48196,-24.03246],[32.48226,-24.03283],[32.48265,-24.03274],[32.48236,-24.03228]],[[32.48285,-24.03201],[32.48246,-24.03192],[32.48236,-24.03228],[32.48285,-24.03201]],[[32.48295,-24.03265],[32.48295,-24.03274],[32.48315,-24.03274],[32.48295,-24.03265]],[[32.48157,-24.03255],[32.48157,-24.03228],[32.48137,-24.03237],[32.48157,-24.03255]],[[32.48768,-24.0333],[32.48739,-24.03294],[32.48728,-24.03348],[32.48768,-24.0333]],[[32.48285,-24.03355],[32.48285,-24.03383],[32.48304,-24.03383],[32.48285,-24.03355]],[[32.48728,-24.03375],[32.48728,-24.03402],[32.48758,-24.03402],[32.48728,-24.03375]],[[32.48511,-24.03483],[32.48511,-24.03492],[32.48521,-24.03492],[32.48511,-24.03483]],[[32.4856,-24.0351],[32.4856,-24.03492],[32.4855,-24.03492],[32.4856,-24.0351]],[[32.48462,-24.03519],[32.48461,-24.03537],[32.48481,-24.03537],[32.48462,-24.03519]],[[32.48412,-24.03546],[32.48412,-24.03564],[32.48432,-24.03564],[32.48412,-24.03546]],[[32.48767,-24.03484],[32.48767,-24.03493],[32.48777,-24.03493],[32.48767,-24.03484]],[[32.48609,-24.03583],[32.48599,-24.03601],[32.48629,-24.03619],[32.48609,-24.03583]],[[32.48658,-24.03637],[32.48658,-24.03619],[32.48629,-24.03619],[32.48658,-24.03637]],[[32.48559,-24.03737],[32.48559,-24.03728],[32.48549,-24.03728],[32.48559,-24.03737]],[[32.48599,-24.03773],[32.48609,-24.03737],[32.48559,-24.03737],[32.48599,-24.03773]],[[32.48766,-24.03792],[32.48766,-24.03783],[32.48746,-24.03783],[32.48746,-24.03801],[32.48766,-24.03792]],[[32.48717,-24.03791],[32.48667,-24.03846],[32.48687,-24.03855],[32.48717,-24.03791]],[[32.48736,-24.039],[32.48785,-24.03909],[32.48786,-24.03855],[32.48736,-24.039]],[[32.48007,-24.03798],[32.47997,-24.03834],[32.48026,-24.03834],[32.48007,-24.03798]],[[32.47997,-24.0378],[32.47997,-24.03798],[32.48007,-24.03798],[32.47997,-24.0378]],[[32.48372,-24.03808],[32.48263,-24.03826],[32.48273,-24.03862],[32.48372,-24.03808]],[[32.48519,-24.03863],[32.485,-24.03827],[32.4849,-24.03917],[32.48549,-24.03881],[32.48519,-24.03863]],[[32.48381,-24.0389],[32.4846,-24.03926],[32.4845,-24.03872],[32.48391,-24.03836],[32.48381,-24.0389]],[[32.48233,-24.03917],[32.48233,-24.03935],[32.48253,-24.03935],[32.48233,-24.03917]],[[32.48381,-24.03962],[32.48381,-24.03935],[32.48312,-24.03989],[32.48381,-24.03962]],[[32.48499,-24.03963],[32.48499,-24.03945],[32.4848,-24.03945],[32.48499,-24.03963]],[[32.48598,-24.04017],[32.48598,-24.04008],[32.48578,-24.03999],[32.48598,-24.04017]],[[32.4842,-24.04053],[32.4841,-24.04008],[32.48331,-24.04035],[32.48371,-24.04098],[32.4842,-24.04053]],[[32.48164,-24.03871],[32.48174,-24.03853],[32.48125,-24.03853],[32.48164,-24.03871]],[[32.48125,-24.03808],[32.48086,-24.03817],[32.48105,-24.03853],[32.48125,-24.03853],[32.48125,-24.03808]],[[32.48076,-24.03826],[32.48076,-24.03807],[32.48066,-24.03807],[32.48076,-24.03826]],[[32.47899,-24.03762],[32.4782,-24.03752],[32.47859,-24.0377],[32.47899,-24.03762]],[[32.47701,-24.03743],[32.47702,-24.03734],[32.47692,-24.03734],[32.47701,-24.03743]],[[32.48313,-24.03763],[32.48273,-24.03772],[32.48283,-24.0379],[32.48313,-24.03763]],[[32.47721,-24.03689],[32.47721,-24.03679],[32.47702,-24.0367],[32.47721,-24.03689]],[[32.47544,-24.0367],[32.47544,-24.03661],[32.47534,-24.03661],[32.47544,-24.0367]],[[32.47869,-24.03689],[32.47879,-24.03671],[32.4785,-24.03653],[32.47869,-24.03689]],[[32.47416,-24.03651],[32.47426,-24.03624],[32.47406,-24.03615],[32.47416,-24.03651]],[[32.47406,-24.03588],[32.47367,-24.03588],[32.47367,-24.03606],[32.47406,-24.03588]],[[32.47495,-24.03642],[32.47525,-24.03606],[32.47465,-24.03606],[32.47495,-24.03642]],[[32.47663,-24.03616],[32.47633,-24.03598],[32.47633,-24.03634],[32.47663,-24.03616]],[[32.47623,-24.03525],[32.47515,-24.03507],[32.47603,-24.03607],[32.47623,-24.03525]],[[32.47712,-24.03598],[32.47682,-24.03598],[32.47712,-24.03652],[32.47712,-24.03598]],[[32.4786,-24.03617],[32.4786,-24.03626],[32.4787,-24.03626],[32.4786,-24.03617]],[[32.47761,-24.03634],[32.47761,-24.03643],[32.47771,-24.03643],[32.47761,-24.03634]],[[32.47672,-24.03598],[32.47673,-24.03589],[32.47663,-24.03589],[32.47672,-24.03598]],[[32.47259,-24.03533],[32.47239,-24.03533],[32.47239,-24.03578],[32.47259,-24.03533]],[[32.47229,-24.03524],[32.47229,-24.03533],[32.47239,-24.03533],[32.47229,-24.03524]],[[32.47347,-24.03551],[32.47338,-24.03533],[32.47308,-24.03542],[32.47347,-24.03551]],[[32.47426,-24.03552],[32.47397,-24.03506],[32.47377,-24.03506],[32.47387,-24.03561],[32.47426,-24.03552]],[[32.47762,-24.03417],[32.47703,-24.03399],[32.47663,-24.03498],[32.47732,-24.0348],[32.47762,-24.03417]],[[32.47772,-24.03435],[32.47772,-24.03426],[32.47762,-24.03426],[32.47772,-24.03435]],[[32.47673,-24.03417],[32.47673,-24.03426],[32.47683,-24.03426],[32.47673,-24.03417]],[[32.47643,-24.0348],[32.47643,-24.03471],[32.47634,-24.03471],[32.47643,-24.0348]],[[32.47663,-24.03534],[32.47663,-24.03552],[32.47692,-24.03562],[32.47663,-24.03534]],[[32.47959,-24.03535],[32.47959,-24.03499],[32.47929,-24.03499],[32.47919,-24.03535],[32.47959,-24.03535]],[[32.47693,-24.03281],[32.47703,-24.03326],[32.47772,-24.03281],[32.47763,-24.03245],[32.47693,-24.03281]],[[32.47782,-24.0329],[32.47782,-24.03317],[32.47802,-24.03308],[32.47782,-24.0329]],[[32.47407,-24.03488],[32.47407,-24.03479],[32.47397,-24.03479],[32.47407,-24.03488]],[[32.47081,-24.03478],[32.47091,-24.03442],[32.47062,-24.03442],[32.47081,-24.03478]],[[32.46934,-24.03387],[32.46904,-24.0345],[32.47032,-24.03451],[32.47033,-24.03378],[32.46934,-24.03387]],[[32.46865,-24.03396],[32.46865,-24.03387],[32.46845,-24.03387],[32.46865,-24.03396]],[[32.47259,-24.03433],[32.47279,-24.03361],[32.4723,-24.0337],[32.47259,-24.03433]],[[32.47446,-24.03416],[32.47279,-24.03452],[32.47338,-24.03479],[32.47446,-24.03416]],[[32.47219,-24.03469],[32.4722,-24.03451],[32.4721,-24.03451],[32.47219,-24.03469]],[[32.46816,-24.03296],[32.46786,-24.03314],[32.46796,-24.03332],[32.46816,-24.03296]],[[32.46777,-24.03287],[32.46786,-24.03269],[32.46757,-24.0326],[32.46777,-24.03287]],[[32.46294,-24.0314],[32.46294,-24.03122],[32.46284,-24.03122],[32.46294,-24.0314]],[[32.46324,-24.03113],[32.46324,-24.03122],[32.46334,-24.03122],[32.46324,-24.03113]],[[32.46334,-24.03086],[32.46344,-24.0305],[32.46284,-24.03095],[32.46334,-24.03086]],[[32.46235,-24.03104],[32.46255,-24.03104],[32.46255,-24.03086],[32.46235,-24.03104]],[[32.46275,-24.03068],[32.46314,-24.03032],[32.46275,-24.02977],[32.46206,-24.03022],[32.46275,-24.03068]],[[32.46176,-24.03022],[32.46176,-24.03004],[32.46166,-24.03004],[32.46176,-24.03022]],[[32.46117,-24.03004],[32.46117,-24.02995],[32.46097,-24.02995],[32.46117,-24.03004]],[[32.46393,-24.03086],[32.46413,-24.0305],[32.46373,-24.0305],[32.46393,-24.03086]],[[32.46511,-24.03078],[32.46511,-24.03096],[32.46521,-24.03096],[32.46511,-24.03078]],[[32.46452,-24.03105],[32.46452,-24.03114],[32.46462,-24.03114],[32.46452,-24.03105]],[[32.46157,-24.02959],[32.46186,-24.02968],[32.46196,-24.02932],[32.46157,-24.02959]],[[32.46058,-24.02913],[32.46058,-24.02904],[32.46049,-24.02904],[32.46058,-24.02913]],[[32.46068,-24.02859],[32.46069,-24.02841],[32.46059,-24.02841],[32.46068,-24.02859]],[[32.45921,-24.02768],[32.45921,-24.02759],[32.45911,-24.02759],[32.45921,-24.02768]],[[32.45803,-24.02677],[32.45803,-24.02695],[32.45833,-24.02686],[32.45803,-24.02677]],[[32.45705,-24.02613],[32.45705,-24.02604],[32.45695,-24.02604],[32.45705,-24.02613]],[[32.45597,-24.02513],[32.45626,-24.02513],[32.45626,-24.02486],[32.45597,-24.02513]],[[32.4781,-24.03797],[32.4781,-24.03807],[32.4782,-24.03807],[32.4781,-24.03797]],[[32.48756,-24.03936],[32.48756,-24.03946],[32.48785,-24.03955],[32.48756,-24.03936]],[[32.48488,-24.04253],[32.48488,-24.04243],[32.48478,-24.04243],[32.48488,-24.04253]],[[32.48468,-24.04307],[32.48577,-24.0428],[32.48577,-24.04262],[32.48488,-24.04262],[32.48468,-24.04307]],[[32.48597,-24.04289],[32.48597,-24.04298],[32.48606,-24.04298],[32.48597,-24.04289]],[[32.48429,-24.0427],[32.48429,-24.04261],[32.48409,-24.04261],[32.48429,-24.0427]],[[32.48557,-24.04361],[32.48567,-24.04361],[32.48567,-24.04352],[32.48557,-24.04361]],[[32.48527,-24.04379],[32.48527,-24.04398],[32.48557,-24.04389],[32.48527,-24.04379]],[[32.48396,-24.02722],[32.48406,-24.0274],[32.48425,-24.02731],[32.48396,-24.02722]]],[[[32.4725,-24.03162],[32.47201,-24.03071],[32.4732,-24.03062],[32.47349,-24.03108],[32.4725,-24.03162]],[[32.4729,-24.03135],[32.4729,-24.03126],[32.4728,-24.03126],[32.4729,-24.03135]]],[[[32.47684,-24.03082],[32.47763,-24.03073],[32.47753,-24.03127],[32.47684,-24.03136],[32.47684,-24.03082]]],[[[32.47714,-24.03018],[32.47665,-24.02937],[32.47715,-24.02883],[32.47803,-24.02973],[32.47773,-24.03028],[32.47714,-24.03018]],[[32.47754,-24.02955],[32.47734,-24.02937],[32.47724,-24.02973],[32.47754,-24.02955]]],[[[32.47696,-24.02774],[32.47725,-24.02828],[32.47656,-24.02828],[32.47696,-24.02774]]],[[[32.47242,-24.02799],[32.47262,-24.02727],[32.4738,-24.02682],[32.47459,-24.02719],[32.4741,-24.02746],[32.47429,-24.02809],[32.47321,-24.02809],[32.47252,-24.02872],[32.47202,-24.02854],[32.47212,-24.0289],[32.47163,-24.0289],[32.47173,-24.02826],[32.47242,-24.02799]],[[32.47291,-24.02791],[32.47321,-24.02791],[32.47311,-24.02763],[32.47291,-24.02791]]],[[[32.45428,-24.02757],[32.45477,-24.02748],[32.45644,-24.02875],[32.45526,-24.02884],[32.45487,-24.0283],[32.45309,-24.02901],[32.45241,-24.0282],[32.4526,-24.02783],[32.45211,-24.02774],[32.45212,-24.02684],[32.45271,-24.02684],[32.45232,-24.02593],[32.45428,-24.02757]],[[32.4532,-24.02711],[32.45349,-24.02711],[32.45349,-24.02702],[32.4532,-24.02711]],[[32.45408,-24.02811],[32.45408,-24.02838],[32.45428,-24.02829],[32.45408,-24.02811]],[[32.45339,-24.0282],[32.45349,-24.0282],[32.45349,-24.02811],[32.45339,-24.0282]]],[[[32.45478,-24.02721],[32.45379,-24.02632],[32.45565,-24.02739],[32.45478,-24.02721]]],[[[32.47262,-24.02627],[32.47312,-24.02646],[32.47302,-24.02673],[32.47252,-24.02664],[32.47262,-24.02627]]],[[[32.45375,-24.02623],[32.45321,-24.02458],[32.45215,-24.02402],[32.45152,-24.02266],[32.45259,-24.0229],[32.45407,-24.02422],[32.45642,-24.02771],[32.45375,-24.02623]],[[32.45458,-24.02576],[32.45439,-24.02576],[32.45439,-24.02594],[32.45458,-24.02576]],[[32.45498,-24.02612],[32.45498,-24.02603],[32.45478,-24.02603],[32.45498,-24.02612]]],[[[32.44355,-24.02518],[32.44325,-24.02517],[32.44365,-24.02454],[32.44424,-24.02509],[32.44355,-24.02518]]],[[[32.46632,-24.02471],[32.46613,-24.02399],[32.4678,-24.02399],[32.4678,-24.02363],[32.46672,-24.02381],[32.46712,-24.02318],[32.4683,-24.02336],[32.46819,-24.02454],[32.46987,-24.02482],[32.46967,-24.02409],[32.47007,-24.02364],[32.46968,-24.02346],[32.46898,-24.02427],[32.46859,-24.02318],[32.4679,-24.023],[32.4683,-24.02255],[32.46811,-24.02191],[32.46948,-24.02309],[32.46968,-24.02246],[32.47017,-24.02273],[32.46969,-24.02119],[32.47097,-24.02183],[32.47047,-24.02283],[32.47185,-24.02256],[32.47126,-24.0231],[32.47155,-24.02374],[32.47224,-24.02374],[32.47253,-24.02455],[32.47254,-24.02374],[32.47352,-24.0241],[32.47282,-24.02546],[32.47135,-24.02455],[32.47036,-24.02455],[32.47046,-24.02527],[32.46928,-24.02536],[32.47055,-24.02591],[32.47036,-24.02654],[32.47164,-24.02645],[32.47144,-24.027],[32.47065,-24.02681],[32.47045,-24.02717],[32.46957,-24.02617],[32.46956,-24.02735],[32.46878,-24.02635],[32.46809,-24.02626],[32.46799,-24.02553],[32.4671,-24.02617],[32.46612,-24.02589],[32.46671,-24.02553],[32.46573,-24.02525],[32.46632,-24.02471]],[[32.4674,-24.02499],[32.4674,-24.02472],[32.46671,-24.02481],[32.46671,-24.02526],[32.4674,-24.02499]],[[32.47027,-24.02328],[32.47027,-24.02346],[32.47047,-24.02346],[32.47027,-24.02328]],[[32.47115,-24.02392],[32.47115,-24.02382],[32.47106,-24.02382],[32.47115,-24.02392]],[[32.47155,-24.0241],[32.47155,-24.02392],[32.47115,-24.02392],[32.47155,-24.0241]],[[32.47037,-24.02382],[32.47036,-24.02418],[32.47066,-24.02428],[32.47037,-24.02382]]],[[[32.43429,-24.02243],[32.4341,-24.02179],[32.43449,-24.02179],[32.43498,-24.02252],[32.43429,-24.02243]]],[[[32.47895,-24.02204],[32.47885,-24.02249],[32.47885,-24.02168],[32.47934,-24.02195],[32.47895,-24.02204]]],[[[32.43607,-24.02198],[32.43627,-24.02162],[32.43587,-24.02144],[32.43676,-24.02153],[32.43695,-24.02198],[32.43607,-24.02198]]],[[[32.44287,-24.02137],[32.44238,-24.022],[32.441,-24.02136],[32.44228,-24.02173],[32.44287,-24.02137]]],[[[32.45234,-24.02122],[32.45194,-24.02186],[32.45037,-24.02058],[32.45214,-24.0205],[32.45184,-24.02113],[32.45234,-24.02122]]],[[[32.46516,-24.02018],[32.46515,-24.02082],[32.46466,-24.0209],[32.46495,-24.02163],[32.46446,-24.02163],[32.46427,-24.02072],[32.46516,-24.02018]]],[[[32.46683,-24.021],[32.46732,-24.02019],[32.46791,-24.02092],[32.46643,-24.02145],[32.46575,-24.02073],[32.46594,-24.02018],[32.46683,-24.021]],[[32.46604,-24.02082],[32.46594,-24.02082],[32.46594,-24.02091],[32.46604,-24.02082]]],[[[32.46308,-24.02126],[32.46358,-24.02081],[32.46328,-24.02036],[32.46417,-24.01973],[32.46358,-24.01891],[32.46447,-24.01864],[32.46486,-24.01955],[32.46487,-24.019],[32.46555,-24.0191],[32.46595,-24.01855],[32.46595,-24.01937],[32.46427,-24.02],[32.46407,-24.02126],[32.46436,-24.02181],[32.46387,-24.02181],[32.46377,-24.02126],[32.46308,-24.02126]]],[[[32.45816,-24.01853],[32.45797,-24.01807],[32.45964,-24.01799],[32.45935,-24.01853],[32.45816,-24.01853]]],[[[32.46606,-24.01702],[32.46546,-24.01729],[32.46458,-24.01683],[32.46616,-24.01656],[32.46675,-24.0172],[32.46704,-24.01675],[32.46744,-24.01612],[32.46793,-24.01729],[32.46704,-24.01738],[32.46714,-24.01811],[32.46802,-24.01793],[32.46842,-24.01702],[32.4695,-24.01802],[32.46852,-24.01838],[32.46861,-24.01956],[32.46743,-24.01965],[32.46772,-24.01901],[32.46694,-24.01883],[32.46723,-24.01838],[32.46674,-24.01765],[32.46635,-24.01819],[32.46477,-24.01746],[32.46615,-24.01738],[32.46606,-24.01702]],[[32.46704,-24.01702],[32.46724,-24.01702],[32.46704,-24.01675],[32.46704,-24.01702]]],[[[32.45807,-24.01744],[32.45758,-24.01726],[32.45817,-24.01617],[32.45847,-24.01645],[32.45807,-24.01744]]],[[[32.45896,-24.01654],[32.45926,-24.01636],[32.45955,-24.0169],[32.45906,-24.01717],[32.45896,-24.01654]]],[[[32.46351,-24.01384],[32.46321,-24.01456],[32.464,-24.01456],[32.4639,-24.01502],[32.4633,-24.01501],[32.4634,-24.01655],[32.46409,-24.01674],[32.46379,-24.01719],[32.46418,-24.01773],[32.463,-24.01746],[32.4633,-24.01646],[32.46291,-24.01601],[32.46271,-24.01646],[32.46231,-24.01619],[32.46211,-24.01718],[32.46261,-24.01728],[32.46162,-24.01827],[32.46171,-24.01872],[32.46083,-24.0179],[32.46023,-24.01935],[32.45934,-24.01907],[32.45915,-24.01871],[32.45964,-24.01889],[32.45994,-24.01799],[32.46053,-24.01772],[32.46054,-24.01627],[32.46103,-24.01627],[32.46103,-24.01682],[32.46162,-24.01646],[32.46113,-24.01528],[32.46281,-24.01474],[32.46301,-24.0142],[32.46262,-24.01393],[32.46351,-24.01384]],[[32.46173,-24.01528],[32.46163,-24.01582],[32.46212,-24.01555],[32.46173,-24.01528]]],[[[32.46429,-24.01547],[32.46478,-24.01529],[32.46458,-24.01683],[32.46429,-24.01547]]],[[[32.4566,-24.01635],[32.45581,-24.01589],[32.4563,-24.0158],[32.4563,-24.01517],[32.45749,-24.01554],[32.45867,-24.01509],[32.45798,-24.01599],[32.45739,-24.01563],[32.4566,-24.01635]]],[[[32.45946,-24.01536],[32.46034,-24.01564],[32.46034,-24.016],[32.45946,-24.01591],[32.45946,-24.01536]]],[[[32.44968,-24.02019],[32.44528,-24.01813],[32.4421,-24.01512],[32.44132,-24.01294],[32.44212,-24.01358],[32.44202,-24.01412],[32.4428,-24.01394],[32.44437,-24.01594],[32.44516,-24.01567],[32.44487,-24.01495],[32.44527,-24.01423],[32.44468,-24.01422],[32.44438,-24.01368],[32.44428,-24.0144],[32.4434,-24.01404],[32.44281,-24.01268],[32.44331,-24.01205],[32.44173,-24.01113],[32.44331,-24.01078],[32.44321,-24.0115],[32.4437,-24.01168],[32.44341,-24.01051],[32.44391,-24.01006],[32.44342,-24.00906],[32.4446,-24.00979],[32.4441,-24.01033],[32.4441,-24.01141],[32.44489,-24.01033],[32.44518,-24.01133],[32.44587,-24.01142],[32.44547,-24.01223],[32.44606,-24.01242],[32.44645,-24.01332],[32.44754,-24.01342],[32.44744,-24.01414],[32.44852,-24.01469],[32.44862,-24.01505],[32.44792,-24.01541],[32.4494,-24.01587],[32.4492,-24.01641],[32.44802,-24.01605],[32.44792,-24.0174],[32.44752,-24.01777],[32.44968,-24.02019]],[[32.44762,-24.01858],[32.44771,-24.01858],[32.44771,-24.01849],[32.44762,-24.01858]],[[32.44575,-24.01703],[32.44584,-24.01776],[32.44604,-24.01776],[32.44634,-24.01713],[32.44575,-24.01703]],[[32.44496,-24.01703],[32.44496,-24.01721],[32.44516,-24.01721],[32.44496,-24.01703]],[[32.44772,-24.01704],[32.44762,-24.01704],[32.44762,-24.01713],[32.44772,-24.01704]],[[32.44408,-24.01648],[32.44427,-24.01649],[32.44427,-24.0163],[32.44408,-24.01648]],[[32.44358,-24.01639],[32.44378,-24.01639],[32.44378,-24.01621],[32.44358,-24.01639]],[[32.44555,-24.0164],[32.44615,-24.0164],[32.44605,-24.01604],[32.44556,-24.01595],[32.44555,-24.0164]],[[32.44773,-24.01586],[32.44763,-24.01586],[32.44753,-24.01614],[32.44773,-24.01586]],[[32.44467,-24.0164],[32.44486,-24.0164],[32.44486,-24.01631],[32.44467,-24.0164]],[[32.44714,-24.01496],[32.44684,-24.01486],[32.44674,-24.01541],[32.44714,-24.01496]],[[32.44744,-24.0145],[32.44753,-24.01451],[32.44753,-24.01441],[32.44744,-24.0145]],[[32.44507,-24.0135],[32.44527,-24.0135],[32.44508,-24.01305],[32.44458,-24.01314],[32.44507,-24.0135]],[[32.44399,-24.0125],[32.4438,-24.0125],[32.44409,-24.01295],[32.44399,-24.0125]],[[32.44449,-24.0125],[32.44439,-24.01214],[32.4439,-24.01232],[32.44399,-24.0125],[32.44449,-24.0125]],[[32.44468,-24.01259],[32.44449,-24.01259],[32.44449,-24.01268],[32.44468,-24.01259]],[[32.44419,-24.01178],[32.4438,-24.01178],[32.4439,-24.01205],[32.44419,-24.01178]],[[32.4427,-24.0153],[32.443,-24.01539],[32.4431,-24.01494],[32.4427,-24.0153]],[[32.44231,-24.01458],[32.4427,-24.01449],[32.44261,-24.01431],[32.44231,-24.01458]],[[32.4428,-24.01458],[32.4428,-24.01449],[32.4427,-24.01449],[32.4428,-24.01458]]],[[[32.45601,-24.01508],[32.45542,-24.01499],[32.45542,-24.01417],[32.45582,-24.01426],[32.45641,-24.01363],[32.45601,-24.01508]]],[[[32.45533,-24.01354],[32.45612,-24.01336],[32.45562,-24.01417],[32.45483,-24.01363],[32.45464,-24.01272],[32.45385,-24.0129],[32.45375,-24.01235],[32.45297,-24.01235],[32.45366,-24.0119],[32.45504,-24.01218],[32.45563,-24.01272],[32.45513,-24.01317],[32.45533,-24.01354]],[[32.45494,-24.01254],[32.45513,-24.01254],[32.45513,-24.01236],[32.45494,-24.01254]]],[[[32.44242,-24.01077],[32.44253,-24.01005],[32.44302,-24.01032],[32.44242,-24.01077]]],[[[32.44106,-24.00733],[32.44185,-24.00751],[32.44165,-24.00787],[32.44106,-24.00733]]],[[[32.44332,-24.00788],[32.44283,-24.00815],[32.44332,-24.00897],[32.44292,-24.00896],[32.44224,-24.00788],[32.44283,-24.00752],[32.44165,-24.00688],[32.44165,-24.00633],[32.44047,-24.00642],[32.44057,-24.00742],[32.44233,-24.00878],[32.44253,-24.01005],[32.44154,-24.01032],[32.44105,-24.00995],[32.44036,-24.00932],[32.44076,-24.00923],[32.44076,-24.00841],[32.44007,-24.00859],[32.43938,-24.00768],[32.43918,-24.00832],[32.44007,-24.00895],[32.43981,-24.00968],[32.43659,-24.00305],[32.43753,-24.00279],[32.43714,-24.00179],[32.43783,-24.00188],[32.43793,-24.00107],[32.43902,-24.00089],[32.43862,-24.00207],[32.4399,-24.00198],[32.43931,-24.00243],[32.4397,-24.00307],[32.43949,-24.00506],[32.43841,-24.00487],[32.43831,-24.00542],[32.43959,-24.00569],[32.43979,-24.00506],[32.44107,-24.00497],[32.43998,-24.0056],[32.44027,-24.00633],[32.44047,-24.0057],[32.44156,-24.00543],[32.44245,-24.00579],[32.44284,-24.00516],[32.44343,-24.00562],[32.44234,-24.00688],[32.44332,-24.00788]],[[32.44235,-24.00607],[32.44166,-24.00606],[32.44195,-24.00643],[32.44235,-24.00607]],[[32.44176,-24.00579],[32.44097,-24.00615],[32.44136,-24.00615],[32.44176,-24.00579]],[[32.43822,-24.00315],[32.43851,-24.00451],[32.439,-24.00406],[32.43891,-24.00279],[32.43822,-24.00315]],[[32.4386,-24.00669],[32.4386,-24.00687],[32.4387,-24.00687],[32.4386,-24.00669]],[[32.44174,-24.01005],[32.44194,-24.00969],[32.44144,-24.00977],[32.44174,-24.01005]]],[[[32.43989,-24.00406],[32.44058,-24.00452],[32.43999,-24.00461],[32.43989,-24.00406]]],[[[32.43727,-24.00461],[32.43744,-24.00645],[32.43564,-24.0053],[32.43506,-24.00147],[32.43429,-23.99986],[32.43557,-24.00236],[32.43727,-24.00461]],[[32.43575,-24.00396],[32.43565,-24.00396],[32.43565,-24.00414],[32.43575,-24.00396]],[[32.43575,-24.00486],[32.43565,-24.00486],[32.43565,-24.00504],[32.43575,-24.00486]],[[32.43643,-24.00541],[32.43614,-24.00532],[32.43614,-24.0055],[32.43643,-24.00541]]],[[[32.43568,-24.00223],[32.43544,-24.00128],[32.43588,-24.0016],[32.43602,-24.00247],[32.43568,-24.00223]]],[[[32.49536,-24.18581],[32.49596,-24.18536],[32.49615,-24.18618],[32.49536,-24.18581]]],[[[32.49734,-24.1841],[32.49774,-24.1841],[32.49724,-24.18482],[32.49734,-24.1841]]],[[[32.49252,-24.18236],[32.49301,-24.18273],[32.49291,-24.18309],[32.49241,-24.1829],[32.49252,-24.18236]]],[[[32.49162,-24.18308],[32.49143,-24.18272],[32.49093,-24.18308],[32.49163,-24.18191],[32.49232,-24.18245],[32.49162,-24.18308]]],[[[32.49658,-24.17712],[32.49638,-24.17758],[32.4952,-24.17775],[32.49589,-24.17821],[32.49628,-24.17794],[32.49658,-24.17893],[32.49756,-24.17912],[32.49766,-24.18021],[32.49825,-24.17985],[32.49815,-24.18048],[32.49736,-24.18057],[32.49765,-24.18147],[32.49815,-24.18111],[32.49765,-24.18066],[32.49894,-24.18084],[32.49894,-24.18021],[32.49953,-24.18075],[32.49933,-24.18121],[32.50002,-24.18112],[32.50012,-24.17994],[32.50102,-24.17949],[32.50072,-24.17886],[32.50141,-24.17986],[32.502,-24.17977],[32.50171,-24.17949],[32.5019,-24.17931],[32.50368,-24.18004],[32.50377,-24.18068],[32.50288,-24.1814],[32.5012,-24.18248],[32.50071,-24.18221],[32.50061,-24.18275],[32.50021,-24.18266],[32.50061,-24.18194],[32.50002,-24.18193],[32.49922,-24.18302],[32.49981,-24.18349],[32.49889,-24.18348],[32.50058,-24.18462],[32.50158,-24.18647],[32.5,-24.18637],[32.49971,-24.18574],[32.49921,-24.18573],[32.49951,-24.18528],[32.5002,-24.18538],[32.5003,-24.18492],[32.49981,-24.18474],[32.50011,-24.18456],[32.49824,-24.18347],[32.49774,-24.18365],[32.49774,-24.1831],[32.49715,-24.18292],[32.49666,-24.18355],[32.49616,-24.18346],[32.49626,-24.18292],[32.49676,-24.18292],[32.49646,-24.18237],[32.49755,-24.1822],[32.49784,-24.18256],[32.49804,-24.1822],[32.49676,-24.18174],[32.49657,-24.18147],[32.49568,-24.18201],[32.49548,-24.18165],[32.49607,-24.18111],[32.49538,-24.18101],[32.49538,-24.18056],[32.49479,-24.18074],[32.4945,-24.1802],[32.4941,-24.18028],[32.4939,-24.18146],[32.49429,-24.18164],[32.49479,-24.18101],[32.49498,-24.18192],[32.49459,-24.1821],[32.49587,-24.18283],[32.49567,-24.18391],[32.49655,-24.18419],[32.49685,-24.18355],[32.49705,-24.18337],[32.49735,-24.18346],[32.49675,-24.18536],[32.49556,-24.18491],[32.49576,-24.18436],[32.49527,-24.18427],[32.49527,-24.18373],[32.49488,-24.18382],[32.49477,-24.18509],[32.49369,-24.18508],[32.49478,-24.18355],[32.49409,-24.18382],[32.4936,-24.18345],[32.4938,-24.183],[32.4933,-24.183],[32.494,-24.18209],[32.49301,-24.18236],[32.49312,-24.17992],[32.49262,-24.1801],[32.49272,-24.18082],[32.49203,-24.18046],[32.49243,-24.17955],[32.49184,-24.17874],[32.49253,-24.17865],[32.49263,-24.17738],[32.49322,-24.17756],[32.49342,-24.1772],[32.49471,-24.17685],[32.49658,-24.17712]],[[32.5021,-24.17986],[32.5021,-24.17977],[32.502,-24.17977],[32.5021,-24.17986]],[[32.5022,-24.17995],[32.5022,-24.17986],[32.5021,-24.17986],[32.5022,-24.17995]],[[32.50259,-24.18058],[32.5023,-24.17995],[32.5022,-24.17995],[32.50259,-24.18058]],[[32.494,-24.18019],[32.494,-24.18028],[32.4941,-24.18028],[32.494,-24.18019]],[[32.49341,-24.17974],[32.49322,-24.17965],[32.49312,-24.17992],[32.49341,-24.17974]],[[32.50298,-24.18086],[32.50338,-24.18022],[32.50299,-24.18022],[32.50259,-24.18067],[32.50298,-24.18086]],[[32.49686,-24.18156],[32.49676,-24.18156],[32.49676,-24.18165],[32.49686,-24.18156]],[[32.49696,-24.18147],[32.49686,-24.18147],[32.49686,-24.18156],[32.49696,-24.18147]],[[32.49352,-24.17738],[32.49352,-24.17729],[32.49342,-24.17729],[32.49352,-24.17738]],[[32.5014,-24.18094],[32.5018,-24.1814],[32.5019,-24.18112],[32.5014,-24.18094]],[[32.49677,-24.18029],[32.49637,-24.18002],[32.49647,-24.18038],[32.49677,-24.18029]],[[32.49361,-24.17992],[32.49351,-24.18019],[32.49381,-24.1801],[32.49361,-24.17992]],[[32.49391,-24.17947],[32.4942,-24.17983],[32.4948,-24.17902],[32.49588,-24.1792],[32.49539,-24.17857],[32.49391,-24.17947]],[[32.49598,-24.17884],[32.49588,-24.17884],[32.49588,-24.17902],[32.49598,-24.17884]],[[32.49677,-24.17948],[32.49707,-24.17957],[32.49717,-24.17939],[32.49677,-24.17903],[32.49677,-24.17948]],[[32.49578,-24.17966],[32.49578,-24.17947],[32.49559,-24.17947],[32.49578,-24.17966]],[[32.49292,-24.17937],[32.49282,-24.17937],[32.49282,-24.17956],[32.49292,-24.17937]],[[32.49302,-24.17928],[32.49292,-24.17928],[32.49292,-24.17937],[32.49302,-24.17928]],[[32.49322,-24.17919],[32.49302,-24.17919],[32.49302,-24.17928],[32.49322,-24.17919]],[[32.49292,-24.17856],[32.49292,-24.17883],[32.49312,-24.17883],[32.49292,-24.17856]],[[32.49549,-24.17839],[32.49549,-24.17821],[32.4953,-24.17821],[32.49549,-24.17839]],[[32.495,-24.17811],[32.495,-24.17793],[32.4949,-24.17793],[32.495,-24.17811]],[[32.49471,-24.17748],[32.49471,-24.17739],[32.49461,-24.17739],[32.49471,-24.17748]],[[32.4954,-24.1773],[32.4954,-24.17712],[32.4949,-24.17712],[32.4954,-24.1773]],[[32.49341,-24.18146],[32.49341,-24.18164],[32.4935,-24.18164],[32.49341,-24.18146]],[[32.49429,-24.18228],[32.49409,-24.183],[32.49439,-24.18291],[32.49429,-24.18228]],[[32.49635,-24.18491],[32.49635,-24.185],[32.49655,-24.185],[32.49635,-24.18491]],[[32.49953,-24.18184],[32.49953,-24.18166],[32.49903,-24.18157],[32.49953,-24.18184]],[[32.49873,-24.18229],[32.49864,-24.18202],[32.49844,-24.18211],[32.49873,-24.18229]],[[32.49843,-24.18311],[32.49843,-24.18338],[32.49893,-24.1832],[32.49843,-24.18311]],[[32.5005,-24.18529],[32.5005,-24.18556],[32.5007,-24.18556],[32.5005,-24.18529]],[[32.50249,-24.17986],[32.50259,-24.18013],[32.50279,-24.18004],[32.50249,-24.17986]]],[[[32.48383,-24.18161],[32.48452,-24.18152],[32.48423,-24.18107],[32.48482,-24.18107],[32.48452,-24.18215],[32.48383,-24.18161]]],[[[32.49134,-24.18118],[32.49134,-24.17982],[32.49164,-24.18],[32.49134,-24.18118]]],[[[32.50023,-24.17895],[32.50062,-24.17913],[32.49983,-24.17967],[32.50023,-24.17895]]],[[[32.4928,-24.16099],[32.49339,-24.16109],[32.49309,-24.16154],[32.4928,-24.16099]]],[[[32.49143,-24.15719],[32.49163,-24.15764],[32.49113,-24.15782],[32.49143,-24.15719]]],[[[32.49134,-24.15619],[32.49193,-24.15628],[32.49163,-24.15673],[32.49262,-24.15674],[32.49222,-24.15719],[32.49113,-24.157],[32.49044,-24.15745],[32.49134,-24.15619]]],[[[32.49237,-24.14342],[32.49277,-24.14406],[32.49207,-24.14424],[32.49178,-24.14315],[32.49238,-24.14234],[32.49277,-24.14261],[32.49237,-24.14342]]],[[[32.48449,-24.14023],[32.48361,-24.13905],[32.48381,-24.13869],[32.48617,-24.1396],[32.48656,-24.14033],[32.48696,-24.13997],[32.48784,-24.14087],[32.48744,-24.14241],[32.48695,-24.14241],[32.48715,-24.14205],[32.48606,-24.14241],[32.48527,-24.14213],[32.48517,-24.14249],[32.48379,-24.14294],[32.48428,-24.14258],[32.48399,-24.14222],[32.48587,-24.14132],[32.48557,-24.14078],[32.48518,-24.14123],[32.48429,-24.14095],[32.48449,-24.14023]],[[32.48469,-24.13941],[32.48479,-24.13941],[32.48479,-24.13932],[32.48469,-24.13941]],[[32.48508,-24.14105],[32.48508,-24.14114],[32.48518,-24.14114],[32.48508,-24.14105]],[[32.48469,-24.13996],[32.48459,-24.13996],[32.48459,-24.14005],[32.48469,-24.13996]],[[32.48666,-24.1406],[32.48627,-24.14069],[32.48627,-24.14078],[32.48666,-24.1406]],[[32.48567,-24.14195],[32.48547,-24.14195],[32.48547,-24.14204],[32.48567,-24.14195]]],[[[32.48789,-24.12992],[32.48759,-24.13001],[32.4874,-24.12964],[32.48789,-24.12956],[32.48789,-24.12992]]],[[[32.49894,-24.12851],[32.49855,-24.12796],[32.49934,-24.12842],[32.49904,-24.12887],[32.49894,-24.12851]]],[[[32.48927,-24.12938],[32.48848,-24.12974],[32.4878,-24.12829],[32.4879,-24.12684],[32.48889,-24.12612],[32.48948,-24.1273],[32.48927,-24.12938]],[[32.48849,-24.12802],[32.48849,-24.12784],[32.48829,-24.12784],[32.48849,-24.12802]]],[[[32.49598,-24.12859],[32.49658,-24.12795],[32.49668,-24.12687],[32.49826,-24.1276],[32.49736,-24.12859],[32.49598,-24.12859]]],[[[32.49036,-24.1273],[32.49105,-24.12739],[32.49095,-24.12821],[32.49026,-24.12784],[32.49036,-24.1273]]],[[[32.49757,-24.12669],[32.49609,-24.12632],[32.49619,-24.12533],[32.49728,-24.12569],[32.49757,-24.12669]],[[32.49668,-24.12614],[32.49639,-24.12596],[32.49639,-24.12623],[32.49668,-24.12614]]],[[[32.48899,-24.12594],[32.48938,-24.12567],[32.48978,-24.1263],[32.48899,-24.12594]]],[[[32.49847,-24.12271],[32.49798,-24.12361],[32.49748,-24.12343],[32.49847,-24.12271]]],[[[32.49551,-24.12433],[32.49619,-24.12506],[32.4955,-24.1256],[32.49295,-24.12305],[32.49216,-24.12332],[32.49137,-24.12269],[32.49157,-24.12223],[32.49068,-24.12241],[32.48999,-24.12141],[32.49019,-24.12078],[32.4895,-24.12069],[32.49,-24.11969],[32.48961,-24.11951],[32.4899,-24.11888],[32.48922,-24.11625],[32.48962,-24.1158],[32.48903,-24.11589],[32.48874,-24.11462],[32.48913,-24.11398],[32.49061,-24.1139],[32.48952,-24.11534],[32.49031,-24.11508],[32.49011,-24.1158],[32.49061,-24.11562],[32.4907,-24.11625],[32.4911,-24.11544],[32.49189,-24.11526],[32.4918,-24.11472],[32.49249,-24.11454],[32.49298,-24.11545],[32.49189,-24.1159],[32.49238,-24.11671],[32.49317,-24.1169],[32.49297,-24.11816],[32.49356,-24.11816],[32.49316,-24.11898],[32.49405,-24.11962],[32.49425,-24.11871],[32.49513,-24.11862],[32.49503,-24.11962],[32.49434,-24.11953],[32.49414,-24.12034],[32.49473,-24.12025],[32.49444,-24.12079],[32.49512,-24.12134],[32.49512,-24.12206],[32.49699,-24.12252],[32.49561,-24.12342],[32.4961,-24.12343],[32.49551,-24.12433]],[[32.49414,-24.11943],[32.49414,-24.11952],[32.49434,-24.11953],[32.49414,-24.11943]],[[32.49296,-24.11843],[32.49287,-24.11871],[32.49316,-24.1188],[32.49296,-24.11843]],[[32.49551,-24.12369],[32.49561,-24.1237],[32.49561,-24.1236],[32.49551,-24.12369]],[[32.48903,-24.11471],[32.48923,-24.11471],[32.48923,-24.11462],[32.48903,-24.11471]],[[32.48991,-24.1167],[32.48981,-24.1167],[32.48981,-24.11679],[32.48991,-24.1167]],[[32.49139,-24.11752],[32.4911,-24.11716],[32.49109,-24.11743],[32.49139,-24.11752]],[[32.49218,-24.11725],[32.49208,-24.11798],[32.49099,-24.11816],[32.49109,-24.11915],[32.49178,-24.11825],[32.49178,-24.11897],[32.49237,-24.11952],[32.49218,-24.11725]],[[32.49148,-24.12015],[32.49177,-24.12078],[32.49236,-24.1207],[32.49256,-24.11979],[32.49217,-24.11952],[32.49148,-24.12015]],[[32.4905,-24.11897],[32.4903,-24.11897],[32.4903,-24.11924],[32.4905,-24.11897]],[[32.4903,-24.11879],[32.4905,-24.11879],[32.4905,-24.11861],[32.4903,-24.11879]],[[32.48981,-24.11761],[32.49001,-24.11761],[32.49001,-24.11752],[32.48981,-24.11761]],[[32.49375,-24.12025],[32.49365,-24.12025],[32.49365,-24.12043],[32.49375,-24.12025]],[[32.49335,-24.12043],[32.49325,-24.12043],[32.49325,-24.12052],[32.49335,-24.12043]],[[32.49355,-24.12088],[32.49364,-24.12124],[32.49404,-24.12106],[32.49355,-24.12088]],[[32.49069,-24.11997],[32.49089,-24.11997],[32.49089,-24.11979],[32.49069,-24.11997]],[[32.49187,-24.11961],[32.49188,-24.11934],[32.49128,-24.11961],[32.49187,-24.11961]],[[32.4906,-24.11743],[32.4907,-24.11743],[32.4907,-24.11725],[32.4906,-24.11743]],[[32.49246,-24.12124],[32.49236,-24.12124],[32.49236,-24.12133],[32.49246,-24.12124]],[[32.49433,-24.12143],[32.49433,-24.12134],[32.49414,-24.12134],[32.49433,-24.12143]],[[32.49098,-24.12133],[32.49098,-24.12151],[32.49118,-24.12151],[32.49098,-24.12133]],[[32.49226,-24.12133],[32.49216,-24.12133],[32.49216,-24.12142],[32.49226,-24.12133]],[[32.49354,-24.12287],[32.49384,-24.12287],[32.49334,-24.12215],[32.49226,-24.12224],[32.49226,-24.1226],[32.49354,-24.12287]],[[32.49522,-24.12279],[32.49551,-24.1227],[32.49542,-24.12234],[32.49522,-24.12279]],[[32.49354,-24.12314],[32.49354,-24.12342],[32.49383,-24.12333],[32.49354,-24.12314]],[[32.49551,-24.1246],[32.4956,-24.12451],[32.49541,-24.12451],[32.49551,-24.1246]]],[[[32.49681,-24.11908],[32.4974,-24.11945],[32.4973,-24.11972],[32.49681,-24.11908]]],[[[32.49465,-24.11763],[32.49504,-24.11781],[32.49484,-24.11817],[32.49445,-24.11808],[32.49465,-24.11763]]],[[[32.50194,-24.11855],[32.50204,-24.11901],[32.50145,-24.11801],[32.50125,-24.11882],[32.50027,-24.11846],[32.50046,-24.11918],[32.49967,-24.11936],[32.49889,-24.11728],[32.49958,-24.11746],[32.50027,-24.11665],[32.50136,-24.11701],[32.50215,-24.1162],[32.50313,-24.11639],[32.50324,-24.11566],[32.50343,-24.11648],[32.50382,-24.11648],[32.50362,-24.1172],[32.5054,-24.11657],[32.5053,-24.11703],[32.50441,-24.11729],[32.50471,-24.11784],[32.50392,-24.11738],[32.50402,-24.11793],[32.50342,-24.11811],[32.50313,-24.11765],[32.50194,-24.11855]],[[32.50362,-24.11775],[32.50372,-24.11775],[32.50372,-24.11765],[32.50362,-24.11775]],[[32.50313,-24.11675],[32.50264,-24.11693],[32.50264,-24.1172],[32.50313,-24.11675]],[[32.50195,-24.11683],[32.50205,-24.11747],[32.50234,-24.11738],[32.50195,-24.11683]],[[32.50343,-24.11738],[32.50333,-24.11738],[32.50333,-24.11747],[32.50343,-24.11738]],[[32.50007,-24.1181],[32.50017,-24.11737],[32.49958,-24.11764],[32.50007,-24.1181]],[[32.50047,-24.11764],[32.50056,-24.11792],[32.50076,-24.11792],[32.50047,-24.11764]]],[[[32.49958,-24.11628],[32.50008,-24.11547],[32.50097,-24.11565],[32.49958,-24.11628]]],[[[32.50235,-24.11394],[32.50196,-24.11466],[32.50245,-24.11502],[32.50215,-24.11593],[32.50057,-24.1152],[32.50038,-24.11457],[32.49978,-24.11529],[32.49929,-24.11438],[32.49998,-24.11447],[32.50009,-24.11402],[32.4993,-24.11347],[32.4988,-24.11365],[32.4985,-24.11474],[32.49851,-24.11402],[32.49772,-24.11338],[32.49811,-24.11555],[32.49722,-24.11637],[32.49741,-24.11763],[32.4981,-24.11764],[32.4978,-24.11818],[32.49829,-24.11845],[32.4979,-24.11872],[32.49711,-24.11881],[32.49682,-24.11736],[32.49613,-24.11736],[32.49702,-24.11673],[32.49672,-24.116],[32.49514,-24.11672],[32.49376,-24.11608],[32.49287,-24.11635],[32.49377,-24.11445],[32.49298,-24.11454],[32.49269,-24.11391],[32.49436,-24.11373],[32.49447,-24.11228],[32.49526,-24.11156],[32.49497,-24.11086],[32.50088,-24.11296],[32.50088,-24.11357],[32.50127,-24.11375],[32.50107,-24.1133],[32.50235,-24.11394]],[[32.49546,-24.11165],[32.49545,-24.11247],[32.49674,-24.11229],[32.49614,-24.11301],[32.49792,-24.11266],[32.49694,-24.11166],[32.49546,-24.11165]],[[32.49773,-24.11202],[32.49763,-24.11202],[32.49763,-24.11211],[32.49773,-24.11202]],[[32.49822,-24.11238],[32.49831,-24.11284],[32.49871,-24.11266],[32.49822,-24.11238]],[[32.4992,-24.11302],[32.49911,-24.11239],[32.49891,-24.11248],[32.4992,-24.11302]],[[32.50038,-24.1133],[32.4997,-24.11275],[32.49989,-24.11348],[32.50038,-24.1133]],[[32.49634,-24.11419],[32.49614,-24.11365],[32.49525,-24.11328],[32.49565,-24.11355],[32.49535,-24.11401],[32.49634,-24.11419]],[[32.49654,-24.11365],[32.49653,-24.11383],[32.49722,-24.11401],[32.49654,-24.11365]],[[32.49742,-24.11428],[32.49742,-24.1141],[32.49722,-24.11401],[32.49742,-24.11428]],[[32.49634,-24.11428],[32.49634,-24.11437],[32.49653,-24.11437],[32.49634,-24.11428]],[[32.49475,-24.11482],[32.49436,-24.11455],[32.49485,-24.11518],[32.49515,-24.11473],[32.49475,-24.11482]],[[32.49475,-24.11554],[32.49574,-24.11627],[32.49623,-24.11519],[32.49732,-24.11555],[32.49683,-24.11464],[32.49475,-24.11554]],[[32.49771,-24.11492],[32.49771,-24.11501],[32.49781,-24.11501],[32.49771,-24.11492]],[[32.49495,-24.11618],[32.49495,-24.11609],[32.49485,-24.11609],[32.49495,-24.11618]],[[32.49367,-24.11536],[32.49367,-24.11572],[32.49416,-24.1159],[32.49367,-24.11536]],[[32.49426,-24.11509],[32.49416,-24.11491],[32.49377,-24.11527],[32.49426,-24.11509]],[[32.49999,-24.11366],[32.49999,-24.11384],[32.50018,-24.11384],[32.49999,-24.11366]],[[32.50136,-24.11493],[32.50126,-24.1152],[32.50186,-24.11548],[32.50136,-24.11493]]],[[[32.49645,-24.11021],[32.49744,-24.10967],[32.49734,-24.10903],[32.49784,-24.10885],[32.49754,-24.11012],[32.49645,-24.11021]]],[[[32.49325,-24.10904],[32.49382,-24.1098],[32.4921,-24.10877],[32.49325,-24.10904]]],[[[32.4934,-24.10875],[32.49636,-24.10912],[32.49645,-24.10975],[32.49458,-24.10965],[32.49292,-24.10856],[32.4932,-24.10829],[32.4934,-24.10875]],[[32.49547,-24.10939],[32.49507,-24.1093],[32.49527,-24.10966],[32.49547,-24.10939]],[[32.49488,-24.10902],[32.49488,-24.1093],[32.49507,-24.1093],[32.49488,-24.10902]],[[32.49576,-24.10957],[32.49606,-24.10948],[32.49596,-24.1093],[32.49576,-24.10957]]],[[[32.49281,-24.10684],[32.49212,-24.10657],[32.49291,-24.10666],[32.4939,-24.10585],[32.49469,-24.10667],[32.4938,-24.10703],[32.4936,-24.10639],[32.4935,-24.10703],[32.49222,-24.10775],[32.49281,-24.10684]]],[[[32.50189,-24.1066],[32.5008,-24.10696],[32.501,-24.10642],[32.50189,-24.1066]]],[[[32.50051,-24.10614],[32.50021,-24.10705],[32.49962,-24.10678],[32.50051,-24.10614]]],[[[32.48672,-24.10293],[32.48829,-24.10384],[32.4878,-24.10302],[32.48839,-24.10293],[32.48858,-24.10366],[32.49055,-24.1043],[32.49016,-24.10493],[32.49174,-24.10485],[32.49213,-24.1053],[32.49143,-24.10711],[32.49192,-24.10738],[32.49159,-24.10765],[32.4908,-24.10719],[32.48672,-24.10293]],[[32.49094,-24.10675],[32.49064,-24.10684],[32.49064,-24.10693],[32.49094,-24.10675]],[[32.49143,-24.1072],[32.49133,-24.1072],[32.49133,-24.10729],[32.49143,-24.1072]],[[32.49104,-24.1062],[32.49114,-24.1062],[32.49114,-24.10602],[32.49104,-24.1062]],[[32.48976,-24.10529],[32.49006,-24.10575],[32.49006,-24.10548],[32.48976,-24.10529]],[[32.49114,-24.10521],[32.49055,-24.10557],[32.49065,-24.10575],[32.49114,-24.10566],[32.49114,-24.10521]],[[32.48947,-24.10448],[32.48917,-24.1043],[32.48897,-24.10466],[32.48937,-24.10484],[32.48947,-24.10448]],[[32.48927,-24.10412],[32.48937,-24.10412],[32.48937,-24.10402],[32.48927,-24.10412]]],[[[32.49529,-24.10459],[32.49598,-24.10405],[32.49627,-24.10468],[32.49607,-24.1055],[32.49529,-24.10459]],[[32.49598,-24.10495],[32.49598,-24.10504],[32.49608,-24.10504],[32.49598,-24.10495]]],[[[32.49904,-24.10397],[32.50002,-24.10415],[32.49953,-24.10515],[32.49982,-24.10587],[32.49933,-24.10551],[32.49864,-24.10578],[32.49795,-24.10478],[32.49795,-24.10442],[32.49874,-24.10451],[32.49855,-24.10315],[32.49904,-24.10397]],[[32.49893,-24.10541],[32.49893,-24.10551],[32.49903,-24.10551],[32.49893,-24.10541]],[[32.49874,-24.10478],[32.49874,-24.10469],[32.49864,-24.10469],[32.49874,-24.10478]],[[32.49913,-24.10514],[32.49943,-24.10469],[32.49874,-24.10478],[32.49913,-24.10514]]],[[[32.49144,-24.10439],[32.49095,-24.10466],[32.49075,-24.10421],[32.49144,-24.10439]]],[[[32.49974,-24.10116],[32.49964,-24.10189],[32.50082,-24.10198],[32.50062,-24.10243],[32.49993,-24.10243],[32.50003,-24.10352],[32.49983,-24.10288],[32.49904,-24.10306],[32.49905,-24.10225],[32.49845,-24.10279],[32.49776,-24.10197],[32.49727,-24.10206],[32.49737,-24.10115],[32.49796,-24.10179],[32.49836,-24.10098],[32.49875,-24.10161],[32.49905,-24.10071],[32.49974,-24.10116]],[[32.49806,-24.10197],[32.49826,-24.10197],[32.49816,-24.10179],[32.49806,-24.10197]],[[32.49895,-24.10197],[32.49924,-24.10188],[32.49915,-24.10161],[32.49875,-24.1017],[32.49895,-24.10197]]],[[[32.50378,-24.10208],[32.50319,-24.10172],[32.50329,-24.10126],[32.50388,-24.10154],[32.50378,-24.10208]]],[[[32.49017,-24.10149],[32.49017,-24.10122],[32.49086,-24.10149],[32.49066,-24.10186],[32.49017,-24.10149]]],[[[32.49373,-24.10033],[32.49392,-24.10042],[32.49392,-24.10105],[32.49303,-24.10105],[32.49373,-24.10033]]],[[[32.49096,-24.10023],[32.49106,-24.10077],[32.49037,-24.10059],[32.49077,-24.10023],[32.49067,-24.09905],[32.49176,-24.09987],[32.49096,-24.10023]]],[[[32.48486,-24.09767],[32.48594,-24.09831],[32.48564,-24.09885],[32.48643,-24.09913],[32.48692,-24.10012],[32.48662,-24.10021],[32.48584,-24.09976],[32.48564,-24.09995],[32.48534,-24.09976],[32.48525,-24.09971],[32.48466,-24.09912],[32.48535,-24.09885],[32.48446,-24.09812],[32.48486,-24.09767]],[[32.48544,-24.09939],[32.48525,-24.09948],[32.48534,-24.09976],[32.48544,-24.09939]],[[32.48545,-24.09876],[32.48535,-24.09876],[32.48535,-24.09885],[32.48545,-24.09876]],[[32.48613,-24.09967],[32.48633,-24.09967],[32.48633,-24.09949],[32.48613,-24.09967]]],[[[32.48851,-24.09796],[32.48979,-24.09796],[32.48959,-24.09841],[32.48841,-24.09877],[32.48851,-24.09796]]],[[[32.48683,-24.09831],[32.48723,-24.09777],[32.48772,-24.09841],[32.48732,-24.09877],[32.48683,-24.09831]]],[[[32.49315,-24.0977],[32.49394,-24.09734],[32.49403,-24.0977],[32.49334,-24.09815],[32.49315,-24.0977]]],[[[32.49019,-24.09624],[32.49098,-24.09615],[32.49127,-24.09742],[32.49167,-24.09715],[32.49128,-24.09588],[32.49246,-24.09589],[32.49246,-24.09733],[32.49186,-24.09806],[32.49235,-24.09833],[32.49295,-24.09761],[32.49264,-24.09969],[32.49156,-24.09969],[32.49215,-24.09887],[32.49097,-24.09878],[32.49147,-24.09806],[32.49058,-24.09787],[32.49039,-24.09697],[32.48989,-24.09687],[32.49019,-24.09624]],[[32.49177,-24.09615],[32.49197,-24.09616],[32.49197,-24.09597],[32.49177,-24.09615]]],[[[32.4899,-24.09597],[32.4895,-24.09678],[32.48989,-24.09696],[32.4892,-24.09678],[32.4899,-24.09597]]],[[[32.48281,-24.09196],[32.48202,-24.09196],[32.48202,-24.09214],[32.4834,-24.09214],[32.48369,-24.0935],[32.48409,-24.0935],[32.4832,-24.09413],[32.48359,-24.09486],[32.48299,-24.09522],[32.48388,-24.09513],[32.48468,-24.09432],[32.48428,-24.09541],[32.48457,-24.09631],[32.48407,-24.09676],[32.48289,-24.09613],[32.4829,-24.09422],[32.48211,-24.09377],[32.4832,-24.09332],[32.48222,-24.09268],[32.48221,-24.09341],[32.48172,-24.09313],[32.48172,-24.0935],[32.48221,-24.09449],[32.48166,-24.09408],[32.48158,-24.09236],[32.48252,-24.09051],[32.48301,-24.09133],[32.48281,-24.09196]],[[32.48291,-24.09277],[32.48291,-24.09296],[32.4831,-24.09296],[32.48291,-24.09277]],[[32.48358,-24.09595],[32.48368,-24.0964],[32.48398,-24.09631],[32.48358,-24.09595]]],[[[32.49385,-24.09281],[32.49375,-24.09317],[32.49287,-24.09299],[32.49385,-24.09281]]],[[[32.49564,-24.09046],[32.49643,-24.09019],[32.49633,-24.09047],[32.49564,-24.09083],[32.49564,-24.09046]]],[[[32.48154,-24.09039],[32.48263,-24.08906],[32.48146,-24.09139],[32.48154,-24.09039]]],[[[32.50345,-24.08696],[32.50285,-24.08777],[32.50315,-24.08659],[32.50364,-24.08641],[32.50394,-24.08696],[32.50345,-24.08696]]],[[[32.50129,-24.08423],[32.50198,-24.08451],[32.50177,-24.08677],[32.50089,-24.0855],[32.50079,-24.08414],[32.50099,-24.08459],[32.50129,-24.08423]],[[32.50148,-24.08523],[32.50148,-24.08505],[32.50109,-24.08505],[32.50118,-24.0855],[32.50148,-24.08523]]],[[[32.48373,-24.08481],[32.48304,-24.08417],[32.48383,-24.08381],[32.48344,-24.08273],[32.48423,-24.08291],[32.48442,-24.08363],[32.48373,-24.08481]]],[[[32.5004,-24.08296],[32.5008,-24.0817],[32.50139,-24.08251],[32.50109,-24.08324],[32.50178,-24.08396],[32.5006,-24.08378],[32.5004,-24.08296]]],[[[32.49982,-24.08124],[32.50021,-24.08115],[32.50041,-24.0817],[32.49982,-24.08124]]],[[[32.48433,-24.08128],[32.48453,-24.08191],[32.48384,-24.08173],[32.48403,-24.08246],[32.48315,-24.08209],[32.48334,-24.08363],[32.48285,-24.08336],[32.48294,-24.08372],[32.48235,-24.08381],[32.48294,-24.0848],[32.48166,-24.08444],[32.48048,-24.0848],[32.47911,-24.08425],[32.47949,-24.08407],[32.479,-24.08316],[32.47979,-24.08344],[32.48078,-24.08299],[32.48068,-24.0819],[32.48019,-24.08181],[32.48009,-24.08099],[32.4795,-24.08054],[32.4802,-24.07991],[32.4799,-24.079],[32.4803,-24.07882],[32.4803,-24.07801],[32.47971,-24.07873],[32.47923,-24.07764],[32.47961,-24.07809],[32.4805,-24.07774],[32.4805,-24.0771],[32.481,-24.07683],[32.4809,-24.07774],[32.48149,-24.07783],[32.48159,-24.07692],[32.48218,-24.07729],[32.48198,-24.07819],[32.48257,-24.07865],[32.48326,-24.07847],[32.48247,-24.07801],[32.48337,-24.07666],[32.48396,-24.0763],[32.48415,-24.07684],[32.48494,-24.07666],[32.48494,-24.07757],[32.48464,-24.07766],[32.48474,-24.07721],[32.48386,-24.07738],[32.48385,-24.07829],[32.48444,-24.07874],[32.48494,-24.07847],[32.48552,-24.0792],[32.48414,-24.07911],[32.48394,-24.08055],[32.48335,-24.07947],[32.48276,-24.07955],[32.48325,-24.08073],[32.48443,-24.08074],[32.48473,-24.07983],[32.48552,-24.08002],[32.48453,-24.08101],[32.48305,-24.08091],[32.48305,-24.08164],[32.48433,-24.08128]],[[32.48405,-24.07693],[32.48415,-24.07693],[32.48415,-24.07684],[32.48405,-24.07693]],[[32.48295,-24.08082],[32.48295,-24.08091],[32.48305,-24.08091],[32.48295,-24.08082]],[[32.48178,-24.07864],[32.48198,-24.07865],[32.48198,-24.07856],[32.48178,-24.07864]],[[32.4805,-24.07855],[32.48059,-24.07955],[32.48158,-24.07846],[32.4805,-24.07855]],[[32.48227,-24.07928],[32.48217,-24.07928],[32.48217,-24.07946],[32.48227,-24.07928]],[[32.48039,-24.07991],[32.48029,-24.07991],[32.48029,-24.08],[32.48039,-24.07991]],[[32.48217,-24.08],[32.48148,-24.08018],[32.48167,-24.08055],[32.48227,-24.08037],[32.48217,-24.08]],[[32.48256,-24.08037],[32.48216,-24.08091],[32.48266,-24.081],[32.48256,-24.08037]],[[32.48128,-24.08018],[32.48138,-24.08018],[32.48138,-24.08009],[32.48128,-24.08018]],[[32.48177,-24.08118],[32.48167,-24.08118],[32.48167,-24.08127],[32.48177,-24.08118]],[[32.48245,-24.08245],[32.48235,-24.08263],[32.48255,-24.08263],[32.48245,-24.08245]],[[32.48216,-24.08281],[32.48235,-24.08281],[32.48235,-24.08263],[32.48216,-24.08281]],[[32.48117,-24.08263],[32.48117,-24.08272],[32.48137,-24.08254],[32.48117,-24.08263]],[[32.48157,-24.08254],[32.48157,-24.08245],[32.48137,-24.08245],[32.48137,-24.08254],[32.48157,-24.08254]],[[32.48008,-24.0838],[32.47988,-24.08371],[32.47978,-24.08416],[32.48008,-24.0838]],[[32.48077,-24.0838],[32.48067,-24.0838],[32.48067,-24.08389],[32.48077,-24.0838]],[[32.48077,-24.08417],[32.48057,-24.08416],[32.48057,-24.08444],[32.48077,-24.08417]],[[32.48394,-24.07983],[32.48385,-24.07983],[32.48384,-24.08001],[32.48394,-24.07983]]],[[[32.49923,-24.07988],[32.49943,-24.07888],[32.49992,-24.07934],[32.49982,-24.08015],[32.49923,-24.07988]]],[[[32.48425,-24.07612],[32.48455,-24.07558],[32.48386,-24.07548],[32.48387,-24.07494],[32.48436,-24.0753],[32.48485,-24.07494],[32.48504,-24.07639],[32.48425,-24.07612]]],[[[32.48091,-24.07457],[32.4816,-24.07394],[32.4816,-24.07457],[32.48091,-24.07457]]],[[[32.49087,-24.0736],[32.49117,-24.07342],[32.49136,-24.07406],[32.49097,-24.07424],[32.49087,-24.0736]]],[[[32.48564,-24.07458],[32.48426,-24.07449],[32.48397,-24.0734],[32.48466,-24.0734],[32.48486,-24.07277],[32.48555,-24.07259],[32.48564,-24.07458]],[[32.48476,-24.07349],[32.48476,-24.0734],[32.48466,-24.0734],[32.48476,-24.07349]],[[32.48505,-24.07386],[32.48505,-24.07404],[32.48535,-24.07404],[32.48505,-24.07386]]],[[[32.48507,-24.06996],[32.48388,-24.0705],[32.48339,-24.07159],[32.48289,-24.07113],[32.4826,-24.07186],[32.4821,-24.07185],[32.48328,-24.07231],[32.48279,-24.07276],[32.4823,-24.0724],[32.48249,-24.07412],[32.4819,-24.07385],[32.48161,-24.07167],[32.48122,-24.07167],[32.48191,-24.07122],[32.48033,-24.07185],[32.48062,-24.07321],[32.48012,-24.0734],[32.48002,-24.0725],[32.48063,-24.07107],[32.48119,-24.07069],[32.48158,-24.07049],[32.48398,-24.07023],[32.48477,-24.06851],[32.48507,-24.06996]],[[32.48477,-24.06969],[32.48458,-24.0696],[32.48458,-24.06987],[32.48477,-24.06969]],[[32.4826,-24.0705],[32.48191,-24.07068],[32.4822,-24.07113],[32.4828,-24.07077],[32.4826,-24.0705]],[[32.48181,-24.07059],[32.48181,-24.07068],[32.48191,-24.07068],[32.48181,-24.07059]],[[32.48152,-24.07058],[32.48152,-24.07068],[32.48171,-24.07068],[32.48152,-24.07058]],[[32.48142,-24.07077],[32.48152,-24.07077],[32.48152,-24.07068],[32.48142,-24.07077]],[[32.48122,-24.07095],[32.48142,-24.07086],[32.48142,-24.07077],[32.48122,-24.07095]]],[[[32.49887,-24.07091],[32.49897,-24.07055],[32.49946,-24.07119],[32.49907,-24.07164],[32.49887,-24.07091]]],[[[32.49976,-24.07083],[32.50006,-24.07019],[32.50075,-24.07074],[32.50045,-24.07128],[32.49976,-24.07083]]],[[[32.49917,-24.07019],[32.49937,-24.07055],[32.49878,-24.0701],[32.49917,-24.06983],[32.49917,-24.07019]]],[[[32.49069,-24.0698],[32.49178,-24.06962],[32.49178,-24.0698],[32.49108,-24.07016],[32.49069,-24.0698]]],[[[32.48961,-24.06953],[32.48971,-24.06916],[32.49069,-24.06953],[32.48961,-24.06953]]],[[[32.49534,-24.06619],[32.49692,-24.06584],[32.49711,-24.06629],[32.49781,-24.06593],[32.49761,-24.06539],[32.4982,-24.06566],[32.49869,-24.06684],[32.4981,-24.06684],[32.49819,-24.06765],[32.4978,-24.06828],[32.49819,-24.06829],[32.49829,-24.06919],[32.4972,-24.06865],[32.4975,-24.06765],[32.49691,-24.0672],[32.49563,-24.06846],[32.49504,-24.06755],[32.49435,-24.06773],[32.49425,-24.06691],[32.49563,-24.06783],[32.49602,-24.06755],[32.49504,-24.06637],[32.49435,-24.06637],[32.49475,-24.06592],[32.49456,-24.06492],[32.49515,-24.06474],[32.49583,-24.06583],[32.49534,-24.06619]],[[32.49563,-24.06683],[32.49613,-24.06674],[32.49613,-24.06647],[32.49563,-24.06683]],[[32.49721,-24.06683],[32.49721,-24.06702],[32.49761,-24.06693],[32.49721,-24.06683]],[[32.49603,-24.06692],[32.49603,-24.0671],[32.49613,-24.0671],[32.49603,-24.06692]],[[32.4979,-24.06747],[32.498,-24.0672],[32.49751,-24.06711],[32.4979,-24.06747]]],[[[32.49366,-24.06737],[32.49297,-24.06754],[32.49356,-24.06628],[32.49228,-24.06591],[32.49327,-24.06592],[32.49357,-24.06528],[32.49366,-24.06737]]],[[[32.48183,-24.0657],[32.48242,-24.0657],[32.48222,-24.06624],[32.48183,-24.0657]]],[[[32.48173,-24.06542],[32.48164,-24.06479],[32.48262,-24.06479],[32.48272,-24.06525],[32.48173,-24.06542]]],[[[32.49347,-24.06438],[32.49318,-24.06365],[32.49446,-24.06411],[32.49347,-24.06438]]],[[[32.48342,-24.06289],[32.48442,-24.06398],[32.48434,-24.06867],[32.48373,-24.06963],[32.48314,-24.06989],[32.4826,-24.06991],[32.4827,-24.06914],[32.48221,-24.06887],[32.48271,-24.06851],[32.48321,-24.06661],[32.48272,-24.06624],[32.48282,-24.06561],[32.48341,-24.06516],[32.48292,-24.06516],[32.48322,-24.06443],[32.48253,-24.06425],[32.48332,-24.06389],[32.48223,-24.06352],[32.48244,-24.06244],[32.48165,-24.06271],[32.48254,-24.06135],[32.48136,-24.05954],[32.48097,-24.0599],[32.48156,-24.06053],[32.48047,-24.0608],[32.48087,-24.05944],[32.48038,-24.05917],[32.48058,-24.058],[32.48117,-24.05782],[32.48107,-24.05863],[32.48176,-24.0589],[32.48157,-24.05764],[32.48226,-24.05683],[32.48342,-24.06289]],[[32.48371,-24.06507],[32.48371,-24.06489],[32.48341,-24.06498],[32.48371,-24.06507]],[[32.48186,-24.05782],[32.48216,-24.05782],[32.48186,-24.05746],[32.48186,-24.05782]],[[32.4833,-24.06914],[32.4833,-24.06905],[32.4831,-24.06905],[32.4833,-24.06914]],[[32.4829,-24.06851],[32.483,-24.06878],[32.48369,-24.06851],[32.4832,-24.06787],[32.4829,-24.06851]],[[32.48399,-24.0677],[32.48389,-24.0677],[32.48389,-24.06788],[32.48399,-24.0677]],[[32.48409,-24.06761],[32.48399,-24.06761],[32.48399,-24.0677],[32.48409,-24.06761]],[[32.484,-24.06625],[32.484,-24.06607],[32.4838,-24.06607],[32.484,-24.06625]],[[32.48362,-24.06335],[32.48342,-24.06326],[32.48342,-24.06353],[32.48362,-24.06335]],[[32.48293,-24.06199],[32.48293,-24.06208],[32.48313,-24.06208],[32.48293,-24.06199]],[[32.48283,-24.0619],[32.48283,-24.06199],[32.48293,-24.06199],[32.48283,-24.0619]],[[32.48274,-24.06117],[32.48274,-24.06108],[32.48254,-24.06108],[32.48274,-24.06117]],[[32.48264,-24.06018],[32.48264,-24.06008],[32.48254,-24.06008],[32.48264,-24.06018]],[[32.48185,-24.05999],[32.48215,-24.05999],[32.48215,-24.05972],[32.48185,-24.05999]],[[32.48087,-24.05899],[32.48087,-24.0589],[32.48068,-24.0589],[32.48087,-24.05899]]],[[[32.48224,-24.06153],[32.48106,-24.0618],[32.48146,-24.06099],[32.48224,-24.06153]]],[[[32.48478,-24.06851],[32.48467,-24.06395],[32.48387,-24.06199],[32.48412,-24.06154],[32.48366,-24.06136],[32.48335,-24.06064],[32.4827,-24.05746],[32.48305,-24.05737],[32.48241,-24.05582],[32.48258,-24.0545],[32.48391,-24.05304],[32.48464,-24.05319],[32.48375,-24.0542],[32.48414,-24.05448],[32.48444,-24.05411],[32.48404,-24.0562],[32.48463,-24.05683],[32.48374,-24.0571],[32.48433,-24.05756],[32.48442,-24.05864],[32.48511,-24.05892],[32.48442,-24.05937],[32.4854,-24.06046],[32.48471,-24.06136],[32.48559,-24.06209],[32.485,-24.06236],[32.48539,-24.06281],[32.4849,-24.06362],[32.48549,-24.06399],[32.48489,-24.06453],[32.48529,-24.06471],[32.48538,-24.0658],[32.48637,-24.06625],[32.48636,-24.06761],[32.48547,-24.06734],[32.48557,-24.06815],[32.48478,-24.06851]],[[32.48577,-24.06725],[32.48577,-24.06707],[32.48547,-24.06716],[32.48577,-24.06725]],[[32.48587,-24.06643],[32.48538,-24.06643],[32.48538,-24.06661],[32.48587,-24.06643]],[[32.48499,-24.06544],[32.48499,-24.06534],[32.48489,-24.06534],[32.48499,-24.06544]],[[32.4846,-24.06299],[32.4846,-24.06281],[32.48441,-24.06272],[32.4846,-24.06299]],[[32.48441,-24.06226],[32.4847,-24.06236],[32.48461,-24.06208],[32.48441,-24.06226]],[[32.48411,-24.06226],[32.48411,-24.06217],[32.48401,-24.06217],[32.48411,-24.06226]],[[32.48441,-24.06181],[32.48441,-24.06172],[32.48431,-24.06172],[32.48441,-24.06181]],[[32.48402,-24.06099],[32.48402,-24.0609],[32.48372,-24.06081],[32.48402,-24.06099]],[[32.48392,-24.06045],[32.48392,-24.06063],[32.48412,-24.06063],[32.48392,-24.06045]],[[32.48461,-24.06036],[32.48461,-24.06027],[32.48452,-24.06027],[32.48461,-24.06036]],[[32.48343,-24.05954],[32.48343,-24.05945],[32.48334,-24.05945],[32.48343,-24.05954]],[[32.48403,-24.05946],[32.48393,-24.05946],[32.48393,-24.05955],[32.48403,-24.05946]],[[32.48412,-24.05937],[32.48403,-24.05937],[32.48403,-24.05946],[32.48412,-24.05937]],[[32.48432,-24.05937],[32.48432,-24.05928],[32.48422,-24.05928],[32.48432,-24.05937]],[[32.48413,-24.05828],[32.48423,-24.05792],[32.48334,-24.05791],[32.48413,-24.05828]],[[32.48335,-24.05692],[32.48384,-24.05656],[32.48364,-24.05629],[32.48325,-24.05637],[32.48335,-24.05692]],[[32.48384,-24.05583],[32.48375,-24.0552],[32.48345,-24.05547],[32.48384,-24.05583]],[[32.48256,-24.05565],[32.48256,-24.05574],[32.48276,-24.05556],[32.48256,-24.05565]],[[32.48326,-24.05474],[32.48326,-24.05465],[32.48306,-24.05465],[32.48326,-24.05474]],[[32.48375,-24.05375],[32.48375,-24.05366],[32.48356,-24.05366],[32.48375,-24.05375]]],[[[32.48005,-24.04323],[32.48064,-24.04351],[32.48054,-24.04287],[32.47985,-24.04296],[32.48035,-24.04215],[32.48153,-24.0436],[32.48301,-24.04333],[32.4828,-24.04442],[32.4834,-24.04424],[32.4837,-24.04316],[32.48444,-24.04414],[32.48493,-24.04579],[32.48462,-24.0497],[32.48257,-24.05384],[32.48217,-24.05465],[32.48225,-24.05664],[32.48197,-24.05691],[32.48168,-24.05347],[32.48228,-24.05302],[32.48188,-24.05374],[32.48207,-24.05411],[32.48227,-24.05411],[32.48267,-24.05275],[32.48198,-24.05275],[32.4817,-24.05048],[32.4813,-24.05021],[32.48209,-24.04976],[32.4815,-24.04985],[32.48131,-24.04795],[32.48052,-24.04776],[32.48033,-24.04658],[32.47935,-24.04613],[32.47925,-24.04495],[32.47778,-24.0444],[32.47837,-24.04404],[32.47798,-24.04368],[32.47817,-24.04341],[32.47866,-24.04422],[32.47926,-24.04405],[32.47916,-24.04459],[32.48024,-24.04505],[32.47945,-24.04423],[32.48005,-24.04323]],[[32.48271,-24.04451],[32.4828,-24.04451],[32.4828,-24.04442],[32.48271,-24.04451]],[[32.48257,-24.05375],[32.48247,-24.05375],[32.48257,-24.05384],[32.48257,-24.05375]],[[32.48182,-24.04369],[32.48182,-24.0436],[32.48172,-24.0436],[32.48182,-24.04369]],[[32.48202,-24.04378],[32.48202,-24.04369],[32.48182,-24.04369],[32.48202,-24.04378]],[[32.48103,-24.04378],[32.48172,-24.04487],[32.48192,-24.04396],[32.48103,-24.04378]],[[32.48438,-24.0447],[32.48438,-24.04479],[32.48448,-24.04479],[32.48438,-24.0447]],[[32.47994,-24.04559],[32.48014,-24.04568],[32.48024,-24.04541],[32.47984,-24.04513],[32.47994,-24.04559]],[[32.48034,-24.04523],[32.48024,-24.04523],[32.48024,-24.04541],[32.48034,-24.04523]],[[32.48043,-24.04568],[32.48043,-24.04559],[32.48024,-24.04559],[32.48043,-24.04568]],[[32.48103,-24.0445],[32.48103,-24.04432],[32.48083,-24.04432],[32.48103,-24.0445]],[[32.48399,-24.04479],[32.48399,-24.04497],[32.48418,-24.04497],[32.48399,-24.04479]],[[32.48172,-24.04541],[32.48171,-24.04577],[32.48191,-24.04578],[32.48172,-24.04541]],[[32.48398,-24.04569],[32.48339,-24.04551],[32.48358,-24.04723],[32.48467,-24.04714],[32.48398,-24.04569]],[[32.48338,-24.04741],[32.48358,-24.04732],[32.48358,-24.04723],[32.48338,-24.04741]],[[32.48211,-24.0465],[32.48122,-24.04659],[32.48181,-24.04668],[32.48211,-24.0465]],[[32.4827,-24.04659],[32.48279,-24.04677],[32.48319,-24.0465],[32.48299,-24.04623],[32.4827,-24.04659]],[[32.48132,-24.04614],[32.48142,-24.04641],[32.48161,-24.04632],[32.48132,-24.04614]],[[32.48073,-24.04595],[32.48132,-24.04586],[32.48102,-24.0455],[32.48073,-24.04595]],[[32.48231,-24.04569],[32.48231,-24.04587],[32.4824,-24.04587],[32.48231,-24.04569]],[[32.48378,-24.04814],[32.48407,-24.04814],[32.48397,-24.04786],[32.48378,-24.04814]],[[32.48368,-24.04823],[32.48377,-24.04823],[32.48378,-24.04814],[32.48368,-24.04823]],[[32.48338,-24.04832],[32.48358,-24.04804],[32.48338,-24.04795],[32.48338,-24.04832]],[[32.48229,-24.04858],[32.4819,-24.04786],[32.4817,-24.04876],[32.48436,-24.04913],[32.48407,-24.0485],[32.48298,-24.04868],[32.48299,-24.04831],[32.48229,-24.04858]],[[32.48318,-24.0494],[32.48278,-24.0494],[32.48278,-24.04958],[32.48318,-24.0494]],[[32.48249,-24.04958],[32.48239,-24.04976],[32.48268,-24.04976],[32.48249,-24.04958]],[[32.48209,-24.05021],[32.48209,-24.0503],[32.48219,-24.0503],[32.48209,-24.05021]],[[32.48347,-24.05067],[32.48337,-24.05031],[32.48278,-24.05049],[32.48268,-24.05112],[32.48347,-24.05067]],[[32.48386,-24.05085],[32.48386,-24.05094],[32.48396,-24.05094],[32.48386,-24.05085]],[[32.48209,-24.05121],[32.48228,-24.05202],[32.48258,-24.05193],[32.48268,-24.05139],[32.48209,-24.05121]],[[32.48219,-24.05048],[32.48219,-24.05039],[32.48199,-24.05039],[32.48219,-24.05048]],[[32.48238,-24.05221],[32.48238,-24.0523],[32.48248,-24.0523],[32.48238,-24.05221]],[[32.48438,-24.04461],[32.48438,-24.04452],[32.48428,-24.04452],[32.48438,-24.04461]]],[[[32.48087,-24.03436],[32.48117,-24.035],[32.48264,-24.03545],[32.48225,-24.03582],[32.48274,-24.03618],[32.48225,-24.03627],[32.48244,-24.0369],[32.48194,-24.03744],[32.48057,-24.03717],[32.48145,-24.03681],[32.48116,-24.03617],[32.48166,-24.03581],[32.48116,-24.03545],[32.48087,-24.03436]],[[32.48195,-24.03618],[32.48195,-24.03609],[32.48165,-24.03599],[32.48195,-24.03618]]],[[[32.48846,-24.03475],[32.48886,-24.03493],[32.48885,-24.03584],[32.48777,-24.03583],[32.48846,-24.03475]]],[[[32.48545,-24.02496],[32.48613,-24.02596],[32.48534,-24.02632],[32.48475,-24.02604],[32.48446,-24.0255],[32.48545,-24.02496]],[[32.48515,-24.02596],[32.48495,-24.02595],[32.48495,-24.02605],[32.48515,-24.02596]]],[[[32.48487,-24.02188],[32.48467,-24.02251],[32.48368,-24.02233],[32.48407,-24.02296],[32.48309,-24.02269],[32.48388,-24.0217],[32.48467,-24.02215],[32.48487,-24.02188]]],[[[32.4823,-24.02178],[32.48201,-24.02133],[32.4826,-24.02106],[32.48289,-24.02196],[32.4823,-24.02178]]],[[[32.48438,-24.0207],[32.48517,-24.02088],[32.48497,-24.02161],[32.48438,-24.0207]]],[[[32.48517,-24.02043],[32.48458,-24.02052],[32.48487,-24.01989],[32.48517,-24.02043]]],[[[32.52941,-24.1871],[32.52981,-24.18701],[32.52981,-24.18755],[32.52941,-24.1871]]],[[[32.50454,-24.18693],[32.50523,-24.18693],[32.50503,-24.18729],[32.50444,-24.18738],[32.50454,-24.18693]]],[[[32.52872,-24.18746],[32.52832,-24.18918],[32.52555,-24.19062],[32.52506,-24.19007],[32.52546,-24.18908],[32.52437,-24.18889],[32.52408,-24.18781],[32.52507,-24.18799],[32.52517,-24.18763],[32.52418,-24.18726],[32.52389,-24.18554],[32.52439,-24.18455],[32.52518,-24.18491],[32.52607,-24.18419],[32.52666,-24.18437],[32.52676,-24.18528],[32.52764,-24.18528],[32.52814,-24.18501],[32.52794,-24.18429],[32.52844,-24.18429],[32.52923,-24.18329],[32.53041,-24.18393],[32.5312,-24.18375],[32.5313,-24.18448],[32.53041,-24.18411],[32.52962,-24.18447],[32.53001,-24.18511],[32.52932,-24.1852],[32.53041,-24.18583],[32.52962,-24.18583],[32.52951,-24.18683],[32.52872,-24.18746]],[[32.52449,-24.18536],[32.52419,-24.18581],[32.52458,-24.18591],[32.52449,-24.18536]],[[32.52498,-24.18536],[32.52498,-24.18527],[32.52478,-24.18527],[32.52498,-24.18536]],[[32.52695,-24.18555],[32.52675,-24.18555],[32.52675,-24.18564],[32.52695,-24.18555]],[[32.52764,-24.18546],[32.52764,-24.18573],[32.52784,-24.18564],[32.52764,-24.18546]],[[32.52577,-24.18609],[32.52587,-24.18591],[32.52567,-24.18582],[32.52577,-24.18609]],[[32.52636,-24.18682],[32.52636,-24.18655],[32.52606,-24.18654],[32.52636,-24.18682]],[[32.52793,-24.18673],[32.52784,-24.18673],[32.52784,-24.18682],[32.52793,-24.18673]],[[32.52685,-24.18682],[32.52675,-24.18709],[32.52695,-24.18709],[32.52685,-24.18682]],[[32.52813,-24.18818],[32.52823,-24.188],[32.52803,-24.18791],[32.52813,-24.18818]],[[32.52694,-24.18926],[32.52674,-24.18926],[32.52674,-24.18935],[32.52694,-24.18926]],[[32.52644,-24.18953],[32.52644,-24.18935],[32.52625,-24.18935],[32.52644,-24.18953]],[[32.52565,-24.19007],[32.52545,-24.19007],[32.52545,-24.19016],[32.52565,-24.19007]]],[[[32.51925,-24.18634],[32.51876,-24.1858],[32.51984,-24.18598],[32.51925,-24.18634]]],[[[32.51975,-24.18508],[32.52083,-24.18553],[32.52014,-24.18571],[32.51975,-24.18508]]],[[[32.51945,-24.18462],[32.52044,-24.18472],[32.52044,-24.18508],[32.51975,-24.1848],[32.51975,-24.18508],[32.51945,-24.18462]]],[[[32.52598,-24.18138],[32.52756,-24.18148],[32.52765,-24.18284],[32.52696,-24.18247],[32.52647,-24.18292],[32.52736,-24.18329],[32.52715,-24.18428],[32.52666,-24.18437],[32.52598,-24.18283],[32.52598,-24.18138]],[[32.52627,-24.18211],[32.52627,-24.1822],[32.52637,-24.1822],[32.52627,-24.18211]]],[[[32.5322,-24.18185],[32.5319,-24.18276],[32.53111,-24.18303],[32.5322,-24.18185]]],[[[32.53074,-24.17741],[32.53113,-24.1776],[32.53093,-24.17796],[32.53053,-24.17796],[32.53074,-24.17741]]],[[[32.53993,-24.17373],[32.54002,-24.17463],[32.53952,-24.17599],[32.53883,-24.17572],[32.53943,-24.17518],[32.53913,-24.17454],[32.53814,-24.17517],[32.53814,-24.17599],[32.53745,-24.17662],[32.53725,-24.17626],[32.53794,-24.17581],[32.53656,-24.17508],[32.53637,-24.17453],[32.53993,-24.17373]],[[32.53706,-24.17481],[32.53706,-24.17463],[32.53696,-24.17463],[32.53706,-24.17481]],[[32.53716,-24.17454],[32.53706,-24.17453],[32.53706,-24.17463],[32.53716,-24.17454]]],[[[32.54111,-24.17446],[32.54052,-24.17409],[32.54111,-24.17382],[32.54111,-24.17446]]],[[[32.54289,-24.17328],[32.5424,-24.17292],[32.54289,-24.17283],[32.54348,-24.17347],[32.54367,-24.17419],[32.54308,-24.17401],[32.54289,-24.17328]],[[32.54328,-24.17374],[32.54348,-24.17374],[32.54348,-24.17365],[32.54328,-24.17374]]],[[[32.53035,-24.17279],[32.53055,-24.17279],[32.53006,-24.17352],[32.53035,-24.17279]]],[[[32.54615,-24.17221],[32.54605,-24.17293],[32.54575,-24.17284],[32.54615,-24.17221]]],[[[32.51768,-24.17269],[32.51699,-24.17169],[32.51759,-24.17179],[32.51891,-24.17303],[32.51768,-24.17269]]],[[[32.54684,-24.17248],[32.54654,-24.1723],[32.54704,-24.17185],[32.54733,-24.17212],[32.54684,-24.17248]]],[[[32.54773,-24.1714],[32.54812,-24.17194],[32.54704,-24.17131],[32.54773,-24.1714]]],[[[32.54369,-24.17111],[32.54299,-24.17138],[32.54309,-24.17247],[32.54151,-24.17156],[32.54052,-24.17255],[32.54091,-24.1701],[32.54518,-24.1684],[32.54488,-24.16949],[32.54428,-24.1693],[32.54369,-24.17111]],[[32.54389,-24.16903],[32.54379,-24.16903],[32.54379,-24.16921],[32.54389,-24.16903]],[[32.5427,-24.17075],[32.543,-24.17093],[32.543,-24.17048],[32.5427,-24.17075]],[[32.54142,-24.17084],[32.54122,-24.17074],[32.54122,-24.17102],[32.54142,-24.17084]],[[32.5425,-24.17102],[32.5423,-24.17129],[32.5426,-24.17147],[32.5425,-24.17102]]],[[[32.5053,-24.16891],[32.5056,-24.16828],[32.50658,-24.16846],[32.5053,-24.16891]]],[[[32.5057,-24.16792],[32.506,-24.16737],[32.50649,-24.16765],[32.50649,-24.16828],[32.5057,-24.16792]]],[[[32.54608,-24.16777],[32.54682,-24.16722],[32.54727,-24.16696],[32.54735,-24.16696],[32.54608,-24.16777]]],[[[32.51401,-24.16233],[32.5145,-24.16251],[32.5142,-24.16333],[32.51519,-24.16442],[32.51528,-24.16523],[32.51676,-24.16605],[32.51696,-24.16659],[32.51646,-24.16696],[32.51705,-24.16714],[32.51724,-24.16832],[32.51813,-24.16832],[32.51793,-24.16895],[32.51724,-24.16913],[32.51754,-24.16859],[32.51685,-24.16822],[32.51625,-24.16931],[32.51724,-24.16995],[32.51832,-24.17203],[32.51649,-24.17103],[32.51574,-24.17003],[32.51567,-24.16813],[32.51616,-24.16858],[32.51636,-24.16795],[32.51561,-24.16731],[32.51521,-24.16564],[32.51385,-24.16333],[32.51401,-24.16233]],[[32.51586,-24.16876],[32.51606,-24.16867],[32.51606,-24.16858],[32.51586,-24.16876]],[[32.51567,-24.16677],[32.51567,-24.16668],[32.51557,-24.16668],[32.51567,-24.16677]],[[32.51577,-24.16686],[32.51577,-24.16677],[32.51567,-24.16677],[32.51577,-24.16686]],[[32.51664,-24.1704],[32.51674,-24.17003],[32.51635,-24.16994],[32.51664,-24.1704]],[[32.51617,-24.16632],[32.51636,-24.16632],[32.51636,-24.16614],[32.51617,-24.16632]]],[[[32.53028,-24.16709],[32.52929,-24.16645],[32.53107,-24.16582],[32.53156,-24.16655],[32.53028,-24.16709]],[[32.53067,-24.16646],[32.53097,-24.16637],[32.53097,-24.16628],[32.53067,-24.16646]]],[[[32.51182,-24.16721],[32.51182,-24.1664],[32.51133,-24.16649],[32.51133,-24.16603],[32.51084,-24.16639],[32.51044,-24.16612],[32.51202,-24.16558],[32.51182,-24.16721]]],[[[32.50778,-24.16611],[32.50699,-24.16674],[32.50689,-24.16602],[32.50778,-24.16611]]],[[[32.54815,-24.16584],[32.54834,-24.16606],[32.54814,-24.16651],[32.54765,-24.16633],[32.54815,-24.16584]]],[[[32.50748,-24.16566],[32.5066,-24.16511],[32.50847,-24.16476],[32.50748,-24.16566]]],[[[32.53098,-24.16492],[32.53097,-24.16519],[32.53048,-24.16546],[32.53048,-24.16492],[32.53098,-24.16492]]],[[[32.54361,-24.16378],[32.54391,-24.16378],[32.5441,-24.16432],[32.54371,-24.1645],[32.54361,-24.16378]]],[[[32.50788,-24.16457],[32.50798,-24.16412],[32.50907,-24.16385],[32.50917,-24.16422],[32.50788,-24.16457]]],[[[32.54045,-24.16377],[32.54045,-24.1654],[32.53848,-24.16494],[32.53916,-24.16585],[32.53897,-24.1663],[32.53788,-24.16539],[32.53611,-24.16575],[32.5364,-24.16539],[32.53591,-24.16502],[32.53967,-24.16341],[32.53997,-24.1615],[32.54036,-24.16151],[32.54056,-24.16232],[32.54026,-24.16332],[32.54125,-24.16269],[32.54164,-24.16296],[32.54134,-24.16359],[32.54194,-24.16359],[32.54272,-24.16495],[32.54223,-24.16495],[32.54144,-24.16395],[32.54045,-24.16377]],[[32.53897,-24.16404],[32.53897,-24.16395],[32.53887,-24.16395],[32.53897,-24.16404]],[[32.53956,-24.16422],[32.53957,-24.16413],[32.53947,-24.16413],[32.53956,-24.16422]],[[32.53798,-24.16485],[32.53798,-24.16476],[32.53779,-24.16476],[32.53798,-24.16485]]],[[[32.51391,-24.16206],[32.51342,-24.16269],[32.5128,-24.16162],[32.5128,-24.16042],[32.51333,-24.16043],[32.51303,-24.16124],[32.51391,-24.16206]]],[[[32.53375,-24.1613],[32.53395,-24.16185],[32.53355,-24.16185],[32.53316,-24.16148],[32.53375,-24.1613]]],[[[32.53918,-24.16023],[32.53948,-24.16014],[32.53967,-24.16114],[32.53918,-24.16023]]],[[[32.53307,-24.16022],[32.53237,-24.1613],[32.53257,-24.16193],[32.53178,-24.16112],[32.53188,-24.15994],[32.53139,-24.15894],[32.53208,-24.15895],[32.53228,-24.15994],[32.53307,-24.16022]],[[32.53198,-24.1603],[32.53198,-24.16021],[32.53188,-24.16021],[32.53198,-24.1603]],[[32.53188,-24.15931],[32.53188,-24.15922],[32.53179,-24.15922],[32.53188,-24.15931]]],[[[32.53326,-24.16049],[32.53376,-24.15967],[32.53356,-24.15913],[32.53406,-24.15904],[32.53445,-24.15959],[32.53405,-24.16013],[32.53445,-24.16076],[32.53326,-24.16049]]],[[[32.53781,-24.15942],[32.538,-24.16059],[32.5376,-24.16123],[32.53809,-24.16159],[32.53662,-24.16077],[32.53721,-24.15987],[32.53682,-24.15878],[32.53603,-24.15887],[32.53624,-24.15706],[32.53663,-24.15751],[32.53732,-24.15724],[32.53712,-24.15869],[32.53781,-24.15942]],[[32.53653,-24.15851],[32.53653,-24.15842],[32.53643,-24.15841],[32.53653,-24.15851]]],[[[32.52913,-24.15794],[32.52982,-24.15794],[32.52991,-24.15867],[32.52913,-24.15794]]],[[[32.5391,-24.15706],[32.54008,-24.15734],[32.54107,-24.15653],[32.54107,-24.15752],[32.54235,-24.15834],[32.54136,-24.15888],[32.54146,-24.15979],[32.54067,-24.16006],[32.54067,-24.15951],[32.53998,-24.15942],[32.53978,-24.16006],[32.53899,-24.15996],[32.53761,-24.15896],[32.53791,-24.15779],[32.5391,-24.15706]],[[32.5384,-24.15869],[32.53939,-24.15879],[32.53919,-24.15824],[32.5384,-24.15824],[32.5384,-24.15869]],[[32.53959,-24.15842],[32.53949,-24.15861],[32.54008,-24.15861],[32.53998,-24.15824],[32.53959,-24.15842]],[[32.54028,-24.15761],[32.53988,-24.15752],[32.53998,-24.15788],[32.54028,-24.15761]]],[[[32.52528,-24.15748],[32.52518,-24.15711],[32.52646,-24.15739],[32.52528,-24.15748]]],[[[32.53515,-24.15723],[32.53534,-24.15787],[32.53485,-24.15787],[32.53485,-24.15678],[32.53535,-24.15633],[32.53564,-24.15669],[32.53515,-24.15723]]],[[[32.53446,-24.15651],[32.53486,-24.1566],[32.53436,-24.15723],[32.53406,-24.15687],[32.53446,-24.15651]]],[[[32.53229,-24.15704],[32.53219,-24.15641],[32.53387,-24.15605],[32.53318,-24.15696],[32.53229,-24.15704]]],[[[32.54591,-24.15745],[32.54551,-24.15745],[32.54581,-24.15591],[32.54492,-24.15627],[32.54443,-24.15572],[32.54522,-24.15545],[32.5466,-24.15591],[32.54591,-24.15745]]],[[[32.52637,-24.15712],[32.52607,-24.15657],[32.52657,-24.15612],[32.52696,-24.15639],[32.52776,-24.15513],[32.52854,-24.15576],[32.52913,-24.15577],[32.52943,-24.15504],[32.53042,-24.15541],[32.53042,-24.15595],[32.52963,-24.15649],[32.53012,-24.15722],[32.52893,-24.15694],[32.52785,-24.1573],[32.52676,-24.15666],[32.52637,-24.15712]],[[32.53002,-24.15595],[32.53002,-24.15604],[32.53012,-24.15604],[32.53002,-24.15595]],[[32.52973,-24.15577],[32.52973,-24.15586],[32.53002,-24.15595],[32.52973,-24.15577]],[[32.52953,-24.15604],[32.52973,-24.15595],[32.52973,-24.15586],[32.52953,-24.15604]],[[32.52795,-24.15694],[32.52795,-24.15703],[32.52814,-24.15712],[32.52795,-24.15694]],[[32.52834,-24.15613],[32.52834,-24.15585],[32.52815,-24.15585],[32.52834,-24.15613]],[[32.52785,-24.15622],[32.52785,-24.15649],[32.52805,-24.15649],[32.52785,-24.15622]],[[32.52864,-24.15685],[32.52874,-24.15649],[32.52844,-24.15658],[32.52864,-24.15685]],[[32.52745,-24.15621],[32.52745,-24.1564],[32.52765,-24.1564],[32.52745,-24.15621]]],[[[32.51235,-24.15807],[32.51148,-24.15816],[32.50989,-24.15561],[32.50999,-24.15534],[32.50979,-24.15551],[32.50927,-24.15511],[32.50903,-24.1548],[32.51009,-24.15498],[32.5095,-24.15407],[32.51098,-24.15471],[32.51058,-24.1548],[32.51058,-24.15498],[32.51235,-24.15807]],[[32.51097,-24.15671],[32.51117,-24.1568],[32.51117,-24.15662],[32.51097,-24.15671]],[[32.51107,-24.15643],[32.51088,-24.15634],[32.51087,-24.15661],[32.51107,-24.15643]],[[32.51068,-24.1558],[32.51068,-24.15562],[32.51019,-24.1558],[32.51068,-24.1558]],[[32.51058,-24.15535],[32.51058,-24.15517],[32.51029,-24.15507],[32.51058,-24.15535]]],[[[32.54285,-24.15608],[32.54275,-24.15581],[32.54384,-24.15563],[32.54285,-24.15608]]],[[[32.54828,-24.15573],[32.54759,-24.15555],[32.54788,-24.1561],[32.5469,-24.15636],[32.5469,-24.15473],[32.54779,-24.15456],[32.54838,-24.1551],[32.54828,-24.15573]],[[32.54739,-24.15483],[32.5474,-24.15474],[32.5473,-24.15474],[32.54739,-24.15483]]],[[[32.54009,-24.15535],[32.5393,-24.15598],[32.5397,-24.15517],[32.54068,-24.15481],[32.54088,-24.15571],[32.54009,-24.15535]]],[[[32.54473,-24.15536],[32.54374,-24.15545],[32.54384,-24.15518],[32.54463,-24.155],[32.54473,-24.15536]]],[[[32.51909,-24.15121],[32.51978,-24.15103],[32.51977,-24.15166],[32.51909,-24.15121]]],[[[32.51001,-24.14946],[32.51021,-24.15055],[32.50971,-24.15045],[32.50932,-24.151],[32.50941,-24.15154],[32.51,-24.15172],[32.50941,-24.15217],[32.51049,-24.15299],[32.50931,-24.1529],[32.50921,-24.1538],[32.50861,-24.15389],[32.50901,-24.15477],[32.50856,-24.15408],[32.50849,-24.15297],[32.50901,-24.1529],[32.50911,-24.15244],[32.50864,-24.15271],[32.50917,-24.15106],[32.51071,-24.14792],[32.51061,-24.14892],[32.51001,-24.14946]],[[32.50871,-24.15353],[32.50872,-24.15335],[32.50862,-24.15335],[32.50871,-24.15353]]],[[[32.518,-24.15048],[32.51721,-24.15021],[32.5185,-24.15012],[32.51938,-24.15103],[32.5182,-24.15093],[32.518,-24.15048]]],[[[32.51133,-24.14177],[32.51093,-24.14158],[32.51014,-24.14267],[32.50866,-24.1414],[32.50925,-24.14257],[32.50895,-24.14275],[32.50866,-24.14212],[32.50876,-24.14284],[32.50826,-24.14302],[32.50954,-24.14357],[32.51013,-24.14421],[32.51112,-24.14394],[32.51141,-24.14448],[32.51231,-24.14358],[32.51201,-24.14295],[32.513,-24.14304],[32.51399,-24.14123],[32.51677,-24.13825],[32.51637,-24.13725],[32.51815,-24.13626],[32.51776,-24.13563],[32.51865,-24.13545],[32.51836,-24.13454],[32.51886,-24.13328],[32.52024,-24.13328],[32.52093,-24.13211],[32.51975,-24.13165],[32.51986,-24.12984],[32.52015,-24.12975],[32.52015,-24.13093],[32.52045,-24.13048],[32.52133,-24.13084],[32.52084,-24.13021],[32.52095,-24.12858],[32.51996,-24.12903],[32.51966,-24.12839],[32.51897,-24.12948],[32.51779,-24.12911],[32.51819,-24.12802],[32.51779,-24.12784],[32.51819,-24.12748],[32.51799,-24.12676],[32.51681,-24.12711],[32.51701,-24.12621],[32.51622,-24.12594],[32.51623,-24.12449],[32.51672,-24.12458],[32.51681,-24.12539],[32.51731,-24.12521],[32.51682,-24.12467],[32.51721,-24.12422],[32.518,-24.12458],[32.518,-24.12513],[32.51859,-24.12504],[32.51889,-24.1235],[32.5181,-24.12368],[32.5182,-24.12313],[32.51722,-24.12277],[32.51642,-24.12394],[32.51633,-24.12295],[32.51564,-24.12249],[32.51673,-24.12204],[32.51693,-24.12141],[32.51564,-24.12186],[32.51545,-24.1215],[32.51634,-24.12096],[32.51516,-24.1205],[32.51585,-24.1205],[32.51605,-24.11978],[32.51546,-24.11914],[32.51585,-24.11869],[32.51546,-24.1186],[32.51556,-24.11715],[32.51675,-24.11742],[32.51694,-24.11824],[32.51773,-24.11824],[32.51753,-24.1177],[32.51773,-24.1177],[32.51852,-24.11788],[32.51822,-24.11834],[32.5194,-24.11852],[32.51862,-24.11761],[32.51853,-24.11634],[32.51774,-24.11634],[32.51744,-24.11534],[32.51655,-24.1157],[32.51547,-24.11479],[32.51379,-24.11533],[32.51379,-24.11606],[32.51261,-24.11587],[32.51261,-24.11543],[32.51556,-24.11466],[32.51624,-24.11473],[32.51771,-24.11517],[32.52012,-24.11677],[32.52182,-24.12044],[32.52153,-24.12349],[32.51964,-24.12399],[32.51917,-24.12509],[32.52134,-24.12837],[32.52175,-24.1315],[32.52058,-24.13558],[32.51848,-24.13677],[32.51089,-24.14599],[32.50909,-24.14916],[32.50769,-24.1543],[32.51045,-24.15711],[32.51124,-24.15909],[32.51242,-24.15986],[32.51251,-24.16252],[32.51489,-24.16619],[32.51475,-24.16937],[32.51509,-24.17002],[32.5175,-24.17268],[32.51877,-24.1731],[32.52067,-24.17512],[32.51969,-24.17475],[32.51938,-24.17665],[32.51978,-24.17665],[32.51969,-24.17548],[32.52037,-24.17629],[32.52038,-24.17575],[32.52098,-24.17539],[32.52348,-24.17684],[32.52402,-24.17748],[32.52343,-24.17784],[32.52441,-24.17803],[32.52441,-24.17893],[32.5252,-24.17884],[32.5248,-24.17939],[32.52392,-24.17893],[32.52332,-24.17929],[32.52352,-24.17975],[32.52411,-24.17948],[32.52421,-24.18038],[32.5251,-24.18047],[32.5243,-24.18183],[32.52479,-24.18265],[32.5243,-24.18301],[32.52578,-24.18319],[32.52558,-24.1841],[32.52469,-24.18419],[32.52419,-24.18473],[32.52291,-24.18391],[32.52291,-24.18327],[32.52123,-24.18363],[32.52163,-24.18427],[32.52024,-24.18426],[32.51936,-24.18335],[32.51965,-24.18426],[32.51827,-24.18507],[32.51768,-24.18389],[32.51818,-24.18335],[32.51808,-24.18181],[32.51868,-24.18045],[32.51828,-24.18063],[32.51819,-24.18009],[32.5172,-24.17982],[32.51582,-24.18085],[32.51535,-24.17925],[32.51316,-24.17628],[32.51011,-24.17697],[32.50981,-24.17653],[32.50981,-24.17704],[32.50689,-24.17962],[32.50575,-24.18014],[32.50595,-24.1796],[32.50674,-24.1796],[32.50734,-24.17843],[32.50823,-24.17816],[32.50853,-24.17689],[32.50942,-24.17662],[32.50843,-24.1758],[32.51011,-24.17563],[32.51002,-24.17472],[32.50923,-24.17472],[32.50844,-24.173],[32.50795,-24.17318],[32.50697,-24.17209],[32.50628,-24.17199],[32.50687,-24.17163],[32.50638,-24.17154],[32.50628,-24.17091],[32.505,-24.17081],[32.50608,-24.17154],[32.50558,-24.17226],[32.50529,-24.17154],[32.5048,-24.17181],[32.50322,-24.16999],[32.50243,-24.16981],[32.50253,-24.16945],[32.50125,-24.16899],[32.50214,-24.16872],[32.50224,-24.16827],[32.50195,-24.16772],[32.50126,-24.16781],[32.50126,-24.16718],[32.50254,-24.16682],[32.50067,-24.16555],[32.50107,-24.165],[32.50028,-24.16482],[32.50048,-24.16419],[32.49802,-24.16364],[32.49752,-24.16409],[32.49831,-24.16454],[32.49712,-24.1649],[32.49732,-24.16427],[32.49664,-24.16273],[32.49743,-24.16282],[32.49743,-24.16219],[32.49782,-24.16246],[32.49802,-24.16228],[32.49733,-24.16173],[32.49654,-24.16254],[32.49615,-24.16155],[32.49665,-24.16082],[32.49724,-24.16137],[32.49822,-24.1611],[32.49912,-24.15993],[32.49833,-24.1592],[32.49714,-24.16019],[32.49695,-24.15947],[32.49754,-24.15938],[32.49676,-24.15829],[32.49735,-24.15766],[32.49567,-24.15747],[32.49538,-24.15629],[32.49508,-24.15674],[32.4942,-24.15674],[32.49399,-24.15783],[32.49271,-24.15764],[32.49261,-24.1571],[32.4935,-24.15674],[32.49183,-24.15519],[32.49322,-24.15429],[32.49332,-24.1533],[32.49421,-24.1533],[32.4952,-24.15258],[32.49501,-24.15149],[32.49363,-24.15103],[32.49352,-24.15203],[32.49293,-24.15176],[32.49214,-24.15239],[32.49244,-24.15094],[32.49284,-24.15067],[32.49402,-24.15086],[32.49452,-24.15022],[32.49215,-24.14994],[32.49225,-24.14949],[32.49274,-24.14995],[32.49373,-24.14941],[32.49334,-24.14832],[32.49225,-24.14895],[32.49117,-24.14831],[32.49018,-24.1484],[32.49039,-24.14686],[32.49108,-24.14632],[32.49236,-24.14696],[32.49197,-24.14623],[32.49286,-24.14578],[32.49246,-24.14587],[32.49217,-24.14451],[32.49286,-24.14451],[32.49325,-24.1456],[32.49365,-24.14542],[32.49345,-24.14497],[32.49444,-24.14533],[32.49385,-24.14479],[32.49414,-24.14452],[32.49533,-24.14515],[32.49503,-24.14588],[32.49453,-24.14579],[32.49453,-24.14751],[32.49542,-24.14678],[32.49551,-24.14742],[32.4962,-24.1476],[32.49621,-24.14688],[32.4971,-24.14643],[32.49729,-24.14733],[32.49798,-24.1477],[32.49907,-24.14788],[32.49946,-24.14734],[32.49828,-24.14725],[32.49808,-24.14679],[32.49918,-24.14499],[32.49769,-24.14525],[32.49799,-24.1448],[32.4974,-24.1448],[32.4973,-24.14426],[32.49671,-24.14489],[32.49622,-24.1448],[32.49651,-24.14407],[32.49583,-24.14362],[32.49662,-24.14353],[32.49652,-24.1428],[32.49553,-24.14244],[32.49534,-24.14072],[32.49317,-24.14125],[32.49298,-24.14062],[32.49337,-24.14017],[32.49259,-24.13962],[32.4921,-24.13835],[32.49318,-24.13836],[32.49328,-24.13908],[32.49407,-24.13936],[32.49347,-24.13981],[32.49367,-24.14008],[32.49535,-24.13972],[32.49456,-24.13936],[32.49456,-24.13854],[32.49417,-24.1389],[32.49437,-24.13809],[32.49456,-24.13845],[32.49506,-24.13818],[32.49584,-24.13918],[32.49673,-24.13882],[32.49801,-24.13901],[32.49851,-24.13837],[32.49792,-24.13846],[32.49782,-24.13729],[32.49713,-24.13701],[32.49822,-24.13656],[32.49871,-24.13711],[32.49852,-24.13656],[32.49911,-24.1362],[32.49882,-24.13584],[32.49921,-24.1353],[32.49872,-24.13502],[32.49971,-24.13467],[32.49961,-24.13548],[32.5005,-24.13548],[32.50099,-24.13612],[32.50088,-24.13739],[32.50197,-24.13748],[32.50226,-24.13793],[32.50256,-24.13757],[32.50325,-24.13776],[32.50187,-24.13657],[32.50306,-24.13667],[32.50336,-24.13567],[32.50434,-24.1355],[32.50434,-24.13513],[32.50484,-24.13568],[32.50494,-24.13504],[32.50365,-24.13504],[32.50385,-24.1345],[32.50346,-24.13422],[32.50396,-24.13323],[32.50425,-24.13396],[32.50504,-24.13414],[32.50524,-24.13305],[32.50613,-24.1326],[32.50514,-24.13233],[32.50515,-24.13079],[32.50466,-24.13097],[32.50485,-24.13142],[32.50426,-24.13097],[32.50377,-24.13151],[32.50426,-24.13169],[32.50416,-24.13278],[32.50317,-24.13296],[32.50297,-24.13214],[32.50347,-24.1316],[32.50249,-24.13015],[32.50249,-24.13069],[32.5019,-24.13033],[32.50219,-24.12978],[32.5016,-24.12996],[32.5016,-24.12942],[32.50081,-24.12942],[32.50101,-24.12878],[32.50042,-24.12896],[32.50003,-24.12833],[32.49914,-24.12814],[32.49914,-24.12769],[32.49826,-24.1276],[32.49807,-24.12606],[32.49905,-24.12561],[32.49847,-24.12425],[32.49965,-24.12443],[32.49995,-24.12407],[32.50015,-24.12398],[32.50054,-24.12416],[32.50034,-24.12462],[32.50113,-24.12543],[32.50141,-24.12824],[32.5031,-24.12635],[32.503,-24.1268],[32.50378,-24.12725],[32.50378,-24.12753],[32.50319,-24.12734],[32.5026,-24.12788],[32.50299,-24.12816],[32.50279,-24.12861],[32.5025,-24.12843],[32.5024,-24.12861],[32.50289,-24.12888],[32.50408,-24.12816],[32.50378,-24.12888],[32.50417,-24.12988],[32.50476,-24.12979],[32.50595,-24.12808],[32.50644,-24.12835],[32.50674,-24.12753],[32.50704,-24.12817],[32.50743,-24.12799],[32.50684,-24.12889],[32.50792,-24.12953],[32.50841,-24.12944],[32.50792,-24.12872],[32.50871,-24.1289],[32.50891,-24.12818],[32.51049,-24.12854],[32.51,-24.128],[32.51079,-24.12809],[32.51089,-24.12737],[32.51177,-24.12773],[32.51217,-24.12719],[32.51335,-24.12846],[32.51424,-24.12774],[32.51503,-24.12792],[32.51513,-24.12838],[32.51424,-24.12865],[32.51473,-24.12955],[32.51394,-24.12991],[32.51433,-24.13046],[32.51422,-24.13181],[32.51492,-24.13173],[32.51501,-24.13209],[32.51393,-24.13236],[32.51343,-24.13217],[32.51254,-24.13317],[32.51392,-24.13381],[32.51451,-24.13354],[32.515,-24.13462],[32.51352,-24.13516],[32.51312,-24.13625],[32.51194,-24.13615],[32.51115,-24.13669],[32.51095,-24.13733],[32.51174,-24.13697],[32.51223,-24.13715],[32.51075,-24.1376],[32.51134,-24.13842],[32.50966,-24.13968],[32.51074,-24.1405],[32.51133,-24.14177]],[[32.49881,-24.16183],[32.49802,-24.16164],[32.49802,-24.16228],[32.49881,-24.16183]],[[32.49956,-24.14743],[32.49956,-24.14734],[32.49946,-24.14734],[32.49956,-24.14743]],[[32.49792,-24.13719],[32.49782,-24.13719],[32.49782,-24.13729],[32.49792,-24.13719]],[[32.50023,-24.12815],[32.50003,-24.12824],[32.50003,-24.12833],[32.50023,-24.12815]],[[32.49975,-24.12452],[32.49975,-24.12443],[32.49965,-24.12443],[32.49975,-24.12452]],[[32.51088,-24.12818],[32.51088,-24.12809],[32.51079,-24.12809],[32.51088,-24.12818]],[[32.52353,-24.17703],[32.52244,-24.17703],[32.52303,-24.17775],[32.52353,-24.17703]],[[32.52254,-24.17775],[32.52254,-24.17793],[32.52303,-24.17793],[32.52254,-24.17775]],[[32.50815,-24.17263],[32.50795,-24.17272],[32.50795,-24.17281],[32.50815,-24.17263]],[[32.49293,-24.15112],[32.49284,-24.15085],[32.49274,-24.15085],[32.49293,-24.15112]],[[32.49206,-24.14831],[32.49196,-24.14849],[32.49225,-24.14868],[32.49265,-24.14841],[32.49206,-24.14831]],[[32.49215,-24.14877],[32.49215,-24.14886],[32.49225,-24.14886],[32.49215,-24.14877]],[[32.49555,-24.13918],[32.49565,-24.13918],[32.49565,-24.13909],[32.49555,-24.13918]],[[32.49802,-24.1371],[32.49812,-24.13701],[32.49792,-24.13701],[32.49802,-24.1371]],[[32.49852,-24.1372],[32.49861,-24.1372],[32.49861,-24.13711],[32.49852,-24.1372]],[[32.49921,-24.13584],[32.49911,-24.13584],[32.49911,-24.13593],[32.49921,-24.13584]],[[32.50366,-24.1326],[32.50357,-24.13241],[32.50337,-24.13241],[32.50366,-24.1326]],[[32.50005,-24.12425],[32.50005,-24.12416],[32.49995,-24.12416],[32.50005,-24.12425]],[[32.50014,-24.12434],[32.50014,-24.12425],[32.50005,-24.12425],[32.50014,-24.12434]],[[32.51363,-24.13208],[32.51353,-24.13208],[32.51353,-24.13217],[32.51363,-24.13208]],[[32.51373,-24.13199],[32.51363,-24.13199],[32.51363,-24.13208],[32.51373,-24.13199]],[[32.51055,-24.13787],[32.51075,-24.13778],[32.51075,-24.13769],[32.51055,-24.13787]],[[32.50966,-24.13904],[32.50966,-24.13923],[32.50985,-24.13923],[32.50966,-24.13904]],[[32.52096,-24.17684],[32.52185,-24.17675],[32.52136,-24.17603],[32.52067,-24.17602],[32.52096,-24.17684]],[[32.51859,-24.17765],[32.51889,-24.17665],[32.5185,-24.17647],[32.5179,-24.17701],[32.51859,-24.17765]],[[32.52106,-24.17765],[32.52106,-24.17729],[32.52027,-24.17747],[32.52106,-24.17765]],[[32.52195,-24.17775],[32.52195,-24.17784],[32.52205,-24.17784],[32.52195,-24.17775]],[[32.51928,-24.17738],[32.51909,-24.17729],[32.51899,-24.17774],[32.51928,-24.17738]],[[32.51474,-24.17763],[32.51484,-24.17736],[32.51464,-24.17736],[32.51474,-24.17763]],[[32.51682,-24.1771],[32.51682,-24.17701],[32.51662,-24.17701],[32.51682,-24.1771]],[[32.51771,-24.17692],[32.51771,-24.17674],[32.51741,-24.17674],[32.51771,-24.17692]],[[32.51553,-24.17691],[32.51553,-24.17682],[32.51544,-24.17682],[32.51553,-24.17691]],[[32.51376,-24.17673],[32.51376,-24.17664],[32.51366,-24.17664],[32.51376,-24.17673]],[[32.51682,-24.17655],[32.51682,-24.17674],[32.51711,-24.17674],[32.51682,-24.17655]],[[32.5181,-24.17638],[32.51761,-24.17601],[32.51761,-24.17629],[32.5181,-24.17638]],[[32.51564,-24.17637],[32.51563,-24.17664],[32.51583,-24.17664],[32.51564,-24.17637]],[[32.52047,-24.1772],[32.52076,-24.1772],[32.52057,-24.17702],[32.52047,-24.1772]],[[32.52215,-24.17666],[32.52215,-24.17675],[32.52225,-24.17675],[32.52215,-24.17666]],[[32.51712,-24.17592],[32.51712,-24.17574],[32.51702,-24.17574],[32.51712,-24.17592]],[[32.51001,-24.17581],[32.51001,-24.17572],[32.50991,-24.17572],[32.51001,-24.17581]],[[32.51929,-24.1743],[32.51703,-24.1733],[32.51722,-24.1742],[32.51643,-24.17447],[32.51623,-24.17556],[32.51929,-24.1743]],[[32.51554,-24.17555],[32.51564,-24.17519],[32.51495,-24.17501],[32.51485,-24.17546],[32.51554,-24.17555]],[[32.51455,-24.17546],[32.51455,-24.17537],[32.51436,-24.17537],[32.51455,-24.17546]],[[32.51367,-24.17501],[32.51347,-24.175],[32.51347,-24.1751],[32.51367,-24.17501]],[[32.51396,-24.17473],[32.51377,-24.17464],[32.51367,-24.17501],[32.51396,-24.17473]],[[32.51219,-24.17491],[32.51219,-24.17473],[32.51209,-24.17473],[32.51219,-24.17491]],[[32.51584,-24.17465],[32.51554,-24.17474],[32.51564,-24.17492],[32.51584,-24.17465]],[[32.51387,-24.17428],[32.51387,-24.17419],[32.51377,-24.17419],[32.51387,-24.17428]],[[32.51199,-24.17419],[32.51199,-24.17409],[32.51189,-24.17409],[32.51199,-24.17419]],[[32.51456,-24.17428],[32.51485,-24.17428],[32.51476,-24.17401],[32.51456,-24.17428]],[[32.51643,-24.17393],[32.51643,-24.17411],[32.51653,-24.17411],[32.51643,-24.17393]],[[32.51367,-24.17347],[32.51357,-24.17374],[32.51377,-24.17383],[32.51367,-24.17347]],[[32.51624,-24.17356],[32.51614,-24.17384],[32.51643,-24.17384],[32.51624,-24.17356]],[[32.50953,-24.17327],[32.50953,-24.17318],[32.50943,-24.17318],[32.50953,-24.17327]],[[32.51594,-24.17311],[32.51584,-24.17329],[32.51614,-24.17329],[32.51594,-24.17311]],[[32.5186,-24.17565],[32.5187,-24.17538],[32.51821,-24.17529],[32.5186,-24.17565]],[[32.51723,-24.17293],[32.51723,-24.17275],[32.51703,-24.17275],[32.51723,-24.17293]],[[32.51368,-24.17265],[32.51367,-24.17274],[32.51377,-24.17274],[32.51368,-24.17265]],[[32.51358,-24.17256],[32.51358,-24.17265],[32.51368,-24.17265],[32.51358,-24.17256]],[[32.5115,-24.17264],[32.5115,-24.17255],[32.51131,-24.17255],[32.5115,-24.17264]],[[32.51545,-24.17257],[32.51545,-24.17248],[32.51526,-24.17248],[32.51545,-24.17257]],[[32.50894,-24.17218],[32.50904,-24.17191],[32.50884,-24.17191],[32.50894,-24.17218]],[[32.51625,-24.17166],[32.51615,-24.17193],[32.51634,-24.17203],[32.51625,-24.17166]],[[32.51487,-24.16976],[32.51418,-24.16921],[32.51418,-24.17093],[32.51565,-24.17193],[32.51487,-24.16976]],[[32.51161,-24.17192],[32.51161,-24.17183],[32.51151,-24.17183],[32.51161,-24.17192]],[[32.51289,-24.17183],[32.51289,-24.17165],[32.51279,-24.17165],[32.51289,-24.17183]],[[32.51141,-24.17138],[32.51141,-24.17129],[32.51121,-24.17129],[32.51141,-24.17138]],[[32.50835,-24.17091],[32.50835,-24.17082],[32.50825,-24.17082],[32.50835,-24.17091]],[[32.50806,-24.1701],[32.50865,-24.17064],[32.50885,-24.17037],[32.50836,-24.16965],[32.50806,-24.1701]],[[32.50381,-24.17036],[32.50381,-24.17017],[32.50362,-24.17017],[32.50381,-24.17036]],[[32.5052,-24.17018],[32.5052,-24.17036],[32.50539,-24.17036],[32.5052,-24.17018]],[[32.50679,-24.16629],[32.50649,-24.16674],[32.5059,-24.16656],[32.5058,-24.1662],[32.5063,-24.16656],[32.50649,-24.16629],[32.50551,-24.16529],[32.50541,-24.16592],[32.50462,-24.1661],[32.50482,-24.16674],[32.5058,-24.16701],[32.50521,-24.1671],[32.50501,-24.16764],[32.5054,-24.16801],[32.505,-24.16982],[32.5055,-24.16918],[32.50658,-24.17009],[32.50766,-24.17028],[32.50707,-24.16946],[32.50668,-24.16964],[32.50678,-24.16855],[32.50856,-24.16865],[32.50837,-24.16747],[32.50935,-24.16739],[32.50975,-24.16793],[32.50965,-24.16739],[32.51064,-24.16685],[32.51152,-24.16712],[32.51142,-24.16784],[32.51182,-24.16812],[32.51221,-24.16803],[32.51182,-24.16776],[32.51212,-24.1673],[32.513,-24.1674],[32.51349,-24.16849],[32.51241,-24.16893],[32.51231,-24.16948],[32.51398,-24.1693],[32.51379,-24.16776],[32.51271,-24.16631],[32.51262,-24.1654],[32.51203,-24.1645],[32.51153,-24.16459],[32.51183,-24.16404],[32.51144,-24.16377],[32.51144,-24.16259],[32.51016,-24.16277],[32.51026,-24.16359],[32.50986,-24.16295],[32.50897,-24.16322],[32.50838,-24.16276],[32.50789,-24.1634],[32.5068,-24.16339],[32.5071,-24.16385],[32.50631,-24.16412],[32.5062,-24.16538],[32.50679,-24.16629]],[[32.50621,-24.16393],[32.50611,-24.16412],[32.50631,-24.16412],[32.50621,-24.16393]],[[32.50601,-24.16439],[32.50621,-24.16439],[32.50611,-24.16412],[32.50601,-24.16439]],[[32.50915,-24.1682],[32.50905,-24.16793],[32.50876,-24.16811],[32.50915,-24.1682]],[[32.50925,-24.16829],[32.50925,-24.1682],[32.50915,-24.1682],[32.50925,-24.16829]],[[32.50964,-24.16847],[32.50965,-24.16829],[32.50925,-24.16829],[32.50964,-24.16847]],[[32.51183,-24.16368],[32.51183,-24.1635],[32.51154,-24.1635],[32.51183,-24.16368]],[[32.51014,-24.16847],[32.50984,-24.16838],[32.50984,-24.16865],[32.51014,-24.16847]],[[32.51083,-24.16875],[32.51083,-24.16848],[32.51034,-24.16848],[32.51083,-24.16875]],[[32.51182,-24.1683],[32.51182,-24.16848],[32.51191,-24.16848],[32.51182,-24.1683]],[[32.51241,-24.1683],[32.51241,-24.16866],[32.5128,-24.16839],[32.5128,-24.16803],[32.51241,-24.1683]],[[32.51093,-24.16811],[32.51093,-24.1683],[32.51132,-24.1683],[32.51093,-24.16811]],[[32.50846,-24.16928],[32.50806,-24.16892],[32.50698,-24.16892],[32.50698,-24.16937],[32.50846,-24.16928]],[[32.51112,-24.16893],[32.51102,-24.16911],[32.51132,-24.16929],[32.51112,-24.16893]],[[32.51131,-24.17047],[32.51171,-24.17038],[32.51161,-24.16984],[32.5124,-24.16984],[32.51132,-24.16956],[32.51131,-24.17047]],[[32.50421,-24.1699],[32.50421,-24.16963],[32.50372,-24.17008],[32.50421,-24.1699]],[[32.50451,-24.16954],[32.50491,-24.1681],[32.50402,-24.16782],[32.50451,-24.16846],[32.50353,-24.16836],[32.50333,-24.16872],[32.50362,-24.16972],[32.50451,-24.16954]],[[32.50293,-24.16854],[32.50264,-24.1689],[32.50333,-24.169],[32.50293,-24.16854]],[[32.50303,-24.16791],[32.50274,-24.16791],[32.50274,-24.16818],[32.50303,-24.16791]],[[32.50333,-24.16782],[32.50323,-24.16809],[32.50363,-24.16809],[32.50333,-24.16782]],[[32.50254,-24.16782],[32.50254,-24.16773],[32.50244,-24.16773],[32.50254,-24.16782]],[[32.50383,-24.16746],[32.50383,-24.16737],[32.50373,-24.16737],[32.50383,-24.16746]],[[32.50452,-24.16737],[32.50452,-24.16746],[32.50461,-24.16746],[32.50452,-24.16737]],[[32.50442,-24.16728],[32.50442,-24.16737],[32.50452,-24.16737],[32.50442,-24.16728]],[[32.50413,-24.16646],[32.50403,-24.16646],[32.50403,-24.16655],[32.50413,-24.16646]],[[32.50432,-24.16637],[32.50413,-24.16637],[32.50413,-24.16646],[32.50432,-24.16637]],[[32.50245,-24.16619],[32.50255,-24.16582],[32.50225,-24.16582],[32.50245,-24.16619]],[[32.50403,-24.16583],[32.50383,-24.16583],[32.50383,-24.1661],[32.50403,-24.16583]],[[32.50383,-24.16519],[32.50462,-24.16529],[32.50423,-24.16447],[32.50383,-24.16519]],[[32.50127,-24.16473],[32.50117,-24.16401],[32.50078,-24.16428],[32.50127,-24.16473]],[[32.50532,-24.16447],[32.50522,-24.16466],[32.50591,-24.16511],[32.50601,-24.16448],[32.50532,-24.16447]],[[32.50167,-24.16455],[32.50166,-24.16464],[32.50186,-24.16464],[32.50167,-24.16455]],[[32.50127,-24.16356],[32.50127,-24.16383],[32.50157,-24.16374],[32.50127,-24.16356]],[[32.49832,-24.16255],[32.49782,-24.16327],[32.49891,-24.16337],[32.4992,-24.16282],[32.49832,-24.16255]],[[32.4998,-24.16246],[32.4995,-24.16255],[32.4996,-24.16274],[32.4998,-24.16246]],[[32.50582,-24.16321],[32.50552,-24.16384],[32.50651,-24.16339],[32.50641,-24.16258],[32.50493,-24.16167],[32.50394,-24.16221],[32.50424,-24.16275],[32.50582,-24.16321]],[[32.50128,-24.16229],[32.50158,-24.16202],[32.50108,-24.16183],[32.50128,-24.16229]],[[32.50187,-24.16211],[32.50187,-24.16229],[32.50207,-24.16229],[32.50187,-24.16211]],[[32.51036,-24.16114],[32.51056,-24.16241],[32.51105,-24.16232],[32.51125,-24.1616],[32.51036,-24.16114]],[[32.50987,-24.16223],[32.51026,-24.16205],[32.51026,-24.16186],[32.50987,-24.16223]],[[32.50168,-24.16066],[32.50099,-24.16138],[32.50148,-24.16156],[32.50168,-24.16066]],[[32.50089,-24.16111],[32.50079,-24.16093],[32.50089,-24.16129],[32.50089,-24.16111]],[[32.50435,-24.16058],[32.50415,-24.16076],[32.50425,-24.16076],[32.50435,-24.16058]],[[32.50634,-24.15434],[32.50506,-24.15469],[32.50456,-24.15569],[32.50357,-24.15605],[32.50327,-24.15777],[32.50396,-24.15786],[32.50435,-24.15886],[32.50534,-24.15959],[32.50583,-24.15913],[32.50602,-24.1604],[32.50682,-24.15959],[32.5076,-24.15995],[32.50761,-24.15905],[32.50958,-24.15851],[32.51056,-24.16087],[32.51076,-24.16024],[32.51007,-24.15915],[32.51047,-24.15824],[32.50822,-24.15489],[32.50703,-24.15434],[32.50714,-24.15307],[32.50654,-24.15343],[32.50586,-24.15234],[32.50665,-24.15099],[32.50547,-24.15116],[32.50557,-24.1499],[32.50636,-24.15017],[32.50686,-24.14836],[32.50538,-24.14908],[32.50547,-24.14972],[32.50439,-24.1498],[32.50419,-24.15035],[32.50507,-24.15071],[32.50438,-24.1517],[32.50527,-24.15144],[32.50546,-24.15252],[32.50477,-24.15297],[32.50496,-24.15352],[32.50536,-24.15397],[32.50634,-24.15388],[32.50634,-24.15434]],[[32.50398,-24.15351],[32.50388,-24.15424],[32.50427,-24.15361],[32.50477,-24.1537],[32.50467,-24.15306],[32.50398,-24.15351]],[[32.50349,-24.15224],[32.50329,-24.15206],[32.50319,-24.15252],[32.50349,-24.15224]],[[32.49559,-24.1524],[32.49569,-24.15222],[32.4955,-24.15222],[32.49559,-24.1524]],[[32.50073,-24.15233],[32.50102,-24.15187],[32.50063,-24.15178],[32.50073,-24.15233]],[[32.49816,-24.15205],[32.49816,-24.15196],[32.49796,-24.15195],[32.49816,-24.15205]],[[32.503,-24.15197],[32.5029,-24.15179],[32.5027,-24.15188],[32.503,-24.15197]],[[32.50329,-24.15179],[32.50329,-24.15197],[32.50359,-24.15206],[32.50379,-24.15179],[32.50329,-24.15179]],[[32.49905,-24.15142],[32.49905,-24.15132],[32.49876,-24.15123],[32.49905,-24.15142]],[[32.49816,-24.15123],[32.49816,-24.15114],[32.49797,-24.15114],[32.49816,-24.15123]],[[32.49589,-24.15113],[32.4959,-24.15095],[32.4958,-24.15095],[32.49589,-24.15113]],[[32.49619,-24.15086],[32.49659,-24.15104],[32.49689,-24.15032],[32.49619,-24.15086]],[[32.49985,-24.15042],[32.49995,-24.15006],[32.49935,-24.15015],[32.49985,-24.15042]],[[32.49531,-24.14995],[32.49531,-24.14986],[32.49521,-24.14986],[32.49531,-24.14995]],[[32.50409,-24.15016],[32.50419,-24.14989],[32.50389,-24.14971],[32.50409,-24.15016]],[[32.50064,-24.1497],[32.50064,-24.14943],[32.50034,-24.14943],[32.50064,-24.1497]],[[32.49936,-24.14924],[32.49936,-24.14942],[32.49955,-24.14942],[32.49936,-24.14924]],[[32.49541,-24.14932],[32.49541,-24.14923],[32.49521,-24.14923],[32.49541,-24.14932]],[[32.49748,-24.14869],[32.49778,-24.14933],[32.49807,-24.14924],[32.49748,-24.14869]],[[32.49739,-24.1486],[32.49738,-24.14869],[32.49748,-24.14869],[32.49739,-24.1486]],[[32.49857,-24.1487],[32.49807,-24.14888],[32.49807,-24.14897],[32.49857,-24.1487]],[[32.49867,-24.14906],[32.49867,-24.14915],[32.49876,-24.14915],[32.49867,-24.14906]],[[32.49511,-24.14878],[32.49512,-24.14869],[32.49502,-24.14869],[32.49511,-24.14878]],[[32.50044,-24.14879],[32.50025,-24.1478],[32.49995,-24.14789],[32.50044,-24.14879]],[[32.49196,-24.14804],[32.49196,-24.14813],[32.49216,-24.14795],[32.49196,-24.14804]],[[32.49571,-24.14814],[32.49601,-24.14796],[32.49581,-24.14796],[32.49571,-24.14814]],[[32.50173,-24.1478],[32.50173,-24.14771],[32.50153,-24.14789],[32.50173,-24.1478]],[[32.50597,-24.14763],[32.50578,-24.14763],[32.50578,-24.14781],[32.50597,-24.14763]],[[32.50815,-24.14719],[32.50844,-24.148],[32.50864,-24.14791],[32.50864,-24.14692],[32.50815,-24.14719]],[[32.50548,-24.14745],[32.50558,-24.14718],[32.50538,-24.14718],[32.50548,-24.14745]],[[32.50647,-24.14718],[32.50647,-24.14736],[32.50667,-24.14737],[32.50647,-24.14718]],[[32.50647,-24.14619],[32.50677,-24.14691],[32.50765,-24.14728],[32.50775,-24.14683],[32.50647,-24.14619]],[[32.50203,-24.14626],[32.50193,-24.14663],[32.50213,-24.14654],[32.50203,-24.14626]],[[32.50016,-24.1458],[32.49927,-24.1458],[32.49967,-24.14598],[32.50016,-24.1458]],[[32.50322,-24.14527],[32.50214,-24.14518],[32.50253,-24.14617],[32.50322,-24.14527]],[[32.50806,-24.14483],[32.50776,-24.14474],[32.50766,-24.1451],[32.50806,-24.14483]],[[32.50519,-24.1451],[32.50519,-24.14501],[32.505,-24.14501],[32.50519,-24.1451]],[[32.50125,-24.14508],[32.50115,-24.14472],[32.50095,-24.14472],[32.50125,-24.14508]],[[32.49849,-24.1448],[32.49859,-24.14453],[32.49839,-24.14453],[32.49849,-24.1448]],[[32.51122,-24.14466],[32.51052,-24.14493],[32.51072,-24.1453],[32.51122,-24.14466]],[[32.51033,-24.1452],[32.50993,-24.14502],[32.51003,-24.14593],[32.51033,-24.1452]],[[32.50855,-24.14465],[32.50865,-24.14547],[32.50795,-24.14583],[32.50785,-24.14646],[32.50894,-24.14656],[32.50894,-24.14565],[32.50963,-24.14547],[32.50934,-24.14475],[32.50855,-24.14465]],[[32.50499,-24.14636],[32.50539,-24.14646],[32.50539,-24.14609],[32.50499,-24.14636]],[[32.50746,-24.14592],[32.50746,-24.14574],[32.50726,-24.14574],[32.50746,-24.14592]],[[32.50697,-24.14583],[32.50697,-24.14555],[32.50687,-24.14555],[32.50697,-24.14583]],[[32.50707,-24.14546],[32.50697,-24.14546],[32.50697,-24.14555],[32.50707,-24.14546]],[[32.50648,-24.14483],[32.50648,-24.14465],[32.50628,-24.14465],[32.50648,-24.14483]],[[32.50331,-24.14645],[32.50331,-24.14654],[32.50341,-24.14654],[32.50331,-24.14645]],[[32.50893,-24.14773],[32.50883,-24.14801],[32.50913,-24.14801],[32.50893,-24.14773]],[[32.50726,-24.14791],[32.50735,-24.14818],[32.50755,-24.14809],[32.50726,-24.14791]],[[32.50262,-24.14826],[32.50262,-24.14799],[32.50242,-24.14808],[32.50262,-24.14826]],[[32.50567,-24.14863],[32.50577,-24.14881],[32.50607,-24.14863],[32.50567,-24.14863]],[[32.50143,-24.14871],[32.50123,-24.14907],[32.50163,-24.14907],[32.50143,-24.14871]],[[32.5036,-24.14853],[32.5036,-24.14844],[32.5035,-24.14844],[32.5036,-24.14853]],[[32.50104,-24.14798],[32.50114,-24.14825],[32.50133,-24.14807],[32.50104,-24.14798]],[[32.50311,-24.14799],[32.50311,-24.14808],[32.50331,-24.14808],[32.50311,-24.14799]],[[32.50913,-24.14855],[32.50903,-24.14828],[32.50844,-24.14873],[32.50853,-24.14918],[32.50913,-24.14855]],[[32.50804,-24.14918],[32.50794,-24.14891],[32.50745,-24.14909],[32.50755,-24.14954],[32.50804,-24.14918]],[[32.50784,-24.14954],[32.50784,-24.1499],[32.50824,-24.14981],[32.50784,-24.14954]],[[32.49975,-24.14979],[32.49975,-24.1497],[32.49955,-24.1497],[32.49975,-24.14979]],[[32.5035,-24.15025],[32.5032,-24.15016],[32.5032,-24.15043],[32.5035,-24.15025]],[[32.50132,-24.1507],[32.50093,-24.15043],[32.50063,-24.15097],[32.50103,-24.15124],[32.50132,-24.1507]],[[32.50458,-24.1508],[32.50458,-24.15089],[32.50468,-24.15089],[32.50458,-24.1508]],[[32.50379,-24.15116],[32.50369,-24.15143],[32.50399,-24.15143],[32.50379,-24.15116]],[[32.49777,-24.15023],[32.49777,-24.1506],[32.49797,-24.1506],[32.49777,-24.15023]],[[32.49866,-24.15042],[32.49866,-24.15051],[32.49896,-24.1506],[32.49866,-24.15042]],[[32.50182,-24.15025],[32.50182,-24.15043],[32.50202,-24.15043],[32.50182,-24.15025]],[[32.50705,-24.15008],[32.50705,-24.15026],[32.50715,-24.15026],[32.50705,-24.15008]],[[32.50734,-24.15045],[32.50724,-24.15081],[32.50803,-24.15072],[32.50794,-24.15036],[32.50734,-24.15045]],[[32.50744,-24.1509],[32.50695,-24.15135],[32.50714,-24.15171],[32.50764,-24.15153],[32.50744,-24.1509]],[[32.50744,-24.15199],[32.50685,-24.15189],[32.50704,-24.15289],[32.50744,-24.15199]],[[32.50733,-24.15389],[32.50723,-24.15407],[32.50743,-24.15407],[32.50733,-24.15389]],[[32.51047,-24.15924],[32.51047,-24.15933],[32.51057,-24.15933],[32.51047,-24.15924]],[[32.50612,-24.16076],[32.50612,-24.16067],[32.50592,-24.16067],[32.50612,-24.16076]],[[32.50198,-24.16057],[32.50238,-24.15967],[32.50208,-24.15985],[32.50198,-24.16057]],[[32.5002,-24.15993],[32.50099,-24.15993],[32.5005,-24.1593],[32.5002,-24.15993]],[[32.49961,-24.15984],[32.49961,-24.15966],[32.49941,-24.15966],[32.49961,-24.15984]],[[32.49912,-24.1592],[32.49912,-24.15947],[32.49951,-24.15938],[32.49912,-24.1592]],[[32.50119,-24.15912],[32.50119,-24.1593],[32.50139,-24.15921],[32.50119,-24.15912]],[[32.50109,-24.15975],[32.50149,-24.15984],[32.50168,-24.15948],[32.50109,-24.15975]],[[32.5084,-24.1595],[32.5084,-24.15941],[32.5083,-24.15941],[32.5084,-24.1595]],[[32.508,-24.15941],[32.508,-24.15932],[32.5078,-24.15932],[32.508,-24.15941]],[[32.49863,-24.15884],[32.49843,-24.15884],[32.49843,-24.15902],[32.49863,-24.15884]],[[32.49873,-24.15875],[32.49863,-24.15875],[32.49863,-24.15884],[32.49873,-24.15875]],[[32.49853,-24.15857],[32.49853,-24.15875],[32.49863,-24.15875],[32.49853,-24.15857]],[[32.49903,-24.15803],[32.49863,-24.15793],[32.49863,-24.15857],[32.49903,-24.15803]],[[32.49764,-24.15847],[32.49735,-24.15856],[32.49744,-24.15883],[32.49764,-24.15847]],[[32.49823,-24.15857],[32.49843,-24.15829],[32.49824,-24.1582],[32.49823,-24.15857]],[[32.50218,-24.15867],[32.50218,-24.15885],[32.50238,-24.15885],[32.50218,-24.15867]],[[32.49923,-24.15739],[32.49972,-24.15694],[32.49913,-24.15658],[32.49923,-24.15739]],[[32.49617,-24.15675],[32.49597,-24.15666],[32.49597,-24.15693],[32.49617,-24.15675]],[[32.49607,-24.15584],[32.49558,-24.15566],[32.49568,-24.1562],[32.49607,-24.15584]],[[32.49301,-24.15592],[32.49301,-24.15601],[32.49311,-24.15601],[32.49301,-24.15592]],[[32.49292,-24.15583],[32.49292,-24.15592],[32.49301,-24.15592],[32.49292,-24.15583]],[[32.49282,-24.15574],[32.49282,-24.15583],[32.49292,-24.15583],[32.49282,-24.15574]],[[32.49509,-24.15575],[32.49509,-24.15593],[32.49528,-24.15593],[32.49509,-24.15575]],[[32.4938,-24.15593],[32.4938,-24.15583],[32.49371,-24.15583],[32.4938,-24.15593]],[[32.49696,-24.15621],[32.49696,-24.1563],[32.49706,-24.1563],[32.49696,-24.15621]],[[32.49262,-24.1552],[32.49262,-24.15547],[32.49312,-24.15538],[32.49262,-24.1552]],[[32.494,-24.15547],[32.4943,-24.15547],[32.4942,-24.15511],[32.494,-24.15547]],[[32.49756,-24.15521],[32.49746,-24.15503],[32.49726,-24.15512],[32.49756,-24.15521]],[[32.49411,-24.15357],[32.49352,-24.15393],[32.4945,-24.15502],[32.49479,-24.15493],[32.49411,-24.15357]],[[32.49341,-24.15457],[32.49322,-24.15484],[32.49371,-24.15475],[32.49371,-24.15439],[32.49341,-24.15457]],[[32.50299,-24.15342],[32.50299,-24.15378],[32.50319,-24.15378],[32.50329,-24.15333],[32.50299,-24.15342]],[[32.50309,-24.15396],[32.50309,-24.15424],[32.50338,-24.15415],[32.50309,-24.15396]],[[32.50457,-24.15433],[32.50457,-24.15442],[32.50467,-24.15442],[32.50457,-24.15433]],[[32.50111,-24.15441],[32.50111,-24.15432],[32.50101,-24.15432],[32.50111,-24.15441]],[[32.49766,-24.1544],[32.49766,-24.15476],[32.49795,-24.15449],[32.49766,-24.1544]],[[32.49904,-24.15495],[32.49924,-24.15495],[32.49914,-24.15449],[32.49904,-24.15495]],[[32.50279,-24.1546],[32.50279,-24.15478],[32.50289,-24.15478],[32.50279,-24.1546]],[[32.50407,-24.15478],[32.50407,-24.15505],[32.50427,-24.15505],[32.50407,-24.15478]],[[32.50072,-24.15495],[32.50072,-24.15477],[32.50062,-24.15477],[32.50072,-24.15495]],[[32.49983,-24.15531],[32.49983,-24.1554],[32.49992,-24.1554],[32.49983,-24.15531]],[[32.49963,-24.1554],[32.49963,-24.15549],[32.49973,-24.15549],[32.49963,-24.1554]],[[32.50506,-24.15424],[32.50506,-24.15415],[32.50496,-24.15415],[32.50506,-24.15424]],[[32.49707,-24.15322],[32.49707,-24.15304],[32.49697,-24.15304],[32.49707,-24.15322]],[[32.50464,-24.16103],[32.50464,-24.16121],[32.50494,-24.16121],[32.50464,-24.16103]],[[32.50642,-24.16113],[32.50642,-24.16131],[32.50661,-24.16131],[32.50642,-24.16113]],[[32.5,-24.1612],[32.5,-24.16111],[32.4998,-24.16111],[32.5,-24.1612]],[[32.51174,-24.16205],[32.51174,-24.16214],[32.51184,-24.16214],[32.51174,-24.16205]],[[32.50187,-24.16365],[32.50177,-24.16365],[32.50177,-24.16374],[32.50187,-24.16365]],[[32.50216,-24.16338],[32.50187,-24.1632],[32.50187,-24.16365],[32.50216,-24.16338]],[[32.50078,-24.16328],[32.50078,-24.1631],[32.50059,-24.1631],[32.50078,-24.16328]],[[32.50029,-24.16319],[32.50039,-24.16301],[32.50019,-24.16301],[32.50029,-24.16319]],[[32.50315,-24.16329],[32.50315,-24.16338],[32.50335,-24.16338],[32.50315,-24.16329]],[[32.50315,-24.16275],[32.50315,-24.16266],[32.50305,-24.16266],[32.50315,-24.16275]],[[32.4996,-24.16346],[32.4996,-24.16355],[32.49979,-24.16355],[32.4996,-24.16346]],[[32.51262,-24.16377],[32.51262,-24.16395],[32.51272,-24.16396],[32.51262,-24.16377]],[[32.51321,-24.16459],[32.51321,-24.16477],[32.51341,-24.16477],[32.51321,-24.16459]],[[32.51024,-24.16757],[32.51054,-24.16766],[32.51044,-24.16739],[32.51024,-24.16757]],[[32.50954,-24.17056],[32.50954,-24.17065],[32.50964,-24.17065],[32.50954,-24.17056]],[[32.50658,-24.14447],[32.50697,-24.14456],[32.50708,-24.14356],[32.50658,-24.14447]],[[32.50056,-24.14445],[32.50056,-24.14418],[32.50036,-24.14427],[32.50056,-24.14445]],[[32.5052,-24.14392],[32.5051,-24.1441],[32.50628,-24.14419],[32.50609,-24.14383],[32.5052,-24.14392]],[[32.49829,-24.14399],[32.49829,-24.14381],[32.498,-24.14381],[32.49829,-24.14399]],[[32.49869,-24.14381],[32.49879,-24.14363],[32.49849,-24.14354],[32.49869,-24.14381]],[[32.49701,-24.14362],[32.49701,-24.14353],[32.49681,-24.14353],[32.49701,-24.14362]],[[32.50224,-24.14337],[32.50234,-24.14382],[32.50254,-24.14382],[32.50224,-24.14337]],[[32.49731,-24.14326],[32.49721,-24.14308],[32.49711,-24.14308],[32.49731,-24.14326]],[[32.50046,-24.14327],[32.50037,-24.143],[32.50007,-24.14309],[32.50046,-24.14327]],[[32.50629,-24.1432],[32.50629,-24.14311],[32.50599,-24.14302],[32.50629,-24.1432]],[[32.50787,-24.14329],[32.50787,-24.14338],[32.50796,-24.14338],[32.50787,-24.14329]],[[32.50441,-24.1431],[32.50441,-24.14328],[32.50461,-24.14328],[32.50441,-24.1431]],[[32.50895,-24.14384],[32.50895,-24.14411],[32.50944,-24.14402],[32.50895,-24.14384]],[[32.50826,-24.14429],[32.50826,-24.14402],[32.50737,-24.1442],[32.50826,-24.14429]],[[32.52003,-24.13545],[32.52003,-24.13527],[32.51993,-24.13527],[32.52003,-24.13545]],[[32.51914,-24.13527],[32.51915,-24.13518],[32.51905,-24.13518],[32.51914,-24.13527]],[[32.51856,-24.13464],[32.51855,-24.13482],[32.51895,-24.13473],[32.51856,-24.13464]],[[32.51944,-24.13446],[32.51944,-24.13455],[32.51954,-24.13455],[32.51944,-24.13446]],[[32.51935,-24.13437],[32.51935,-24.13446],[32.51944,-24.13446],[32.51935,-24.13437]],[[32.51994,-24.13364],[32.51964,-24.1341],[32.52014,-24.13401],[32.51994,-24.13364]],[[32.51955,-24.13364],[32.51935,-24.13337],[32.51895,-24.13373],[32.51955,-24.13364]],[[32.52093,-24.13328],[32.52093,-24.13347],[32.52103,-24.13347],[32.52093,-24.13328]],[[32.51996,-24.1283],[32.51996,-24.12812],[32.51986,-24.12812],[32.51996,-24.1283]],[[32.51897,-24.12794],[32.51897,-24.12803],[32.51927,-24.12812],[32.51897,-24.12794]],[[32.51888,-24.12784],[32.51888,-24.12794],[32.51897,-24.12794],[32.51888,-24.12784]],[[32.51987,-24.12667],[32.51927,-24.12694],[32.52006,-24.12812],[32.52036,-24.12731],[32.51987,-24.12667]],[[32.51927,-24.12776],[32.51927,-24.12757],[32.51908,-24.12757],[32.51927,-24.12776]],[[32.51878,-24.12766],[32.51878,-24.12757],[32.51868,-24.12757],[32.51878,-24.12766]],[[32.51967,-24.12794],[32.51967,-24.12785],[32.51947,-24.12785],[32.51967,-24.12794]],[[32.51868,-24.12649],[32.51869,-24.12631],[32.51849,-24.1263],[32.51868,-24.12649]],[[32.5179,-24.12612],[32.5174,-24.12612],[32.5172,-24.12639],[32.5179,-24.12612]],[[32.5174,-24.12594],[32.5174,-24.12567],[32.51701,-24.12576],[32.5174,-24.12594]],[[32.52047,-24.12359],[32.52067,-24.12278],[32.51988,-24.12278],[32.52047,-24.12359]],[[32.51969,-24.12088],[32.5192,-24.12069],[32.5191,-24.11988],[32.51832,-24.11933],[32.51782,-24.11951],[32.51822,-24.11861],[32.51704,-24.1186],[32.51743,-24.11915],[32.51634,-24.11996],[32.51693,-24.12005],[32.51732,-24.12105],[32.51772,-24.12069],[32.51841,-24.12105],[32.5189,-24.12232],[32.51791,-24.12196],[32.51801,-24.1225],[32.51939,-24.12305],[32.51909,-24.1225],[32.52008,-24.12242],[32.51969,-24.12088]],[[32.51702,-24.12232],[32.51712,-24.1225],[32.51742,-24.1225],[32.51702,-24.12232]],[[32.51752,-24.12186],[32.51732,-24.12186],[32.51732,-24.12204],[32.51752,-24.12186]],[[32.5196,-24.1197],[32.52029,-24.11943],[32.52,-24.1187],[32.51861,-24.11897],[32.5196,-24.1197]],[[32.52059,-24.11925],[32.52059,-24.11952],[32.52078,-24.11943],[32.52059,-24.11925]],[[32.52058,-24.12024],[32.51989,-24.12033],[32.52028,-24.12097],[32.52058,-24.12024]],[[32.52038,-24.12151],[32.52038,-24.12169],[32.52058,-24.12169],[32.52038,-24.12151]],[[32.51981,-24.11698],[32.51971,-24.11662],[32.51951,-24.11662],[32.51981,-24.11698]],[[32.51897,-24.12857],[32.51897,-24.12884],[32.51917,-24.12875],[32.51897,-24.12857]],[[32.50698,-24.14275],[32.50678,-24.14266],[32.50678,-24.14293],[32.50698,-24.14275]],[[32.50402,-24.14292],[32.50402,-24.14274],[32.50392,-24.14274],[32.50402,-24.14292]],[[32.50195,-24.14282],[32.50195,-24.14273],[32.50185,-24.14273],[32.50195,-24.14282]],[[32.50313,-24.14255],[32.50323,-24.14283],[32.50343,-24.14283],[32.50313,-24.14255]],[[32.49928,-24.14227],[32.49929,-24.142],[32.49899,-24.142],[32.49928,-24.14227]],[[32.49642,-24.14226],[32.49652,-24.14199],[32.49583,-24.14162],[32.49642,-24.14226]],[[32.49594,-24.1409],[32.49662,-24.14145],[32.49702,-24.14081],[32.49761,-24.14082],[32.4981,-24.14172],[32.4985,-24.14145],[32.49899,-24.14173],[32.50018,-24.14101],[32.49959,-24.14082],[32.50008,-24.14046],[32.50009,-24.13938],[32.49949,-24.13901],[32.4991,-24.13973],[32.49821,-24.14],[32.49752,-24.13973],[32.49594,-24.1409]],[[32.50018,-24.14055],[32.50018,-24.14046],[32.50008,-24.14046],[32.50018,-24.14055]],[[32.50028,-24.14064],[32.50028,-24.14055],[32.50018,-24.14055],[32.50028,-24.14064]],[[32.49742,-24.13964],[32.49742,-24.13973],[32.49752,-24.13973],[32.49742,-24.13964]],[[32.4983,-24.1419],[32.4983,-24.14172],[32.4982,-24.14172],[32.4983,-24.1419]],[[32.49613,-24.14144],[32.49613,-24.14117],[32.49593,-24.14117],[32.49613,-24.14144]],[[32.49446,-24.14071],[32.49456,-24.14053],[32.49426,-24.14044],[32.49446,-24.14071]],[[32.49633,-24.13991],[32.49614,-24.13991],[32.49614,-24.14009],[32.49633,-24.13991]],[[32.49643,-24.13982],[32.49633,-24.13982],[32.49633,-24.13991],[32.49643,-24.13982]],[[32.49703,-24.13955],[32.49683,-24.13927],[32.49643,-24.13973],[32.49703,-24.13955]],[[32.49554,-24.1399],[32.49554,-24.13981],[32.49535,-24.13981],[32.49554,-24.1399]],[[32.49811,-24.13955],[32.49782,-24.13946],[32.49791,-24.13973],[32.49811,-24.13955]],[[32.49732,-24.13909],[32.49703,-24.139],[32.49703,-24.13918],[32.49732,-24.13909]],[[32.50019,-24.13892],[32.49989,-24.13892],[32.49999,-24.13919],[32.50019,-24.13892]],[[32.50196,-24.13857],[32.50167,-24.13829],[32.50127,-24.13938],[32.50206,-24.13938],[32.50196,-24.13857]],[[32.50049,-24.13784],[32.49999,-24.13847],[32.50107,-24.13865],[32.50049,-24.13784]],[[32.4991,-24.13819],[32.4991,-24.1381],[32.499,-24.1381],[32.4991,-24.13819]],[[32.4997,-24.1382],[32.49989,-24.13774],[32.4997,-24.13765],[32.4997,-24.1382]],[[32.49812,-24.13765],[32.49802,-24.13783],[32.49841,-24.13792],[32.49812,-24.13765]],[[32.50098,-24.13784],[32.50088,-24.13757],[32.50059,-24.13766],[32.50098,-24.13784]],[[32.50986,-24.13823],[32.50986,-24.1385],[32.51025,-24.13823],[32.50986,-24.13823]],[[32.50897,-24.13805],[32.50858,-24.13814],[32.50877,-24.13859],[32.50897,-24.13805]],[[32.50927,-24.13859],[32.50926,-24.13877],[32.50946,-24.13877],[32.50927,-24.13859]],[[32.5069,-24.13858],[32.5066,-24.13858],[32.5067,-24.13885],[32.5069,-24.13858]],[[32.50256,-24.13857],[32.50256,-24.1383],[32.50236,-24.1383],[32.50256,-24.13857]],[[32.50492,-24.13849],[32.50492,-24.13858],[32.50502,-24.13858],[32.50492,-24.13849]],[[32.5064,-24.1394],[32.5063,-24.13912],[32.50611,-24.13921],[32.5064,-24.1394]],[[32.50295,-24.13929],[32.50295,-24.13911],[32.50275,-24.13911],[32.50295,-24.13929]],[[32.50798,-24.13994],[32.50808,-24.13949],[32.50788,-24.13949],[32.50798,-24.13994]],[[32.50482,-24.13993],[32.50482,-24.13966],[32.50452,-24.13966],[32.50482,-24.13993]],[[32.50265,-24.14002],[32.50265,-24.13993],[32.50255,-24.13993],[32.50265,-24.14002]],[[32.50146,-24.1401],[32.50097,-24.1401],[32.50097,-24.14037],[32.50146,-24.1401]],[[32.50778,-24.14031],[32.50778,-24.14022],[32.50758,-24.14021],[32.50758,-24.1404],[32.50778,-24.14031]],[[32.50028,-24.14037],[32.50028,-24.14046],[32.50038,-24.14046],[32.50028,-24.14037]],[[32.50452,-24.14048],[32.50432,-24.14048],[32.50432,-24.14066],[32.50452,-24.14048]],[[32.5062,-24.14112],[32.50649,-24.14094],[32.5064,-24.14075],[32.5062,-24.14112]],[[32.51034,-24.14104],[32.51044,-24.14131],[32.51064,-24.14131],[32.51064,-24.14086],[32.51034,-24.14104]],[[32.50669,-24.14103],[32.50659,-24.14139],[32.50679,-24.14148],[32.50669,-24.14103]],[[32.50452,-24.14129],[32.50452,-24.14093],[32.50432,-24.14093],[32.50452,-24.14129]],[[32.50353,-24.14111],[32.50353,-24.14102],[32.50334,-24.14102],[32.50353,-24.14111]],[[32.50629,-24.14157],[32.50629,-24.14166],[32.50639,-24.14166],[32.50629,-24.14157]],[[32.50708,-24.14193],[32.50698,-24.14166],[32.50669,-24.14166],[32.50678,-24.14211],[32.50708,-24.14193]],[[32.50313,-24.14219],[32.50313,-24.14201],[32.50304,-24.14201],[32.50313,-24.14219]],[[32.49721,-24.14199],[32.49721,-24.14181],[32.49712,-24.14181],[32.49721,-24.14199]],[[32.50225,-24.14183],[32.50225,-24.14156],[32.50205,-24.14155],[32.50225,-24.14183]],[[32.50621,-24.13767],[32.50621,-24.13749],[32.50601,-24.13749],[32.50621,-24.13767]],[[32.50947,-24.13769],[32.50976,-24.13732],[32.50957,-24.13732],[32.50947,-24.13769]],[[32.50907,-24.13741],[32.50937,-24.13723],[32.50878,-24.13678],[32.50848,-24.13705],[32.50907,-24.13741]],[[32.5068,-24.13722],[32.50621,-24.13695],[32.50611,-24.13713],[32.5068,-24.13722]],[[32.50315,-24.13712],[32.50345,-24.13739],[32.50345,-24.13703],[32.50315,-24.13712]],[[32.51055,-24.13678],[32.51055,-24.13696],[32.51075,-24.13696],[32.51055,-24.13678]],[[32.50977,-24.1366],[32.50996,-24.13624],[32.50967,-24.13624],[32.50977,-24.1366]],[[32.50602,-24.13604],[32.50621,-24.13641],[32.50641,-24.13632],[32.50602,-24.13604]],[[32.50691,-24.13614],[32.50691,-24.13587],[32.50671,-24.13587],[32.50691,-24.13614]],[[32.51273,-24.13598],[32.51302,-24.13598],[32.51313,-24.13525],[32.51273,-24.13598]],[[32.51154,-24.13588],[32.51184,-24.13588],[32.51174,-24.13561],[32.51154,-24.13588]],[[32.51234,-24.13543],[32.51264,-24.13444],[32.51234,-24.13443],[32.51185,-24.1348],[32.51234,-24.13543]],[[32.51125,-24.13534],[32.51125,-24.13525],[32.51105,-24.13515],[32.51125,-24.13534]],[[32.50642,-24.13469],[32.50642,-24.13496],[32.50711,-24.13478],[32.50681,-24.13442],[32.50642,-24.13469]],[[32.50711,-24.13424],[32.50692,-24.13369],[32.50771,-24.13288],[32.50751,-24.13234],[32.50663,-24.13224],[32.50731,-24.1327],[32.50672,-24.13351],[32.50593,-24.13297],[32.50583,-24.13396],[32.50642,-24.13442],[32.50711,-24.13424]],[[32.51145,-24.13479],[32.51165,-24.13434],[32.51096,-24.13434],[32.51096,-24.13479],[32.51145,-24.13479]],[[32.51155,-24.13488],[32.51155,-24.13479],[32.51145,-24.13479],[32.51155,-24.13488]],[[32.50829,-24.13442],[32.50829,-24.13433],[32.5082,-24.13433],[32.50829,-24.13442]],[[32.51303,-24.13417],[32.51293,-24.13453],[32.51323,-24.13453],[32.51303,-24.13417]],[[32.51392,-24.13471],[32.51382,-24.13435],[32.51362,-24.13444],[32.51392,-24.13471]],[[32.50504,-24.1345],[32.50504,-24.13441],[32.50494,-24.13441],[32.50504,-24.1345]],[[32.50593,-24.1345],[32.50612,-24.13451],[32.50603,-24.13423],[32.50593,-24.1345]],[[32.50929,-24.13243],[32.50929,-24.13207],[32.5089,-24.13207],[32.50929,-24.13243]],[[32.5088,-24.13225],[32.5088,-24.13216],[32.5087,-24.13216],[32.5088,-24.13225]],[[32.51235,-24.13217],[32.51205,-24.13226],[32.51215,-24.13244],[32.51235,-24.13217]],[[32.51037,-24.13289],[32.51027,-24.13253],[32.51008,-24.13262],[32.51037,-24.13289]],[[32.50968,-24.13352],[32.50968,-24.13361],[32.50978,-24.13361],[32.50968,-24.13352]],[[32.50918,-24.13397],[32.50919,-24.13361],[32.50909,-24.13361],[32.50918,-24.13397]],[[32.5081,-24.13379],[32.5081,-24.13361],[32.5079,-24.13361],[32.5081,-24.13379]],[[32.51295,-24.1309],[32.51196,-24.13145],[32.51196,-24.13081],[32.51097,-24.1309],[32.51156,-24.13144],[32.51126,-24.13208],[32.51295,-24.1309]],[[32.5091,-24.13135],[32.509,-24.13107],[32.5088,-24.13107],[32.5091,-24.13135]],[[32.50742,-24.13007],[32.50614,-24.12998],[32.50604,-24.1307],[32.50683,-24.13116],[32.50683,-24.13052],[32.50742,-24.13007]],[[32.50387,-24.13033],[32.50367,-24.13024],[32.50367,-24.1306],[32.50387,-24.13033]],[[32.50594,-24.12971],[32.50515,-24.12979],[32.50515,-24.13052],[32.50594,-24.12971]],[[32.50673,-24.12953],[32.50683,-24.12935],[32.50624,-24.12916],[32.50594,-24.12971],[32.50673,-24.12953]],[[32.50713,-24.1298],[32.50723,-24.12953],[32.50683,-24.12944],[32.50713,-24.1298]],[[32.50545,-24.12961],[32.50545,-24.1297],[32.50555,-24.1297],[32.50545,-24.12961]],[[32.51137,-24.12963],[32.51058,-24.12963],[32.51216,-24.12982],[32.51206,-24.12918],[32.51137,-24.12963]],[[32.51039,-24.12945],[32.51039,-24.12954],[32.51058,-24.12954],[32.51039,-24.12945]],[[32.51256,-24.129],[32.51266,-24.12918],[32.51285,-24.12918],[32.51256,-24.129]],[[32.51345,-24.12882],[32.51345,-24.129],[32.51364,-24.12901],[32.51345,-24.12882]],[[32.50535,-24.12961],[32.50535,-24.12952],[32.50516,-24.12952],[32.50535,-24.12961]],[[32.51206,-24.13018],[32.51206,-24.13027],[32.51216,-24.13027],[32.51206,-24.13018]],[[32.51078,-24.13026],[32.51078,-24.13017],[32.51068,-24.13017],[32.51078,-24.13026]],[[32.50999,-24.13044],[32.51018,-24.13053],[32.51018,-24.13026],[32.50999,-24.13044]],[[32.50999,-24.1309],[32.50998,-24.13108],[32.51018,-24.13108],[32.50999,-24.1309]],[[32.51314,-24.13172],[32.51314,-24.1319],[32.51324,-24.1319],[32.51314,-24.13172]],[[32.50259,-24.1296],[32.50289,-24.1296],[32.50269,-24.12942],[32.50259,-24.1296]],[[32.50239,-24.12915],[32.5023,-24.12933],[32.50259,-24.12933],[32.50239,-24.12915]],[[32.50338,-24.12915],[32.50338,-24.12952],[32.50368,-24.12943],[32.50338,-24.12915]],[[32.49993,-24.12806],[32.49993,-24.12787],[32.49983,-24.12787],[32.49993,-24.12806]],[[32.49924,-24.12751],[32.49934,-24.12733],[32.49895,-24.12724],[32.49924,-24.12751]],[[32.49974,-24.12688],[32.49974,-24.12715],[32.50003,-24.12706],[32.49974,-24.12688]],[[32.49974,-24.1267],[32.50024,-24.12606],[32.49945,-24.12606],[32.49974,-24.1267]],[[32.50043,-24.12579],[32.50083,-24.12579],[32.50044,-24.12516],[32.49994,-24.12543],[32.50043,-24.12579]],[[32.49896,-24.12488],[32.49915,-24.12525],[32.49935,-24.12516],[32.49896,-24.12488]],[[32.50337,-24.13196],[32.50337,-24.13205],[32.50357,-24.13205],[32.50337,-24.13196]],[[32.4994,-24.13747],[32.4994,-24.13738],[32.49901,-24.13729],[32.4994,-24.13747]],[[32.50009,-24.13702],[32.50009,-24.13693],[32.5,-24.13693],[32.50009,-24.13702]],[[32.5003,-24.13612],[32.5003,-24.13603],[32.5002,-24.13603],[32.5003,-24.13612]],[[32.49117,-24.14777],[32.49117,-24.14768],[32.49097,-24.14768],[32.49117,-24.14777]],[[32.49255,-24.14768],[32.49255,-24.14777],[32.49265,-24.14777],[32.49255,-24.14768]],[[32.4968,-24.14697],[32.4965,-24.14724],[32.4968,-24.14733],[32.4968,-24.14697]],[[32.49098,-24.14713],[32.49098,-24.1474],[32.49137,-24.14722],[32.49098,-24.14713]],[[32.49394,-24.14669],[32.49384,-24.14615],[32.49355,-24.14633],[32.49394,-24.14669]],[[32.49254,-24.15148],[32.49244,-24.15166],[32.49264,-24.15167],[32.49254,-24.15148]],[[32.49664,-24.16191],[32.49654,-24.16218],[32.49684,-24.16218],[32.49664,-24.16191]],[[32.50401,-24.17072],[32.50401,-24.17081],[32.50421,-24.17081],[32.50401,-24.17072]],[[32.51642,-24.17818],[32.51652,-24.17791],[32.51612,-24.17791],[32.51642,-24.17818]],[[32.51819,-24.17828],[32.51879,-24.17828],[32.51879,-24.1781],[32.51819,-24.17828]],[[32.51888,-24.17837],[32.51889,-24.17828],[32.51879,-24.17828],[32.51888,-24.17837]],[[32.52273,-24.17829],[32.52273,-24.17848],[32.52303,-24.17848],[32.52273,-24.17829]],[[32.5176,-24.17828],[32.5176,-24.17846],[32.5178,-24.17846],[32.5176,-24.17828]],[[32.5179,-24.17855],[32.5179,-24.17846],[32.5178,-24.17846],[32.5179,-24.17855]],[[32.51809,-24.17864],[32.51809,-24.17855],[32.5179,-24.17855],[32.51809,-24.17864]],[[32.52342,-24.17875],[32.52273,-24.17902],[32.52313,-24.17902],[32.52342,-24.17875]],[[32.52036,-24.1791],[32.52036,-24.17892],[32.52026,-24.17892],[32.52036,-24.1791]],[[32.52115,-24.17901],[32.52115,-24.1791],[32.52125,-24.1791],[32.52115,-24.17901]],[[32.52283,-24.17965],[32.52283,-24.17983],[32.52312,-24.17983],[32.52283,-24.17965]],[[32.51898,-24.18055],[32.51887,-24.18109],[32.51976,-24.18118],[32.51977,-24.18055],[32.51898,-24.18055]],[[32.52154,-24.18092],[32.52164,-24.18092],[32.52164,-24.18064],[32.52154,-24.18092]],[[32.52144,-24.18101],[32.52154,-24.18101],[32.52154,-24.18092],[32.52144,-24.18101]],[[32.52124,-24.18073],[32.52125,-24.18064],[32.52105,-24.18064],[32.52124,-24.18073]],[[32.5241,-24.18165],[32.5242,-24.18138],[32.52381,-24.18129],[32.5241,-24.18165]],[[32.52223,-24.18164],[32.52243,-24.18146],[32.52233,-24.18146],[32.52223,-24.18164]],[[32.51897,-24.18254],[32.51956,-24.18272],[32.51966,-24.18191],[32.51927,-24.18154],[32.51897,-24.18254]],[[32.51976,-24.18299],[32.51966,-24.18272],[32.51956,-24.18272],[32.51976,-24.18299]],[[32.51887,-24.18145],[32.51887,-24.18154],[32.51897,-24.18154],[32.51887,-24.18145]],[[32.52331,-24.18174],[32.52331,-24.18165],[32.52312,-24.18183],[32.52331,-24.18174]],[[32.52391,-24.18183],[32.52391,-24.18201],[32.524,-24.18201],[32.52391,-24.18183]],[[32.52015,-24.182],[32.52015,-24.18209],[32.52025,-24.18209],[32.52015,-24.182]],[[32.52025,-24.18236],[32.52025,-24.18245],[32.52035,-24.18245],[32.52025,-24.18236]],[[32.52311,-24.183],[32.52361,-24.1831],[32.52361,-24.18282],[32.52321,-24.18264],[32.52311,-24.183]],[[32.51887,-24.18308],[32.51887,-24.1829],[32.51877,-24.1829],[32.51887,-24.18308]],[[32.52193,-24.18291],[32.52193,-24.18273],[32.52173,-24.18273],[32.52193,-24.18291]],[[32.52045,-24.18281],[32.52045,-24.18272],[32.52035,-24.18272],[32.52045,-24.18281]],[[32.51867,-24.1839],[32.51867,-24.18408],[32.51876,-24.18408],[32.51867,-24.1839]]],[[[32.51151,-24.14572],[32.51161,-24.14575],[32.51168,-24.14622],[32.51113,-24.14632],[32.51151,-24.14572]]],[[[32.51388,-24.14576],[32.51338,-24.14567],[32.51338,-24.14512],[32.51378,-24.14503],[32.51388,-24.14576]]],[[[32.51268,-24.14399],[32.51387,-24.14365],[32.5123,-24.14521],[32.51268,-24.14399]]],[[[32.51547,-24.14187],[32.51507,-24.1425],[32.51537,-24.14323],[32.51457,-24.14377],[32.51438,-24.14332],[32.51541,-24.14117],[32.51577,-24.14069],[32.51592,-24.14049],[32.51634,-24.14002],[32.51745,-24.13915],[32.51626,-24.1416],[32.51547,-24.14187]],[[32.51597,-24.14078],[32.51597,-24.14069],[32.51577,-24.14069],[32.51597,-24.14078]]],[[[32.51261,-24.13996],[32.51222,-24.14077],[32.51172,-24.14077],[32.51163,-24.14023],[32.51103,-24.1405],[32.51044,-24.13977],[32.51104,-24.13896],[32.51123,-24.13995],[32.51114,-24.13905],[32.51213,-24.13869],[32.51261,-24.13996]],[[32.51183,-24.1395],[32.51193,-24.13923],[32.51143,-24.13932],[32.51183,-24.1395]]],[[[32.51481,-24.13254],[32.51442,-24.13354],[32.51392,-24.13281],[32.51481,-24.13254]]],[[[32.52628,-24.12796],[32.52726,-24.12787],[32.52697,-24.12832],[32.52628,-24.12796]]],[[[32.52244,-24.12559],[32.52283,-24.12686],[32.52233,-24.1274],[32.52233,-24.12849],[32.52312,-24.12867],[32.52262,-24.12903],[32.52301,-24.13012],[32.5225,-24.13103],[32.52245,-24.12941],[32.52153,-24.12758],[32.52224,-24.12677],[32.52154,-24.12722],[32.52105,-24.12649],[32.52165,-24.12586],[32.52116,-24.12477],[32.52136,-24.12417],[32.52264,-24.12396],[32.52258,-24.12378],[32.52284,-24.12315],[32.52323,-24.12496],[32.52244,-24.12559]]],[[[32.50981,-24.12591],[32.51059,-24.12646],[32.51,-24.12718],[32.50951,-24.12709],[32.50981,-24.12591]],[[32.5104,-24.12655],[32.5105,-24.12655],[32.5105,-24.12646],[32.5104,-24.12655]]],[[[32.51139,-24.1251],[32.51169,-24.12483],[32.51198,-24.12565],[32.51148,-24.12574],[32.51139,-24.1251]]],[[[32.51446,-24.12122],[32.51496,-24.12068],[32.51515,-24.12113],[32.51446,-24.12122]]],[[[32.51418,-24.11769],[32.51438,-24.11778],[32.51437,-24.11823],[32.51368,-24.11832],[32.51418,-24.11769]]],[[[32.50679,-24.11594],[32.50708,-24.11622],[32.50698,-24.11658],[32.50639,-24.11658],[32.50679,-24.11594]]],[[[32.51488,-24.11561],[32.51488,-24.11534],[32.51567,-24.11543],[32.51596,-24.11588],[32.51488,-24.11561]]],[[[32.50886,-24.11523],[32.50955,-24.1155],[32.50955,-24.11568],[32.50876,-24.11577],[32.50886,-24.11523]]],[[[32.50994,-24.11559],[32.50995,-24.11532],[32.51229,-24.11542],[32.50994,-24.11559]]],[[[32.52024,-24.11626],[32.51873,-24.11514],[32.51883,-24.11444],[32.51972,-24.11426],[32.5205,-24.1149],[32.52024,-24.11626]],[[32.51971,-24.11535],[32.51981,-24.11535],[32.51981,-24.11517],[32.51971,-24.11535]],[[32.51961,-24.11544],[32.51971,-24.11544],[32.51971,-24.11535],[32.51961,-24.11544]]],[[[32.5062,-24.1154],[32.5059,-24.11585],[32.50482,-24.11539],[32.5059,-24.1144],[32.5058,-24.11485],[32.50659,-24.11558],[32.5062,-24.1154]],[[32.5057,-24.11513],[32.5059,-24.11513],[32.5058,-24.11485],[32.5057,-24.11513]]],[[[32.50807,-24.11459],[32.50659,-24.11459],[32.5066,-24.11422],[32.50891,-24.11459],[32.50876,-24.11523],[32.50807,-24.11459]]],[[[32.521,-24.1149],[32.52041,-24.11409],[32.52229,-24.11337],[32.52258,-24.11464],[32.521,-24.1149]],[[32.52209,-24.11373],[32.52209,-24.11364],[32.52199,-24.11364],[32.52209,-24.11373]]],[[[32.50373,-24.11494],[32.50393,-24.11449],[32.50314,-24.11376],[32.50157,-24.11314],[32.50633,-24.11413],[32.50373,-24.11494]]],[[[32.50606,-24.11362],[32.50755,-24.11387],[32.50715,-24.11401],[32.50606,-24.11362]]],[[[32.50808,-24.1137],[32.5078,-24.11366],[32.50718,-24.11349],[32.50699,-24.11348],[32.50699,-24.11341],[32.50808,-24.11332],[32.50808,-24.1137]]],[[[32.50349,-24.11347],[32.50281,-24.11312],[32.50403,-24.11308],[32.50476,-24.11353],[32.50349,-24.11347]]],[[[32.50454,-24.11078],[32.50493,-24.10996],[32.50612,-24.10933],[32.50572,-24.11005],[32.50602,-24.11096],[32.50562,-24.11105],[32.50572,-24.11051],[32.50454,-24.11078]]],[[[32.52576,-24.10767],[32.52576,-24.10849],[32.52516,-24.1084],[32.52576,-24.10767]]],[[[32.51365,-24.10202],[32.51434,-24.10239],[32.51394,-24.10275],[32.51365,-24.10202]]],[[[32.51463,-24.10193],[32.51444,-24.10193],[32.51473,-24.1013],[32.51523,-24.1013],[32.51463,-24.10193]]],[[[32.51247,-24.1012],[32.51326,-24.10084],[32.51276,-24.10157],[32.51345,-24.10202],[32.51296,-24.10202],[32.51247,-24.1012]]],[[[32.50389,-24.10063],[32.50477,-24.10073],[32.50438,-24.10118],[32.50389,-24.10063]]],[[[32.49477,-24.08639],[32.49428,-24.0853],[32.49359,-24.0852],[32.49419,-24.0834],[32.4935,-24.08366],[32.4936,-24.08303],[32.49301,-24.08294],[32.49242,-24.08203],[32.49262,-24.0814],[32.49222,-24.08094],[32.49153,-24.08112],[32.49144,-24.07976],[32.49184,-24.0794],[32.49124,-24.07949],[32.49095,-24.07904],[32.49145,-24.07777],[32.49076,-24.07686],[32.49116,-24.07623],[32.49017,-24.07632],[32.49096,-24.07587],[32.49008,-24.07532],[32.49087,-24.07478],[32.49067,-24.07433],[32.49146,-24.07542],[32.49254,-24.0756],[32.49264,-24.07624],[32.49214,-24.07623],[32.49254,-24.07678],[32.49204,-24.07678],[32.49283,-24.0776],[32.49213,-24.07868],[32.49302,-24.07941],[32.49272,-24.07995],[32.4939,-24.08113],[32.49459,-24.08095],[32.49419,-24.08177],[32.4935,-24.08158],[32.4935,-24.08231],[32.49479,-24.08195],[32.49469,-24.0815],[32.49508,-24.08141],[32.49577,-24.08295],[32.49636,-24.08331],[32.49646,-24.08277],[32.49715,-24.0834],[32.49695,-24.08386],[32.49744,-24.08395],[32.49744,-24.08449],[32.49911,-24.0845],[32.49941,-24.08595],[32.50029,-24.08604],[32.50098,-24.08677],[32.50048,-24.08822],[32.50216,-24.08722],[32.50216,-24.08786],[32.50275,-24.08813],[32.50255,-24.08895],[32.50294,-24.08949],[32.50255,-24.08976],[32.50304,-24.09003],[32.50512,-24.08814],[32.50521,-24.08895],[32.50689,-24.08987],[32.50817,-24.08905],[32.50787,-24.08978],[32.50866,-24.09087],[32.50639,-24.09131],[32.50539,-24.09394],[32.50697,-24.09448],[32.50558,-24.09484],[32.50538,-24.09557],[32.50646,-24.09693],[32.50883,-24.0963],[32.50923,-24.09721],[32.50755,-24.09729],[32.50774,-24.09775],[32.50715,-24.09847],[32.50783,-24.10019],[32.50882,-24.09983],[32.50842,-24.10083],[32.5101,-24.1012],[32.51128,-24.10056],[32.51217,-24.10147],[32.51197,-24.10229],[32.51128,-24.10156],[32.51079,-24.10165],[32.51108,-24.10238],[32.51167,-24.10247],[32.51167,-24.10337],[32.51098,-24.10328],[32.51049,-24.10201],[32.5098,-24.10246],[32.51068,-24.1031],[32.51156,-24.10555],[32.51304,-24.10582],[32.51324,-24.10519],[32.51532,-24.1042],[32.51571,-24.10474],[32.51422,-24.10592],[32.51452,-24.10637],[32.51363,-24.10691],[32.51372,-24.10773],[32.51422,-24.10782],[32.51451,-24.10728],[32.51491,-24.10764],[32.51629,-24.10647],[32.51758,-24.10611],[32.51807,-24.10638],[32.51658,-24.10774],[32.51688,-24.10819],[32.51846,-24.10819],[32.51855,-24.1091],[32.51964,-24.10838],[32.52062,-24.10938],[32.52349,-24.10803],[32.52368,-24.10984],[32.52417,-24.1102],[32.52289,-24.11029],[32.522,-24.11128],[32.52101,-24.11101],[32.52081,-24.11173],[32.51943,-24.11209],[32.51883,-24.11354],[32.51824,-24.11299],[32.51785,-24.11317],[32.51755,-24.11245],[32.51637,-24.11308],[32.51618,-24.11108],[32.51578,-24.11108],[32.51598,-24.1119],[32.51538,-24.11199],[32.51528,-24.11262],[32.5138,-24.11244],[32.5139,-24.11198],[32.51341,-24.11189],[32.51192,-24.11397],[32.51281,-24.11406],[32.51341,-24.11289],[32.5143,-24.11262],[32.51419,-24.11379],[32.51532,-24.11407],[32.51317,-24.11501],[32.51176,-24.1149],[32.51025,-24.11444],[32.51044,-24.11378],[32.50926,-24.11333],[32.50956,-24.11269],[32.50887,-24.11351],[32.50906,-24.11393],[32.50827,-24.11373],[32.50877,-24.11305],[32.50808,-24.11323],[32.50769,-24.11223],[32.50808,-24.11196],[32.50878,-24.11188],[32.50917,-24.11251],[32.50996,-24.11206],[32.51154,-24.11234],[32.51045,-24.11288],[32.51035,-24.11342],[32.51074,-24.11297],[32.51163,-24.11333],[32.51163,-24.1127],[32.51203,-24.11306],[32.51242,-24.11279],[32.51183,-24.11243],[32.51174,-24.11143],[32.51055,-24.11188],[32.50966,-24.11143],[32.50957,-24.11097],[32.51036,-24.11116],[32.51065,-24.11061],[32.50977,-24.11052],[32.50928,-24.10961],[32.50888,-24.10997],[32.50937,-24.11052],[32.50927,-24.11152],[32.50858,-24.1116],[32.50898,-24.11034],[32.50809,-24.11006],[32.50848,-24.11106],[32.50661,-24.1116],[32.5071,-24.11259],[32.50759,-24.11269],[32.50709,-24.11314],[32.50571,-24.11286],[32.50571,-24.11328],[32.50532,-24.11318],[32.50542,-24.11241],[32.50394,-24.11222],[32.50364,-24.11265],[32.50276,-24.11234],[32.50295,-24.11186],[32.50197,-24.11194],[32.50148,-24.1114],[32.50088,-24.11196],[32.50059,-24.11187],[32.50059,-24.11076],[32.4998,-24.11022],[32.50079,-24.1104],[32.50129,-24.10959],[32.5006,-24.10814],[32.50109,-24.10805],[32.50109,-24.10859],[32.50178,-24.10877],[32.50208,-24.10787],[32.50159,-24.10742],[32.50238,-24.1066],[32.50229,-24.10606],[32.50377,-24.10543],[32.50328,-24.10443],[32.50179,-24.10597],[32.50031,-24.10578],[32.5015,-24.10461],[32.50141,-24.10352],[32.502,-24.10325],[32.50161,-24.10244],[32.5022,-24.10262],[32.5026,-24.10162],[32.50231,-24.10108],[32.50132,-24.10108],[32.50083,-24.10117],[32.50082,-24.10162],[32.49994,-24.10161],[32.49974,-24.10134],[32.50053,-24.1008],[32.50024,-24.09999],[32.49935,-24.09944],[32.49925,-24.10016],[32.49984,-24.10035],[32.49886,-24.10052],[32.49846,-24.09998],[32.49886,-24.09926],[32.49797,-24.09944],[32.49867,-24.09844],[32.49728,-24.09925],[32.49659,-24.09907],[32.49669,-24.09979],[32.49619,-24.10015],[32.49688,-24.10034],[32.49718,-24.10097],[32.49658,-24.10133],[32.49688,-24.10188],[32.49648,-24.10215],[32.49756,-24.1026],[32.49687,-24.10278],[32.49746,-24.10387],[32.49637,-24.10441],[32.49687,-24.10369],[32.49668,-24.1026],[32.49579,-24.10341],[32.4953,-24.10269],[32.49599,-24.10151],[32.4956,-24.10051],[32.49501,-24.10069],[32.49452,-24.10006],[32.49402,-24.10051],[32.49383,-24.09942],[32.49343,-24.09978],[32.49274,-24.09951],[32.49374,-24.09815],[32.49442,-24.09834],[32.49472,-24.09924],[32.49629,-24.09943],[32.4961,-24.09807],[32.4965,-24.09789],[32.49561,-24.09744],[32.49572,-24.09635],[32.49631,-24.09653],[32.4963,-24.09698],[32.4965,-24.09644],[32.49709,-24.0969],[32.4971,-24.09563],[32.49641,-24.0949],[32.49592,-24.09508],[32.49651,-24.09445],[32.49632,-24.09427],[32.49543,-24.09454],[32.49582,-24.09562],[32.49493,-24.09617],[32.49513,-24.09526],[32.49473,-24.09517],[32.49463,-24.09562],[32.49404,-24.09544],[32.49365,-24.09435],[32.49424,-24.09399],[32.49503,-24.09426],[32.49533,-24.09273],[32.49494,-24.09263],[32.49593,-24.09209],[32.49543,-24.09336],[32.49612,-24.09391],[32.49661,-24.09327],[32.4975,-24.09382],[32.49731,-24.09273],[32.49819,-24.09301],[32.49779,-24.09491],[32.49887,-24.09564],[32.49867,-24.09636],[32.49986,-24.09609],[32.49937,-24.09527],[32.50006,-24.09464],[32.50134,-24.09465],[32.50006,-24.09537],[32.50124,-24.09582],[32.50193,-24.0951],[32.50164,-24.09474],[32.50233,-24.09519],[32.50292,-24.09492],[32.50272,-24.09538],[32.5039,-24.09583],[32.5043,-24.09502],[32.50381,-24.09493],[32.50381,-24.09402],[32.50322,-24.09456],[32.50263,-24.0932],[32.50184,-24.09293],[32.49907,-24.095],[32.49908,-24.09419],[32.50135,-24.09302],[32.50047,-24.09238],[32.50007,-24.09319],[32.49948,-24.09247],[32.49888,-24.09355],[32.49879,-24.09256],[32.4982,-24.0921],[32.49948,-24.09111],[32.50047,-24.09193],[32.50057,-24.09157],[32.49998,-24.09129],[32.50018,-24.09075],[32.50106,-24.09193],[32.50145,-24.09175],[32.50155,-24.09247],[32.50204,-24.09211],[32.50195,-24.09148],[32.50136,-24.09139],[32.50057,-24.08994],[32.49939,-24.09002],[32.49889,-24.09102],[32.4985,-24.0902],[32.49751,-24.09083],[32.49732,-24.08929],[32.4989,-24.0883],[32.49871,-24.08767],[32.49515,-24.08974],[32.49525,-24.0891],[32.49486,-24.08892],[32.49565,-24.08838],[32.49486,-24.08847],[32.49476,-24.08783],[32.49595,-24.08666],[32.49486,-24.08693],[32.49408,-24.08629],[32.49477,-24.08639]],[[32.49205,-24.07614],[32.49205,-24.07623],[32.49214,-24.07623],[32.49205,-24.07614]],[[32.5102,-24.10129],[32.5102,-24.1012],[32.5101,-24.1012],[32.5102,-24.10129]],[[32.49311,-24.08068],[32.49321,-24.08068],[32.49321,-24.08058],[32.49311,-24.08068]],[[32.50725,-24.09774],[32.50725,-24.09793],[32.50745,-24.09784],[32.50725,-24.09774]],[[32.51138,-24.10138],[32.51158,-24.10129],[32.51158,-24.1012],[32.51138,-24.10138]],[[32.51146,-24.10627],[32.51185,-24.10645],[32.51195,-24.10618],[32.51156,-24.10573],[32.51146,-24.10627]],[[32.50426,-24.10579],[32.50436,-24.10552],[32.50367,-24.10552],[32.50426,-24.10579]],[[32.50367,-24.10425],[32.50338,-24.10434],[32.50338,-24.10443],[32.50367,-24.10425]],[[32.49638,-24.10187],[32.49638,-24.10197],[32.49648,-24.10197],[32.49638,-24.10187]],[[32.49422,-24.09988],[32.49422,-24.10006],[32.49432,-24.10006],[32.49422,-24.09988]],[[32.4976,-24.0931],[32.4977,-24.0931],[32.4977,-24.09301],[32.4976,-24.0931]],[[32.50126,-24.09202],[32.50126,-24.09193],[32.50116,-24.09193],[32.50126,-24.09202]],[[32.49535,-24.08928],[32.49535,-24.08919],[32.49525,-24.08919],[32.49535,-24.08928]],[[32.49654,-24.08639],[32.49645,-24.08558],[32.49586,-24.08521],[32.49507,-24.08557],[32.49477,-24.08512],[32.49516,-24.08593],[32.49566,-24.08575],[32.49516,-24.08639],[32.49654,-24.08639]],[[32.49165,-24.07587],[32.49165,-24.07578],[32.49155,-24.07578],[32.49165,-24.07587]],[[32.49155,-24.07696],[32.49155,-24.07768],[32.49184,-24.07759],[32.49155,-24.07696]],[[32.49184,-24.0785],[32.49174,-24.07823],[32.49154,-24.07832],[32.49154,-24.07868],[32.49184,-24.0785]],[[32.49233,-24.07959],[32.49233,-24.07968],[32.49243,-24.07968],[32.49233,-24.07959]],[[32.49242,-24.0804],[32.49223,-24.07995],[32.49203,-24.07995],[32.49242,-24.0804]],[[32.49458,-24.08267],[32.49478,-24.08267],[32.49478,-24.08258],[32.49458,-24.08267]],[[32.49439,-24.08285],[32.49458,-24.08285],[32.49458,-24.08267],[32.49439,-24.08285]],[[32.49488,-24.08313],[32.49488,-24.08331],[32.49547,-24.08331],[32.49488,-24.08313]],[[32.49567,-24.08322],[32.49567,-24.08331],[32.49577,-24.08331],[32.49567,-24.08322]],[[32.49507,-24.08385],[32.49537,-24.08358],[32.49517,-24.08358],[32.49507,-24.08385]],[[32.49694,-24.08476],[32.49685,-24.08404],[32.49665,-24.08413],[32.49694,-24.08476]],[[32.49625,-24.08485],[32.49645,-24.08485],[32.49645,-24.08467],[32.49625,-24.08485]],[[32.49783,-24.08504],[32.49842,-24.08522],[32.49852,-24.08495],[32.49783,-24.08504]],[[32.49535,-24.08784],[32.49585,-24.08829],[32.49644,-24.08811],[32.49595,-24.08766],[32.49693,-24.08775],[32.49733,-24.08712],[32.49714,-24.0863],[32.49634,-24.08675],[32.49664,-24.08721],[32.49535,-24.08784]],[[32.49743,-24.08739],[32.49743,-24.08757],[32.49802,-24.08757],[32.49743,-24.08739]],[[32.49969,-24.08767],[32.49969,-24.08776],[32.49989,-24.08776],[32.49969,-24.08767]],[[32.50186,-24.0884],[32.50196,-24.08822],[32.50166,-24.08822],[32.50186,-24.0884]],[[32.50018,-24.08849],[32.50018,-24.08867],[32.50038,-24.08867],[32.50018,-24.08849]],[[32.4993,-24.08857],[32.4991,-24.08903],[32.49949,-24.08921],[32.4993,-24.08857]],[[32.50077,-24.0893],[32.50097,-24.08976],[32.50126,-24.08976],[32.50117,-24.08912],[32.50077,-24.0893]],[[32.50136,-24.09012],[32.50156,-24.09012],[32.50146,-24.08976],[32.50136,-24.09012]],[[32.50156,-24.08976],[32.50156,-24.08967],[32.50166,-24.08958],[32.50146,-24.08958],[32.50146,-24.08976],[32.50156,-24.08976]],[[32.49821,-24.08938],[32.49821,-24.0892],[32.49801,-24.0892],[32.49821,-24.08938]],[[32.50403,-24.09004],[32.50393,-24.09004],[32.50393,-24.09013],[32.50403,-24.09004]],[[32.50452,-24.09004],[32.50472,-24.08968],[32.50442,-24.08968],[32.50412,-24.09004],[32.50452,-24.09004]],[[32.50333,-24.09013],[32.50333,-24.09076],[32.50294,-24.09085],[32.50343,-24.09103],[32.50333,-24.09148],[32.50441,-24.09167],[32.50471,-24.09076],[32.5055,-24.09086],[32.50511,-24.08995],[32.50471,-24.09022],[32.50333,-24.09013]],[[32.50323,-24.09157],[32.50333,-24.09157],[32.50333,-24.09148],[32.50323,-24.09157]],[[32.50313,-24.09166],[32.50323,-24.09166],[32.50323,-24.09157],[32.50313,-24.09166]],[[32.50393,-24.08977],[32.50393,-24.08995],[32.50403,-24.08995],[32.50393,-24.08977]],[[32.5058,-24.08959],[32.50521,-24.0895],[32.5056,-24.09022],[32.5058,-24.08959]],[[32.50403,-24.08958],[32.50472,-24.08877],[32.50423,-24.08913],[32.50403,-24.08958]],[[32.50482,-24.08941],[32.50501,-24.08941],[32.50492,-24.08923],[32.50482,-24.08941]],[[32.50639,-24.09077],[32.50639,-24.09086],[32.50649,-24.09086],[32.50639,-24.09077]],[[32.5053,-24.09113],[32.50511,-24.09131],[32.5052,-24.09131],[32.5053,-24.09113]],[[32.5054,-24.09185],[32.5054,-24.09167],[32.5051,-24.09167],[32.5054,-24.09185]],[[32.5056,-24.09213],[32.5056,-24.09185],[32.5054,-24.09185],[32.5056,-24.09213]],[[32.50264,-24.09157],[32.50284,-24.0913],[32.50225,-24.09121],[32.50264,-24.09157]],[[32.50225,-24.09094],[32.50225,-24.09076],[32.50215,-24.09076],[32.50225,-24.09094]],[[32.50283,-24.09311],[32.50283,-24.0932],[32.50313,-24.0932],[32.50283,-24.09311]],[[32.50539,-24.09448],[32.50539,-24.09466],[32.50549,-24.09466],[32.50539,-24.09448]],[[32.5044,-24.09475],[32.5044,-24.09457],[32.5043,-24.09457],[32.5044,-24.09475]],[[32.5039,-24.09647],[32.50439,-24.0971],[32.50479,-24.09574],[32.5039,-24.09647]],[[32.50459,-24.0981],[32.50528,-24.0981],[32.50499,-24.09692],[32.50449,-24.0971],[32.50459,-24.0981]],[[32.50212,-24.09881],[32.50261,-24.09854],[32.50232,-24.09782],[32.50291,-24.09773],[32.5029,-24.09927],[32.5033,-24.09945],[32.5028,-24.0999],[32.50329,-24.1009],[32.50309,-24.10208],[32.50408,-24.10235],[32.50477,-24.10145],[32.50516,-24.10181],[32.50576,-24.10064],[32.50468,-24.10036],[32.50507,-24.09991],[32.50488,-24.09928],[32.5037,-24.09873],[32.50419,-24.0981],[32.5041,-24.09701],[32.50291,-24.0971],[32.50272,-24.09619],[32.50232,-24.097],[32.50163,-24.09673],[32.50143,-24.09754],[32.50202,-24.09755],[32.50212,-24.09881]],[[32.50203,-24.09655],[32.50183,-24.09655],[32.50183,-24.09664],[32.50203,-24.09655]],[[32.50577,-24.09874],[32.50577,-24.09892],[32.50596,-24.09892],[32.50577,-24.09874]],[[32.50517,-24.09928],[32.50517,-24.09946],[32.50537,-24.09946],[32.50517,-24.09928]],[[32.50616,-24.09937],[32.50596,-24.09937],[32.50596,-24.09982],[32.50616,-24.09937]],[[32.50527,-24.09982],[32.50527,-24.09991],[32.50537,-24.09991],[32.50527,-24.09982]],[[32.50714,-24.09992],[32.50714,-24.10001],[32.50724,-24.10001],[32.50714,-24.09992]],[[32.50714,-24.10046],[32.50694,-24.10055],[32.50724,-24.10055],[32.50714,-24.10046]],[[32.50684,-24.10082],[32.50694,-24.10082],[32.50694,-24.10055],[32.50684,-24.10082]],[[32.50655,-24.10055],[32.50655,-24.10037],[32.50635,-24.10037],[32.50655,-24.10055]],[[32.50457,-24.10335],[32.50516,-24.10299],[32.50614,-24.10417],[32.50624,-24.10381],[32.50812,-24.10345],[32.50723,-24.10309],[32.50595,-24.10363],[32.50605,-24.10299],[32.50674,-24.10272],[32.50635,-24.10118],[32.50526,-24.10181],[32.50556,-24.10263],[32.50457,-24.1029],[32.50457,-24.10335]],[[32.51168,-24.10156],[32.51167,-24.10174],[32.51177,-24.10174],[32.51168,-24.10156]],[[32.50852,-24.10155],[32.50852,-24.10164],[32.50862,-24.10164],[32.50852,-24.10155]],[[32.50733,-24.10263],[32.50733,-24.10282],[32.50753,-24.10282],[32.50733,-24.10263]],[[32.51029,-24.10382],[32.51039,-24.10346],[32.51009,-24.10337],[32.51029,-24.10382]],[[32.5095,-24.10382],[32.5095,-24.10364],[32.5093,-24.10364],[32.5095,-24.10382]],[[32.5092,-24.10382],[32.50881,-24.10364],[32.5088,-24.10409],[32.5092,-24.10382]],[[32.50811,-24.104],[32.50831,-24.10517],[32.5088,-24.10436],[32.50811,-24.104]],[[32.50821,-24.10526],[32.50831,-24.10526],[32.50831,-24.10517],[32.50821,-24.10526]],[[32.51038,-24.10409],[32.51038,-24.10418],[32.51048,-24.10418],[32.51038,-24.10409]],[[32.50732,-24.1049],[32.50742,-24.10517],[32.50772,-24.10517],[32.50782,-24.10481],[32.50732,-24.1049]],[[32.50801,-24.10445],[32.50801,-24.10427],[32.50782,-24.10427],[32.50801,-24.10445]],[[32.50476,-24.10426],[32.50506,-24.10426],[32.50466,-24.10371],[32.50476,-24.10426]],[[32.5022,-24.1038],[32.50269,-24.10389],[32.50269,-24.10371],[32.5022,-24.1038]],[[32.50378,-24.10371],[32.50377,-24.10389],[32.50397,-24.10389],[32.50378,-24.10371]],[[32.50299,-24.10325],[32.50299,-24.10271],[32.5026,-24.1028],[32.50299,-24.10325]],[[32.5024,-24.10298],[32.5024,-24.10289],[32.5022,-24.10289],[32.5024,-24.10298]],[[32.50172,-24.10062],[32.50172,-24.10044],[32.50162,-24.10044],[32.50172,-24.10062]],[[32.50063,-24.10035],[32.50063,-24.10026],[32.50053,-24.10026],[32.50063,-24.10035]],[[32.50201,-24.10008],[32.50201,-24.09999],[32.50192,-24.09999],[32.50201,-24.10008]],[[32.50123,-24.09981],[32.50133,-24.0989],[32.50064,-24.09863],[32.50044,-24.09935],[32.50123,-24.09981]],[[32.50064,-24.09827],[32.50034,-24.09827],[32.50054,-24.09863],[32.50064,-24.09827]],[[32.50025,-24.09817],[32.50025,-24.09827],[32.50034,-24.09827],[32.50025,-24.09817]],[[32.50015,-24.09808],[32.50015,-24.09817],[32.50025,-24.09817],[32.50015,-24.09808]],[[32.50005,-24.09799],[32.50005,-24.09808],[32.50015,-24.09808],[32.50005,-24.09799]],[[32.50025,-24.09781],[32.50015,-24.09781],[32.50015,-24.09799],[32.50025,-24.09781]],[[32.49936,-24.09781],[32.49946,-24.09718],[32.49887,-24.09663],[32.49749,-24.09699],[32.49709,-24.09753],[32.49788,-24.09762],[32.49857,-24.09826],[32.49946,-24.0979],[32.49965,-24.09908],[32.50014,-24.0989],[32.49995,-24.09826],[32.50005,-24.0979],[32.49936,-24.09781]],[[32.50251,-24.09945],[32.50261,-24.09927],[32.50241,-24.09927],[32.50251,-24.09945]],[[32.50211,-24.09954],[32.50231,-24.09963],[32.50231,-24.09945],[32.50211,-24.09954]],[[32.49699,-24.09844],[32.49827,-24.09853],[32.49788,-24.0979],[32.49699,-24.09844]],[[32.49995,-24.09709],[32.50064,-24.09691],[32.50055,-24.09664],[32.49995,-24.09709]],[[32.50074,-24.09763],[32.50074,-24.09772],[32.50084,-24.09772],[32.50074,-24.09763]],[[32.50341,-24.09619],[32.50361,-24.09619],[32.50361,-24.09592],[32.50341,-24.09619]],[[32.50025,-24.096],[32.50025,-24.09582],[32.49996,-24.09582],[32.50025,-24.096]],[[32.50558,-24.09611],[32.50548,-24.09629],[32.50568,-24.09629],[32.50558,-24.09611]],[[32.50499,-24.09638],[32.50499,-24.09647],[32.50509,-24.09647],[32.50499,-24.09638]],[[32.50587,-24.09693],[32.50617,-24.09684],[32.50617,-24.09665],[32.50587,-24.09693]],[[32.50834,-24.09693],[32.50834,-24.09702],[32.50844,-24.09702],[32.50834,-24.09693]],[[32.50695,-24.09793],[32.50695,-24.09811],[32.50715,-24.09784],[32.50695,-24.09793]],[[32.50646,-24.0981],[32.50646,-24.0982],[32.50656,-24.0982],[32.50646,-24.0981]],[[32.49749,-24.09563],[32.49779,-24.09563],[32.49779,-24.09536],[32.49749,-24.09563]],[[32.49691,-24.09463],[32.4969,-24.09481],[32.4973,-24.09445],[32.49691,-24.09463]],[[32.49563,-24.0939],[32.49563,-24.09372],[32.49543,-24.09372],[32.49563,-24.0939]],[[32.49444,-24.09535],[32.49444,-24.09544],[32.49453,-24.09544],[32.49444,-24.09535]],[[32.49353,-24.09906],[32.49353,-24.09897],[32.49344,-24.09897],[32.49353,-24.09906]],[[32.49413,-24.09879],[32.49413,-24.09861],[32.49403,-24.09861],[32.49413,-24.09879]],[[32.49511,-24.09961],[32.49501,-24.09988],[32.49531,-24.09988],[32.49511,-24.09961]],[[32.49688,-24.1007],[32.49659,-24.10061],[32.49659,-24.10088],[32.49688,-24.1007]],[[32.49649,-24.10097],[32.49629,-24.10061],[32.49609,-24.10061],[32.49609,-24.10106],[32.49649,-24.10097]],[[32.49619,-24.10224],[32.49609,-24.10205],[32.49589,-24.10214],[32.49619,-24.10224]],[[32.50219,-24.10506],[32.5017,-24.1047],[32.5018,-24.10533],[32.50219,-24.10506]],[[32.5017,-24.10542],[32.5016,-24.10551],[32.5018,-24.10551],[32.5017,-24.10542]],[[32.50811,-24.10544],[32.50811,-24.10526],[32.50791,-24.10526],[32.50811,-24.10544]],[[32.5089,-24.10554],[32.5089,-24.10572],[32.50909,-24.10572],[32.5089,-24.10554]],[[32.5087,-24.10599],[32.50899,-24.10599],[32.5089,-24.10572],[32.5087,-24.10599]],[[32.50831,-24.10554],[32.50831,-24.10581],[32.5087,-24.10581],[32.50831,-24.10554]],[[32.51008,-24.10599],[32.51047,-24.1059],[32.51038,-24.10563],[32.51008,-24.10599]],[[32.51107,-24.106],[32.51107,-24.10609],[32.51116,-24.10609],[32.51107,-24.106]],[[32.50682,-24.10589],[32.50751,-24.10635],[32.50731,-24.10689],[32.50791,-24.10644],[32.50682,-24.10589]],[[32.50721,-24.10716],[32.50731,-24.10716],[32.50741,-24.10698],[32.50721,-24.10716]],[[32.50327,-24.10706],[32.50228,-24.10706],[32.50257,-24.10823],[32.50435,-24.10788],[32.50455,-24.10697],[32.50514,-24.10697],[32.50505,-24.10589],[32.50377,-24.10597],[32.50327,-24.10706]],[[32.50316,-24.10996],[32.50356,-24.1095],[32.50336,-24.11023],[32.50414,-24.11114],[32.50394,-24.11141],[32.50522,-24.11214],[32.50542,-24.1115],[32.50591,-24.11187],[32.5074,-24.11051],[32.50642,-24.10879],[32.50652,-24.10834],[32.50731,-24.10861],[32.50741,-24.10798],[32.50642,-24.10779],[32.50574,-24.1068],[32.50524,-24.10752],[32.50553,-24.10824],[32.50405,-24.10824],[32.50405,-24.10905],[32.50336,-24.1086],[32.50286,-24.10959],[32.50316,-24.10996]],[[32.50356,-24.10851],[32.50356,-24.1086],[32.50386,-24.1086],[32.50356,-24.10851]],[[32.50297,-24.10842],[32.50287,-24.10869],[32.50316,-24.10878],[32.50336,-24.10842],[32.50297,-24.10842]],[[32.5082,-24.10726],[32.5083,-24.10708],[32.50791,-24.10689],[32.5082,-24.10726]],[[32.51215,-24.10718],[32.51215,-24.10736],[32.51254,-24.10754],[32.51284,-24.10709],[32.51215,-24.10718]],[[32.5085,-24.10762],[32.5081,-24.10744],[32.5081,-24.10762],[32.5085,-24.10762]],[[32.50869,-24.10816],[32.50899,-24.10807],[32.50889,-24.10789],[32.50869,-24.10816]],[[32.50751,-24.10743],[32.50751,-24.10771],[32.50771,-24.10771],[32.50751,-24.10743]],[[32.51283,-24.10809],[32.51293,-24.10763],[32.51264,-24.10772],[32.51283,-24.10809]],[[32.50928,-24.10816],[32.50948,-24.10817],[32.50948,-24.10798],[32.50928,-24.10816]],[[32.51313,-24.10872],[32.51342,-24.10872],[32.51352,-24.10845],[32.51313,-24.10872]],[[32.51707,-24.10855],[32.51707,-24.10873],[32.51727,-24.10873],[32.51707,-24.10855]],[[32.51776,-24.10919],[32.51806,-24.1091],[32.51776,-24.10864],[32.51727,-24.10891],[32.51776,-24.10919]],[[32.51628,-24.10891],[32.51619,-24.10864],[32.51609,-24.10864],[32.51628,-24.10891]],[[32.51402,-24.10881],[32.51411,-24.109],[32.51431,-24.10891],[32.51402,-24.10881]],[[32.51233,-24.10971],[32.51224,-24.10899],[32.51293,-24.10926],[32.51293,-24.1089],[32.51184,-24.10881],[32.51174,-24.10962],[32.51233,-24.10971]],[[32.51342,-24.10908],[32.51342,-24.10936],[32.51372,-24.10927],[32.51342,-24.10908]],[[32.51628,-24.11081],[32.51747,-24.10946],[32.51589,-24.10918],[32.51539,-24.11009],[32.51628,-24.11081]],[[32.51944,-24.10919],[32.51934,-24.10946],[32.51954,-24.10947],[32.51944,-24.10919]],[[32.52171,-24.10983],[32.5218,-24.10983],[32.52181,-24.10974],[32.52171,-24.10983]],[[32.52141,-24.1102],[32.52151,-24.11047],[32.5218,-24.11029],[32.52161,-24.10983],[32.52141,-24.1102]],[[32.52259,-24.11002],[32.5223,-24.10993],[32.5223,-24.11011],[32.52259,-24.11002]],[[32.52101,-24.11065],[32.52072,-24.11001],[32.52023,-24.1101],[32.52052,-24.11074],[32.52101,-24.11065]],[[32.51914,-24.11064],[32.51943,-24.11055],[32.51934,-24.11037],[32.51914,-24.11064]],[[32.51243,-24.11062],[32.51283,-24.11035],[32.51223,-24.11053],[32.51233,-24.11107],[32.51243,-24.11062]],[[32.52002,-24.11101],[32.52003,-24.11092],[32.51983,-24.11091],[32.51983,-24.1111],[32.52002,-24.11101]],[[32.5143,-24.11108],[32.5143,-24.1109],[32.5142,-24.1109],[32.5143,-24.11108]],[[32.51943,-24.11128],[32.51943,-24.11109],[32.51914,-24.11118],[32.51943,-24.11128]],[[32.51292,-24.11044],[32.51292,-24.11053],[32.51302,-24.11053],[32.51292,-24.11044]],[[32.51036,-24.11007],[32.51036,-24.11025],[32.51056,-24.11016],[32.51036,-24.11007]],[[32.5147,-24.11008],[32.5147,-24.11017],[32.5148,-24.11017],[32.5147,-24.11008]],[[32.51135,-24.11007],[32.51145,-24.1098],[32.51115,-24.1098],[32.51135,-24.11007]],[[32.51411,-24.10945],[32.51411,-24.10936],[32.51382,-24.10927],[32.51411,-24.10945]],[[32.50918,-24.10916],[32.50918,-24.10898],[32.50908,-24.10898],[32.50918,-24.10916]],[[32.5074,-24.10906],[32.50741,-24.10897],[32.50731,-24.10897],[32.5074,-24.10906]],[[32.50869,-24.10898],[32.50869,-24.1088],[32.50829,-24.1088],[32.50869,-24.10898]],[[32.5082,-24.1087],[32.50819,-24.1088],[32.50829,-24.1088],[32.5082,-24.1087]],[[32.51017,-24.1088],[32.51017,-24.10898],[32.51036,-24.10898],[32.51017,-24.1088]],[[32.5074,-24.1097],[32.5074,-24.11024],[32.5078,-24.11015],[32.5074,-24.1097]],[[32.50364,-24.11213],[32.50374,-24.11177],[32.50345,-24.11177],[32.50364,-24.11213]],[[32.50296,-24.11113],[32.50296,-24.11122],[32.50306,-24.11122],[32.50296,-24.11113]],[[32.50286,-24.11095],[32.50256,-24.11068],[32.50266,-24.11104],[32.50286,-24.11095]],[[32.50188,-24.1104],[32.50158,-24.11049],[32.50168,-24.11077],[32.50188,-24.1104]],[[32.50345,-24.11104],[32.50365,-24.11095],[32.50345,-24.11059],[32.50345,-24.11104]],[[32.50267,-24.11005],[32.50267,-24.10995],[32.50257,-24.10995],[32.50267,-24.11005]],[[32.50257,-24.10869],[32.50257,-24.1086],[32.50247,-24.1086],[32.50257,-24.10869]],[[32.50613,-24.10598],[32.50613,-24.10616],[32.50623,-24.10616],[32.50613,-24.10598]],[[32.50544,-24.10643],[32.50574,-24.10652],[32.50574,-24.10625],[32.50544,-24.10643]],[[32.50347,-24.10579],[32.50347,-24.1057],[32.50337,-24.1057],[32.50347,-24.10579]],[[32.50643,-24.10571],[32.50633,-24.10553],[32.50623,-24.10553],[32.50643,-24.10571]],[[32.51144,-24.11107],[32.51144,-24.11116],[32.51154,-24.11116],[32.51144,-24.11107]],[[32.5148,-24.11126],[32.5144,-24.11117],[32.5146,-24.11198],[32.5148,-24.11126]],[[32.51074,-24.11406],[32.51153,-24.11415],[32.51143,-24.1137],[32.51094,-24.1136],[32.51074,-24.11406]],[[32.5137,-24.11406],[32.5137,-24.11434],[32.51399,-24.11434],[32.5137,-24.11406]],[[32.51084,-24.11433],[32.51084,-24.11442],[32.51103,-24.11442],[32.51084,-24.11433]],[[32.51172,-24.11451],[32.51172,-24.11469],[32.51182,-24.11469],[32.51172,-24.11451]],[[32.51163,-24.11469],[32.51163,-24.11451],[32.51153,-24.11451],[32.51163,-24.11469]],[[32.51409,-24.11398],[32.5141,-24.1137],[32.5138,-24.11361],[32.5137,-24.11397],[32.51409,-24.11398]],[[32.5139,-24.11307],[32.5139,-24.11325],[32.5141,-24.11325],[32.5139,-24.11307]],[[32.51716,-24.1119],[32.51726,-24.11154],[32.51687,-24.11136],[32.51716,-24.1119]],[[32.51795,-24.11227],[32.51805,-24.11209],[32.51775,-24.11199],[32.51795,-24.11227]],[[32.52329,-24.10902],[32.52329,-24.10875],[32.52309,-24.10875],[32.52329,-24.10902]],[[32.51629,-24.10764],[32.51629,-24.10737],[32.51609,-24.10746],[32.51629,-24.10764]],[[32.51393,-24.10619],[32.51393,-24.1061],[32.51373,-24.10601],[32.51393,-24.10619]],[[32.51353,-24.10573],[32.51353,-24.10564],[32.51334,-24.10564],[32.51353,-24.10573]],[[32.51442,-24.10556],[32.51422,-24.10555],[32.51422,-24.10574],[32.51442,-24.10556]]],[[[32.50543,-24.08461],[32.50562,-24.08461],[32.50562,-24.08597],[32.50503,-24.08578],[32.50543,-24.08461]]],[[[32.56557,-24.17906],[32.56537,-24.17978],[32.56508,-24.17914],[32.56636,-24.17833],[32.56606,-24.17933],[32.56557,-24.17906]]],[[[32.57002,-24.17744],[32.57021,-24.17825],[32.56932,-24.17816],[32.56893,-24.17888],[32.56843,-24.1787],[32.56853,-24.17943],[32.56715,-24.1796],[32.56784,-24.17861],[32.56715,-24.17806],[32.56725,-24.17725],[32.56775,-24.17788],[32.56884,-24.17608],[32.56933,-24.17635],[32.56943,-24.17572],[32.57071,-24.17653],[32.57002,-24.17744]],[[32.56963,-24.17608],[32.56973,-24.17608],[32.56973,-24.17599],[32.56963,-24.17608]],[[32.56923,-24.17771],[32.56923,-24.17753],[32.56903,-24.17753],[32.56923,-24.17771]],[[32.56824,-24.17798],[32.56824,-24.17816],[32.56844,-24.17816],[32.56824,-24.17798]],[[32.56823,-24.17906],[32.56824,-24.1787],[32.56794,-24.1787],[32.56823,-24.17906]]],[[[32.5792,-24.17737],[32.57841,-24.17773],[32.5792,-24.17638],[32.57881,-24.1761],[32.57811,-24.17665],[32.57821,-24.178],[32.57742,-24.17827],[32.57663,-24.17764],[32.57644,-24.17664],[32.57752,-24.17692],[32.57802,-24.17637],[32.57752,-24.17592],[32.57683,-24.17628],[32.57644,-24.17555],[32.57753,-24.17501],[32.57861,-24.17583],[32.57891,-24.17529],[32.5794,-24.1762],[32.5792,-24.17737]],[[32.57772,-24.17719],[32.57762,-24.17719],[32.57762,-24.17737],[32.57772,-24.17719]]],[[[32.5713,-24.17626],[32.57111,-24.17608],[32.5716,-24.17563],[32.57259,-24.17591],[32.57239,-24.17636],[32.5713,-24.17626]]],[[[32.57377,-24.17573],[32.57328,-24.17645],[32.57288,-24.17636],[32.57368,-24.17519],[32.57466,-24.17591],[32.57565,-24.17601],[32.57545,-24.17546],[32.57644,-24.17583],[32.57614,-24.17637],[32.57377,-24.17573]],[[32.57585,-24.17582],[32.57594,-24.17583],[32.57594,-24.17573],[32.57585,-24.17582]]],[[[32.55068,-24.17476],[32.54959,-24.17656],[32.54919,-24.1762],[32.54999,-24.17457],[32.55068,-24.17476]]],[[[32.57328,-24.17518],[32.57308,-24.17564],[32.57259,-24.17591],[32.57328,-24.17518]]],[[[32.56183,-24.17506],[32.56242,-24.17506],[32.56262,-24.17588],[32.56302,-24.17525],[32.56252,-24.17488],[32.56331,-24.17488],[32.56301,-24.17606],[32.56213,-24.17579],[32.56183,-24.17506]]],[[[32.56144,-24.17524],[32.56105,-24.17406],[32.56174,-24.17352],[32.56233,-24.17389],[32.56144,-24.17524]]],[[[32.57921,-24.17402],[32.57862,-24.17375],[32.57941,-24.1733],[32.57951,-24.17258],[32.58059,-24.17294],[32.58108,-24.17376],[32.58088,-24.17466],[32.58019,-24.17457],[32.58059,-24.17403],[32.5796,-24.17402],[32.57921,-24.17448],[32.57999,-24.17529],[32.57822,-24.1752],[32.57792,-24.17529],[32.57763,-24.17447],[32.57921,-24.17402]],[[32.57832,-24.17456],[32.57832,-24.17484],[32.57881,-24.17493],[32.57871,-24.17447],[32.57832,-24.17456]],[[32.5795,-24.17375],[32.58029,-24.17366],[32.5801,-24.17348],[32.5795,-24.17375]],[[32.57961,-24.17303],[32.57961,-24.17321],[32.5798,-24.17321],[32.57961,-24.17303]]],[[[32.58187,-24.17421],[32.58266,-24.17512],[32.58137,-24.17539],[32.58138,-24.1734],[32.58296,-24.17286],[32.58346,-24.17186],[32.58454,-24.17223],[32.58405,-24.17286],[32.58355,-24.17268],[32.58237,-24.17412],[32.58247,-24.17331],[32.58187,-24.17421]]],[[[32.55167,-24.17349],[32.55108,-24.1744],[32.55029,-24.17421],[32.55049,-24.1734],[32.55009,-24.17294],[32.55167,-24.17349]]],[[[32.55285,-24.17449],[32.55276,-24.1725],[32.55207,-24.17295],[32.55207,-24.17223],[32.55335,-24.17223],[32.55285,-24.17449]]],[[[32.56293,-24.17298],[32.56312,-24.17343],[32.56253,-24.17343],[32.56293,-24.17298]]],[[[32.56707,-24.17245],[32.56796,-24.17272],[32.56776,-24.17309],[32.56707,-24.17245]]],[[[32.56016,-24.17234],[32.56026,-24.17261],[32.55977,-24.17279],[32.55928,-24.17234],[32.56016,-24.17234]]],[[[32.5804,-24.1724],[32.5806,-24.17213],[32.58148,-24.1724],[32.58099,-24.17285],[32.5804,-24.1724]]],[[[32.5579,-24.17107],[32.55859,-24.17016],[32.55682,-24.16916],[32.55613,-24.16934],[32.55584,-24.16807],[32.55958,-24.16998],[32.56047,-24.17008],[32.56067,-24.16972],[32.56126,-24.17035],[32.56175,-24.16999],[32.56481,-24.17],[32.56521,-24.16928],[32.5654,-24.17045],[32.56589,-24.17082],[32.56481,-24.17109],[32.5653,-24.17254],[32.5647,-24.17281],[32.5648,-24.17353],[32.56618,-24.17426],[32.56608,-24.17299],[32.56648,-24.17254],[32.56737,-24.17336],[32.56816,-24.17336],[32.56855,-24.17408],[32.56815,-24.17481],[32.56548,-24.17552],[32.56597,-24.1767],[32.56558,-24.17706],[32.56538,-24.17661],[32.56449,-24.1767],[32.56489,-24.17598],[32.56538,-24.17616],[32.56519,-24.17534],[32.564,-24.17543],[32.56282,-24.17425],[32.56312,-24.1738],[32.56371,-24.17425],[32.5647,-24.17407],[32.56411,-24.17371],[32.56431,-24.17271],[32.56382,-24.17244],[32.56214,-24.17207],[32.56204,-24.1728],[32.56253,-24.17271],[32.56213,-24.17334],[32.56155,-24.17198],[32.56066,-24.17216],[32.56046,-24.17134],[32.55997,-24.17134],[32.55868,-24.17279],[32.557,-24.1726],[32.55572,-24.17323],[32.55582,-24.17269],[32.55533,-24.17242],[32.55355,-24.17259],[32.55464,-24.17178],[32.55671,-24.17206],[32.55691,-24.17152],[32.55671,-24.17124],[32.55632,-24.1707],[32.55721,-24.17043],[32.5579,-24.17107]],[[32.55681,-24.17115],[32.55671,-24.17115],[32.55671,-24.17124],[32.55681,-24.17115]],[[32.56412,-24.17018],[32.56412,-24.17009],[32.56402,-24.17009],[32.56412,-24.17018]],[[32.5652,-24.17054],[32.56481,-24.17045],[32.56481,-24.17054],[32.5653,-24.17081],[32.5652,-24.17054]],[[32.56224,-24.1718],[32.56175,-24.1718],[32.56184,-24.17216],[32.56224,-24.1718]],[[32.56244,-24.17171],[32.56244,-24.17117],[32.56214,-24.17135],[32.56244,-24.17171]],[[32.56264,-24.17099],[32.56244,-24.17108],[32.56244,-24.17117],[32.56264,-24.17099]],[[32.55869,-24.17188],[32.55868,-24.17215],[32.55898,-24.17216],[32.55869,-24.17188]],[[32.55948,-24.17062],[32.55948,-24.17035],[32.55918,-24.17034],[32.55948,-24.17062]],[[32.55918,-24.17161],[32.55899,-24.17043],[32.55869,-24.17043],[32.55839,-24.17143],[32.55918,-24.17161]],[[32.56115,-24.17126],[32.56115,-24.17144],[32.56125,-24.17144],[32.56115,-24.17126]],[[32.56332,-24.17217],[32.56412,-24.17072],[32.56293,-24.17144],[32.56332,-24.17217]],[[32.56431,-24.17126],[32.56431,-24.17154],[32.56461,-24.17145],[32.56461,-24.17108],[32.56431,-24.17126]],[[32.56411,-24.17199],[32.56411,-24.17235],[32.56441,-24.17217],[32.56411,-24.17199]],[[32.55829,-24.1717],[32.5575,-24.17161],[32.55799,-24.17224],[32.55829,-24.1717]],[[32.56707,-24.17435],[32.56716,-24.17462],[32.56736,-24.17462],[32.56707,-24.17435]],[[32.56489,-24.17462],[32.56489,-24.17444],[32.5647,-24.17444],[32.56489,-24.17462]],[[32.56608,-24.17471],[32.56608,-24.1748],[32.56618,-24.1748],[32.56608,-24.17471]],[[32.56687,-24.17417],[32.56687,-24.17399],[32.56667,-24.17399],[32.56687,-24.17417]]],[[[32.55059,-24.17177],[32.55079,-24.17222],[32.5502,-24.17222],[32.55059,-24.17177]]],[[[32.58376,-24.16915],[32.58376,-24.16978],[32.58327,-24.16951],[32.58376,-24.16915]]],[[[32.54991,-24.17023],[32.54912,-24.16941],[32.54991,-24.16851],[32.5508,-24.16896],[32.54991,-24.17023]],[[32.55001,-24.16896],[32.55001,-24.16887],[32.54991,-24.16887],[32.55001,-24.16896]],[[32.54961,-24.16923],[32.54961,-24.16932],[32.54981,-24.16932],[32.54961,-24.16923]]],[[[32.55159,-24.16869],[32.55208,-24.16842],[32.55238,-24.16924],[32.55159,-24.16869]]],[[[32.56304,-24.16945],[32.56314,-24.16827],[32.56403,-24.16828],[32.56304,-24.16945]]],[[[32.5733,-24.16839],[32.5736,-24.16848],[32.5735,-24.16903],[32.5733,-24.16839]]],[[[32.54834,-24.16769],[32.54844,-24.16687],[32.54963,-24.16579],[32.54972,-24.16651],[32.54834,-24.16769]]],[[[32.55338,-24.16562],[32.55338,-24.16499],[32.55279,-24.16462],[32.55348,-24.16426],[32.55505,-24.1659],[32.55485,-24.16644],[32.55535,-24.16653],[32.55545,-24.16608],[32.55614,-24.16671],[32.55406,-24.16707],[32.55377,-24.16653],[32.55357,-24.16698],[32.55298,-24.16689],[32.55268,-24.16616],[32.55318,-24.16607],[32.55229,-24.16516],[32.55338,-24.16562]],[[32.55337,-24.16634],[32.55347,-24.16616],[32.55328,-24.16607],[32.55337,-24.16634]],[[32.55387,-24.1658],[32.55387,-24.16616],[32.55426,-24.16598],[32.55387,-24.1658]]],[[[32.57558,-24.16586],[32.57509,-24.16586],[32.57489,-24.16523],[32.57549,-24.16514],[32.57558,-24.16586]]],[[[32.5517,-24.16552],[32.55062,-24.16507],[32.55101,-24.16443],[32.5522,-24.16453],[32.5517,-24.16552]],[[32.55111,-24.1648],[32.55141,-24.16498],[32.5515,-24.1648],[32.55111,-24.1648]]],[[[32.55062,-24.16434],[32.55042,-24.16489],[32.54953,-24.16452],[32.5482,-24.16578],[32.54888,-24.16453],[32.55096,-24.16308],[32.55082,-24.1638],[32.55151,-24.1638],[32.55151,-24.16426],[32.55062,-24.16434]],[[32.55013,-24.1638],[32.55003,-24.1638],[32.55003,-24.16416],[32.55013,-24.1638]]],[[[32.55368,-24.16272],[32.55378,-24.16345],[32.55319,-24.16408],[32.5523,-24.16399],[32.5521,-24.16353],[32.55368,-24.16272]]],[[[32.56069,-24.16238],[32.56109,-24.16265],[32.56079,-24.16292],[32.56069,-24.16238]]],[[[32.5516,-24.16254],[32.5529,-24.16172],[32.55289,-24.16236],[32.5525,-24.16272],[32.5516,-24.16254]]],[[[32.55457,-24.16254],[32.55428,-24.16218],[32.55339,-24.16236],[32.5531,-24.16154],[32.55408,-24.16109],[32.55388,-24.16173],[32.55428,-24.162],[32.55438,-24.16082],[32.55507,-24.16037],[32.55527,-24.1611],[32.55457,-24.16254]]],[[[32.56385,-24.16157],[32.56445,-24.16094],[32.56435,-24.16031],[32.56504,-24.16158],[32.56385,-24.16157]]],[[[32.55537,-24.16046],[32.55645,-24.16065],[32.55635,-24.16083],[32.55556,-24.16092],[32.55537,-24.16046]]],[[[32.56228,-24.16021],[32.56179,-24.16003],[32.56188,-24.15976],[32.56267,-24.15967],[32.56228,-24.16021]]],[[[32.58113,-24.15873],[32.58103,-24.15963],[32.58172,-24.1609],[32.58113,-24.16008],[32.57935,-24.16053],[32.57906,-24.15863],[32.57965,-24.15845],[32.57945,-24.15963],[32.58113,-24.15873]]],[[[32.57847,-24.15962],[32.57787,-24.15953],[32.57797,-24.15908],[32.57847,-24.15962]]],[[[32.56248,-24.15931],[32.56218,-24.15867],[32.56406,-24.1585],[32.56248,-24.15931]]],[[[32.58242,-24.15719],[32.58212,-24.15809],[32.58291,-24.15891],[32.58143,-24.159],[32.58173,-24.15846],[32.58133,-24.158],[32.58242,-24.15719]]],[[[32.57699,-24.15699],[32.57768,-24.157],[32.57818,-24.15772],[32.57699,-24.15699]]],[[[32.56545,-24.1575],[32.56525,-24.15669],[32.56604,-24.15651],[32.56643,-24.15714],[32.56545,-24.1575]],[[32.56594,-24.15687],[32.56555,-24.15678],[32.56564,-24.15705],[32.56594,-24.15687]]],[[[32.58045,-24.15773],[32.57995,-24.15709],[32.57906,-24.15745],[32.57907,-24.15627],[32.58025,-24.15718],[32.58045,-24.15773]]],[[[32.58016,-24.15501],[32.57927,-24.15465],[32.58046,-24.15474],[32.58026,-24.1542],[32.58066,-24.15392],[32.58134,-24.15492],[32.58233,-24.15538],[32.58203,-24.15601],[32.58272,-24.15601],[32.58134,-24.15682],[32.58143,-24.15755],[32.58104,-24.15773],[32.58114,-24.15691],[32.58055,-24.15655],[32.58124,-24.15646],[32.58104,-24.15556],[32.58015,-24.1561],[32.58016,-24.15501]],[[32.58065,-24.1551],[32.58075,-24.15546],[32.58085,-24.15546],[32.58065,-24.1551]],[[32.58164,-24.15556],[32.58164,-24.15547],[32.58134,-24.15547],[32.58124,-24.15565],[32.58164,-24.15556]]],[[[32.57463,-24.15545],[32.57562,-24.15545],[32.57532,-24.15599],[32.57463,-24.15545]]],[[[32.5622,-24.15541],[32.56229,-24.15568],[32.5615,-24.15586],[32.5622,-24.15541]]],[[[32.56594,-24.15615],[32.56486,-24.1556],[32.56545,-24.15569],[32.56595,-24.15452],[32.56644,-24.15443],[32.56654,-24.15588],[32.56594,-24.15615]],[[32.56614,-24.15542],[32.56595,-24.15551],[32.56604,-24.1557],[32.56614,-24.15542]]],[[[32.58746,-24.15485],[32.58746,-24.15557],[32.58716,-24.15557],[32.58746,-24.15485]]],[[[32.54907,-24.15546],[32.54888,-24.15474],[32.54917,-24.15456],[32.54966,-24.1551],[32.54907,-24.15546]]],[[[32.56418,-24.15279],[32.56359,-24.15315],[32.56388,-24.15361],[32.56348,-24.15433],[32.5625,-24.15396],[32.56279,-24.15505],[32.562,-24.15469],[32.56071,-24.15586],[32.56012,-24.15559],[32.55963,-24.15667],[32.55913,-24.15667],[32.56274,-24.15192],[32.56349,-24.15143],[32.56354,-24.15139],[32.56497,-24.15089],[32.56418,-24.15152],[32.56418,-24.15279]],[[32.56379,-24.15216],[32.56379,-24.15143],[32.56349,-24.15143],[32.56379,-24.15216]],[[32.56329,-24.1527],[32.56368,-24.15279],[32.56359,-24.15234],[32.56329,-24.1527]],[[32.56339,-24.15324],[32.56339,-24.15333],[32.56349,-24.15333],[32.56339,-24.15324]]],[[[32.56635,-24.15352],[32.56664,-24.15307],[32.56733,-24.15343],[32.56635,-24.15352]]],[[[32.58322,-24.15429],[32.58293,-24.15366],[32.58154,-24.15438],[32.58194,-24.1532],[32.58293,-24.1533],[32.58342,-24.1523],[32.58322,-24.15429]]],[[[32.5697,-24.15398],[32.56842,-24.15425],[32.56891,-24.15389],[32.56842,-24.15308],[32.56892,-24.15226],[32.5697,-24.15398]]],[[[32.56961,-24.15272],[32.57,-24.15217],[32.57049,-24.15299],[32.5702,-24.15371],[32.56961,-24.15272]]],[[[32.5854,-24.15231],[32.58599,-24.15294],[32.5852,-24.15339],[32.5848,-24.15312],[32.5854,-24.15231]],[[32.5852,-24.15285],[32.5852,-24.15294],[32.5854,-24.15294],[32.5852,-24.15285]]],[[[32.58283,-24.15284],[32.58243,-24.15302],[32.58234,-24.15248],[32.58273,-24.15221],[32.58283,-24.15284]]],[[[32.56596,-24.15216],[32.56685,-24.15135],[32.56694,-24.15235],[32.56596,-24.15216]]],[[[32.57908,-24.15129],[32.57977,-24.15211],[32.57879,-24.15238],[32.57908,-24.15129]]],[[[32.58106,-24.15211],[32.58066,-24.1522],[32.58047,-24.15139],[32.58086,-24.1513],[32.58106,-24.15211]]],[[[32.5782,-24.15165],[32.5784,-24.15084],[32.57899,-24.15102],[32.57869,-24.15202],[32.5782,-24.15165]]],[[[32.58639,-24.15195],[32.58589,-24.15222],[32.5856,-24.15059],[32.58659,-24.15104],[32.58639,-24.15195]]],[[[32.58067,-24.14967],[32.58096,-24.15039],[32.58076,-24.15057],[32.58067,-24.15012],[32.58008,-24.15012],[32.58067,-24.14967]]],[[[32.56893,-24.14935],[32.56922,-24.15045],[32.56863,-24.15027],[32.56893,-24.14935]]],[[[32.58412,-24.1495],[32.58412,-24.14995],[32.58481,-24.14977],[32.58501,-24.15013],[32.58432,-24.1504],[32.58344,-24.14868],[32.58403,-24.14841],[32.58462,-24.14941],[32.58412,-24.1495]]],[[[32.58314,-24.14796],[32.58255,-24.14768],[32.58324,-24.14768],[32.58334,-24.14723],[32.58423,-24.14723],[32.58443,-24.1476],[32.58374,-24.14741],[32.58314,-24.14796]]],[[[32.60049,-24.12219],[32.60039,-24.12283],[32.60118,-24.12283],[32.60128,-24.12238],[32.60059,-24.1221],[32.60118,-24.1222],[32.60118,-24.12138],[32.60177,-24.12175],[32.60236,-24.12473],[32.60068,-24.12491],[32.60068,-24.12545],[32.60009,-24.12554],[32.60058,-24.12672],[32.59948,-24.12916],[32.60067,-24.12826],[32.60205,-24.12817],[32.60314,-24.12736],[32.60413,-24.12746],[32.60472,-24.12664],[32.60531,-24.12701],[32.60591,-24.12601],[32.6061,-24.12728],[32.60807,-24.12728],[32.60867,-24.12638],[32.60985,-24.1262],[32.60985,-24.12566],[32.61035,-24.12593],[32.61242,-24.12422],[32.61311,-24.12431],[32.61302,-24.12386],[32.6145,-24.12178],[32.61411,-24.12105],[32.61509,-24.1216],[32.61766,-24.12034],[32.61777,-24.11934],[32.61697,-24.11979],[32.61708,-24.11834],[32.61609,-24.11825],[32.61678,-24.11771],[32.61659,-24.11726],[32.61757,-24.11726],[32.61718,-24.11807],[32.61914,-24.12034],[32.62112,-24.11917],[32.62181,-24.11808],[32.6231,-24.118],[32.6228,-24.11881],[32.62339,-24.11863],[32.62428,-24.11954],[32.62329,-24.1199],[32.62329,-24.11899],[32.6227,-24.11953],[32.62132,-24.11971],[32.62082,-24.12071],[32.62161,-24.12053],[32.622,-24.12107],[32.6224,-24.1208],[32.6224,-24.12026],[32.6226,-24.12026],[32.62328,-24.12117],[32.62348,-24.12053],[32.62467,-24.12026],[32.62595,-24.12072],[32.62724,-24.11936],[32.62763,-24.11973],[32.62793,-24.11882],[32.62704,-24.11864],[32.62675,-24.1181],[32.62985,-24.11801],[32.62841,-24.11991],[32.62551,-24.12136],[32.62422,-24.12094],[32.62181,-24.12167],[32.62117,-24.12134],[32.62151,-24.12098],[32.62111,-24.12132],[32.6183,-24.12075],[32.61627,-24.12113],[32.6144,-24.12244],[32.61232,-24.1262],[32.60899,-24.12735],[32.6052,-24.12996],[32.60231,-24.13041],[32.60149,-24.12978],[32.59977,-24.13024],[32.59461,-24.1331],[32.59418,-24.1352],[32.59234,-24.13684],[32.59213,-24.13666],[32.59134,-24.13687],[32.59067,-24.13751],[32.58881,-24.13769],[32.58648,-24.13866],[32.5841,-24.14069],[32.57828,-24.1433],[32.56964,-24.14852],[32.56735,-24.14891],[32.56755,-24.14915],[32.56611,-24.14963],[32.56607,-24.14918],[32.56557,-24.14926],[32.56588,-24.14972],[32.56236,-24.15153],[32.55615,-24.15799],[32.55084,-24.16204],[32.54452,-24.16812],[32.54055,-24.17004],[32.54013,-24.17246],[32.53894,-24.17286],[32.53844,-24.17248],[32.53561,-24.17257],[32.53212,-24.1746],[32.53193,-24.17434],[32.53018,-24.17744],[32.52826,-24.1775],[32.52945,-24.17696],[32.52985,-24.17605],[32.52906,-24.17659],[32.52827,-24.17641],[32.52777,-24.17764],[32.52501,-24.1773],[32.52122,-24.17501],[32.51862,-24.1723],[32.52295,-24.17404],[32.52265,-24.17331],[32.52137,-24.17322],[32.52167,-24.17259],[32.52118,-24.17249],[32.52128,-24.17213],[32.52197,-24.17195],[32.52246,-24.17241],[32.52187,-24.17268],[32.52295,-24.17268],[32.52305,-24.17313],[32.52482,-24.17404],[32.52581,-24.17441],[32.52611,-24.17396],[32.52699,-24.17396],[32.52739,-24.17441],[32.52769,-24.17369],[32.52798,-24.17405],[32.52907,-24.17351],[32.52936,-24.17388],[32.53006,-24.17352],[32.53055,-24.17379],[32.53075,-24.17325],[32.53124,-24.1737],[32.53095,-24.17234],[32.53183,-24.17334],[32.53391,-24.17181],[32.53421,-24.17226],[32.53371,-24.17253],[32.53381,-24.17299],[32.5343,-24.17253],[32.5349,-24.17281],[32.5346,-24.17199],[32.53618,-24.17109],[32.53687,-24.17118],[32.53727,-24.17209],[32.53727,-24.17146],[32.53786,-24.17101],[32.53845,-24.17146],[32.53826,-24.17101],[32.53885,-24.17028],[32.53984,-24.17011],[32.54103,-24.16866],[32.54142,-24.16902],[32.5437,-24.16722],[32.5438,-24.1665],[32.54282,-24.16504],[32.5439,-24.16577],[32.5445,-24.16496],[32.54449,-24.16577],[32.5439,-24.16595],[32.5439,-24.16641],[32.54498,-24.16659],[32.54528,-24.16587],[32.54597,-24.16596],[32.54588,-24.16523],[32.54756,-24.16488],[32.54776,-24.16388],[32.54736,-24.16343],[32.54825,-24.16334],[32.54697,-24.16288],[32.54717,-24.16361],[32.54677,-24.16379],[32.54589,-24.16297],[32.54588,-24.16433],[32.54519,-24.1646],[32.54539,-24.16388],[32.5446,-24.1636],[32.5446,-24.1626],[32.54391,-24.16306],[32.54302,-24.1626],[32.54292,-24.16305],[32.54233,-24.16305],[32.54253,-24.16233],[32.54145,-24.16205],[32.54214,-24.16169],[32.54175,-24.1606],[32.54254,-24.15943],[32.54343,-24.16007],[32.54314,-24.15925],[32.54422,-24.15889],[32.54451,-24.16025],[32.54462,-24.15916],[32.54501,-24.15907],[32.5455,-24.16062],[32.54599,-24.16007],[32.5458,-24.15899],[32.54679,-24.15899],[32.54649,-24.15845],[32.54787,-24.15872],[32.54808,-24.15745],[32.54837,-24.15809],[32.54876,-24.15809],[32.54867,-24.15746],[32.54906,-24.15782],[32.54956,-24.1571],[32.54937,-24.15565],[32.55065,-24.15556],[32.54996,-24.15474],[32.55055,-24.15493],[32.55125,-24.15411],[32.55085,-24.15502],[32.55144,-24.15484],[32.55144,-24.15538],[32.55114,-24.1561],[32.55025,-24.15637],[32.55035,-24.15683],[32.55212,-24.15719],[32.55233,-24.15511],[32.55174,-24.15466],[32.55223,-24.15421],[32.55262,-24.15493],[32.55263,-24.15357],[32.55312,-24.15321],[32.5552,-24.15322],[32.5547,-24.1534],[32.5551,-24.15394],[32.5546,-24.15412],[32.5548,-24.15467],[32.5542,-24.15584],[32.55421,-24.15421],[32.55322,-24.15439],[32.55262,-24.15557],[32.55321,-24.1562],[32.55371,-24.15593],[32.55489,-24.15639],[32.5546,-24.15548],[32.55588,-24.1553],[32.555,-24.15421],[32.55658,-24.15313],[32.55629,-24.15232],[32.55668,-24.15177],[32.55717,-24.15214],[32.55698,-24.15096],[32.55767,-24.15078],[32.55718,-24.15105],[32.55747,-24.15178],[32.55856,-24.1516],[32.55915,-24.15079],[32.55856,-24.1497],[32.55985,-24.1488],[32.56084,-24.14871],[32.56153,-24.14952],[32.56251,-24.14917],[32.56301,-24.14871],[32.56271,-24.14817],[32.56321,-24.14808],[32.56311,-24.14754],[32.5641,-24.14781],[32.56499,-24.14718],[32.5643,-24.146],[32.56608,-24.14583],[32.56805,-24.14701],[32.56903,-24.14692],[32.57101,-24.14584],[32.57052,-24.1452],[32.57082,-24.14493],[32.5715,-24.14602],[32.57239,-24.14602],[32.57407,-24.14503],[32.57388,-24.14449],[32.57605,-24.14413],[32.58119,-24.14034],[32.58307,-24.13981],[32.58376,-24.13872],[32.58416,-24.13917],[32.58515,-24.13827],[32.58683,-24.13773],[32.58673,-24.13701],[32.58801,-24.13665],[32.58762,-24.13611],[32.5893,-24.13656],[32.5895,-24.13557],[32.59078,-24.13448],[32.58999,-24.13439],[32.5896,-24.13321],[32.59039,-24.13321],[32.59099,-24.13249],[32.59296,-24.13223],[32.59326,-24.13014],[32.59366,-24.12969],[32.59376,-24.13024],[32.59465,-24.12988],[32.59396,-24.12942],[32.59376,-24.12833],[32.59436,-24.12797],[32.59425,-24.12861],[32.59524,-24.12843],[32.59642,-24.12997],[32.59672,-24.12889],[32.59701,-24.12952],[32.59741,-24.12934],[32.59731,-24.12889],[32.59791,-24.12816],[32.59771,-24.12744],[32.5987,-24.1259],[32.59871,-24.12509],[32.59733,-24.1249],[32.59753,-24.12309],[32.59822,-24.12246],[32.59822,-24.12201],[32.59753,-24.12192],[32.59793,-24.12155],[32.59744,-24.12128],[32.59773,-24.12056],[32.59734,-24.1201],[32.59833,-24.12065],[32.5995,-24.12301],[32.6,-24.12283],[32.5996,-24.12219],[32.60049,-24.12219]],[[32.52917,-24.17388],[32.52927,-24.17388],[32.52927,-24.17379],[32.52917,-24.17388]],[[32.53766,-24.17209],[32.53766,-24.172],[32.53756,-24.172],[32.53766,-24.17209]],[[32.54301,-24.16812],[32.54301,-24.16803],[32.54291,-24.16803],[32.54301,-24.16812]],[[32.54668,-24.16252],[32.54658,-24.16288],[32.54687,-24.16297],[32.54668,-24.16252]],[[32.59098,-24.13304],[32.59099,-24.13294],[32.59079,-24.13294],[32.59098,-24.13304]],[[32.59336,-24.1315],[32.59326,-24.1315],[32.59326,-24.13159],[32.59336,-24.1315]],[[32.59356,-24.13078],[32.59356,-24.13069],[32.59346,-24.13069],[32.59356,-24.13078]],[[32.59891,-24.12382],[32.5995,-24.12409],[32.5998,-24.12328],[32.59921,-24.12301],[32.59891,-24.12382]],[[32.53144,-24.17388],[32.53233,-24.17362],[32.53193,-24.17352],[32.53144,-24.17388]],[[32.53272,-24.17334],[32.53262,-24.17353],[32.53282,-24.17362],[32.53272,-24.17334]],[[32.53134,-24.17406],[32.53094,-24.17397],[32.53094,-24.17415],[32.53134,-24.17406]],[[32.52798,-24.17433],[32.52798,-24.17424],[32.52778,-24.17423],[32.52798,-24.17433]],[[32.53045,-24.17433],[32.53025,-24.17433],[32.53025,-24.17451],[32.53045,-24.17433]],[[32.52117,-24.1744],[32.52117,-24.17412],[32.52097,-24.17412],[32.52117,-24.1744]],[[32.52403,-24.17468],[32.52403,-24.17449],[32.52383,-24.17449],[32.52403,-24.17468]],[[32.52354,-24.17413],[32.52354,-24.17404],[32.52334,-24.17404],[32.52334,-24.17422],[32.52354,-24.17413]],[[32.52206,-24.17295],[32.52206,-24.17313],[32.52226,-24.17313],[32.52206,-24.17295]],[[32.53104,-24.17488],[32.53104,-24.17497],[32.53114,-24.17497],[32.53104,-24.17488]],[[32.52265,-24.17494],[32.52265,-24.17503],[32.52275,-24.17503],[32.52265,-24.17494]],[[32.53015,-24.17551],[32.53005,-24.17524],[32.52985,-24.17533],[32.53015,-24.17551]],[[32.52334,-24.17531],[32.52334,-24.17549],[32.52373,-24.17549],[32.52334,-24.17531]],[[32.52709,-24.17577],[32.52728,-24.17586],[32.52728,-24.17559],[32.52709,-24.17577]],[[32.52758,-24.17659],[32.52778,-24.17596],[32.52748,-24.17632],[32.52708,-24.17641],[32.52758,-24.17659]],[[32.52679,-24.1764],[32.52669,-24.17668],[32.52698,-24.17668],[32.52679,-24.1764]],[[32.52531,-24.17649],[32.52541,-24.17649],[32.52541,-24.17631],[32.52531,-24.17649]],[[32.52521,-24.17658],[32.52511,-24.17667],[32.52531,-24.17667],[32.52521,-24.17658]],[[32.52442,-24.17613],[32.52442,-24.17631],[32.52462,-24.17631],[32.52442,-24.17613]],[[32.5256,-24.17667],[32.5256,-24.17685],[32.5257,-24.17685],[32.5256,-24.17667]],[[32.52718,-24.17731],[32.52738,-24.17704],[32.52708,-24.17695],[32.52718,-24.17731]],[[32.53005,-24.17642],[32.53014,-24.17687],[32.53044,-24.17687],[32.53005,-24.17642]],[[32.53588,-24.17245],[32.53588,-24.17236],[32.53579,-24.17236],[32.53588,-24.17245]],[[32.55053,-24.16126],[32.54994,-24.1609],[32.54954,-24.16135],[32.55013,-24.16181],[32.54905,-24.1618],[32.54944,-24.16217],[32.54914,-24.16262],[32.54806,-24.16271],[32.54885,-24.16334],[32.55033,-24.16208],[32.55053,-24.16126]],[[32.54777,-24.16162],[32.54767,-24.16207],[32.54816,-24.16225],[32.54826,-24.1618],[32.54777,-24.16162]],[[32.54204,-24.16106],[32.54313,-24.16215],[32.54411,-24.16179],[32.54382,-24.16061],[32.54284,-24.16025],[32.54204,-24.16106]],[[32.54412,-24.16052],[32.54412,-24.16034],[32.54382,-24.16043],[32.54412,-24.16052]],[[32.54915,-24.16108],[32.54945,-24.16036],[32.54846,-24.15981],[32.54718,-24.16116],[32.54915,-24.16108]],[[32.54639,-24.15989],[32.54688,-24.1598],[32.54688,-24.16071],[32.54747,-24.16062],[32.54757,-24.1599],[32.54669,-24.15926],[32.54639,-24.15989]],[[32.55409,-24.15874],[32.5537,-24.15774],[32.55291,-24.15783],[32.55231,-24.15892],[32.55152,-24.15909],[32.55163,-24.15837],[32.55113,-24.1581],[32.55044,-24.15909],[32.55123,-24.15918],[32.55162,-24.16018],[32.55211,-24.16027],[32.55409,-24.15874]],[[32.54965,-24.15882],[32.54965,-24.15864],[32.54945,-24.15864],[32.54965,-24.15882]],[[32.54936,-24.15836],[32.54936,-24.15818],[32.54916,-24.15818],[32.54936,-24.15836]],[[32.55024,-24.15818],[32.55024,-24.15837],[32.55044,-24.15837],[32.55024,-24.15818]],[[32.55153,-24.15783],[32.55242,-24.15792],[32.55262,-24.15729],[32.55153,-24.15783]],[[32.55123,-24.15746],[32.55124,-24.1571],[32.55045,-24.15728],[32.55044,-24.15764],[32.55123,-24.15746]],[[32.55439,-24.15756],[32.55429,-24.1572],[32.554,-24.15738],[32.55439,-24.15756]],[[32.55429,-24.15811],[32.55469,-24.15802],[32.55459,-24.15765],[32.55429,-24.15811]],[[32.55518,-24.15766],[32.55577,-24.1572],[32.55558,-24.15684],[32.55459,-24.15756],[32.55459,-24.15765],[32.55518,-24.15766]],[[32.55331,-24.15711],[32.5537,-24.1572],[32.5537,-24.15684],[32.55331,-24.15711]],[[32.5541,-24.15657],[32.5541,-24.15675],[32.5543,-24.15684],[32.5541,-24.15657]],[[32.55024,-24.15945],[32.55093,-24.16018],[32.55073,-24.16108],[32.55132,-24.15982],[32.55024,-24.15945]],[[32.55152,-24.161],[32.55172,-24.16109],[32.55172,-24.16082],[32.55152,-24.161]],[[32.54589,-24.16134],[32.54599,-24.16098],[32.5457,-24.16098],[32.54589,-24.16134]],[[32.54875,-24.16126],[32.54875,-24.16135],[32.54885,-24.16135],[32.54875,-24.16126]],[[32.54796,-24.16144],[32.54796,-24.16153],[32.54816,-24.16153],[32.54796,-24.16144]],[[32.5449,-24.16206],[32.5449,-24.16215],[32.5451,-24.16215],[32.5449,-24.16206]],[[32.54333,-24.16034],[32.54353,-24.16043],[32.54353,-24.16016],[32.54333,-24.16034]],[[32.55102,-24.16154],[32.55102,-24.16172],[32.55112,-24.16172],[32.55102,-24.16154]],[[32.55588,-24.15639],[32.55588,-24.15621],[32.55568,-24.15621],[32.55588,-24.15639]],[[32.55558,-24.15612],[32.55558,-24.15621],[32.55568,-24.15621],[32.55558,-24.15612]],[[32.55697,-24.15549],[32.55637,-24.15576],[32.55657,-24.15603],[32.55697,-24.15549]],[[32.55785,-24.15549],[32.55785,-24.1554],[32.55766,-24.1554],[32.55785,-24.15549]],[[32.55786,-24.1544],[32.55766,-24.15477],[32.55795,-24.15486],[32.55786,-24.1544]],[[32.55687,-24.15431],[32.55647,-24.15467],[32.55726,-24.15449],[32.55687,-24.15431]],[[32.55588,-24.15431],[32.55588,-24.1544],[32.55618,-24.1544],[32.55588,-24.15431]],[[32.55559,-24.15413],[32.55559,-24.15431],[32.55588,-24.15431],[32.55559,-24.15413]],[[32.55934,-24.15432],[32.55934,-24.15441],[32.55944,-24.15441],[32.55934,-24.15432]],[[32.55914,-24.15323],[32.55934,-24.15377],[32.55964,-24.15368],[32.55914,-24.15323]],[[32.55776,-24.15359],[32.55855,-24.15341],[32.55816,-24.15287],[32.55776,-24.15359]],[[32.55717,-24.15322],[32.55717,-24.15313],[32.55707,-24.15313],[32.55717,-24.15322]],[[32.55944,-24.15287],[32.55934,-24.15251],[32.55905,-24.15269],[32.55944,-24.15287]],[[32.55757,-24.15241],[32.55727,-24.15268],[32.55747,-24.15268],[32.55757,-24.15241]],[[32.56063,-24.15151],[32.56023,-24.15169],[32.55974,-24.15269],[32.56043,-24.15251],[32.56063,-24.15151]],[[32.5628,-24.15125],[32.56379,-24.15053],[32.56014,-24.14988],[32.56142,-24.15115],[32.56093,-24.1517],[32.5628,-24.15125]],[[32.55955,-24.15133],[32.56073,-24.15124],[32.56063,-24.15043],[32.55994,-24.15006],[32.55925,-24.15033],[32.55955,-24.15133]],[[32.56004,-24.14997],[32.55994,-24.14997],[32.55994,-24.15006],[32.56004,-24.14997]],[[32.563,-24.14998],[32.5631,-24.14935],[32.56261,-24.14935],[32.563,-24.14998]],[[32.55955,-24.14925],[32.55906,-24.1497],[32.55965,-24.1497],[32.55995,-24.14952],[32.55955,-24.14925]],[[32.56379,-24.15026],[32.56409,-24.15008],[32.56399,-24.14962],[32.5635,-24.1498],[32.56379,-24.15026]],[[32.56399,-24.15035],[32.56399,-24.15026],[32.56389,-24.15026],[32.56399,-24.15035]],[[32.56468,-24.14971],[32.56458,-24.1499],[32.56488,-24.1499],[32.56468,-24.14971]],[[32.55777,-24.15232],[32.55777,-24.15214],[32.55757,-24.15214],[32.55777,-24.15232]],[[32.5638,-24.14872],[32.5632,-24.1489],[32.5633,-24.14917],[32.5638,-24.14872]],[[32.56656,-24.14881],[32.56666,-24.14881],[32.56666,-24.14872],[32.56656,-24.14881]],[[32.56646,-24.1489],[32.56656,-24.14891],[32.56656,-24.14881],[32.56646,-24.1489]],[[32.56528,-24.14899],[32.56528,-24.14908],[32.56538,-24.14908],[32.56528,-24.14899]],[[32.5638,-24.14854],[32.5639,-24.14817],[32.5636,-24.14817],[32.5638,-24.14854]],[[32.56676,-24.14782],[32.56627,-24.14845],[32.56656,-24.14854],[32.56716,-24.14791],[32.56676,-24.14782]],[[32.56775,-24.14782],[32.56775,-24.14791],[32.56785,-24.14791],[32.56775,-24.14782]],[[32.56814,-24.14846],[32.56814,-24.14855],[32.56834,-24.14855],[32.56814,-24.14846]],[[32.56775,-24.14719],[32.56726,-24.14719],[32.56716,-24.14746],[32.56775,-24.14719]],[[32.57882,-24.14233],[32.57882,-24.14224],[32.57872,-24.14224],[32.57882,-24.14233]],[[32.58386,-24.14026],[32.58386,-24.14044],[32.58405,-24.14044],[32.58386,-24.14026]],[[32.58475,-24.13972],[32.58475,-24.13954],[32.58465,-24.13954],[32.58475,-24.13972]],[[32.58939,-24.13738],[32.58939,-24.13702],[32.5892,-24.13701],[32.58939,-24.13738]],[[32.58999,-24.13702],[32.58999,-24.13684],[32.58939,-24.13692],[32.58999,-24.13702]],[[32.59305,-24.13612],[32.59305,-24.13603],[32.59295,-24.13603],[32.59305,-24.13612]],[[32.59009,-24.13557],[32.58989,-24.13584],[32.59019,-24.13593],[32.59009,-24.13557]],[[32.59068,-24.13503],[32.59098,-24.13566],[32.59127,-24.13557],[32.59118,-24.13494],[32.59068,-24.13503]],[[32.59345,-24.13512],[32.59344,-24.13522],[32.59354,-24.13522],[32.59345,-24.13512]],[[32.59187,-24.13521],[32.59187,-24.1353],[32.59206,-24.1353],[32.59187,-24.13521]],[[32.59315,-24.13431],[32.59325,-24.13413],[32.59256,-24.13404],[32.59216,-24.13431],[32.59315,-24.13431]],[[32.59118,-24.1343],[32.59157,-24.13421],[32.59138,-24.13394],[32.59118,-24.1343]],[[32.59167,-24.13431],[32.59167,-24.13421],[32.59157,-24.13421],[32.59167,-24.13431]],[[32.59148,-24.13394],[32.59148,-24.13385],[32.59138,-24.13385],[32.59138,-24.13394],[32.59148,-24.13394]],[[32.59128,-24.13376],[32.59128,-24.13358],[32.59118,-24.13358],[32.59128,-24.13376]],[[32.59454,-24.13223],[32.59424,-24.13187],[32.59345,-24.13205],[32.59355,-24.13277],[32.59207,-24.13358],[32.59365,-24.13331],[32.59454,-24.13223]],[[32.59326,-24.13259],[32.59326,-24.1325],[32.59306,-24.1325],[32.59326,-24.13259]],[[32.59474,-24.13069],[32.59493,-24.13205],[32.59523,-24.13187],[32.59474,-24.13069]],[[32.59642,-24.13106],[32.59622,-24.1306],[32.59553,-24.13115],[32.59602,-24.13142],[32.59642,-24.13106]],[[32.59672,-24.13042],[32.59682,-24.13015],[32.59662,-24.13015],[32.59672,-24.13042]],[[32.59741,-24.13034],[32.5979,-24.12988],[32.5977,-24.12979],[32.59741,-24.13034]],[[32.6057,-24.129],[32.6057,-24.12891],[32.6056,-24.12891],[32.6057,-24.129]],[[32.60323,-24.12827],[32.60333,-24.12854],[32.60353,-24.12836],[32.60323,-24.12827]],[[32.60501,-24.12782],[32.60501,-24.12773],[32.60491,-24.12773],[32.60501,-24.12782]],[[32.60659,-24.12773],[32.60659,-24.12782],[32.60679,-24.12782],[32.60659,-24.12773]],[[32.60758,-24.12765],[32.60758,-24.12756],[32.60738,-24.12755],[32.60758,-24.12765]],[[32.6058,-24.12755],[32.6058,-24.12737],[32.60561,-24.12737],[32.6058,-24.12755]],[[32.61104,-24.12621],[32.61104,-24.12612],[32.61094,-24.12612],[32.61104,-24.12621]],[[32.62852,-24.11873],[32.62862,-24.11855],[32.62832,-24.11846],[32.62852,-24.11873]],[[32.62013,-24.12034],[32.61983,-24.12025],[32.61983,-24.12043],[32.62013,-24.12034]],[[32.62181,-24.11953],[32.62181,-24.11935],[32.62151,-24.11935],[32.62181,-24.11953]],[[32.6224,-24.11917],[32.6224,-24.11899],[32.6223,-24.11899],[32.6224,-24.11917]],[[32.59761,-24.12907],[32.59761,-24.12898],[32.59751,-24.12898],[32.59761,-24.12907]],[[32.5986,-24.12898],[32.59879,-24.12889],[32.59869,-24.12871],[32.5986,-24.12898]],[[32.59919,-24.1269],[32.59909,-24.12762],[32.59988,-24.12717],[32.59969,-24.12663],[32.59919,-24.1269]],[[32.5991,-24.12436],[32.5991,-24.1259],[32.59969,-24.12572],[32.5991,-24.12436]],[[32.59812,-24.12472],[32.59841,-24.12463],[32.59831,-24.12445],[32.59812,-24.12472]],[[32.60009,-24.12409],[32.60009,-24.12428],[32.60029,-24.12428],[32.60009,-24.12409]],[[32.60088,-24.12301],[32.60088,-24.12337],[32.60118,-24.12346],[32.60088,-24.12301]],[[32.59812,-24.12318],[32.59812,-24.12309],[32.59792,-24.12309],[32.59812,-24.12318]],[[32.59435,-24.12897],[32.59435,-24.12888],[32.59416,-24.12888],[32.59435,-24.12897]],[[32.59465,-24.12879],[32.59465,-24.12897],[32.59485,-24.12897],[32.59465,-24.12879]],[[32.54996,-24.15628],[32.55025,-24.15619],[32.55015,-24.15601],[32.54996,-24.15628]],[[32.54529,-24.1627],[32.54539,-24.16315],[32.54559,-24.16315],[32.54559,-24.16252],[32.54529,-24.1627]]],[[[32.56045,-24.14699],[32.56074,-24.14708],[32.56045,-24.14771],[32.56045,-24.14699]]],[[[32.56183,-24.14663],[32.56223,-24.146],[32.56292,-24.1469],[32.56262,-24.14726],[32.56183,-24.14663]]],[[[32.57387,-24.14721],[32.57259,-24.14729],[32.57535,-24.14587],[32.57505,-24.14657],[32.57387,-24.14721]]],[[[32.58611,-24.14633],[32.5864,-24.14697],[32.58729,-24.14706],[32.58729,-24.14724],[32.58482,-24.14669],[32.58542,-24.14615],[32.58542,-24.14515],[32.5866,-24.14561],[32.58611,-24.14633]]],[[[32.57949,-24.14713],[32.57831,-24.14604],[32.57989,-24.14496],[32.58039,-24.14532],[32.57949,-24.14713]],[[32.5791,-24.14595],[32.579,-24.14595],[32.579,-24.14613],[32.5791,-24.14595]]],[[[32.57664,-24.1454],[32.57552,-24.14576],[32.57645,-24.14516],[32.57686,-24.14494],[32.57664,-24.1454]]],[[[32.56568,-24.14537],[32.56707,-24.14501],[32.56687,-24.14547],[32.56568,-24.14537]]],[[[32.58158,-24.14315],[32.58138,-24.14379],[32.58207,-24.14442],[32.58167,-24.14514],[32.58118,-24.14505],[32.58138,-24.14433],[32.5796,-24.1446],[32.5795,-24.14387],[32.57881,-24.14432],[32.5795,-24.14365],[32.58,-24.14378],[32.58008,-24.14319],[32.58247,-24.14217],[32.58247,-24.14279],[32.58336,-24.14298],[32.58256,-24.14325],[32.58316,-24.14379],[32.58246,-24.14388],[32.58158,-24.14315]],[[32.58247,-24.14315],[32.58247,-24.14324],[32.58256,-24.14325],[32.58247,-24.14315]],[[32.58069,-24.14324],[32.58069,-24.14306],[32.58059,-24.14306],[32.58069,-24.14324]],[[32.58049,-24.14405],[32.58069,-24.14378],[32.58039,-24.14369],[32.58049,-24.14405]]],[[[32.57902,-24.14341],[32.57962,-24.14327],[32.57843,-24.14403],[32.57902,-24.14341]]],[[[32.57635,-24.14287],[32.57526,-24.14377],[32.57428,-24.14304],[32.57615,-24.1425],[32.57635,-24.14287]],[[32.57487,-24.14304],[32.57507,-24.14313],[32.57517,-24.14286],[32.57487,-24.14304]]],[[[32.5878,-24.1419],[32.58879,-24.14199],[32.58859,-24.14254],[32.5878,-24.1419]]],[[[32.58345,-24.1427],[32.58267,-24.14225],[32.58273,-24.14207],[32.58342,-24.14181],[32.58394,-24.14133],[32.58464,-24.14103],[32.58484,-24.14144],[32.58474,-24.14099],[32.58553,-24.14081],[32.58484,-24.14171],[32.58345,-24.1427]],[[32.58415,-24.14153],[32.58435,-24.14162],[32.58435,-24.14135],[32.58415,-24.14153]]],[[[32.57418,-24.14232],[32.5733,-24.14096],[32.57409,-24.14023],[32.57458,-24.14096],[32.57389,-24.1415],[32.57507,-24.14132],[32.57418,-24.14232]],[[32.57438,-24.14168],[32.57438,-24.14159],[32.57428,-24.14159],[32.57438,-24.14168]]],[[[32.57715,-24.14042],[32.57784,-24.14061],[32.57833,-24.14015],[32.57833,-24.14052],[32.57734,-24.14097],[32.57715,-24.14042]]],[[[32.58672,-24.14018],[32.58571,-24.14063],[32.58676,-24.14007],[32.58761,-24.14],[32.58691,-24.14072],[32.58672,-24.14018]]],[[[32.58596,-24.13984],[32.58637,-24.13917],[32.5892,-24.13792],[32.58803,-24.13972],[32.58596,-24.13984]],[[32.58721,-24.13964],[32.58721,-24.13955],[32.58702,-24.13954],[32.58721,-24.13964]]],[[[32.57715,-24.13879],[32.57686,-24.13816],[32.57785,-24.13807],[32.57814,-24.13861],[32.57715,-24.13879]]],[[[32.58308,-24.13709],[32.58367,-24.13736],[32.58337,-24.1379],[32.58308,-24.13709]]],[[[32.58881,-24.13484],[32.5892,-24.13439],[32.5893,-24.13502],[32.58891,-24.1352],[32.58881,-24.13484]]],[[[32.60547,-24.14023],[32.60616,-24.14041],[32.60754,-24.13942],[32.60843,-24.13978],[32.60912,-24.13897],[32.61119,-24.13934],[32.61149,-24.13879],[32.61238,-24.13889],[32.61189,-24.13671],[32.61268,-24.13608],[32.61317,-24.13726],[32.61406,-24.13681],[32.61317,-24.13789],[32.61455,-24.13835],[32.61317,-24.13844],[32.61327,-24.13934],[32.61475,-24.13907],[32.61534,-24.13781],[32.61574,-24.13799],[32.61544,-24.13862],[32.61642,-24.1389],[32.61593,-24.13862],[32.61643,-24.13817],[32.61593,-24.13772],[32.61673,-24.13718],[32.61653,-24.13808],[32.61761,-24.13836],[32.61741,-24.13935],[32.61869,-24.13954],[32.618,-24.14017],[32.61869,-24.14089],[32.61958,-24.14017],[32.62037,-24.14054],[32.62027,-24.1399],[32.62106,-24.13972],[32.62116,-24.14045],[32.62195,-24.14036],[32.62234,-24.14099],[32.62264,-24.14036],[32.62333,-24.14063],[32.62352,-24.14027],[32.62392,-24.14091],[32.62481,-24.14073],[32.6248,-24.14191],[32.62532,-24.14164],[32.62474,-24.14462],[32.62401,-24.1448],[32.6245,-24.14426],[32.6243,-24.14353],[32.62391,-24.14408],[32.62223,-24.14308],[32.62164,-24.14362],[32.62341,-24.14462],[32.62351,-24.14516],[32.6246,-24.14535],[32.62424,-24.14725],[32.62361,-24.14607],[32.62331,-24.14743],[32.62272,-24.14724],[32.62331,-24.14561],[32.62242,-24.14525],[32.62183,-24.14579],[32.62114,-24.14543],[32.62015,-24.14715],[32.61986,-24.14633],[32.61798,-24.14714],[32.61739,-24.14651],[32.61788,-24.14633],[32.61779,-24.14551],[32.6168,-24.14605],[32.6165,-24.14678],[32.61631,-24.14578],[32.61571,-24.14541],[32.61591,-24.14442],[32.61661,-24.14424],[32.61641,-24.14279],[32.61493,-24.14279],[32.61454,-24.14197],[32.61385,-24.14179],[32.61415,-24.14088],[32.61316,-24.14115],[32.61316,-24.14043],[32.61228,-24.14006],[32.61277,-24.14052],[32.61257,-24.14106],[32.61218,-24.14052],[32.61148,-24.14169],[32.61099,-24.14133],[32.61,-24.14241],[32.60931,-24.14223],[32.60842,-24.14295],[32.60842,-24.14368],[32.60693,-24.14458],[32.60693,-24.14603],[32.60644,-24.14612],[32.60683,-24.14738],[32.60662,-24.14919],[32.60702,-24.14974],[32.60613,-24.14983],[32.60584,-24.14883],[32.60524,-24.14856],[32.60475,-24.14865],[32.60386,-24.151],[32.60297,-24.15045],[32.60208,-24.15063],[32.60218,-24.15136],[32.60267,-24.15154],[32.60217,-24.1529],[32.60365,-24.15444],[32.60335,-24.15507],[32.60246,-24.15534],[32.60256,-24.15616],[32.60196,-24.15606],[32.60216,-24.15561],[32.60108,-24.15552],[32.60058,-24.15624],[32.5994,-24.15579],[32.5993,-24.15633],[32.59812,-24.15587],[32.59802,-24.1566],[32.59663,-24.15641],[32.59674,-24.15515],[32.59891,-24.15569],[32.5995,-24.15524],[32.59891,-24.15461],[32.59763,-24.15488],[32.59763,-24.15406],[32.59585,-24.15496],[32.59545,-24.15605],[32.59604,-24.1565],[32.59348,-24.1564],[32.59308,-24.15668],[32.59318,-24.15758],[32.5918,-24.15749],[32.59199,-24.15812],[32.591,-24.15939],[32.59089,-24.16156],[32.5901,-24.16147],[32.58951,-24.16273],[32.58872,-24.16219],[32.58832,-24.163],[32.58754,-24.16264],[32.58724,-24.16309],[32.5896,-24.16418],[32.5896,-24.16518],[32.58891,-24.16554],[32.58901,-24.1659],[32.5899,-24.16527],[32.59,-24.16418],[32.58951,-24.16373],[32.5902,-24.16373],[32.59029,-24.16455],[32.59138,-24.16491],[32.59108,-24.16609],[32.59039,-24.16599],[32.58949,-24.16708],[32.5889,-24.1669],[32.5892,-24.16726],[32.5887,-24.16744],[32.5887,-24.16816],[32.58762,-24.16644],[32.58663,-24.16671],[32.58594,-24.16625],[32.58545,-24.16707],[32.58466,-24.16698],[32.58495,-24.16743],[32.58426,-24.16725],[32.58446,-24.16598],[32.58378,-24.16534],[32.58506,-24.16498],[32.58378,-24.1648],[32.58408,-24.16408],[32.58378,-24.16389],[32.58309,-24.16434],[32.58309,-24.16498],[32.58131,-24.16579],[32.58072,-24.16561],[32.58061,-24.16733],[32.5814,-24.1676],[32.5811,-24.16814],[32.58159,-24.16905],[32.58209,-24.16878],[32.58169,-24.16833],[32.58209,-24.16742],[32.58101,-24.16669],[32.5819,-24.16651],[32.58229,-24.16778],[32.58278,-24.16779],[32.58268,-24.16941],[32.58218,-24.16923],[32.58208,-24.16941],[32.58336,-24.17105],[32.58238,-24.17122],[32.58218,-24.17204],[32.58099,-24.17149],[32.5809,-24.17004],[32.58149,-24.16986],[32.58149,-24.16941],[32.5811,-24.16878],[32.5806,-24.16968],[32.57963,-24.16705],[32.57874,-24.16687],[32.57834,-24.16759],[32.57696,-24.16795],[32.57666,-24.1675],[32.57646,-24.16804],[32.57587,-24.16813],[32.57528,-24.16695],[32.57499,-24.16749],[32.57558,-24.16804],[32.57498,-24.16849],[32.57449,-24.16758],[32.5738,-24.1683],[32.57351,-24.16713],[32.57211,-24.17074],[32.57043,-24.17083],[32.56944,-24.17164],[32.56727,-24.17182],[32.56708,-24.17136],[32.56678,-24.17127],[32.56717,-24.172],[32.56549,-24.1729],[32.56619,-24.17082],[32.56708,-24.17055],[32.56718,-24.16955],[32.56817,-24.17037],[32.56974,-24.17047],[32.56995,-24.16875],[32.56936,-24.16757],[32.56906,-24.16838],[32.56847,-24.16793],[32.56719,-24.16828],[32.56669,-24.16955],[32.5661,-24.16937],[32.5659,-24.16819],[32.56679,-24.16819],[32.56818,-24.16711],[32.56818,-24.16648],[32.56897,-24.16639],[32.56976,-24.16503],[32.56957,-24.16431],[32.57105,-24.16386],[32.57214,-24.1625],[32.57421,-24.16242],[32.57481,-24.16161],[32.57599,-24.16143],[32.57639,-24.16061],[32.57688,-24.16179],[32.57757,-24.1617],[32.57767,-24.16098],[32.57806,-24.16152],[32.57826,-24.1608],[32.57866,-24.16071],[32.57836,-24.16125],[32.57885,-24.16144],[32.57865,-24.16198],[32.57915,-24.16243],[32.57845,-24.16279],[32.57806,-24.16234],[32.57796,-24.16306],[32.57737,-24.16279],[32.57668,-24.16342],[32.57855,-24.16361],[32.57934,-24.16307],[32.57964,-24.1618],[32.58073,-24.16262],[32.58122,-24.16171],[32.58171,-24.16226],[32.58221,-24.16144],[32.5826,-24.16199],[32.58339,-24.1619],[32.5828,-24.16172],[32.5832,-24.1609],[32.58418,-24.16145],[32.58488,-24.16118],[32.58468,-24.16046],[32.58369,-24.16109],[32.58271,-24.15964],[32.5835,-24.15891],[32.58272,-24.15764],[32.58341,-24.15719],[32.5841,-24.15765],[32.58518,-24.15747],[32.58538,-24.15828],[32.58607,-24.15874],[32.58725,-24.15784],[32.58597,-24.15829],[32.58538,-24.15702],[32.5841,-24.15719],[32.5841,-24.15647],[32.58361,-24.15683],[32.58371,-24.1562],[32.58312,-24.1561],[32.58312,-24.15538],[32.58371,-24.1552],[32.58381,-24.15584],[32.5845,-24.15547],[32.5842,-24.15629],[32.58479,-24.15647],[32.5846,-24.15575],[32.58519,-24.1553],[32.5843,-24.15502],[32.58411,-24.15402],[32.58648,-24.15394],[32.58697,-24.15349],[32.58855,-24.15367],[32.58796,-24.15295],[32.58905,-24.15277],[32.58856,-24.15195],[32.58885,-24.1515],[32.58806,-24.1515],[32.58816,-24.15105],[32.58767,-24.15096],[32.58827,-24.15041],[32.58817,-24.14951],[32.58925,-24.15132],[32.58965,-24.15078],[32.59043,-24.15123],[32.58984,-24.15069],[32.59113,-24.15051],[32.59073,-24.14997],[32.59054,-24.14906],[32.59074,-24.1487],[32.59143,-24.1497],[32.59142,-24.15124],[32.59211,-24.15133],[32.59251,-24.14988],[32.59153,-24.14916],[32.59172,-24.14888],[32.59261,-24.14943],[32.5929,-24.15043],[32.59359,-24.15043],[32.59449,-24.14889],[32.59636,-24.14926],[32.59587,-24.14862],[32.59755,-24.14808],[32.59785,-24.14673],[32.59824,-24.14745],[32.59923,-24.14691],[32.59844,-24.14628],[32.59953,-24.14555],[32.59943,-24.1451],[32.60052,-24.14583],[32.60091,-24.1452],[32.60072,-24.14429],[32.60151,-24.14447],[32.60151,-24.14411],[32.60092,-24.14402],[32.60043,-24.14293],[32.60141,-24.14266],[32.60269,-24.14366],[32.60605,-24.14322],[32.60566,-24.14267],[32.60615,-24.14204],[32.60536,-24.14249],[32.60447,-24.14231],[32.60418,-24.14095],[32.60339,-24.14113],[32.6028,-24.14049],[32.60201,-24.14058],[32.60182,-24.14031],[32.60231,-24.14022],[32.60162,-24.14004],[32.60152,-24.13922],[32.60241,-24.13995],[32.6029,-24.13959],[32.60261,-24.13913],[32.6036,-24.13932],[32.60369,-24.14068],[32.60487,-24.14104],[32.60527,-24.14068],[32.60536,-24.14186],[32.60605,-24.14168],[32.60547,-24.14023]],[[32.61798,-24.14642],[32.61798,-24.14633],[32.61788,-24.14633],[32.61798,-24.14642]],[[32.58228,-24.17113],[32.58228,-24.17122],[32.58238,-24.17122],[32.58228,-24.17113]],[[32.56709,-24.16819],[32.56709,-24.16828],[32.56719,-24.16828],[32.56709,-24.16819]],[[32.61307,-24.13798],[32.61297,-24.13807],[32.61317,-24.13807],[32.61307,-24.13798]],[[32.62331,-24.14516],[32.62341,-24.14516],[32.62341,-24.14507],[32.62331,-24.14516]],[[32.62321,-24.14525],[32.62331,-24.14525],[32.62331,-24.14516],[32.62321,-24.14525]],[[32.61926,-24.14624],[32.61907,-24.14615],[32.61897,-24.14651],[32.61926,-24.14624]],[[32.58793,-24.16246],[32.58773,-24.16246],[32.58773,-24.16264],[32.58793,-24.16246]],[[32.581,-24.16787],[32.581,-24.16796],[32.5811,-24.16796],[32.581,-24.16787]],[[32.58091,-24.16769],[32.58091,-24.16787],[32.581,-24.16787],[32.58091,-24.16769]],[[32.58188,-24.17131],[32.58149,-24.17122],[32.58149,-24.17158],[32.58188,-24.17131]],[[32.57607,-24.16759],[32.57587,-24.16758],[32.57587,-24.16768],[32.57607,-24.16759]],[[32.56748,-24.17019],[32.56757,-24.17019],[32.56757,-24.1701],[32.56748,-24.17019]],[[32.56895,-24.17083],[32.56905,-24.1711],[32.56945,-24.17092],[32.56895,-24.17083]],[[32.57904,-24.16361],[32.57944,-24.16352],[32.57934,-24.16334],[32.57904,-24.16361]],[[32.58349,-24.16199],[32.58369,-24.16217],[32.58369,-24.1619],[32.58349,-24.16199]],[[32.58458,-24.16027],[32.58478,-24.15919],[32.5835,-24.16],[32.58458,-24.16027]],[[32.59379,-24.15043],[32.59379,-24.15034],[32.59369,-24.15034],[32.59379,-24.15043]],[[32.59389,-24.15052],[32.59389,-24.15043],[32.59379,-24.15043],[32.59389,-24.15052]],[[32.60151,-24.14302],[32.60161,-24.14302],[32.60161,-24.14293],[32.60151,-24.14302]],[[32.60131,-24.14311],[32.60131,-24.14366],[32.60161,-24.14348],[32.60131,-24.14311]],[[32.60517,-24.14186],[32.60527,-24.14186],[32.60527,-24.14177],[32.60517,-24.14186]],[[32.61229,-24.13708],[32.61288,-24.13699],[32.61278,-24.1368],[32.61229,-24.13708]],[[32.61504,-24.13953],[32.61544,-24.13944],[32.61524,-24.13907],[32.61504,-24.13953]],[[32.6104,-24.13997],[32.6103,-24.13942],[32.60971,-24.13988],[32.61011,-24.14024],[32.6104,-24.13997]],[[32.61099,-24.14015],[32.6109,-24.13988],[32.6106,-24.13997],[32.61099,-24.14015]],[[32.6105,-24.14024],[32.6106,-24.14024],[32.6106,-24.14015],[32.6105,-24.14024]],[[32.61622,-24.13998],[32.61622,-24.14007],[32.61632,-24.14007],[32.61622,-24.13998]],[[32.61662,-24.14007],[32.61662,-24.14026],[32.61681,-24.14026],[32.61662,-24.14007]],[[32.60734,-24.13996],[32.60734,-24.14014],[32.60744,-24.14014],[32.60734,-24.13996]],[[32.60912,-24.13942],[32.60912,-24.1396],[32.60932,-24.1396],[32.60912,-24.13942]],[[32.60872,-24.14114],[32.60882,-24.14078],[32.60793,-24.14087],[32.60803,-24.14141],[32.60872,-24.14114]],[[32.60941,-24.14078],[32.60941,-24.14096],[32.60961,-24.14096],[32.60941,-24.14078]],[[32.60625,-24.14177],[32.60694,-24.14222],[32.60783,-24.14213],[32.60694,-24.14195],[32.60675,-24.14068],[32.60625,-24.14177]],[[32.60882,-24.14187],[32.60882,-24.14196],[32.60892,-24.14196],[32.60882,-24.14187]],[[32.60744,-24.14141],[32.60773,-24.14123],[32.60764,-24.14096],[32.60744,-24.14141]],[[32.603,-24.13986],[32.6029,-24.14022],[32.6032,-24.14013],[32.603,-24.13986]],[[32.60635,-24.14267],[32.60635,-24.14276],[32.60645,-24.14277],[32.60635,-24.14267]],[[32.60535,-24.14512],[32.60713,-24.14358],[32.60546,-24.14367],[32.60535,-24.14512]],[[32.6018,-24.14465],[32.6018,-24.14502],[32.6021,-24.14493],[32.6018,-24.14465]],[[32.60417,-24.14466],[32.60397,-24.14484],[32.60407,-24.14484],[32.60417,-24.14466]],[[32.60476,-24.14466],[32.60476,-24.14475],[32.60486,-24.14475],[32.60476,-24.14466]],[[32.60398,-24.14394],[32.60408,-24.14376],[32.60388,-24.14375],[32.60398,-24.14394]],[[32.6023,-24.14366],[32.6023,-24.14357],[32.6022,-24.14357],[32.6023,-24.14366]],[[32.60328,-24.14565],[32.60308,-24.14593],[32.60367,-24.14602],[32.60328,-24.14565]],[[32.60475,-24.14747],[32.60475,-24.14765],[32.60485,-24.14765],[32.60475,-24.14747]],[[32.60219,-24.14764],[32.60219,-24.14746],[32.60209,-24.14746],[32.60219,-24.14764]],[[32.59794,-24.14999],[32.59794,-24.15017],[32.59813,-24.15026],[32.59794,-24.14999]],[[32.593,-24.15097],[32.5931,-24.15124],[32.59349,-24.1507],[32.593,-24.15097]],[[32.59941,-24.15108],[32.59941,-24.15126],[32.59961,-24.15126],[32.59941,-24.15108]],[[32.59251,-24.15088],[32.5928,-24.15079],[32.59271,-24.15061],[32.59251,-24.15088]],[[32.59092,-24.15268],[32.59211,-24.15214],[32.59191,-24.15151],[32.58925,-24.1515],[32.59073,-24.15169],[32.59092,-24.15268]],[[32.59872,-24.1518],[32.59872,-24.15153],[32.59843,-24.15162],[32.59872,-24.1518]],[[32.60129,-24.15181],[32.60148,-24.1519],[32.60148,-24.15163],[32.60129,-24.15181]],[[32.60178,-24.15217],[32.60178,-24.15235],[32.60198,-24.15235],[32.60178,-24.15217]],[[32.59684,-24.15234],[32.59684,-24.15243],[32.59694,-24.15243],[32.59684,-24.15234]],[[32.59004,-24.15241],[32.58994,-24.15214],[32.58954,-24.15214],[32.59004,-24.15241]],[[32.59033,-24.15286],[32.59043,-24.15314],[32.59092,-24.15305],[32.59033,-24.15286]],[[32.59734,-24.15279],[32.59734,-24.15297],[32.59753,-24.15297],[32.59734,-24.15279]],[[32.60089,-24.15325],[32.60128,-24.15335],[32.60138,-24.15307],[32.60089,-24.15325]],[[32.58548,-24.15638],[32.58696,-24.15729],[32.58825,-24.15666],[32.58825,-24.15594],[32.58894,-24.15603],[32.58894,-24.15675],[32.59101,-24.15504],[32.59062,-24.1545],[32.58993,-24.15486],[32.59032,-24.1544],[32.59013,-24.15413],[32.58954,-24.15431],[32.58973,-24.15504],[32.58904,-24.15531],[32.58934,-24.15368],[32.59003,-24.15359],[32.58964,-24.15341],[32.58994,-24.15277],[32.58954,-24.15268],[32.58845,-24.15404],[32.58766,-24.15431],[32.5845,-24.15412],[32.5846,-24.15475],[32.58618,-24.15457],[32.58657,-24.1553],[32.58548,-24.15638]],[[32.5845,-24.15484],[32.5846,-24.15484],[32.5846,-24.15475],[32.5845,-24.15484]],[[32.58568,-24.1553],[32.58588,-24.1553],[32.58588,-24.15503],[32.58568,-24.1553]],[[32.59852,-24.15424],[32.59881,-24.15443],[32.59891,-24.15388],[32.59852,-24.15361],[32.59852,-24.15424]],[[32.60187,-24.15489],[32.60177,-24.15425],[32.60138,-24.15425],[32.60177,-24.15534],[32.60246,-24.15507],[32.60187,-24.15489]],[[32.59368,-24.15405],[32.59398,-24.15405],[32.59398,-24.15378],[32.59368,-24.15405]],[[32.59052,-24.15404],[32.59092,-24.15413],[32.59092,-24.15386],[32.59052,-24.15404]],[[32.59477,-24.15387],[32.59477,-24.15396],[32.59487,-24.15396],[32.59477,-24.15387]],[[32.59417,-24.1546],[32.59407,-24.15487],[32.59437,-24.15487],[32.59417,-24.1546]],[[32.59111,-24.15468],[32.59111,-24.15486],[32.59131,-24.15495],[32.59111,-24.15468]],[[32.59141,-24.15595],[32.59091,-24.15685],[32.5915,-24.15703],[32.5915,-24.15622],[32.59259,-24.15622],[32.59318,-24.15523],[32.5921,-24.15513],[32.592,-24.15604],[32.59141,-24.15595]],[[32.59437,-24.15614],[32.59466,-24.15641],[32.59476,-24.15605],[32.59437,-24.15614]],[[32.59022,-24.15703],[32.59042,-24.15667],[32.59012,-24.15658],[32.58982,-24.15721],[32.59022,-24.15703]],[[32.59091,-24.15703],[32.59091,-24.15721],[32.59101,-24.15721],[32.59091,-24.15703]],[[32.58588,-24.15557],[32.58529,-24.15602],[32.58548,-24.15602],[32.58588,-24.15557]],[[32.59002,-24.15784],[32.59021,-24.15794],[32.59022,-24.15766],[32.59002,-24.15784]],[[32.59061,-24.15821],[32.59071,-24.15803],[32.59051,-24.15794],[32.59061,-24.15821]],[[32.58765,-24.1582],[32.58735,-24.1591],[32.58765,-24.15892],[32.58765,-24.1582]],[[32.58942,-24.15848],[32.58942,-24.15857],[32.58962,-24.15857],[32.58942,-24.15848]],[[32.59011,-24.15884],[32.59011,-24.15893],[32.59031,-24.15893],[32.59011,-24.15884]],[[32.58804,-24.15893],[32.58804,-24.15883],[32.58794,-24.15883],[32.58804,-24.15893]],[[32.5837,-24.1581],[32.58409,-24.15846],[32.58439,-24.15801],[32.5839,-24.15774],[32.5837,-24.1581]],[[32.5835,-24.15828],[32.58341,-24.15792],[32.58321,-24.15792],[32.5835,-24.15828]],[[32.58449,-24.15792],[32.58449,-24.1581],[32.58469,-24.1581],[32.58449,-24.15792]],[[32.58705,-24.15947],[32.58745,-24.15965],[32.58755,-24.15929],[32.58705,-24.15947]],[[32.58912,-24.15929],[32.58912,-24.15938],[32.58922,-24.15938],[32.58912,-24.15929]],[[32.59051,-24.15957],[32.59051,-24.15975],[32.5907,-24.15984],[32.59051,-24.15957]],[[32.58962,-24.16011],[32.58962,-24.15965],[32.58932,-24.15974],[32.58962,-24.16011]],[[32.59011,-24.16074],[32.59021,-24.15993],[32.58991,-24.15984],[32.58961,-24.16038],[32.59011,-24.16074]],[[32.58813,-24.16028],[32.58833,-24.16028],[32.58833,-24.16001],[32.58813,-24.16028]],[[32.58843,-24.16001],[32.58863,-24.15983],[32.58853,-24.15956],[32.58833,-24.15965],[32.58833,-24.16001],[32.58843,-24.16001]],[[32.58784,-24.15983],[32.58656,-24.15992],[32.58616,-24.15919],[32.58577,-24.16037],[32.58636,-24.16082],[32.58685,-24.16019],[32.58734,-24.16055],[32.58784,-24.15983]],[[32.58675,-24.16155],[32.58715,-24.16073],[32.58695,-24.16064],[32.58655,-24.161],[32.58675,-24.16155]],[[32.58596,-24.16155],[32.58557,-24.16001],[32.58508,-24.16018],[32.58497,-24.16118],[32.58596,-24.16155]],[[32.58567,-24.15991],[32.58557,-24.15991],[32.58557,-24.16001],[32.58567,-24.15991]],[[32.58527,-24.15973],[32.58527,-24.15991],[32.58557,-24.15991],[32.58527,-24.15973]],[[32.58498,-24.16009],[32.58498,-24.16018],[32.58508,-24.16018],[32.58498,-24.16009]],[[32.58902,-24.16174],[32.58912,-24.16228],[32.58971,-24.1621],[32.58951,-24.16165],[32.58902,-24.16174]],[[32.58684,-24.16245],[32.58754,-24.16182],[32.58655,-24.16173],[32.58635,-24.16209],[32.58684,-24.16245]],[[32.58546,-24.16254],[32.58527,-24.16182],[32.58497,-24.16281],[32.58438,-24.16208],[32.58438,-24.16181],[32.58398,-24.16199],[32.58467,-24.16326],[32.58546,-24.16254]],[[32.58458,-24.16199],[32.58448,-24.16199],[32.58448,-24.16208],[32.58458,-24.16199]],[[32.58615,-24.16254],[32.58625,-24.16281],[32.58645,-24.16281],[32.58615,-24.16254]],[[32.58526,-24.16308],[32.58526,-24.16363],[32.58576,-24.16345],[32.58566,-24.16299],[32.58526,-24.16308]],[[32.58595,-24.16336],[32.58605,-24.16372],[32.58625,-24.16372],[32.58625,-24.16318],[32.58595,-24.16336]],[[32.58664,-24.16363],[32.58664,-24.16345],[32.58645,-24.16345],[32.58664,-24.16363]],[[32.58714,-24.16363],[32.58704,-24.16436],[32.58743,-24.16445],[32.58773,-24.164],[32.58714,-24.16363]],[[32.58585,-24.16481],[32.58605,-24.16435],[32.58546,-24.16408],[32.58496,-24.16462],[32.58585,-24.16481]],[[32.58832,-24.16481],[32.58832,-24.1649],[32.58851,-24.1649],[32.58832,-24.16481]],[[32.58526,-24.16408],[32.58526,-24.1639],[32.58516,-24.1639],[32.58526,-24.16408]],[[32.58279,-24.16407],[32.58279,-24.16362],[32.5824,-24.16371],[32.58279,-24.16407]],[[32.57875,-24.16424],[32.57796,-24.16415],[32.57746,-24.1656],[32.57727,-24.16406],[32.57549,-24.16487],[32.57559,-24.16414],[32.575,-24.16378],[32.57569,-24.1636],[32.57608,-24.16405],[32.57638,-24.16333],[32.57628,-24.16297],[32.57539,-24.16324],[32.57569,-24.16233],[32.5747,-24.16278],[32.5747,-24.16324],[32.57303,-24.16305],[32.57352,-24.16368],[32.57273,-24.16395],[32.57292,-24.16513],[32.5744,-24.16514],[32.5744,-24.16604],[32.57381,-24.16577],[32.57351,-24.16613],[32.5742,-24.16631],[32.57509,-24.16586],[32.57499,-24.16668],[32.57597,-24.16668],[32.57627,-24.16731],[32.57657,-24.16677],[32.57598,-24.16577],[32.57647,-24.16559],[32.57696,-24.16623],[32.57875,-24.16424]],[[32.57253,-24.16287],[32.57224,-24.16341],[32.57273,-24.16332],[32.57303,-24.16287],[32.57253,-24.16287]],[[32.57449,-24.16686],[32.57459,-24.16722],[32.57499,-24.16695],[32.57449,-24.16686]],[[32.57795,-24.16578],[32.57795,-24.16569],[32.57785,-24.16569],[32.57795,-24.16578]],[[32.57678,-24.16261],[32.57747,-24.16243],[32.57737,-24.16197],[32.57678,-24.16261]],[[32.57668,-24.16297],[32.57668,-24.16315],[32.57678,-24.16315],[32.57668,-24.16297]],[[32.57973,-24.16379],[32.57974,-24.16352],[32.57954,-24.16352],[32.57973,-24.16379]],[[32.58358,-24.16371],[32.58388,-24.16362],[32.58359,-24.16317],[32.58358,-24.16371]],[[32.5825,-24.16289],[32.58211,-24.16244],[32.58151,-24.16344],[32.5823,-24.16344],[32.5825,-24.16289]],[[32.5825,-24.16217],[32.58221,-24.16208],[32.58221,-24.16244],[32.5825,-24.16217]],[[32.58398,-24.16299],[32.58388,-24.16245],[32.58369,-24.16244],[32.58359,-24.16299],[32.58398,-24.16299]],[[32.58072,-24.16307],[32.58082,-24.1628],[32.58053,-24.16289],[32.58072,-24.16307]],[[32.58092,-24.16271],[32.58082,-24.16271],[32.58082,-24.1628],[32.58092,-24.16271]],[[32.58102,-24.16262],[32.58102,-24.16253],[32.58082,-24.16253],[32.58102,-24.16262]],[[32.58122,-24.16362],[32.58112,-24.1638],[32.58131,-24.1638],[32.58122,-24.16362]],[[32.58171,-24.16407],[32.5825,-24.16471],[32.5825,-24.16443],[32.58171,-24.16407]],[[32.58082,-24.1647],[32.58082,-24.16443],[32.58062,-24.16443],[32.58082,-24.1647]],[[32.57924,-24.16488],[32.57983,-24.16479],[32.57993,-24.16452],[32.57924,-24.16488]],[[32.57894,-24.16506],[32.57953,-24.16524],[32.57943,-24.16497],[32.57894,-24.16506]],[[32.57874,-24.16569],[32.57894,-24.1656],[32.57874,-24.16533],[32.57874,-24.16569]],[[32.57914,-24.16596],[32.57914,-24.16605],[32.57923,-24.16605],[32.57914,-24.16596]],[[32.57815,-24.16669],[32.57815,-24.1665],[32.57765,-24.16632],[32.57815,-24.16669]],[[32.57824,-24.16687],[32.57824,-24.16669],[32.57815,-24.16669],[32.57824,-24.16687]],[[32.57113,-24.16784],[32.57104,-24.16712],[32.57025,-24.16666],[32.57094,-24.1682],[32.57272,-24.16712],[32.57222,-24.16703],[32.57113,-24.16784]],[[32.57015,-24.16811],[32.57005,-24.16847],[32.57034,-24.16838],[32.57044,-24.16793],[32.57015,-24.16811]],[[32.56857,-24.16711],[32.56857,-24.16729],[32.56867,-24.16729],[32.56857,-24.16711]],[[32.56966,-24.16711],[32.56956,-24.16648],[32.56926,-24.16648],[32.56966,-24.16711]],[[32.57124,-24.16531],[32.57075,-24.1654],[32.57055,-24.16612],[32.57154,-24.16612],[32.57124,-24.16685],[32.57163,-24.16685],[32.57223,-24.16585],[32.57124,-24.16531]],[[32.57243,-24.16531],[32.57243,-24.1654],[32.57252,-24.1654],[32.57243,-24.16531]],[[32.57272,-24.16595],[32.57262,-24.16567],[32.57242,-24.16576],[32.57272,-24.16595]],[[32.57213,-24.16658],[32.57213,-24.16667],[32.57242,-24.16667],[32.57213,-24.16658]],[[32.57203,-24.16676],[32.57213,-24.16676],[32.57213,-24.16667],[32.57203,-24.16676]],[[32.57163,-24.16703],[32.57163,-24.16721],[32.57193,-24.16721],[32.57193,-24.16676],[32.57163,-24.16703]],[[32.5738,-24.16713],[32.5742,-24.16704],[32.5739,-24.16676],[32.5738,-24.16713]],[[32.57351,-24.16703],[32.5736,-24.16704],[32.57361,-24.16694],[32.57351,-24.16703]],[[32.57174,-24.16413],[32.57174,-24.16404],[32.57164,-24.16404],[32.57174,-24.16413]],[[32.58674,-24.16426],[32.58684,-24.1639],[32.58635,-24.16381],[32.58674,-24.16426]],[[32.58823,-24.16191],[32.58823,-24.162],[32.58833,-24.162],[32.58823,-24.16191]],[[32.58547,-24.15919],[32.58547,-24.15946],[32.58577,-24.15946],[32.58547,-24.15919]],[[32.58863,-24.16056],[32.58882,-24.1611],[32.58922,-24.16092],[32.58863,-24.16056]],[[32.58823,-24.16137],[32.58843,-24.16101],[32.58784,-24.1611],[32.58823,-24.16137]],[[32.58961,-24.16137],[32.58961,-24.16146],[32.58971,-24.16147],[32.58961,-24.16137]],[[32.58744,-24.16119],[32.58744,-24.1611],[32.58734,-24.1611],[32.58744,-24.16119]],[[32.58764,-24.16064],[32.58764,-24.16092],[32.58774,-24.16092],[32.58764,-24.16064]],[[32.57084,-24.16866],[32.57084,-24.16884],[32.57103,-24.16884],[32.57084,-24.16866]],[[32.57103,-24.16974],[32.57103,-24.16993],[32.57113,-24.16993],[32.57103,-24.16974]],[[32.57162,-24.1702],[32.57162,-24.17029],[32.57182,-24.17029],[32.57162,-24.1702]],[[32.57083,-24.17038],[32.57083,-24.17047],[32.57093,-24.17047],[32.57083,-24.17038]],[[32.56964,-24.17074],[32.56964,-24.1711],[32.56984,-24.1711],[32.56964,-24.17074]],[[32.56846,-24.17091],[32.56856,-24.1711],[32.56876,-24.17101],[32.56846,-24.17091]],[[32.56668,-24.17109],[32.56668,-24.17118],[32.56688,-24.17118],[32.56668,-24.17109]],[[32.56767,-24.17136],[32.56767,-24.17146],[32.56777,-24.17146],[32.56767,-24.17136]],[[32.58081,-24.16841],[32.58091,-24.16805],[32.58061,-24.16796],[32.58081,-24.16841]],[[32.58218,-24.17077],[32.58247,-24.17095],[32.58257,-24.17077],[32.58218,-24.17077]],[[32.58575,-24.16562],[32.58585,-24.16535],[32.58555,-24.16535],[32.58575,-24.16562]],[[32.58624,-24.16589],[32.58634,-24.16616],[32.58664,-24.16608],[32.58664,-24.16544],[32.58624,-24.16589]],[[32.58802,-24.16581],[32.58792,-24.16599],[32.58821,-24.16608],[32.58802,-24.16581]],[[32.58999,-24.16581],[32.5896,-24.16581],[32.5896,-24.16608],[32.58999,-24.16581]],[[32.58535,-24.16616],[32.58525,-24.16634],[32.58545,-24.16634],[32.58535,-24.16616]],[[32.59019,-24.16536],[32.59019,-24.16518],[32.59009,-24.16518],[32.59019,-24.16536]],[[32.59079,-24.16482],[32.59059,-24.16473],[32.59059,-24.165],[32.59079,-24.16482]],[[32.61425,-24.1407],[32.61445,-24.14052],[32.61405,-24.14043],[32.61425,-24.1407]],[[32.62411,-24.14136],[32.62411,-24.14154],[32.62431,-24.14154],[32.62411,-24.14136]],[[32.62342,-24.14136],[32.62342,-24.14163],[32.62382,-24.14163],[32.62342,-24.14136]],[[32.62303,-24.14145],[32.62273,-24.14136],[32.62253,-24.14172],[32.62293,-24.1419],[32.62303,-24.14145]],[[32.62234,-24.14217],[32.62224,-24.14172],[32.62184,-24.14199],[32.62234,-24.14217]],[[32.62283,-24.14226],[32.62283,-24.14244],[32.62312,-24.14245],[32.62283,-24.14226]],[[32.62125,-24.14235],[32.62105,-24.14217],[32.62135,-24.14262],[32.62125,-24.14235]],[[32.61898,-24.14352],[32.61947,-24.14325],[32.61986,-24.14389],[32.61987,-24.14316],[32.62164,-24.14335],[32.62066,-24.14226],[32.61908,-24.14207],[32.61898,-24.14352]],[[32.6175,-24.1437],[32.6175,-24.14379],[32.61759,-24.14379],[32.6175,-24.1437]],[[32.617,-24.14324],[32.6169,-24.14352],[32.6175,-24.1437],[32.617,-24.14324]],[[32.61858,-24.14307],[32.61868,-24.1428],[32.61848,-24.1428],[32.61858,-24.14307]],[[32.61632,-24.14234],[32.61691,-24.14297],[32.61701,-24.14225],[32.61632,-24.14234]],[[32.61908,-24.14171],[32.6176,-24.14189],[32.6178,-24.14135],[32.61711,-24.14207],[32.6176,-24.14261],[32.61908,-24.14171]],[[32.61513,-24.14134],[32.61494,-24.14152],[32.61523,-24.14161],[32.61513,-24.14134]],[[32.61671,-24.14143],[32.61671,-24.14161],[32.61681,-24.14161],[32.61671,-24.14143]],[[32.61878,-24.14388],[32.61868,-24.14415],[32.61907,-24.14434],[32.61878,-24.14388]],[[32.62144,-24.14461],[32.62154,-24.14434],[32.62114,-24.14443],[32.62114,-24.14507],[32.62144,-24.14461]],[[32.62253,-24.14453],[32.62253,-24.14462],[32.62262,-24.14462],[32.62253,-24.14453]],[[32.61789,-24.14461],[32.61789,-24.14442],[32.61769,-24.14442],[32.61789,-24.14461]],[[32.61808,-24.14678],[32.61808,-24.14687],[32.61818,-24.14687],[32.61808,-24.14678]],[[32.6241,-24.14643],[32.6241,-24.14661],[32.6242,-24.14661],[32.6241,-24.14643]],[[32.62292,-24.14326],[32.62292,-24.14335],[32.62302,-24.14335],[32.62292,-24.14326]]],[[[32.60533,-24.15146],[32.60513,-24.15218],[32.60405,-24.1529],[32.60444,-24.15326],[32.60414,-24.15363],[32.60326,-24.15245],[32.60533,-24.15146]],[[32.60395,-24.15263],[32.60415,-24.15254],[32.60395,-24.15236],[32.60395,-24.15263]]],[[[32.60948,-24.15047],[32.60968,-24.15056],[32.60928,-24.1511],[32.60899,-24.15083],[32.60948,-24.15047]]],[[[32.60899,-24.15047],[32.60859,-24.15056],[32.60899,-24.14983],[32.60899,-24.15047]]],[[[32.58946,-24.14788],[32.59054,-24.14807],[32.59054,-24.1487],[32.59005,-24.14879],[32.59044,-24.14834],[32.58946,-24.14788]]],[[[32.5944,-24.14581],[32.5942,-24.14681],[32.59489,-24.14681],[32.59499,-24.14726],[32.59331,-24.14726],[32.59341,-24.14617],[32.59292,-24.14545],[32.59381,-24.14545],[32.5939,-24.14635],[32.5944,-24.14581]]],[[[32.59055,-24.14625],[32.59045,-24.1458],[32.59114,-24.14589],[32.59055,-24.14625]]],[[[32.60801,-24.14612],[32.60822,-24.14521],[32.60851,-24.1454],[32.60801,-24.14612]]],[[[32.58976,-24.14553],[32.58907,-24.14525],[32.58867,-24.14616],[32.58719,-24.14661],[32.58739,-24.14507],[32.58798,-24.14561],[32.58818,-24.14516],[32.59095,-24.14463],[32.59134,-24.14526],[32.58976,-24.14553]]],[[[32.59243,-24.14454],[32.59263,-24.14427],[32.59332,-24.14472],[32.59243,-24.14454]]],[[[32.59332,-24.14409],[32.59273,-24.14427],[32.59213,-24.14381],[32.59224,-24.14318],[32.59332,-24.14409]]],[[[32.59499,-24.14437],[32.5944,-24.14436],[32.59421,-24.143],[32.5948,-24.14337],[32.59499,-24.14437]]],[[[32.61069,-24.14332],[32.61128,-24.14341],[32.61108,-24.14386],[32.61039,-24.14368],[32.61069,-24.14332]]],[[[32.59598,-24.14328],[32.59737,-24.14328],[32.59677,-24.14337],[32.59608,-24.14392],[32.59598,-24.14328]]],[[[32.59539,-24.14265],[32.59539,-24.14301],[32.59362,-24.14228],[32.59461,-24.14228],[32.59539,-24.14265]]],[[[32.60349,-24.14149],[32.60398,-24.14131],[32.60408,-24.14213],[32.60349,-24.14149]]],[[[32.625,-24.14082],[32.62551,-24.14064],[32.62538,-24.14133],[32.625,-24.14082]]],[[[32.58968,-24.14009],[32.58958,-24.14064],[32.58919,-24.14037],[32.58968,-24.14009]]],[[[32.62175,-24.13945],[32.62136,-24.13963],[32.62195,-24.13882],[32.62234,-24.13955],[32.62175,-24.13945]]],[[[32.59985,-24.1394],[32.59916,-24.13921],[32.59945,-24.13967],[32.59896,-24.13985],[32.59846,-24.13921],[32.59827,-24.13967],[32.59778,-24.13812],[32.59837,-24.13794],[32.59886,-24.13885],[32.59985,-24.1394]]],[[[32.62343,-24.13919],[32.62284,-24.13955],[32.62274,-24.13882],[32.62353,-24.13819],[32.62343,-24.13919]]],[[[32.60675,-24.13914],[32.60587,-24.13887],[32.60616,-24.13833],[32.60675,-24.13914]]],[[[32.59304,-24.13856],[32.59294,-24.1382],[32.59344,-24.13811],[32.59304,-24.13856]]],[[[32.60903,-24.13833],[32.60903,-24.13806],[32.60982,-24.1377],[32.61011,-24.13834],[32.60903,-24.13833]]],[[[32.59403,-24.13821],[32.59344,-24.13811],[32.59393,-24.13766],[32.59403,-24.13821]]],[[[32.59965,-24.13813],[32.59946,-24.13677],[32.60025,-24.13695],[32.60054,-24.13813],[32.59965,-24.13813]]],[[[32.60498,-24.13751],[32.60666,-24.13706],[32.60656,-24.13779],[32.60498,-24.13751]]],[[[32.59091,-24.13747],[32.59212,-24.13681],[32.59183,-24.13738],[32.59091,-24.13747]]],[[[32.61841,-24.13637],[32.61801,-24.136],[32.6188,-24.13591],[32.61841,-24.13637]]],[[[32.5967,-24.13613],[32.59591,-24.13604],[32.5965,-24.13586],[32.5964,-24.13549],[32.59719,-24.13559],[32.59699,-24.13649],[32.5967,-24.13613]]],[[[32.61584,-24.13564],[32.61713,-24.13537],[32.61703,-24.13455],[32.61791,-24.13537],[32.61712,-24.13663],[32.61584,-24.13564]],[[32.61703,-24.13564],[32.61663,-24.13564],[32.61693,-24.13609],[32.61703,-24.13564]]],[[[32.62028,-24.13673],[32.62057,-24.13864],[32.61949,-24.13818],[32.6185,-24.13872],[32.61801,-24.13827],[32.61939,-24.13736],[32.61919,-24.137],[32.61821,-24.13718],[32.6188,-24.13691],[32.6188,-24.13628],[32.61949,-24.13673],[32.61929,-24.13601],[32.62018,-24.13583],[32.6191,-24.13474],[32.61989,-24.13447],[32.62019,-24.13501],[32.62098,-24.13465],[32.62147,-24.13574],[32.62186,-24.13574],[32.62147,-24.13384],[32.62187,-24.13348],[32.62128,-24.13329],[32.62039,-24.13139],[32.62098,-24.13221],[32.62256,-24.13257],[32.62236,-24.13303],[32.62325,-24.13375],[32.62433,-24.13357],[32.62374,-24.13294],[32.62434,-24.13194],[32.62542,-24.13195],[32.62522,-24.13258],[32.62414,-24.13312],[32.62463,-24.13303],[32.62483,-24.13385],[32.62542,-24.13412],[32.62492,-24.13448],[32.62551,-24.13557],[32.62521,-24.13702],[32.62571,-24.13684],[32.62541,-24.1362],[32.6262,-24.13675],[32.6258,-24.13912],[32.62471,-24.13828],[32.62402,-24.13864],[32.62412,-24.13801],[32.62343,-24.13792],[32.62324,-24.13719],[32.62166,-24.13764],[32.62166,-24.1371],[32.62077,-24.13719],[32.62087,-24.13673],[32.62028,-24.13673]],[[32.62235,-24.1361],[32.62147,-24.13601],[32.62117,-24.13692],[32.62215,-24.1371],[32.62235,-24.1361]],[[32.62481,-24.13792],[32.62472,-24.13756],[32.62442,-24.13774],[32.62442,-24.13819],[32.62481,-24.13792]],[[32.62531,-24.13765],[32.62531,-24.13774],[32.62541,-24.13774],[32.62531,-24.13765]],[[32.62275,-24.13674],[32.62284,-24.13692],[32.62304,-24.13683],[32.62275,-24.13674]],[[32.62334,-24.13656],[32.62334,-24.13683],[32.62363,-24.13674],[32.62334,-24.13656]],[[32.62492,-24.13629],[32.62462,-24.13611],[32.62442,-24.13638],[32.62492,-24.13629]],[[32.62294,-24.13629],[32.62294,-24.1362],[32.62285,-24.1362],[32.62294,-24.13629]],[[32.62443,-24.13529],[32.62433,-24.13548],[32.62462,-24.13566],[32.62443,-24.13529]],[[32.62275,-24.13529],[32.62275,-24.13547],[32.62295,-24.13547],[32.62275,-24.13529]],[[32.62453,-24.1343],[32.62453,-24.13412],[32.62423,-24.13412],[32.62453,-24.1343]],[[32.62414,-24.13403],[32.62413,-24.13412],[32.62423,-24.13412],[32.62414,-24.13403]],[[32.62256,-24.13411],[32.62256,-24.13402],[32.62236,-24.13402],[32.62256,-24.13411]]],[[[32.61841,-24.13537],[32.61821,-24.13483],[32.6188,-24.13492],[32.6191,-24.13555],[32.61841,-24.13537]]],[[[32.60499,-24.13479],[32.60578,-24.13489],[32.60568,-24.13525],[32.60479,-24.13534],[32.60499,-24.13479]]],[[[32.61377,-24.13482],[32.61496,-24.13346],[32.61575,-24.135],[32.61486,-24.13572],[32.61535,-24.13582],[32.61505,-24.13627],[32.61377,-24.13482]],[[32.61496,-24.13518],[32.61525,-24.13527],[32.61525,-24.13491],[32.61496,-24.13518]]],[[[32.62611,-24.13358],[32.62552,-24.13358],[32.62552,-24.13303],[32.62693,-24.13322],[32.62648,-24.13557],[32.62591,-24.13557],[32.62611,-24.13358]],[[32.6264,-24.13421],[32.6264,-24.13412],[32.62631,-24.13412],[32.6264,-24.13421]]],[[[32.60667,-24.13416],[32.60598,-24.13461],[32.60598,-24.13398],[32.60667,-24.13416]]],[[[32.60716,-24.13435],[32.60716,-24.1338],[32.60785,-24.13444],[32.60716,-24.13435]]],[[[32.61072,-24.13354],[32.61111,-24.13363],[32.6116,-24.13454],[32.61072,-24.13354]]],[[[32.59474,-24.13486],[32.59588,-24.13368],[32.5974,-24.13262],[32.59592,-24.13377],[32.59611,-24.13441],[32.59542,-24.13422],[32.59474,-24.13486]]],[[[32.59967,-24.13288],[32.59997,-24.13252],[32.60016,-24.13288],[32.59957,-24.13351],[32.59967,-24.13288]]],[[[32.6047,-24.13298],[32.60529,-24.13235],[32.60549,-24.13335],[32.6047,-24.13298]]],[[[32.60608,-24.13344],[32.60687,-24.1319],[32.60717,-24.1329],[32.60608,-24.13344]]],[[[32.62019,-24.13221],[32.62039,-24.13221],[32.62059,-24.13275],[32.62019,-24.13221]]],[[[32.62236,-24.13239],[32.62187,-24.13221],[32.62227,-24.13185],[32.62236,-24.13239]]],[[[32.60105,-24.1327],[32.60066,-24.13188],[32.60184,-24.13139],[32.60204,-24.13234],[32.60145,-24.13216],[32.60105,-24.1327]]],[[[32.605,-24.13208],[32.60411,-24.13082],[32.605,-24.13067],[32.605,-24.13208]]],[[[32.62405,-24.13113],[32.62454,-24.1314],[32.62375,-24.13158],[32.62405,-24.13113]]],[[[32.60273,-24.13153],[32.60204,-24.1318],[32.60323,-24.13083],[32.60323,-24.13117],[32.60392,-24.13117],[32.60273,-24.13153]]],[[[32.59848,-24.13156],[32.59837,-24.13153],[32.59948,-24.131],[32.59848,-24.13156]]],[[[32.59882,-24.13152],[32.60092,-24.13046],[32.60204,-24.13081],[32.60155,-24.13129],[32.59882,-24.13152]],[[32.60155,-24.13089],[32.60145,-24.13089],[32.60145,-24.13116],[32.60155,-24.13089]]],[[[32.6055,-24.13099],[32.6054,-24.13063],[32.60609,-24.13054],[32.60609,-24.13099],[32.6055,-24.13099]]],[[[32.59982,-24.13091],[32.59916,-24.13091],[32.60079,-24.13032],[32.59982,-24.13091]]],[[[32.61201,-24.1301],[32.61161,-24.13064],[32.61073,-24.12992],[32.61004,-24.13028],[32.61053,-24.1291],[32.61152,-24.12929],[32.61201,-24.1301]]],[[[32.61843,-24.12831],[32.61902,-24.12958],[32.61852,-24.12967],[32.61823,-24.12885],[32.61774,-24.12894],[32.61843,-24.12831]]],[[[32.61941,-24.12876],[32.61971,-24.12858],[32.61991,-24.12922],[32.61931,-24.12912],[32.61941,-24.12876]]],[[[32.60886,-24.12892],[32.60807,-24.12891],[32.608,-24.12882],[32.60848,-24.12854],[32.60886,-24.12892]]],[[[32.61665,-24.12876],[32.61566,-24.12893],[32.61498,-24.12821],[32.61567,-24.12821],[32.61596,-24.12767],[32.61508,-24.12812],[32.61468,-24.12748],[32.61607,-24.12676],[32.61685,-24.1283],[32.61665,-24.12876]],[[32.61616,-24.12758],[32.61626,-24.12758],[32.61626,-24.12749],[32.61616,-24.12758]],[[32.61577,-24.12839],[32.61576,-24.12857],[32.61586,-24.12857],[32.61577,-24.12839]]],[[[32.60926,-24.12783],[32.61123,-24.12697],[32.61024,-24.12756],[32.61044,-24.1282],[32.60926,-24.12783]]],[[[32.61794,-24.12758],[32.61794,-24.12668],[32.61863,-24.12713],[32.61853,-24.12776],[32.61794,-24.12758]]],[[[32.60581,-24.12565],[32.60521,-24.12655],[32.60502,-24.1261],[32.60581,-24.12565]]],[[[32.61775,-24.12541],[32.61834,-24.1255],[32.61824,-24.12613],[32.61775,-24.12541]]],[[[32.60837,-24.12593],[32.60838,-24.12457],[32.60897,-24.12493],[32.60916,-24.12566],[32.60837,-24.12593]]],[[[32.59368,-24.12417],[32.59437,-24.12453],[32.59427,-24.1248],[32.59368,-24.12417]]],[[[32.61745,-24.12568],[32.61656,-24.1254],[32.61765,-24.12631],[32.61685,-24.12713],[32.61696,-24.12604],[32.61597,-24.12604],[32.61617,-24.12486],[32.61578,-24.12386],[32.61344,-24.12567],[32.61484,-24.12356],[32.61484,-24.12271],[32.616,-24.12186],[32.61934,-24.12135],[32.62229,-24.12252],[32.62289,-24.12216],[32.62288,-24.12334],[32.62219,-24.12352],[32.62288,-24.12442],[32.62248,-24.12506],[32.6217,-24.12397],[32.62031,-24.12478],[32.62032,-24.12378],[32.62091,-24.12306],[32.61973,-24.12351],[32.61943,-24.12315],[32.61844,-24.12333],[32.61805,-24.12242],[32.61864,-24.12215],[32.61855,-24.12179],[32.61756,-24.12215],[32.61746,-24.1226],[32.61697,-24.12224],[32.61637,-24.12368],[32.61676,-24.12396],[32.61637,-24.12414],[32.61765,-24.12459],[32.61745,-24.12568]],[[32.61627,-24.12459],[32.61647,-24.12468],[32.61657,-24.12441],[32.61627,-24.12459]],[[32.61627,-24.12386],[32.61627,-24.12377],[32.61607,-24.12377],[32.61627,-24.12386]],[[32.61904,-24.12188],[32.61914,-24.12215],[32.61943,-24.12206],[32.61904,-24.12188]],[[32.61963,-24.12224],[32.61983,-24.12206],[32.61953,-24.12197],[32.61963,-24.12224]],[[32.61835,-24.12269],[32.61835,-24.12278],[32.61845,-24.12278],[32.61835,-24.12269]],[[32.61992,-24.12315],[32.61992,-24.12333],[32.62002,-24.12333],[32.61992,-24.12315]],[[32.62229,-24.12415],[32.62229,-24.12433],[32.62249,-24.12433],[32.62229,-24.12415]],[[32.61745,-24.12486],[32.61716,-24.12477],[32.61725,-24.12504],[32.61745,-24.12486]]],[[[32.60651,-24.1233],[32.60631,-24.12293],[32.60631,-24.12357],[32.60591,-24.12366],[32.60552,-24.12311],[32.60473,-24.1232],[32.60571,-24.12402],[32.6068,-24.12411],[32.60601,-24.12456],[32.60512,-24.12384],[32.60542,-24.12492],[32.60344,-24.1251],[32.60334,-24.12664],[32.60265,-24.12664],[32.60275,-24.12582],[32.60157,-24.12564],[32.60196,-24.12636],[32.60107,-24.126],[32.60137,-24.12537],[32.60285,-24.12546],[32.60275,-24.1241],[32.60226,-24.12383],[32.60296,-24.12247],[32.60394,-24.12266],[32.60355,-24.12193],[32.60493,-24.12148],[32.60661,-24.1223],[32.6071,-24.12203],[32.6073,-24.12257],[32.60651,-24.1233]],[[32.60503,-24.12266],[32.60513,-24.12239],[32.60463,-24.12211],[32.60444,-24.12275],[32.60503,-24.12266]],[[32.60552,-24.12284],[32.60562,-24.12257],[32.60542,-24.12248],[32.60552,-24.12284]],[[32.60434,-24.12338],[32.60443,-24.12311],[32.60414,-24.12302],[32.60434,-24.12338]],[[32.60354,-24.12456],[32.60404,-24.1242],[32.60453,-24.12429],[32.60443,-24.12474],[32.60482,-24.12456],[32.60433,-24.12347],[32.60325,-24.12392],[32.60354,-24.12456]],[[32.60305,-24.12474],[32.60315,-24.12501],[32.60344,-24.12492],[32.60305,-24.12474]]],[[[32.61085,-24.12349],[32.61025,-24.12358],[32.61006,-24.12294],[32.61105,-24.12231],[32.61035,-24.12303],[32.61085,-24.12349]]],[[[32.60246,-24.12283],[32.60217,-24.12256],[32.60237,-24.1222],[32.60276,-24.12238],[32.60246,-24.12283]]],[[[32.62871,-24.1229],[32.62742,-24.12272],[32.62663,-24.12398],[32.62564,-24.12425],[32.62397,-24.12253],[32.62338,-24.12289],[32.62407,-24.1218],[32.62309,-24.12189],[32.62375,-24.12143],[32.62594,-24.12162],[32.62664,-24.12104],[32.62624,-24.1219],[32.62654,-24.12217],[32.62713,-24.12172],[32.62713,-24.12073],[32.62802,-24.12041],[32.62901,-24.12109],[32.62871,-24.1229]],[[32.62812,-24.12136],[32.62841,-24.12127],[32.62802,-24.12091],[32.62812,-24.12136]],[[32.62545,-24.12199],[32.62545,-24.12217],[32.62575,-24.12208],[32.62545,-24.12199]],[[32.62427,-24.12198],[32.62506,-24.12262],[32.62506,-24.12226],[32.62427,-24.12198]],[[32.62427,-24.12244],[32.62437,-24.12244],[32.62437,-24.12235],[32.62427,-24.12244]],[[32.62644,-24.12235],[32.62624,-24.12235],[32.62624,-24.12253],[32.62644,-24.12235]],[[32.62555,-24.12334],[32.62575,-24.12325],[32.62565,-24.12307],[32.62555,-24.12334]]],[[[32.61145,-24.12114],[32.61332,-24.12177],[32.61253,-24.12195],[32.61263,-24.1225],[32.61184,-24.1225],[32.61145,-24.12114]]],[[[32.60296,-24.12057],[32.60237,-24.12084],[32.60198,-24.1203],[32.60326,-24.12003],[32.60365,-24.12075],[32.60316,-24.12093],[32.60296,-24.12057]]],[[[32.61372,-24.12087],[32.61392,-24.11997],[32.61431,-24.12051],[32.61372,-24.12087]]],[[[32.61885,-24.11898],[32.61944,-24.11935],[32.61934,-24.11971],[32.61885,-24.11952],[32.61885,-24.11898]]],[[[32.59735,-24.11811],[32.59813,-24.11839],[32.59804,-24.11875],[32.59734,-24.11911],[32.59735,-24.11811]]],[[[32.6007,-24.1174],[32.601,-24.11667],[32.60179,-24.11649],[32.60159,-24.11749],[32.6008,-24.11785],[32.60149,-24.1183],[32.60129,-24.11885],[32.6006,-24.11875],[32.6008,-24.1183],[32.6004,-24.11821],[32.6002,-24.11939],[32.59882,-24.11993],[32.59872,-24.12038],[32.59843,-24.11956],[32.59774,-24.11929],[32.59853,-24.11911],[32.59863,-24.11866],[32.59922,-24.1192],[32.59951,-24.11893],[32.59883,-24.11793],[32.59804,-24.11829],[32.59804,-24.11766],[32.6007,-24.1174]],[[32.60031,-24.11812],[32.60031,-24.11821],[32.6004,-24.11821],[32.60031,-24.11812]],[[32.59892,-24.11965],[32.59872,-24.11956],[32.59862,-24.11974],[32.59892,-24.11965]],[[32.59942,-24.1183],[32.59942,-24.11821],[32.59922,-24.11821],[32.59942,-24.1183]],[[32.59833,-24.11793],[32.59843,-24.11793],[32.59843,-24.11784],[32.59833,-24.11793]]],[[[32.60208,-24.11767],[32.60228,-24.11649],[32.60416,-24.11605],[32.60426,-24.11686],[32.60386,-24.11686],[32.60366,-24.11795],[32.60317,-24.11822],[32.60326,-24.11903],[32.60227,-24.11975],[32.60169,-24.11876],[32.60188,-24.11812],[32.60238,-24.11858],[32.60327,-24.11786],[32.60278,-24.11677],[32.60258,-24.11758],[32.60208,-24.11767]],[[32.60347,-24.11686],[32.60317,-24.11704],[32.60317,-24.11713],[32.60347,-24.11686]],[[32.60198,-24.11885],[32.60198,-24.11894],[32.60218,-24.11894],[32.60198,-24.11885]]],[[[32.62033,-24.1179],[32.62024,-24.11681],[32.62221,-24.11645],[32.62221,-24.11727],[32.62142,-24.11799],[32.62122,-24.1189],[32.62004,-24.11862],[32.62033,-24.1179]],[[32.62083,-24.11736],[32.62113,-24.11736],[32.62113,-24.11709],[32.62083,-24.11736]]],[[[32.62705,-24.11719],[32.62675,-24.11782],[32.62655,-24.11782],[32.62656,-24.11592],[32.62754,-24.11577],[32.62853,-24.11674],[32.62705,-24.11719]]],[[[32.62379,-24.11573],[32.62449,-24.11528],[32.62537,-24.11583],[32.62419,-24.11619],[32.62379,-24.11573]]],[[[32.62133,-24.11482],[32.62162,-24.11555],[32.62034,-24.116],[32.61995,-24.11572],[32.62034,-24.11491],[32.62133,-24.11482]]],[[[32.6026,-24.11034],[32.60309,-24.11007],[32.60329,-24.11061],[32.6026,-24.11034]]],[[[32.6026,-24.10916],[32.6027,-24.1097],[32.6023,-24.11007],[32.60211,-24.10952],[32.6026,-24.10916]]],[[[32.60183,-24.10436],[32.60173,-24.10391],[32.60035,-24.10408],[32.60036,-24.10236],[32.59878,-24.10055],[32.59789,-24.10064],[32.5979,-24.1],[32.59829,-24.09982],[32.5977,-24.09937],[32.5981,-24.09892],[32.59721,-24.0991],[32.59741,-24.09846],[32.59701,-24.09846],[32.59672,-24.09755],[32.59633,-24.0971],[32.59583,-24.09737],[32.59505,-24.09601],[32.59535,-24.0952],[32.59633,-24.09475],[32.59672,-24.09611],[32.59732,-24.09574],[32.59703,-24.09466],[32.59762,-24.09484],[32.62213,-24.11198],[32.62203,-24.11229],[32.62231,-24.11211],[32.62413,-24.11338],[32.6241,-24.11347],[32.62232,-24.11374],[32.62202,-24.11347],[32.62163,-24.1141],[32.62074,-24.1141],[32.62113,-24.11473],[32.62005,-24.11428],[32.61877,-24.11482],[32.61857,-24.11572],[32.61689,-24.11599],[32.61659,-24.11726],[32.61471,-24.11779],[32.61461,-24.11879],[32.6156,-24.11843],[32.61569,-24.11897],[32.6149,-24.11942],[32.61451,-24.11879],[32.61392,-24.11897],[32.61402,-24.11933],[32.61253,-24.1206],[32.61145,-24.12077],[32.61125,-24.12032],[32.61046,-24.12032],[32.61105,-24.12123],[32.60996,-24.12149],[32.60976,-24.12294],[32.60877,-24.12339],[32.60818,-24.12294],[32.60819,-24.12185],[32.60769,-24.12248],[32.6074,-24.12185],[32.60631,-24.12176],[32.60632,-24.12103],[32.60464,-24.12139],[32.60415,-24.12094],[32.60425,-24.12012],[32.60513,-24.12067],[32.60533,-24.11949],[32.60494,-24.11895],[32.60494,-24.1194],[32.60425,-24.1194],[32.60395,-24.11867],[32.60563,-24.1185],[32.60554,-24.11768],[32.60445,-24.11704],[32.60514,-24.11677],[32.60485,-24.11623],[32.60594,-24.11632],[32.60535,-24.11569],[32.60465,-24.11596],[32.60475,-24.11523],[32.60554,-24.11505],[32.60624,-24.11306],[32.60614,-24.11243],[32.60545,-24.11216],[32.60644,-24.11216],[32.60674,-24.11153],[32.60625,-24.11053],[32.60516,-24.11089],[32.60368,-24.11061],[32.60349,-24.10898],[32.60409,-24.10844],[32.60359,-24.10853],[32.603,-24.10789],[32.6031,-24.10735],[32.60241,-24.10717],[32.60261,-24.10617],[32.60114,-24.10517],[32.60114,-24.10454],[32.60183,-24.10436]],[[32.61372,-24.11888],[32.61372,-24.11897],[32.61392,-24.11897],[32.61372,-24.11888]],[[32.62222,-24.11338],[32.62212,-24.11338],[32.62212,-24.11347],[32.62222,-24.11338]],[[32.62232,-24.11329],[32.62222,-24.11329],[32.62222,-24.11338],[32.62232,-24.11329]],[[32.60693,-24.11343],[32.60683,-24.11515],[32.60643,-24.11542],[32.60683,-24.11569],[32.60762,-24.1147],[32.60723,-24.11352],[32.60792,-24.11289],[32.60624,-24.11315],[32.60693,-24.11343]],[[32.60183,-24.10536],[32.60173,-24.10535],[32.60173,-24.10545],[32.60183,-24.10536]],[[32.60388,-24.10953],[32.60388,-24.10934],[32.60379,-24.10934],[32.60388,-24.10953]],[[32.60665,-24.10953],[32.60665,-24.10962],[32.60684,-24.10962],[32.60665,-24.10953]],[[32.61325,-24.11145],[32.61345,-24.11],[32.61276,-24.10964],[32.61296,-24.11036],[32.61207,-24.11091],[32.61325,-24.11145]],[[32.61976,-24.11056],[32.61947,-24.11083],[32.61986,-24.11102],[32.61976,-24.11056]],[[32.61394,-24.11082],[32.61404,-24.111],[32.61424,-24.11091],[32.61394,-24.11082]],[[32.61562,-24.111],[32.61562,-24.11119],[32.61592,-24.11119],[32.61562,-24.111]],[[32.62006,-24.1112],[32.62006,-24.11147],[32.62045,-24.11147],[32.62006,-24.1112]],[[32.61878,-24.11056],[32.61878,-24.11074],[32.61888,-24.11074],[32.61878,-24.11056]],[[32.60832,-24.11144],[32.60842,-24.11189],[32.60871,-24.11171],[32.60832,-24.11144]],[[32.61828,-24.11228],[32.61848,-24.11192],[32.61808,-24.11183],[32.61828,-24.11228]],[[32.61453,-24.11318],[32.61482,-24.11318],[32.61414,-24.11245],[32.61443,-24.11182],[32.61374,-24.11254],[32.61453,-24.11318]],[[32.61591,-24.11236],[32.61591,-24.11245],[32.61601,-24.11245],[32.61591,-24.11236]],[[32.62144,-24.11274],[32.62143,-24.11319],[32.62213,-24.11247],[32.62144,-24.11274]],[[32.62035,-24.11355],[32.62114,-24.11292],[32.62094,-24.11283],[32.61976,-24.11337],[32.62035,-24.11355]],[[32.6166,-24.11327],[32.6167,-24.11354],[32.61689,-24.11345],[32.6166,-24.11327]],[[32.61058,-24.11335],[32.61058,-24.11317],[32.61048,-24.11317],[32.61058,-24.11335]],[[32.61532,-24.113],[32.61542,-24.11327],[32.61561,-24.11327],[32.61532,-24.113]],[[32.61946,-24.1131],[32.61936,-24.11283],[32.61907,-24.11292],[32.61946,-24.1131]],[[32.6093,-24.11289],[32.6094,-24.11262],[32.6092,-24.11262],[32.6093,-24.11289]],[[32.60693,-24.11279],[32.60693,-24.11252],[32.60654,-24.11252],[32.60693,-24.11279]],[[32.61177,-24.11244],[32.61226,-24.11281],[32.61236,-24.11254],[32.61177,-24.11244]],[[32.61256,-24.11236],[32.61256,-24.11245],[32.61266,-24.11245],[32.61256,-24.11236]],[[32.60841,-24.11262],[32.60841,-24.1128],[32.60851,-24.1128],[32.60841,-24.11262]],[[32.61759,-24.11201],[32.61759,-24.11219],[32.61779,-24.11219],[32.61759,-24.11201]],[[32.6096,-24.11117],[32.6096,-24.11108],[32.6095,-24.11108],[32.6096,-24.11117]],[[32.60704,-24.11089],[32.60704,-24.11071],[32.60694,-24.11071],[32.60704,-24.11089]],[[32.6101,-24.11072],[32.6101,-24.1109],[32.61029,-24.1109],[32.6101,-24.11072]],[[32.60536,-24.10935],[32.60537,-24.10908],[32.60507,-24.10917],[32.60536,-24.10935]],[[32.60911,-24.10918],[32.60911,-24.10891],[32.60882,-24.109],[32.60911,-24.10918]],[[32.60961,-24.10882],[32.60961,-24.109],[32.60981,-24.109],[32.60961,-24.10882]],[[32.61326,-24.10801],[32.61237,-24.10737],[32.61247,-24.10801],[32.61198,-24.10846],[32.61267,-24.10901],[32.61267,-24.10837],[32.61326,-24.10801]],[[32.61099,-24.10864],[32.61099,-24.10846],[32.61079,-24.10846],[32.61099,-24.10864]],[[32.61099,-24.10837],[32.61139,-24.10755],[32.61119,-24.10746],[32.6107,-24.10809],[32.61099,-24.10837]],[[32.6105,-24.10764],[32.6102,-24.108],[32.6104,-24.108],[32.6105,-24.10764]],[[32.60567,-24.1079],[32.60576,-24.10763],[32.60547,-24.10754],[32.60567,-24.1079]],[[32.60429,-24.10753],[32.60429,-24.10744],[32.60419,-24.10744],[32.60429,-24.10753]],[[32.61484,-24.10901],[32.61494,-24.10874],[32.61444,-24.10865],[32.61484,-24.10901]],[[32.6172,-24.10893],[32.61701,-24.10893],[32.61701,-24.1092],[32.6172,-24.10893]],[[32.61207,-24.10928],[32.61207,-24.10909],[32.61188,-24.10909],[32.61207,-24.10928]],[[32.60724,-24.10899],[32.60724,-24.10908],[32.60744,-24.10908],[32.60744,-24.1089],[32.60724,-24.10899]],[[32.60902,-24.10691],[32.60883,-24.10682],[32.60882,-24.107],[32.60902,-24.10691]],[[32.60952,-24.10691],[32.60952,-24.10701],[32.60961,-24.10701],[32.60952,-24.10691]],[[32.61119,-24.10638],[32.61119,-24.10665],[32.61139,-24.10665],[32.61119,-24.10638]],[[32.6105,-24.10628],[32.61031,-24.10583],[32.61001,-24.10619],[32.6105,-24.10628]],[[32.60616,-24.106],[32.60646,-24.10609],[32.60646,-24.10582],[32.60616,-24.106]],[[32.61198,-24.10647],[32.61198,-24.10665],[32.61208,-24.10665],[32.61198,-24.10647]],[[32.60242,-24.10563],[32.60242,-24.10536],[32.60222,-24.10545],[32.60242,-24.10563]],[[32.60784,-24.10537],[32.60784,-24.1051],[32.60735,-24.10519],[32.60784,-24.10537]],[[32.60705,-24.10528],[32.60705,-24.10519],[32.60696,-24.10519],[32.60705,-24.10528]],[[32.61041,-24.1052],[32.61061,-24.1052],[32.61051,-24.10502],[32.61041,-24.1052]],[[32.60567,-24.10473],[32.60568,-24.10455],[32.60548,-24.10455],[32.60567,-24.10473]],[[32.60913,-24.10456],[32.60913,-24.10474],[32.60923,-24.10474],[32.60913,-24.10456]],[[32.6037,-24.10409],[32.6037,-24.104],[32.60351,-24.104],[32.6037,-24.10409]],[[32.60558,-24.10401],[32.60558,-24.10383],[32.60548,-24.10383],[32.60558,-24.10401]],[[32.60105,-24.10155],[32.60134,-24.10164],[32.60125,-24.10137],[32.60105,-24.10155]],[[32.59829,-24.10009],[32.59829,-24.1],[32.59819,-24.1],[32.59829,-24.10009]],[[32.60273,-24.09974],[32.60273,-24.09965],[32.60244,-24.09965],[32.60273,-24.09974]],[[32.598,-24.09828],[32.5981,-24.09864],[32.5983,-24.09846],[32.598,-24.09828]],[[32.59751,-24.09837],[32.59751,-24.09828],[32.59741,-24.09828],[32.59751,-24.09837]],[[32.59899,-24.09729],[32.59909,-24.0962],[32.5983,-24.09656],[32.5983,-24.09801],[32.59918,-24.09801],[32.59938,-24.09738],[32.59899,-24.09729]],[[32.59702,-24.09647],[32.59722,-24.09629],[32.59712,-24.09629],[32.59702,-24.09647]],[[32.59978,-24.09765],[32.59948,-24.09765],[32.59948,-24.09783],[32.59978,-24.09765]],[[32.59554,-24.09601],[32.59554,-24.09583],[32.59525,-24.09583],[32.59554,-24.09601]],[[32.61541,-24.11417],[32.61551,-24.11381],[32.61512,-24.11372],[32.61541,-24.11417]],[[32.6161,-24.11399],[32.6161,-24.11381],[32.61581,-24.1139],[32.6161,-24.11399]],[[32.61364,-24.11426],[32.61364,-24.11417],[32.61344,-24.11408],[32.61364,-24.11426]],[[32.61255,-24.1148],[32.61235,-24.11435],[32.61156,-24.11453],[32.61284,-24.11553],[32.61314,-24.11444],[32.61275,-24.11371],[32.61255,-24.1148]],[[32.61314,-24.11498],[32.61314,-24.11507],[32.61334,-24.11507],[32.61314,-24.11498]],[[32.61689,-24.11517],[32.61689,-24.11535],[32.61699,-24.11535],[32.61689,-24.11517]],[[32.61462,-24.11544],[32.61432,-24.11544],[32.61432,-24.11571],[32.61462,-24.11544]],[[32.61393,-24.11634],[32.61422,-24.11598],[32.61363,-24.11562],[32.61314,-24.11607],[32.61393,-24.11634]],[[32.61541,-24.11635],[32.6157,-24.11626],[32.6157,-24.11589],[32.61541,-24.11635]],[[32.61284,-24.11607],[32.61274,-24.1158],[32.61235,-24.11589],[32.61245,-24.11625],[32.61284,-24.11607]],[[32.60969,-24.1157],[32.60978,-24.11669],[32.61047,-24.11642],[32.60969,-24.1157]],[[32.60939,-24.11687],[32.60939,-24.11715],[32.60978,-24.11697],[32.60939,-24.11687]],[[32.6088,-24.1166],[32.60879,-24.11678],[32.60919,-24.11669],[32.6088,-24.1166]],[[32.6085,-24.11651],[32.6082,-24.11633],[32.60801,-24.11687],[32.6085,-24.11651]],[[32.6083,-24.11579],[32.60831,-24.11551],[32.60811,-24.11551],[32.6083,-24.11579]],[[32.60851,-24.11443],[32.6087,-24.11533],[32.60959,-24.11561],[32.609,-24.11452],[32.60851,-24.11443]],[[32.60771,-24.11524],[32.60771,-24.11515],[32.60762,-24.11515],[32.60771,-24.11524]],[[32.60801,-24.11415],[32.60801,-24.11443],[32.60821,-24.11443],[32.60801,-24.11415]],[[32.60861,-24.11388],[32.60851,-24.11416],[32.6089,-24.11425],[32.60861,-24.11388]],[[32.60949,-24.11371],[32.6091,-24.1138],[32.6091,-24.11398],[32.60949,-24.11371]],[[32.60949,-24.11416],[32.60959,-24.1147],[32.61018,-24.11407],[32.60949,-24.11416]],[[32.61028,-24.11489],[32.61048,-24.11479],[32.61028,-24.11434],[32.61028,-24.11489]],[[32.61087,-24.11543],[32.61097,-24.11579],[32.61117,-24.11579],[32.61087,-24.11543]],[[32.61146,-24.11588],[32.61146,-24.11607],[32.61166,-24.11607],[32.61146,-24.11588]],[[32.61531,-24.11707],[32.6154,-24.11689],[32.61511,-24.11671],[32.61491,-24.11707],[32.61531,-24.11707]],[[32.61087,-24.11679],[32.61067,-24.1167],[32.61047,-24.11697],[32.61087,-24.11679]],[[32.61195,-24.11724],[32.61195,-24.11752],[32.61215,-24.11752],[32.61195,-24.11724]],[[32.61185,-24.11715],[32.61185,-24.11724],[32.61195,-24.11724],[32.61185,-24.11715]],[[32.61442,-24.11761],[32.61392,-24.11743],[32.61392,-24.11824],[32.61442,-24.11761]],[[32.61037,-24.11869],[32.61076,-24.11869],[32.61076,-24.11833],[32.61037,-24.11869]],[[32.60701,-24.11877],[32.60711,-24.11787],[32.60613,-24.1185],[32.60652,-24.11904],[32.60731,-24.11895],[32.60859,-24.11968],[32.608,-24.11923],[32.6083,-24.11832],[32.60701,-24.11877]],[[32.60888,-24.11968],[32.60898,-24.1195],[32.60879,-24.11941],[32.60888,-24.11968]],[[32.61145,-24.11996],[32.61145,-24.11978],[32.61115,-24.11969],[32.61145,-24.11996]],[[32.61026,-24.12104],[32.61017,-24.12014],[32.60918,-24.11986],[32.61026,-24.12104]],[[32.61204,-24.12005],[32.61204,-24.12014],[32.61214,-24.12014],[32.61204,-24.12005]],[[32.60809,-24.12104],[32.60819,-24.12086],[32.60789,-24.12076],[32.60809,-24.12104]],[[32.60918,-24.12095],[32.60918,-24.12104],[32.60947,-24.12104],[32.60918,-24.12095]],[[32.60859,-24.12077],[32.60868,-24.12059],[32.60849,-24.12059],[32.60859,-24.12077]],[[32.6073,-24.12049],[32.6073,-24.12058],[32.6074,-24.12058],[32.6073,-24.12049]],[[32.6077,-24.11977],[32.60691,-24.11922],[32.60632,-24.11995],[32.6073,-24.1204],[32.6077,-24.11977]],[[32.6082,-24.11805],[32.60859,-24.11787],[32.6085,-24.11751],[32.60702,-24.1175],[32.6082,-24.11805]],[[32.60899,-24.11769],[32.60879,-24.11705],[32.6086,-24.11705],[32.60899,-24.11769]],[[32.61096,-24.11797],[32.61185,-24.11824],[32.61175,-24.11797],[32.61096,-24.11797]],[[32.61175,-24.11751],[32.61156,-24.11742],[32.61146,-24.1177],[32.61175,-24.11751]],[[32.60948,-24.11724],[32.60929,-24.11724],[32.60948,-24.11769],[32.60948,-24.11724]],[[32.61254,-24.11761],[32.61244,-24.11779],[32.61274,-24.11788],[32.61254,-24.11761]],[[32.60918,-24.11832],[32.60919,-24.11814],[32.60899,-24.11814],[32.60918,-24.11832]],[[32.60642,-24.11768],[32.60662,-24.11768],[32.60613,-24.11696],[32.60642,-24.11768]],[[32.61086,-24.11914],[32.61145,-24.1186],[32.61106,-24.1186],[32.61086,-24.11914]],[[32.61264,-24.11897],[32.61264,-24.11906],[32.61283,-24.11906],[32.61264,-24.11897]],[[32.60604,-24.11451],[32.60604,-24.11469],[32.60624,-24.11469],[32.60604,-24.11451]],[[32.60878,-24.12167],[32.60947,-24.12204],[32.60947,-24.12167],[32.60878,-24.12167]],[[32.60868,-24.12249],[32.60858,-24.12267],[32.60907,-24.12276],[32.60868,-24.12249]]]]}}
]
}
