{
"type": "FeatureCollection",
"name": "districts",
"crs": { "type": "name", "properties": { "name": "urn:ogc:def:crs:OGC:1.3:CRS84" } },
"features": [
{"type":"Feature","properties":{"id":59,"name":"Mamoré","area_km2":18752.394476067882},"geometry":{"type":"Polygon","coordinates":[[[-64.382994959420714,-14.143583517646627],[-64.371646512641433,-13.447363577007208],[-64.372375573128892,-13.383628530305289],[-64.370192694623825,-13.373280359347737],[-64.36889904456271,-13.371198323687681],[-64.36962036691051,-13.369522177051616],[-64.373500160103191,-13.365837616312257],[-64.374141681238157,-13.363111077677123],[-64.372442545004759,-13.360541883240371],[-64.372147938886584,-13.357001511845388],[-64.371161865315614,-13.355335590302184],[-64.36466374628084,-13.349809611723282],[-64.362583915688205,-13.34874725220355],[-64.360144172238265,-13.34864234737215],[-64.354297933822494,-13.349871196669225],[-64.350139831303039,-13.347985105456148],[-64.349091519019652,-13.336168967060766],[-64.352706441312449,-13.329102009840108],[-64.353010393815708,-13.326974584825733],[-64.343821782925403,-13.319983046692583],[-64.339797871982384,-13.320006629487589],[-64.338689518138835,-13.318221841159881],[-64.338398342500469,-13.310461366651802],[-64.332490830102273,-13.301467784253882],[-64.329674198686092,-13.299454036060618],[-64.328179891406307,-13.294303817217044],[-64.331639051643222,-13.281625363573299],[-64.331133317956656,-13.278642830071261],[-64.329050061037591,-13.276887513584077],[-64.328744918022551,-13.274811392005246],[-64.326230219521918,-13.270240256553398],[-64.319393266204301,-13.268566418718395],[-64.317625941135077,-13.267444509367818],[-64.312363911712481,-13.26746323826101],[-64.310337774860585,-13.266250093424246],[-64.298378793493796,-13.256045977721884],[-64.295983899495837,-13.251357198326739],[-64.295337726203542,-13.24884970868788],[-64.295538934244178,-13.246707671090094],[-64.296383241534301,-13.246428438411249],[-64.301267698441777,-13.246135102236609],[-64.310582751660675,-13.248865368771066],[-64.313965006165859,-13.248807338220123],[-64.314592534352514,-13.247423618958196],[-64.313580947735204,-13.242246588867888],[-64.306882149918309,-13.226659244680858],[-64.304983529934489,-13.21766310190081],[-64.300947476989748,-13.218437022285299],[-64.300060915839836,-13.219683468211327],[-64.300942808539943,-13.227301708248271],[-64.29619264760602,-13.235998716909156],[-64.29417188299206,-13.235844553501517],[-64.291531188827832,-13.228784952646686],[-64.292932713419148,-13.222194906221061],[-64.296800587854293,-13.215665397376428],[-64.298486016896049,-13.214485264113138],[-64.308684120213329,-13.215508782449179],[-64.310229670760421,-13.214559328529072],[-64.310528679476079,-13.213245844896102],[-64.308502807125677,-13.211986583677513],[-64.301333109211285,-13.210653187335906],[-64.296931842043051,-13.208688313986636],[-64.295631385368168,-13.206850804954149],[-64.297429322592691,-13.199040769817314],[-64.295111115934588,-13.201142350125048],[-64.293724300838051,-13.200893864859529],[-64.298627338437711,-13.189870864971196],[-64.299897454445187,-13.180403101930258],[-64.299624711405485,-13.177364717578852],[-64.297230453954867,-13.177580225870953],[-64.287825340864671,-13.185049724695306],[-64.281906828172737,-13.18493176152292],[-64.280541340283577,-13.184199580460563],[-64.278383369073055,-13.174674386294969],[-64.278340572937879,-13.170529961537367],[-64.283156589302337,-13.165954624716134],[-64.283018622701533,-13.161557243375119],[-64.278444905972364,-13.157635377322139],[-64.275271761487417,-13.156955307282923],[-64.272417019558077,-13.15404065459945],[-64.266728210133209,-13.152655092560748],[-64.261207151781733,-13.146870967690836],[-64.254778712427211,-13.142862633582917],[-64.252698575378375,-13.139807031459325],[-64.25133924206331,-13.135183313176588],[-64.251297912145958,-13.131246053345622],[-64.249432779360504,-13.12897258023745],[-64.252475869871461,-13.116597867708544],[-64.249277432693944,-13.115387914869823],[-64.247596726570961,-13.112330946519188],[-64.248377068977561,-13.103164162636469],[-64.248131505743373,-13.100770281840743],[-64.246436893625102,-13.099808676760913],[-64.247774524008889,-13.09448539760397],[-64.247128873064085,-13.091862550578801],[-64.248312401552724,-13.08881931557587],[-64.25203635743523,-13.086919133098815],[-64.25365974607999,-13.087719759718306],[-64.254496700402726,-13.085921028806],[-64.253692421677059,-13.084565131152379],[-64.253820976669132,-13.08184767139756],[-64.252289331337863,-13.080563204436322],[-64.251828045271537,-13.077179912102475],[-64.250180638851901,-13.07624119027234],[-64.250058911849649,-13.075274500910892],[-64.245942162872282,-13.073307574261248],[-64.244209005562084,-13.068938229715075],[-64.246508769605015,-13.058338946875567],[-64.250641114083805,-13.053398099913069],[-64.250999136274444,-13.049505578198337],[-64.252767479043726,-13.046069019278148],[-64.248752137798903,-13.040440646000038],[-64.249170069047793,-13.034199283764822],[-64.252549434559484,-13.028915468354638],[-64.263932203251187,-13.018608973898091],[-64.264342394376698,-13.015913615895789],[-64.267278996389365,-13.01143700023327],[-64.268878188829973,-13.001876060661841],[-64.270209283916927,-13.000006618341162],[-64.269317393498966,-12.995694739370842],[-64.270598183248865,-12.993243464685831],[-64.272835461830368,-12.992620510425033],[-64.272541011812578,-12.99142839806172],[-64.270612305988465,-12.990438641384392],[-64.271069145618682,-12.98951393499995],[-64.27358905048203,-12.989071693434271],[-64.273984673043145,-12.986906261340012],[-64.272649333279759,-12.984668411731635],[-64.27553732351889,-12.983716248550801],[-64.275417033787022,-12.981418704348355],[-64.27771648792914,-12.982128373205635],[-64.277729578252277,-12.975231538686236],[-64.278557170190012,-12.974026754551469],[-64.280331028036755,-12.97377681309114],[-64.279327810788729,-12.971949037774797],[-64.281345066103782,-12.972523937944134],[-64.281684723897584,-12.969577505736138],[-64.280926532983983,-12.968712501904109],[-64.281620271207728,-12.968060961638992],[-64.2804596546558,-12.964763673463695],[-64.281617123515488,-12.963785046882412],[-64.278095395348984,-12.962491494296389],[-64.279752623199215,-12.96026582184143],[-64.279132034036678,-12.959169369124366],[-64.277965460995219,-12.959366460223984],[-64.279247624511555,-12.957053071265543],[-64.278065528681978,-12.955916978486668],[-64.279746838782188,-12.95576004192097],[-64.279871002517297,-12.954379305345229],[-64.278508901575222,-12.953842954240811],[-64.278182888976701,-12.949938502133405],[-64.276493048822317,-12.949359873543029],[-64.276716607527646,-12.94848376010763],[-64.278257100038616,-12.948282453563218],[-64.277112700583956,-12.946364298743616],[-64.278972366649896,-12.945469714385025],[-64.277836547599705,-12.944287116078721],[-64.278328253843156,-12.942350484406893],[-64.277578723435369,-12.942221011931929],[-64.276892529079191,-12.943516143506804],[-64.276232207578687,-12.943017838348334],[-64.275927665798633,-12.94095225763626],[-64.276743919864387,-12.938782077198416],[-64.275976211551026,-12.937089548575651],[-64.277469893846828,-12.936888778468889],[-64.276740375941998,-12.934460170489457],[-64.277999242572307,-12.934170095102013],[-64.278870780053865,-12.93273493624608],[-64.279590136515296,-12.934290065543683],[-64.284606812380588,-12.931520656429472],[-64.287422133562188,-12.932408358942924],[-64.287403347712967,-12.930799340195351],[-64.290299256313261,-12.930582621229112],[-64.289854389302917,-12.928518660554298],[-64.292189363258345,-12.928308276460774],[-64.29333748660639,-12.926548094105526],[-64.297268660414829,-12.926917267017943],[-64.29796224697057,-12.926265695024695],[-64.296326180872597,-12.92228421263256],[-64.294723532631281,-12.921152953075241],[-64.296611378881266,-12.918694693975494],[-64.294765366380986,-12.916738602741793],[-64.292721160427845,-12.917819276160367],[-64.29167567505722,-12.916359840585487],[-64.290507172976788,-12.916373078077656],[-64.291878207097952,-12.913690818988774],[-64.290141321871289,-12.913066810781713],[-64.290348170582959,-12.910765562388091],[-64.288608621594378,-12.909911679089268],[-64.290510958640482,-12.908694708015664],[-64.288396440145959,-12.907753120882335],[-64.288886413669317,-12.905678558909104],[-64.285611518309977,-12.905439742512668],[-64.285882301430789,-12.904609079276694],[-64.288169247689382,-12.904307334177743],[-64.287307048072435,-12.902523948682463],[-64.285108767051213,-12.902410872048362],[-64.287937236274416,-12.900447805544077],[-64.286714558539884,-12.899817939801048],[-64.284395381955505,-12.901361435340517],[-64.283107227110676,-12.899123064705718],[-64.283513933051779,-12.897923036493717],[-64.282837666941646,-12.896045575097856],[-64.285445275636576,-12.89518850198049],[-64.285559232443589,-12.892934288783229],[-64.287194448349197,-12.892869826921691],[-64.287308389390162,-12.890615605366049],[-64.289194442009574,-12.892019587765189],[-64.289924502404645,-12.890494053161747],[-64.288830821520747,-12.888897191290747],[-64.287659222425404,-12.888634582843581],[-64.287869307973651,-12.886609170073369],[-64.285598588925652,-12.888290051341498],[-64.283998355629123,-12.887342588387538],[-64.284112328077669,-12.88508837400669],[-64.287649132696885,-12.883761018297077],[-64.286399225266521,-12.880786562972633],[-64.284989180295426,-12.880112825738363],[-64.285853560226172,-12.878080023573277],[-64.288736539279256,-12.876806025328067],[-64.288666755936873,-12.87482974997217],[-64.289405899579876,-12.874085738013727],[-64.29142934219928,-12.875258277086585],[-64.292589602720639,-12.874555467495261],[-64.293011308555862,-12.870642550661424],[-64.293886866226941,-12.869575141262954],[-64.297345523778588,-12.869581914218129],[-64.301395010579583,-12.868156624124536],[-64.305003930960609,-12.865035097575381],[-64.302673232045137,-12.861567264087457],[-64.298813467021461,-12.863220303578435],[-64.294972997203118,-12.862528188732822],[-64.2944347779559,-12.864465365302822],[-64.291054092725304,-12.863124292069559],[-64.289234286405005,-12.863374773740786],[-64.288875566005572,-12.860666117308659],[-64.291671396169576,-12.855944720842691],[-64.291520481841957,-12.855026867846329],[-64.289229695593264,-12.854960815291969],[-64.289447811773414,-12.85362498190211],[-64.291642981286145,-12.853508196282801],[-64.289650914761609,-12.851001934551141],[-64.284092937604527,-12.851294592636284],[-64.284694859064672,-12.854828125036208],[-64.281986179401073,-12.854996622624357],[-64.280878297408535,-12.852158457626759],[-64.279344798586479,-12.852911389721919],[-64.275490116166196,-12.850977719229393],[-64.276290170118884,-12.847428382792101],[-64.273446696616361,-12.848058079593647],[-64.272294885449114,-12.84545025711],[-64.269741360135512,-12.846904276081359],[-64.266695551393056,-12.846202791716097],[-64.26471068543853,-12.844293949436034],[-64.259898820962135,-12.844439791123383],[-64.260516286329064,-12.842073892973991],[-64.25890505791287,-12.840112773398547],[-64.255739828047368,-12.83858148456992],[-64.252279443653677,-12.839563533207619],[-64.251755883538053,-12.838709711342053],[-64.252510680834277,-12.837349540615159],[-64.252288176636284,-12.834833960215262],[-64.250513667627573,-12.83419361816672],[-64.245541309417234,-12.83492638457072],[-64.245965707977263,-12.831749943797641],[-64.24354665513016,-12.830489681015509],[-64.243889491278168,-12.829708810065741],[-64.246827442038438,-12.828581422823868],[-64.248499702805816,-12.824962469201848],[-64.25129210691118,-12.827696292462418],[-64.252963286506244,-12.828012750891569],[-64.25317424787319,-12.824546185527472],[-64.254691387890546,-12.82335719761952],[-64.258359732318937,-12.824103267129692],[-64.261230325855507,-12.823647074983322],[-64.267365076417988,-12.825081549023496],[-64.26865345551731,-12.824425001556259],[-64.270597572543778,-12.821848251951105],[-64.270401642449144,-12.820628271887378],[-64.262087029204295,-12.814897038256765],[-64.261728338591894,-12.812636581466927],[-64.262912386794838,-12.809759951555497],[-64.26440997436471,-12.809608062446118],[-64.266421086552597,-12.813186304565347],[-64.267434200934147,-12.813598117644807],[-64.269711561806474,-12.810741130522638],[-64.270956053467486,-12.810477312871269],[-64.274245252750561,-12.815903222613398],[-64.278433535318072,-12.814189643762495],[-64.278427799819426,-12.812543737524171],[-64.273650244822022,-12.808722580263963],[-64.276018001403145,-12.802969089375447],[-64.274258527115535,-12.79957431606614],[-64.2741566675314,-12.797218283456333],[-64.276767515095145,-12.796012952198419],[-64.287083801270683,-12.796054916970432],[-64.287755112911441,-12.78544064539072],[-64.290944459361228,-12.782520921787386],[-64.289942849769517,-12.777565513733444],[-64.291087880610505,-12.774795232378109],[-64.290150364585685,-12.774241786886718],[-64.288281240385032,-12.774780819970486],[-64.285496981853569,-12.777485958866395],[-64.284597788074578,-12.778793670094766],[-64.284401482781306,-12.781509331499139],[-64.27900210557037,-12.781734567774103],[-64.278226359676992,-12.780325299228688],[-64.280939973500054,-12.775543856643532],[-64.284158481929154,-12.765161297626202],[-64.285775180889203,-12.762506813531713],[-64.286068753606884,-12.760436896437986],[-64.28413770344072,-12.75449888838037],[-64.289186724669477,-12.753479959566159],[-64.293732903231785,-12.75402623108076],[-64.295524980842444,-12.751732548976422],[-64.29942851634253,-12.751551668077186],[-64.299238120672541,-12.748049054118935],[-64.302427967173713,-12.745835983150853],[-64.30194369591905,-12.744422424036825],[-64.297661509600445,-12.742371833499098],[-64.29005787581572,-12.742216883067057],[-64.281937522791409,-12.740981030867458],[-64.275781645755018,-12.736554215777494],[-64.270558457694733,-12.735995378719709],[-64.269564195562722,-12.734620619928814],[-64.269623124753139,-12.732692521303965],[-64.272796040377699,-12.729881568623833],[-64.274471668981647,-12.729791485407391],[-64.277761082999262,-12.731706074666436],[-64.282540024218378,-12.736337664342932],[-64.285059501957875,-12.736547909727323],[-64.287257341501217,-12.735752272932741],[-64.288121601848601,-12.734909782571],[-64.288351706450101,-12.732898845602678],[-64.285549046280465,-12.728182379887363],[-64.288011447325488,-12.724800000711332],[-64.287912335218707,-12.723559814660055],[-64.284695397662105,-12.714882648523504],[-64.286891638019938,-12.714400748085106],[-64.290796881874371,-12.715907873046115],[-64.289389389892122,-12.719434213515877],[-64.289851960111051,-12.720588062917679],[-64.290938060658149,-12.720943134286076],[-64.299444025932416,-12.721294749211962],[-64.300373393751386,-12.719786356962191],[-64.300119246095221,-12.716728481312964],[-64.300864161163602,-12.715932026310659],[-64.303978503039815,-12.718115297853769],[-64.306206069683569,-12.718492484984099],[-64.308465267221692,-12.714887101647685],[-64.308692965272854,-12.709610839924155],[-64.307587941520794,-12.70536772313263],[-64.310532968066809,-12.702681928135027],[-64.309084368246715,-12.699333739421101],[-64.312334502924628,-12.697175678634229],[-64.310999639347799,-12.694936409474353],[-64.314895783804644,-12.69447758363472],[-64.316784909790869,-12.69331202583591],[-64.319630188130205,-12.695828552597819],[-64.320826735939207,-12.695279251633282],[-64.317670134470731,-12.688906111081186],[-64.318196057634069,-12.685939597365712],[-64.3157954482094,-12.684511694159637],[-64.318235457805102,-12.681066996338517],[-64.318097255385013,-12.680205665564701],[-64.31599021990337,-12.67867659891043],[-64.31248919205423,-12.678051723723547],[-64.311588710053613,-12.674504291721442],[-64.308558709565858,-12.67307182727758],[-64.306943621543695,-12.67414726325403],[-64.306831869949761,-12.678743626888265],[-64.308684684670254,-12.682282788382979],[-64.304775588253548,-12.684363210884806],[-64.303447052820417,-12.686646250344156],[-64.303072230271866,-12.68982167968967],[-64.299018543693364,-12.692318936009803],[-64.304262830697226,-12.698259467919479],[-64.303442195646738,-12.701372817712917],[-64.297355795962218,-12.701283235541903],[-64.2951401739831,-12.696708500969942],[-64.297191875073622,-12.692842771434796],[-64.296942707283051,-12.691645384202141],[-64.295859582208621,-12.691147327933825],[-64.291133144185793,-12.692128761038832],[-64.289649081766342,-12.696452660346589],[-64.284888938886297,-12.696091688832043],[-64.28242932272525,-12.697594064782534],[-64.282193606220261,-12.695735095139158],[-64.284176663303256,-12.690765103823152],[-64.288882009770205,-12.690826854916013],[-64.289832528990075,-12.68585457393395],[-64.294093335483126,-12.685370914814884],[-64.297391392230736,-12.679919414978089],[-64.296539967425758,-12.678471836056824],[-64.295212874755336,-12.678028687821916],[-64.293279758630391,-12.682045804316209],[-64.290756905439594,-12.682175673396499],[-64.284990147595806,-12.676035309412645],[-64.284670411962637,-12.673822912451014],[-64.289670682512693,-12.666764868721723],[-64.298931440508611,-12.665245132286094],[-64.298992309180235,-12.659194110304215],[-64.300254617143096,-12.658324144298758],[-64.304311134072307,-12.658164157574801],[-64.305722785558146,-12.657416302532551],[-64.308071345395945,-12.653854208567425],[-64.307554325468274,-12.652383321806413],[-64.306531404112746,-12.651916335516864],[-64.300951751778896,-12.653090399661702],[-64.298693505689926,-12.652152266071157],[-64.297148873148046,-12.650452782440711],[-64.29728373585759,-12.646609420893471],[-64.299752880018005,-12.644600060305864],[-64.302181347464611,-12.644617225061614],[-64.305410596673894,-12.647094599380191],[-64.307961203366233,-12.645563743182651],[-64.311528476526476,-12.649359424971705],[-64.311701337102633,-12.654371567231868],[-64.315832422086515,-12.656401199188769],[-64.316620699608706,-12.66100784766869],[-64.319576614427575,-12.661989153327466],[-64.320735200549279,-12.664784269039417],[-64.323466254982989,-12.664866770014269],[-64.327921963310629,-12.668291937502216],[-64.329484825344281,-12.667576679514889],[-64.32950509166659,-12.665042797562274],[-64.326645512182722,-12.662274543637695],[-64.326258712519845,-12.660358937413383],[-64.327169271647676,-12.658855924018306],[-64.329963371256682,-12.657299725108393],[-64.329739003528474,-12.654850575934615],[-64.326530760099502,-12.652821018990688],[-64.32353021421423,-12.654075062251477],[-64.319657883061438,-12.653374301356655],[-64.318251694434565,-12.652333483134024],[-64.31692893470472,-12.648640780714979],[-64.321050559102687,-12.647497851303777],[-64.32498947207705,-12.643340034061543],[-64.327957782223791,-12.645215874398117],[-64.331803874061691,-12.645707271153226],[-64.334454521210304,-12.648292520462965],[-64.33516706033366,-12.641484496055453],[-64.333874441657827,-12.639312968081304],[-64.331796389123511,-12.638468024497227],[-64.326451928804943,-12.633952644481647],[-64.324775235820667,-12.63125494409759],[-64.324011696140204,-12.626917109099276],[-64.320033228155381,-12.62546907935552],[-64.322000403971487,-12.624254719361447],[-64.327144548595356,-12.625099011279248],[-64.329640237145483,-12.621736129500336],[-64.329188789681538,-12.619099505491258],[-64.32450669127283,-12.614573097713686],[-64.321319431692302,-12.619127143306672],[-64.319245890895985,-12.618979918458892],[-64.315316317965028,-12.615090407736149],[-64.315469796203772,-12.611050519628906],[-64.320623956926966,-12.604673921945517],[-64.328189626890278,-12.599745902690982],[-64.32892485269771,-12.597577548533243],[-64.330631118501202,-12.596036031630673],[-64.330416564115751,-12.592167884661984],[-64.332484449524884,-12.587821104654493],[-64.334561338937149,-12.587789317811202],[-64.340940825573526,-12.594888197491825],[-64.34241410771746,-12.59223297759978],[-64.34091615725157,-12.586944881329218],[-64.342140860159276,-12.583962890842946],[-64.346083948543253,-12.583501537164308],[-64.345125381630922,-12.589601400428938],[-64.347423220141053,-12.591291122519364],[-64.348709708423101,-12.590707450402414],[-64.349883718214429,-12.584024884969134],[-64.35584825819538,-12.584496427209944],[-64.355875813178997,-12.583101562379548],[-64.352222206824123,-12.578130168030031],[-64.350465886746392,-12.573001744429755],[-64.351873509769419,-12.571812088778254],[-64.356895346228626,-12.572050870573657],[-64.358237884196356,-12.570466356820207],[-64.358312389436733,-12.568535687511782],[-64.353211032269385,-12.566792717223594],[-64.351077605492534,-12.56231546742824],[-64.349470980368224,-12.560674802673164],[-64.351263073115405,-12.558454860492771],[-64.35460376636135,-12.557123070973484],[-64.355883507200332,-12.553175920449187],[-64.362119419937187,-12.549079620218082],[-64.361855794827264,-12.545818671954398],[-64.363980247819811,-12.543354424828399],[-64.369861711137958,-12.539689299235688],[-64.372140261063052,-12.536262445900634],[-64.375574291318316,-12.534813211139015],[-64.379392234630572,-12.531942658829651],[-64.379138535397928,-12.529442326195293],[-64.375989490613534,-12.526330245920478],[-64.375641985814198,-12.520333177046448],[-64.373458753177914,-12.515736778614359],[-64.373021465939232,-12.510908348461411],[-64.370108247444975,-12.506586952863605],[-64.367224707943663,-12.505190680012044],[-64.365769839007939,-12.505384025686892],[-64.362759167218641,-12.507695268617178],[-64.352339372006298,-12.510257591931859],[-64.346979627053557,-12.509396464186571],[-64.345176604714297,-12.508586062698521],[-64.343973268824968,-12.506500243010796],[-64.345467142343452,-12.503668288601064],[-64.352716085496567,-12.499491698742657],[-64.355952841853735,-12.496613118839859],[-64.360064065450672,-12.487583678872314],[-64.360361494330235,-12.482166550381999],[-64.362417802555356,-12.480555047862216],[-64.369740975073611,-12.481158145813707],[-64.371858325661989,-12.480332093510347],[-64.373629479570056,-12.478359767830058],[-64.375737411096893,-12.478175555529178],[-64.376016805521829,-12.483886305095391],[-64.379061042816687,-12.484214659476232],[-64.381168383074723,-12.479108259982139],[-64.386277357019864,-12.472260709265024],[-64.38945420431682,-12.473446807700403],[-64.391625851744394,-12.477562712692079],[-64.393549288485218,-12.477155335100685],[-64.39374703032945,-12.473958817870932],[-64.387233566653123,-12.466332326860838],[-64.38013467882017,-12.464490470691212],[-64.377251563514122,-12.462005180075773],[-64.375826704508583,-12.458040233890886],[-64.377760706513172,-12.452921406130733],[-64.385627314676185,-12.451423767682188],[-64.392365839324498,-12.448558939395058],[-64.405782668279983,-12.446520375487333],[-64.412304325296091,-12.443003579158516],[-64.417463278141099,-12.438254193308937],[-64.422908351335295,-12.434718752130989],[-64.427775339203052,-12.429057153168896],[-64.43049489894338,-12.423056793987017],[-64.434735914946828,-12.417989003738503],[-64.439104134249192,-12.414434840363251],[-64.443917676396026,-12.411795031017556],[-64.448460472650041,-12.407034278365545],[-64.454129083670182,-12.395882960633662],[-64.459184977151565,-12.388107186036121],[-64.46310162214337,-12.383940129397528],[-64.469451728007968,-12.381325290152398],[-64.476390606693911,-12.380231753977364],[-64.486852094812818,-12.371033470513479],[-64.492446131367586,-12.36764948197254],[-64.504507048673801,-12.363767746941532],[-64.50870948018148,-12.360813786085876],[-64.51265600753004,-12.35483200680819],[-64.515208496865668,-12.349431822931143],[-64.514548692281451,-12.34304134657159],[-64.511874572307192,-12.337554955136474],[-64.501128711969557,-12.327551313127492],[-64.499197662525475,-12.3235889287142],[-64.497623121957233,-12.316760168876959],[-64.496151827522056,-12.303886255698346],[-64.494402981086395,-12.298264035449789],[-64.493640751189318,-12.288878823305192],[-64.495537043698477,-12.267806503890464],[-64.504727281534727,-12.242560463476435],[-64.50654809738252,-12.234880433250437],[-64.509444294513528,-12.227217950648237],[-64.51350563296414,-12.223353804439094],[-64.517818058761478,-12.222819535785421],[-64.523641540809351,-12.223821606070748],[-64.534749008420192,-12.230503206539121],[-64.54080652436113,-12.235893032972731],[-64.547045872638549,-12.239622758411093],[-64.551660964024748,-12.239395298937614],[-64.559092712068022,-12.236189703951625],[-64.56190675613469,-12.233362742766838],[-64.569865923747216,-12.21879608871018],[-64.573170820683075,-12.214162584473973],[-64.578145697968665,-12.210765375756347],[-64.58858189747626,-12.211689037738536],[-64.59805128870687,-12.215318283620578],[-64.608765365873225,-12.218060026117969],[-64.615707855337689,-12.216507782469685],[-64.623294857942085,-12.213151249327678],[-64.647965798110562,-12.199027815831185],[-64.656632706966931,-12.195384731239853],[-64.676449336136187,-12.190404592467017],[-64.687232905139084,-12.188910456321986],[-64.694026026342144,-12.1870510636061],[-64.702711856011433,-12.182196794324716],[-64.710221600101576,-12.173997171513316],[-64.714635838952375,-12.167110033411364],[-64.716757088559632,-12.159431098123994],[-64.718177682761819,-12.147507254786314],[-64.717860975887049,-12.138490004119893],[-64.715596218301314,-12.126357834454202],[-64.713549304785388,-12.119823965222851],[-64.705578739888836,-12.108964391078034],[-64.70134265987781,-12.104815997749805],[-64.699106170394955,-12.100547400409498],[-64.699173971864639,-12.096314555536223],[-64.700760949077122,-12.093163735832944],[-64.708560019819416,-12.085875106300845],[-64.713192500992832,-12.084434567944511],[-64.716564747166871,-12.084940272158748],[-64.728462563327781,-12.09041619417893],[-64.73682046012047,-12.096291012985736],[-64.73858716717011,-12.101157135219962],[-64.735238245018692,-12.118495597444676],[-64.740101169174849,-12.141253150716134],[-64.742895391817001,-12.149159560103504],[-64.747560099641376,-12.155431406522252],[-64.753831340215683,-12.157342585082995],[-64.764198655557436,-12.152965221322729],[-64.768584945387545,-12.147739677238176],[-64.770219568617748,-12.141564562136162],[-64.770284094776997,-12.137482521832341],[-64.759842637123654,-12.113580796435661],[-64.760087085262725,-12.107838119273415],[-64.761707004929036,-12.102570138818978],[-64.765324013398484,-12.097332631902544],[-64.776501925422565,-12.090093104080699],[-64.782540893235847,-12.087160451407906],[-64.789955305134782,-12.084702170093218],[-64.79702220780645,-12.084809265611449],[-64.803907226273793,-12.086728185990845],[-64.809381400405655,-12.090440428537006],[-64.812979097039332,-12.096241524722471],[-64.81872136177752,-12.112358755310124],[-64.822005060300484,-12.118608840399689],[-64.82580402015634,-12.121388342782167],[-64.830108742946123,-12.121301992665954],[-64.833817658488627,-12.119996730472247],[-64.836623399430081,-12.117467945097369],[-64.841662301757822,-12.109679392813719],[-64.844563830782064,-12.100951205273978],[-64.844780650503452,-12.096871065467516],[-64.840316440708989,-12.087427514108926],[-64.834283347730818,-12.080077747301408],[-64.828045361230934,-12.076052018066816],[-64.820545703576315,-12.074124486253899],[-64.817347730509766,-12.072261573286101],[-64.8123886305344,-12.065079015070888],[-64.810490328679037,-12.05869872098245],[-64.81110550256119,-12.053026897420613],[-64.814350020799893,-12.041975324114516],[-64.822815695198628,-12.031062408676183],[-64.827743185094022,-12.02039859009326],[-64.835078787359564,-12.012946432565217],[-64.840033390559626,-12.010449296254953],[-64.84650995003129,-12.008882107936101],[-64.850810639200517,-12.008946045745104],[-64.86038420177637,-12.011810454015412],[-64.879875532765595,-12.013157496132463],[-64.899752684635303,-12.019500035990047],[-64.914376144500281,-12.02788200802428],[-64.921289057591579,-12.027983213911062],[-64.925764600157194,-12.026687384125188],[-64.930427899450748,-12.023125427873813],[-64.932960894919148,-12.018171040119894],[-64.935931901491998,-12.014735507208139],[-64.94464818032634,-11.997014242895974],[-64.946872398782602,-11.994172659634659],[-64.95026079450713,-11.993616739057797],[-64.95440142260469,-11.994130451181126],[-64.963417041233839,-11.997437177063928],[-64.966288375568766,-12.000655052612794],[-64.96866289494163,-12.006285889412913],[-64.970985679526649,-12.015394945606515],[-64.974318127716586,-12.01861947905539],[-64.978459288035509,-12.019132969907895],[-64.981857064223746,-12.017971831393668],[-64.98932760778483,-12.011575023470931],[-64.992774537773386,-12.007086632716133],[-64.996580895692546,-11.999063749254022],[-65.003095391506278,-11.994921580632143],[-65.007414528473376,-11.993773172284437],[-65.012330319442157,-11.993843323964901],[-65.021320599455223,-11.9989632305571],[-65.027002472658168,-11.999195325234711],[-65.032394862475869,-11.998213040261172],[-65.036426741866137,-11.995698649335749],[-65.038180732415285,-11.991336666003614],[-65.038251454837791,-11.986497009919903],[-65.034795597062015,-11.98115360171502],[-65.028583690135662,-11.975166037324501],[-65.027559311501648,-11.971672323303748],[-65.028209143552843,-11.969261235750492],[-65.030587238856725,-11.966491005927447],[-65.038985637114266,-11.966881829185825],[-65.041378880517996,-11.967804230436228],[-65.043098916549368,-11.963857443699331],[-65.041259976388872,-11.959310790878606],[-65.026575447043129,-11.94177562235482],[-65.021602012076784,-11.927806430171115],[-65.027109597236091,-11.931535662599844],[-65.03245719867553,-11.938922839862185],[-65.038303021720196,-11.942812996304939],[-65.044939317985424,-11.940178293481294],[-65.058874595547351,-11.932256607877276],[-65.064238732779884,-11.930183002488368],[-65.069568387816204,-11.930496352240114],[-65.07293123425832,-11.932692183187319],[-65.074323814492374,-11.93700928297857],[-65.073261172225486,-11.943440878534171],[-65.069749965350809,-11.951509460453655],[-65.065168485008783,-11.966486811870611],[-65.065456187633174,-11.98009988874996],[-65.068944279674241,-11.990415398694863],[-65.072286948205189,-11.994043709626743],[-65.08312234090738,-11.999448412893097],[-65.088730419392618,-11.997378099914444],[-65.09364885416133,-11.992671629117266],[-65.09639859999271,-11.986979713543375],[-65.098360165134849,-11.980437816124399],[-65.097417793954122,-11.966699042446747],[-65.098688342929222,-11.962657749705228],[-65.101147111043929,-11.960304314216161],[-65.104787294794718,-11.96011614738933],[-65.109356287743054,-11.9628060221702],[-65.11314677331238,-11.969066566021178],[-65.114963490508885,-11.97768741192978],[-65.122404175368686,-12.002694092493824],[-65.124542791138239,-12.01126579158017],[-65.124894994206372,-12.015931051040338],[-65.128244898991667,-12.025910409615035],[-65.127802140307551,-12.029724596316447],[-65.122935310644991,-12.030803064976601],[-65.105540149334843,-12.025976350265841],[-65.097763313985823,-12.027013720249711],[-65.090745935104906,-12.029207554485764],[-65.084485142243778,-12.032748857190709],[-65.078944782561635,-12.040120234691551],[-65.07495622032009,-12.047513288290643],[-65.074038358397701,-12.057241617374546],[-65.07667795255864,-12.062550609405429],[-65.092070080051926,-12.071744734627297],[-65.094714571940955,-12.076748151632986],[-65.095726365355603,-12.087267900708918],[-65.093913315678279,-12.09182661538418],[-65.089253282549748,-12.091951987803471],[-65.085782607207605,-12.090374992491624],[-65.083107653260541,-12.087472148194953],[-65.078267631336061,-12.086639786066753],[-65.072609646194138,-12.088660849160791],[-65.069423929205982,-12.094154869974281],[-65.06717475658769,-12.101954138931079],[-65.06883455113865,-12.107898795127978],[-65.072659831694068,-12.11177312086634],[-65.076929212706617,-12.111833606424591],[-65.082005549527651,-12.109804368017683],[-65.101079441096587,-12.106253190950786],[-65.107863432904196,-12.106921568553117],[-65.112875997718533,-12.109284067790691],[-65.115720694655295,-12.113908280246397],[-65.121133323631867,-12.12888326064264],[-65.119320701887261,-12.133403981933819],[-65.105446068442163,-12.139703359088037],[-65.102065871138777,-12.145195025880549],[-65.100199291229913,-12.153382123105247],[-65.102974321632004,-12.162780812719296],[-65.108264581589836,-12.172788068066263],[-65.114548028279998,-12.181281236822459],[-65.125313496173845,-12.188691379446768],[-65.133261793349121,-12.189567146752642],[-65.138153861545177,-12.186961540844452],[-65.141717330135606,-12.182236015078027],[-65.147497219854969,-12.172348482269966],[-65.152335738018436,-12.159951929376875],[-65.156099553034622,-12.141236493545469],[-65.158658640862143,-12.135398132129902],[-65.162054074513719,-12.132150124880434],[-65.166868255100951,-12.131500532119874],[-65.171655823239604,-12.132712973480961],[-65.185478085415326,-12.143649225498807],[-65.187321682127148,-12.147113167178434],[-65.187691059708115,-12.1518462086149],[-65.186596341325412,-12.157132119587208],[-65.182295618734827,-12.164963938921423],[-65.177110679993177,-12.169086300139318],[-65.168652067201748,-12.178670994897454],[-65.148862610877174,-12.194782868394336],[-65.140415667775571,-12.206046579521876],[-65.131163602851515,-12.223475289826533],[-65.121661626984135,-12.245385020801711],[-65.11693024968352,-12.25885926254354],[-65.113675353694333,-12.279040963213559],[-65.111322073027566,-12.286818827136434],[-65.111859671781076,-12.293441824144411],[-65.112997668030133,-12.295579988995362],[-65.115753779233572,-12.298477206133294],[-65.119249750380988,-12.299714282895478],[-65.131181386535729,-12.296542090728577],[-65.143724026503691,-12.290535176551129],[-65.152759419896199,-12.289374428243791],[-65.1574132368075,-12.292095438021997],[-65.158840752159293,-12.295332051151684],[-65.162285984457498,-12.305536064515019],[-65.160903816184685,-12.310585990631582],[-65.157811191489245,-12.315369496852577],[-65.151283875730314,-12.317940509600342],[-65.144740485700424,-12.318551884863203],[-65.124560860177922,-12.322908924231077],[-65.116333653164759,-12.326612215448671],[-65.11157207262832,-12.336447426397266],[-65.10908130757899,-12.345425176393841],[-65.109121671214709,-12.350464001901704],[-65.111146252980234,-12.354367636980088],[-65.146740501309196,-12.354369255326079],[-65.157856504185148,-12.355681098843894],[-65.165852019476588,-12.358417028344091],[-65.172456369058651,-12.365082981425077],[-65.178808809156607,-12.375669897890171],[-65.177466306759882,-12.385478557210581],[-65.159361351103072,-12.400180129822767],[-65.159131921158874,-12.406900582181111],[-65.16348003100056,-12.416104009149107],[-65.161280260931974,-12.425639593468505],[-65.147701425885103,-12.436945396562935],[-65.132729212739548,-12.452180936277477],[-65.114416428075131,-12.477240304425239],[-65.110209127235322,-12.485391786015141],[-65.09809688773116,-12.502563350552007],[-65.089024320740322,-12.520710701244395],[-65.078946138771357,-12.535819846095384],[-65.076077926777046,-12.541568146311919],[-65.064171128203725,-12.555975331620681],[-65.047868588428614,-12.567552713773997],[-65.027229046997107,-12.583814768188271],[-65.024410405103353,-12.590321692475657],[-65.024918134844185,-12.604961676885216],[-65.028239230098904,-12.619596152862664],[-65.0333915628716,-12.625998949109105],[-65.043660044493748,-12.634151879125719],[-65.048454353178116,-12.641272796891476],[-65.052486004917597,-12.644581063039881],[-65.053486247866331,-12.650353697910175],[-65.052405628236102,-12.655591867732605],[-65.052157833407094,-12.666714064540505],[-65.05043447984697,-12.675810760323456],[-65.052100509849637,-12.687053908686172],[-65.054341957690653,-12.69383635677209],[-65.045615902860831,-12.712459090613946],[-65.042861281895824,-12.716829597777677],[-65.033058985439951,-12.721915390327529],[-65.026873266211567,-12.723394342859882],[-65.021071831470167,-12.727375449861453],[-65.0218576422388,-12.734527223195533],[-65.024835354881304,-12.736691790255081],[-65.024848907344989,-12.738398287086747],[-65.02410746700528,-12.742383563175173],[-65.017804353210551,-12.749242231048461],[-65.017357922927943,-12.756677614421994],[-65.018484230523583,-12.76389810082704],[-65.017686993680641,-12.769574510020574],[-65.023335287792179,-12.782830767467965],[-65.020102063017504,-12.788939643576489],[-65.012119834809766,-12.79401113743913],[-65.007786602352724,-12.799412536235097],[-65.005149508232151,-12.800449473559192],[-65.004509574687859,-12.804748388799068],[-65.005352917328651,-12.81446245876384],[-65.001423517535187,-12.824871205019859],[-64.997103721698949,-12.832061874373766],[-64.99788399358232,-12.838497981771821],[-65.010654438052669,-12.839116316365216],[-65.032151863423792,-12.836445685441076],[-65.039598344678595,-12.838792855818069],[-65.056650769264223,-12.846637605380371],[-65.056755338755252,-12.857011187202092],[-65.053415409368682,-12.866510189790956],[-65.04983963225925,-12.882537200332331],[-65.04740955113688,-12.887555911737367],[-65.035154867849087,-12.892252153708315],[-65.033727079288909,-12.895237940568913],[-65.035347326701682,-12.90461876456118],[-65.038046365601971,-12.913688131369492],[-65.037930006566668,-12.918385740023028],[-65.024315265077803,-12.934702936500928],[-65.021726174856127,-12.939268246312805],[-65.01921504252401,-12.947359857353833],[-65.019523947911324,-12.956397141934159],[-65.022595390355164,-12.967933970517107],[-65.023719393270625,-12.975675136429219],[-65.02750058069654,-12.984736092667424],[-65.031715980577616,-12.990157402731848],[-65.034700837375254,-12.996224584664171],[-65.03398392370913,-13.003047969987422],[-65.026025220748465,-13.012352113970058],[-65.023293368280676,-13.01843370554244],[-65.024589713319983,-13.025847407549049],[-65.028338649768642,-13.030817796542147],[-65.040907501528551,-13.037233799307755],[-65.063544440849086,-13.04644757879557],[-65.076209976325231,-13.062405459261148],[-65.103335839825519,-13.104643020317139],[-65.129261413728941,-13.128961487200561],[-65.134220825427235,-13.129796887355747],[-65.140043857440787,-13.127601378592244],[-65.149471027061011,-13.12000787581554],[-65.166910331652616,-13.110199724283254],[-65.176389418067714,-13.108688417666245],[-65.200857839870906,-13.109554066467686],[-65.209289252972553,-13.113418138021524],[-65.217752981362963,-13.120859996204368],[-65.220807518513823,-13.124760624218199],[-65.223675648349499,-13.134761597913789],[-65.22397879818655,-13.141333963901944],[-65.219866184721397,-13.145194974235705],[-65.213157644250174,-13.145252845258968],[-65.187949247722457,-13.136263556230707],[-65.182096721260606,-13.136552389340936],[-65.178830897543804,-13.139688347984988],[-65.177511234950202,-13.145155649885085],[-65.188022524528677,-13.158283631660348],[-65.18990429930291,-13.164125414649428],[-65.187889579284985,-13.170789447966778],[-65.177488402444538,-13.181039567513162],[-65.175096067960169,-13.186439559222416],[-65.176507865242357,-13.194317755021521],[-65.181079819161454,-13.200806165976617],[-65.199514119523556,-13.215591717740791],[-65.207763613873766,-13.223841001432133],[-65.218440017536949,-13.239621230495677],[-65.229915559144942,-13.264345627981742],[-65.236368564094803,-13.275755083387084],[-65.241125944568893,-13.291455407249062],[-65.242510294301695,-13.300476234965339],[-65.240821391900568,-13.302642899386106],[-65.235575437974376,-13.302928190691974],[-65.19477990992641,-13.299936524107023],[-65.190364071160829,-13.300727991169845],[-65.189101177682943,-13.3042066535607],[-65.189412656194634,-13.307561665037957],[-65.190997404928126,-13.313669161838435],[-65.199999527172736,-13.323752699964251],[-65.217506724632216,-13.335921497665124],[-65.229241784987408,-13.340470386592171],[-65.260825087110874,-13.357366160278703],[-65.265537592189844,-13.36178310962338],[-65.269326552489488,-13.367666912914808],[-65.270670723802581,-13.37811071970699],[-65.275790590491511,-13.390803373767666],[-65.276741327886356,-13.39621007560253],[-65.275554117141098,-13.399806959356839],[-65.271679607258292,-13.403308509035492],[-65.265454850952338,-13.403603548091789],[-65.25955726720386,-13.399711588624728],[-65.254876359601184,-13.395330434133887],[-65.247158821300943,-13.392649783493225],[-65.237887352708157,-13.393568909253704],[-65.229499070025838,-13.3975880196303],[-65.220404204542533,-13.404482149418415],[-65.217036843792641,-13.41013030690724],[-65.218083468892928,-13.41772406970688],[-65.226759024579479,-13.42816060357733],[-65.270215094306494,-13.466252792354814],[-65.292671842504134,-13.483580899779488],[-65.301686978976036,-13.489344025987391],[-65.30572500782209,-13.497701794529791],[-65.306411770431453,-13.504820524881831],[-65.306119779064375,-13.515809373990981],[-65.304519568445954,-13.519989350706583],[-65.302342610601826,-13.522280573524901],[-65.299908678738134,-13.52325924408718],[-65.296607022829818,-13.522930951515564],[-65.2930336093129,-13.519736214932818],[-65.292562178151059,-13.516891273248897],[-65.29472410694278,-13.504898133307206],[-65.294053963649745,-13.498688337024953],[-65.291210427571599,-13.495128219215866],[-65.285944635617653,-13.493741823922898],[-65.280413248862345,-13.496739216441176],[-65.273245282100163,-13.507126058409922],[-65.26637383790785,-13.520124714710233],[-65.260658394938375,-13.534489163567018],[-65.258970185505319,-13.541493516484424],[-65.260090286902823,-13.550040195628119],[-65.263580168304458,-13.557300478747178],[-65.271010586427835,-13.5658364834062],[-65.282421487541697,-13.573560620209255],[-65.299956918297056,-13.579082261612294],[-65.313765392146294,-13.580518340525858],[-65.323298877964064,-13.582934305375813],[-65.332802829769165,-13.58862197706979],[-65.338432680695945,-13.594006365040476],[-65.341436538166349,-13.608235730808547],[-65.340793402174413,-13.611951665304032],[-65.338115214457133,-13.614634623233899],[-65.332250169568354,-13.614977982180241],[-65.322239749504718,-13.608668914369657],[-65.317437809894074,-13.606591895292484],[-65.312620432650291,-13.605517537678677],[-65.304858562535642,-13.605402317812763],[-65.295166167640701,-13.606977436825582],[-65.285255690076582,-13.613133736645553],[-65.282563574973295,-13.616675387151487],[-65.281480134478826,-13.620384349612022],[-65.283634394928853,-13.62313883686622],[-65.29062038465716,-13.627786423480446],[-65.299086813554581,-13.630484902055171],[-65.312655260905316,-13.633410290442791],[-65.325502372475896,-13.632995600104989],[-65.333179948128546,-13.636740515035948],[-65.339421348764958,-13.643338913699763],[-65.341659909848474,-13.648667734888162],[-65.342049279394942,-13.653515348503928],[-65.338740064879559,-13.657400494186076],[-65.333316547640422,-13.657925529183155],[-65.310055232786297,-13.651376779697797],[-65.290122833707031,-13.649717576182239],[-65.283007716295245,-13.649611002583848],[-65.277889182479868,-13.650442000236849],[-65.274267465360509,-13.654472642991697],[-65.274027165510091,-13.659915759087236],[-65.276892405618995,-13.664649084876777],[-65.282715823038927,-13.668216442199475],[-65.292068909096656,-13.67365220618507],[-65.313458390979591,-13.681234294709741],[-65.32384112743641,-13.684105510125297],[-65.329827703056964,-13.687220538735643],[-65.332715544683694,-13.690592128158849],[-65.334963493080366,-13.695315979116449],[-65.335652596532,-13.700773252425522],[-65.334724014591586,-13.710745734850169],[-65.331931414003307,-13.721144405646433],[-65.325477127784396,-13.73309227602598],[-65.32189218745296,-13.734703169846538],[-65.318989980197912,-13.732238980207709],[-65.312830380747954,-13.720345270727217],[-65.304951178124625,-13.719470892652561],[-65.299759346438449,-13.715005349563034],[-65.295974422414389,-13.709653046331125],[-65.293384222556497,-13.697207524578667],[-65.29318869971263,-13.689942159643929],[-65.291413879228713,-13.684710808830145],[-65.288369734603634,-13.68148784429347],[-65.284657001777646,-13.681432112792811],[-65.28119897202275,-13.684860030157795],[-65.280320760655485,-13.691503968578909],[-65.281027510055466,-13.705585387945094],[-65.27922792035767,-13.711761520482311],[-65.279151585928673,-13.716601918426994],[-65.280020257979317,-13.720397474786958],[-65.284150076360987,-13.723485686674506],[-65.299184582425539,-13.72204737864263],[-65.304254990314902,-13.7243929175317],[-65.30524087407656,-13.730611079165476],[-65.296761136148817,-13.767885435919434],[-65.29046584162883,-13.77444775760158],[-65.273922341146857,-13.782972813333503],[-65.267707849066014,-13.784391453807396],[-65.258726915973952,-13.784557444243459],[-65.243277704576755,-13.782657473553348],[-65.221587479869228,-13.77808878745058],[-65.217075401168344,-13.779532262860092],[-65.214248454508109,-13.782060624537449],[-65.21279712521617,-13.785669162528622],[-65.213662176600195,-13.789615979140999],[-65.217170328504636,-13.792847094946579],[-65.221786274815784,-13.794582346981707],[-65.229502416538509,-13.796062586643307],[-65.240362522671191,-13.794564943710084],[-65.243917239292344,-13.794921938383728],[-65.24789512619364,-13.797857333203476],[-65.249537062115706,-13.801664757367158],[-65.249319351064827,-13.805595052255013],[-65.246767879969539,-13.810246106850252],[-65.236591390693661,-13.817321874753672],[-65.229244966480692,-13.83127894158501],[-65.226291844765171,-13.831989902174078],[-65.222277208056411,-13.831322850673731],[-65.215363345207876,-13.828039061999595],[-65.191793232982604,-13.811335079482587],[-65.180451635565205,-13.804350978947619],[-65.176459995879483,-13.802322138864307],[-65.173045474285829,-13.802874032287802],[-65.171753060730012,-13.806182053869263],[-65.1721604942921,-13.809667877665008],[-65.179077121071771,-13.82218087125616],[-65.182958025916648,-13.831015749869566],[-65.186347648811633,-13.841507093901493],[-65.187658481155196,-13.85605071119854],[-65.189549793204037,-13.86349308537894],[-65.199607801297802,-13.882893157477669],[-65.200155499556374,-13.887288949063956],[-65.197672662650518,-13.897083764532345],[-65.194519304540606,-13.900514101834469],[-65.191263031648035,-13.900765814742675],[-65.188361014689121,-13.898299928004763],[-65.180672471476981,-13.876092449240849],[-65.177950440422819,-13.872116534710264],[-65.174264953188313,-13.870243459438667],[-65.17100171321141,-13.870948729646235],[-65.168317893096201,-13.874083523378742],[-65.163135069148495,-13.887919830603499],[-65.155644146621867,-13.900811810177247],[-65.138415343320958,-13.92649828997917],[-65.13788794531871,-13.930271792723401],[-65.142798869761194,-13.94230047545105],[-65.142995336741123,-13.949110992978673],[-65.141945384813141,-13.956355541195196],[-65.139818870330416,-13.963129125679261],[-65.137409216649999,-13.968294641792687],[-65.132842475167607,-13.972760125986126],[-65.126450112088563,-13.975229784287277],[-65.120550142543024,-13.976043125982072],[-65.113824132000104,-13.978789406848611],[-65.112624154775233,-13.98300622703613],[-65.114169114457809,-13.991088738170818],[-65.113259678358403,-13.999728754583538],[-65.107608895282723,-14.008590976937993],[-65.105862863733961,-14.012442507251963],[-65.105353236904335,-14.016692067582968],[-65.082011996538839,-14.016692778620952],[-64.382994959420714,-14.143583517646627]]]}},
{"type":"Feature","properties":{"id":68,"name":"Moxos","area_km2":25116.763466670443},"geometry":{"type":"Polygon","coordinates":[[[-66.339278027846859,-16.117194624030169],[-66.310429674778746,-16.158978699390417],[-66.231095918653281,-16.285662523422857],[-66.169747716266173,-16.362841838626892],[-66.109805489808295,-16.396630085842617],[-66.056297849747423,-16.417138812184092],[-66.008913202042507,-16.449163339596858],[-65.971225369441683,-16.466975793898513],[-65.914092154298686,-16.481435949373775],[-65.861720330328865,-16.491651133446183],[-65.835349678286292,-16.490443876080811],[-65.594746460486803,-16.460171452717336],[-65.35341837377689,-16.400640555238805],[-65.299483267806082,-16.299129886942666],[-65.291236037067719,-16.195804539282761],[-65.328283486207766,-16.019432537160689],[-65.331493876117577,-16.01390009098839],[-65.328049350211629,-16.012563084128317],[-65.327789430700022,-16.011460408233631],[-65.328548117129884,-16.010286927734462],[-65.329842625464551,-16.010033855513683],[-65.331691010726757,-16.012254649990115],[-65.335323238374087,-16.008480396409126],[-65.33475545951687,-16.007470715820997],[-65.330874804646058,-16.005809824187402],[-65.323488601838449,-16.003923885273174],[-65.322235518194759,-16.002413642153719],[-65.322375102841207,-16.00112736291905],[-65.325914352510949,-15.99732439564213],[-65.330562502409549,-15.995929497640432],[-65.330955697953343,-15.995208155360688],[-65.329670911605149,-15.993626590801044],[-65.324507709331414,-15.990545285397415],[-65.325050852787413,-15.989433911072757],[-65.329545025748473,-15.990759643469241],[-65.329934410630273,-15.989709682668511],[-65.328726204055272,-15.986734949306145],[-65.327700461405726,-15.986178372427737],[-65.326691311385346,-15.987055769165446],[-65.323176725294047,-15.987631596223276],[-65.322806842681501,-15.985024221576714],[-65.320676540629051,-15.985106987221185],[-65.321059072322385,-15.983459543205933],[-65.325321709684161,-15.983473236777643],[-65.326570317473397,-15.981935932813327],[-65.3248061667625,-15.981626353566758],[-65.322379485046255,-15.982787958227016],[-65.319348411965208,-15.982432259455894],[-65.315993376826185,-15.980765350511549],[-65.315204791079182,-15.979339672055714],[-65.315995032442274,-15.978225656956663],[-65.319031550563466,-15.979059409309224],[-65.323583266257359,-15.977366961054662],[-65.321859900664606,-15.975234327336372],[-65.322467759482734,-15.971702110141552],[-65.318699393399228,-15.968993936109937],[-65.319213712088384,-15.968062159991947],[-65.321432005143308,-15.967590060918333],[-65.32267451442668,-15.962849882234922],[-65.320463395168119,-15.960722480031473],[-65.316893650867883,-15.961836560398412],[-65.313199314419208,-15.960173213479232],[-65.308342880918971,-15.959508254621211],[-65.310586012303787,-15.953126006936822],[-65.312598339556715,-15.950863506226751],[-65.314536849377191,-15.950245110365122],[-65.318081413872562,-15.952328369240778],[-65.318506505401047,-15.95169634313525],[-65.316305164381845,-15.948254112808185],[-65.313864738669039,-15.948190705240082],[-65.311468887259537,-15.949321939299983],[-65.309572280972915,-15.948206891769088],[-65.308654228829397,-15.946244735951648],[-65.306812807777987,-15.947250461304128],[-65.305599664870016,-15.946486599369777],[-65.304498983718389,-15.944753453190522],[-65.306270444165037,-15.943031406946426],[-65.305797030602548,-15.942140109552669],[-65.302194561214279,-15.943074994093223],[-65.301251748486621,-15.941947929305043],[-65.301691034319475,-15.936835686736659],[-65.30387796782027,-15.931475958524597],[-65.305602253496815,-15.931039222730012],[-65.309438736479677,-15.931685377433254],[-65.31266565735001,-15.930336125799913],[-65.314990631103029,-15.928428820834492],[-65.317579706237282,-15.928012589215887],[-65.31983705473715,-15.924525986971835],[-65.320157808360705,-15.921482091710578],[-65.317933565262678,-15.918809753120884],[-65.315149474516389,-15.919011744846541],[-65.312378505058277,-15.920360905391826],[-65.311897055151405,-15.919735026329214],[-65.314120067079926,-15.917129672936223],[-65.318061386700009,-15.914448487612971],[-65.320614888303311,-15.914822614033239],[-65.321887572335967,-15.914010569456858],[-65.321270927188749,-15.911937652069422],[-65.322341839723578,-15.907055924152944],[-65.324286052741357,-15.904286175694802],[-65.324755271012819,-15.90212986871364],[-65.324483515759738,-15.889225249253434],[-65.325708674479316,-15.888375468590883],[-65.323386093112134,-15.882404865437115],[-65.323343981803077,-15.878733831646343],[-65.325297121181364,-15.878483370873438],[-65.324132246883991,-15.875111243479537],[-65.321838665113162,-15.876684785531845],[-65.317895647513453,-15.873973455391937],[-65.32040921784872,-15.870906048797494],[-65.318561761109194,-15.864844934046216],[-65.319068877694889,-15.862544812572041],[-65.318227415034102,-15.861521215128436],[-65.315557388470779,-15.861262958194109],[-65.314335162396389,-15.863226519095264],[-65.312332800089138,-15.86428858792056],[-65.310830818282653,-15.862511896741713],[-65.307793079976193,-15.861408906336028],[-65.30641869547128,-15.859989363937297],[-65.306268059360164,-15.857600648599403],[-65.307304549604552,-15.856454205235625],[-65.304867918546037,-15.853910559670842],[-65.3051066869332,-15.853190922418046],[-65.308493584333974,-15.852437749683798],[-65.31019907904647,-15.849324106255988],[-65.30822857258417,-15.84976341860572],[-65.307341976118721,-15.847800851382006],[-65.305977202835052,-15.847217802885902],[-65.30338943343061,-15.84766363931954],[-65.302479121385076,-15.849047754871478],[-65.300566931161995,-15.849187588032629],[-65.299552894638168,-15.846867781956595],[-65.296651061450419,-15.846838805869426],[-65.295589544151795,-15.845774405803933],[-65.295072765932218,-15.843748092719547],[-65.295994601039567,-15.843379775913702],[-65.295612762262621,-15.842367928943146],[-65.293632821040347,-15.841970584446766],[-65.292713685580978,-15.842577896573054],[-65.291824575789647,-15.840376234599427],[-65.288684564872156,-15.83837762151],[-65.287839266042369,-15.840059790038472],[-65.286046547025066,-15.839839672867251],[-65.28540374668242,-15.83757561661327],[-65.284719401080991,-15.837104759899034],[-65.28361843852008,-15.83801274547012],[-65.283105837254013,-15.836344895887107],[-65.282306107162242,-15.836592352176005],[-65.282509409112706,-15.838203702283904],[-65.281088396779765,-15.838099144652602],[-65.280298718910373,-15.839242874413957],[-65.278387918864766,-15.839502005892401],[-65.277876022575057,-15.83789389193254],[-65.276883735356094,-15.837486003599411],[-65.276992450194371,-15.836170160485894],[-65.275827049678824,-15.836839748825069],[-65.275288260237488,-15.838339384268272],[-65.273303024094915,-15.837463826707165],[-65.270784323447401,-15.838565895114426],[-65.269105721328842,-15.837507805907878],[-65.270127671500362,-15.835046971038812],[-65.269607844086707,-15.8327217972941],[-65.272054741114019,-15.830724112417323],[-65.268075793094184,-15.828196108781622],[-65.268189902162476,-15.827358283123525],[-65.272165767752469,-15.824089661915368],[-65.2702967908658,-15.822555484837784],[-65.268816830628523,-15.82269048635505],[-65.267664130737515,-15.824495323841631],[-65.266861754718718,-15.824503710294362],[-65.265607352264908,-15.822724027769171],[-65.263130538483907,-15.822032763888934],[-65.259266010500767,-15.818666732527875],[-65.259916379818975,-15.816090287292814],[-65.259283926802269,-15.814722395465362],[-65.259043706206796,-15.809764826146781],[-65.259771706065322,-15.808621813003402],[-65.258956786173385,-15.80749485389644],[-65.259228839971556,-15.805579706516188],[-65.248715325426431,-15.805617121363289],[-65.247412949062465,-15.805056905889758],[-65.245417691660563,-15.805471963511945],[-65.245320838059328,-15.8067637899559],[-65.242167352650711,-15.80625853015408],[-65.241858082938592,-15.805078465442614],[-65.24440839861694,-15.804621847566043],[-65.241741230005132,-15.801192847707059],[-65.2436501543731,-15.799667173173502],[-65.2433325975868,-15.797734213603229],[-65.241859349373343,-15.798466548056043],[-65.24154803538471,-15.796425949241586],[-65.239924701794408,-15.796980536450013],[-65.237577335638846,-15.795678037676526],[-65.2380433403534,-15.794274837429668],[-65.237371323490677,-15.793779767314939],[-65.236154638421269,-15.794936162514766],[-65.235333211947165,-15.7936573169406],[-65.233525916367839,-15.794321317689942],[-65.232653208128312,-15.792408376887666],[-65.233411142491931,-15.790607761693185],[-65.2324378232085,-15.789649634849132],[-65.231264726423547,-15.790737378460404],[-65.229997156749349,-15.789961542922102],[-65.228712961168455,-15.79105041410048],[-65.228286837111469,-15.789333664856439],[-65.226121625192462,-15.787742300640533],[-65.226220567198226,-15.786629730030567],[-65.223746020115954,-15.787228764480963],[-65.222844075037855,-15.786018858887205],[-65.221476423320652,-15.786247979925703],[-65.220577229627281,-15.785289032361414],[-65.219434083164728,-15.785730987680244],[-65.219076641971128,-15.783511512144493],[-65.215783624391904,-15.780353830406932],[-65.21434682695903,-15.780739108785854],[-65.212727445418452,-15.779381074438916],[-65.208781888818038,-15.779779752841989],[-65.206038195937765,-15.777178079104646],[-65.205140669131126,-15.774079560400956],[-65.204210520359354,-15.773670652380485],[-65.195694716264029,-15.773756767402256],[-65.190161433103739,-15.775724941927884],[-65.188345660343941,-15.779054057451978],[-65.189417841610208,-15.781194715297895],[-65.191782145070349,-15.782963769086056],[-65.192239832748484,-15.785349648676403],[-65.191695342216093,-15.786371097345784],[-65.188011166622161,-15.78814131963667],[-65.18557594677695,-15.791273469783835],[-65.18372898941459,-15.791710373762848],[-65.18294141317169,-15.790713819861244],[-65.18226052582402,-15.785765539034466],[-65.182326377221159,-15.776108580775814],[-65.184422224235675,-15.773007395415659],[-65.190246054978346,-15.770732675094109],[-65.191677704354333,-15.769570821611003],[-65.192105824032367,-15.768060496381535],[-65.18979536261125,-15.765182197540149],[-65.186346062288095,-15.762703945470244],[-65.185201017093831,-15.762966445234156],[-65.18350079154537,-15.766712699801023],[-65.181625578157679,-15.767950666388288],[-65.179004865133123,-15.768729933814472],[-65.172973388938402,-15.768431666007263],[-65.170310607316594,-15.772223316378762],[-65.166019045317043,-15.772588803638063],[-65.164085710925917,-15.771855024381908],[-65.164074682866087,-15.770815251982215],[-65.165104932217432,-15.770195416721409],[-65.170197277955495,-15.768531083984714],[-65.171726383849062,-15.766077495234077],[-65.171569540001798,-15.76177611436159],[-65.168419939198003,-15.758078281606128],[-65.16814646457469,-15.756732744665234],[-65.168728933456038,-15.755794638549311],[-65.173740353901465,-15.756999698517324],[-65.176732195953207,-15.754586220106868],[-65.177882641304151,-15.753085670715725],[-65.178776395113729,-15.746622333926348],[-65.177972365736409,-15.744134669366089],[-65.176175154283172,-15.742252158268828],[-65.173655877283494,-15.742098008912651],[-65.171329699466099,-15.742694923816023],[-65.166759164731545,-15.748119116953326],[-65.164608123151396,-15.74778191775613],[-65.163592601660554,-15.746285964350735],[-65.163510039912808,-15.741983813017244],[-65.161245004318701,-15.73786108276388],[-65.164259745827692,-15.735858978492988],[-65.170205300912642,-15.734430101624239],[-65.17306953460637,-15.732214241524836],[-65.172726086804502,-15.73124949871019],[-65.166908766909472,-15.727699820099307],[-65.166223714936194,-15.725533861326939],[-65.167628094272985,-15.725304762983336],[-65.174655201627573,-15.728139318297094],[-65.175192172288391,-15.726412784599928],[-65.173188378571325,-15.722488381490313],[-65.171012310165793,-15.721076712610778],[-65.162903901556518,-15.719671718139208],[-65.153900336201275,-15.716350107697528],[-65.148873473641544,-15.712997217656008],[-65.145017930048198,-15.705397259105244],[-65.146301411783298,-15.704237176567313],[-65.149562775362867,-15.704599547221655],[-65.151148354080064,-15.704010201985636],[-65.155032905593046,-15.700671114606122],[-65.158450889594164,-15.693791292615172],[-65.158321240309576,-15.691232142464715],[-65.157060167363284,-15.687831986462191],[-65.153734441334123,-15.684094435888007],[-65.146786524198347,-15.681314044770552],[-65.140297347091774,-15.681042502141256],[-65.138664179919047,-15.679658405488803],[-65.140058903989683,-15.677343826449528],[-65.142182477509991,-15.676599891621182],[-65.147335400848164,-15.676788429409195],[-65.148282713681397,-15.675942428549874],[-65.148516205135664,-15.671726750106682],[-65.150080952408672,-15.670171853431528],[-65.153661610984429,-15.670681694113062],[-65.158521819847621,-15.669540844592698],[-65.15928313335381,-15.668730106978321],[-65.154904779428009,-15.665560339783166],[-65.144215603558408,-15.660903266209795],[-65.142009444198052,-15.658737475472781],[-65.141062266463891,-15.656631068263181],[-65.142071901097822,-15.654075222063325],[-65.144586372814004,-15.653871325341058],[-65.148338851114985,-15.65526890204837],[-65.149886692789778,-15.654644117587026],[-65.148016401488505,-15.650049896978945],[-65.145194797872747,-15.648335951706747],[-65.138122183451443,-15.647938913576123],[-65.137848998196574,-15.646578941026183],[-65.140488278636454,-15.644150635083607],[-65.141170698849592,-15.642159780527729],[-65.140368282787847,-15.639729215698466],[-65.139477240906288,-15.639451041977024],[-65.133214675514424,-15.642201494726224],[-65.130795484077112,-15.644448285140031],[-65.130928030624091,-15.646526819995996],[-65.134887282114491,-15.650038320682134],[-65.134535096690769,-15.651762980936601],[-65.132990190144923,-15.652674502910644],[-65.129834363003098,-15.651701154311768],[-65.128369652918593,-15.649635563149209],[-65.127707128831275,-15.642828769831894],[-65.125169781595389,-15.637223496980832],[-65.125828776334203,-15.632949867647939],[-65.124323266473382,-15.630138751122855],[-65.125165429323332,-15.625684052839754],[-65.124318891648713,-15.622536638726023],[-65.126477093846376,-15.620113170315367],[-65.130397904856409,-15.619967569024761],[-65.134065776719041,-15.6239840076804],[-65.135249770513781,-15.623972489016422],[-65.135720363753137,-15.622963857323457],[-65.134939515142648,-15.619026962883604],[-65.133815814260672,-15.617711104732743],[-65.132247774547764,-15.616363697112554],[-65.125370550930683,-15.61507371497469],[-65.124272457008587,-15.613841222194713],[-65.124107720943883,-15.61221719607637],[-65.12493550400076,-15.61115731622094],[-65.133819651287808,-15.609248115298699],[-65.137548083473561,-15.606777612840625],[-65.13960304111346,-15.602753352701992],[-65.140289664558821,-15.597606878662438],[-65.139800719197112,-15.595648957884958],[-65.134950630375528,-15.591751623982661],[-65.129294256025105,-15.588579154079882],[-65.124772176647937,-15.587762276608528],[-65.123901785783843,-15.585870140754841],[-65.136617767430948,-15.584814625133001],[-65.140138873057339,-15.583874201285484],[-65.142468408217738,-15.582566573208156],[-65.143526272755125,-15.580524259111881],[-65.141631479541502,-15.576179868628524],[-65.139208532718413,-15.573221159308668],[-65.127891912566866,-15.569984005097579],[-65.124233658555852,-15.567987309566798],[-65.116275185242912,-15.561489710331491],[-65.114202935065322,-15.557804121800135],[-65.114421445307556,-15.555052787464909],[-65.116508876243017,-15.554196020207653],[-65.122206664555122,-15.556711135779109],[-65.127922395119526,-15.560959116024115],[-65.134472461315085,-15.562389862731072],[-65.137609097565601,-15.561642253442644],[-65.138202111616934,-15.55936541863546],[-65.135439469787784,-15.545679662801172],[-65.132883622431194,-15.544614287622712],[-65.120164020340809,-15.545081244859125],[-65.117912334602678,-15.544816014619576],[-65.117015289032409,-15.543906625801613],[-65.117056880527571,-15.542184966051218],[-65.120602686573065,-15.535896984429847],[-65.124244140330234,-15.533188258903783],[-65.128314194335701,-15.531886774170465],[-65.128599462558086,-15.530851271640431],[-65.128056894326974,-15.529881129726137],[-65.121046295330942,-15.527194626816286],[-65.200664218900187,-15.4141051507971],[-65.248740272570089,-15.343754543918267],[-65.245152176224963,-15.339939597579701],[-65.243061083841724,-15.340199684345022],[-65.240095784024476,-15.339333041860135],[-65.238541058194357,-15.337914342412152],[-65.231444407455498,-15.336551124369244],[-65.228222106791605,-15.334670907911477],[-65.226798386272407,-15.332354355149134],[-65.22181397953716,-15.333583301246028],[-65.211953609439476,-15.33063974561709],[-65.211630279743829,-15.328003782364551],[-65.21329985940443,-15.323741620806167],[-65.208731502376352,-15.31843583705391],[-65.205637329209893,-15.316515715496003],[-65.202638612131352,-15.312414407908879],[-65.205148050129893,-15.30366888105244],[-65.203405693620581,-15.292285443644534],[-65.204029248877774,-15.285968200777242],[-65.203521253158186,-15.284491050839412],[-65.202566516799379,-15.282683614695367],[-65.199237836820174,-15.279943276821681],[-65.198246944276548,-15.276827707923907],[-65.196687387500631,-15.276054121878918],[-65.192165868106599,-15.260876063213944],[-65.188278288569037,-15.256431689154894],[-65.18420411560443,-15.255359792742427],[-65.180453256747782,-15.249343285888449],[-65.177762360697429,-15.248676154129379],[-65.175517639679924,-15.245900919908637],[-65.174269240560022,-15.242311159786412],[-65.174117932889089,-15.237172796099516],[-65.17530499328835,-15.235181065519143],[-65.177546653830035,-15.234083552146158],[-65.175567700709848,-15.22840111695254],[-65.173699536322459,-15.2263035093375],[-65.170209268701313,-15.224845513577376],[-65.165151909498604,-15.225073622690397],[-65.163246208451241,-15.222904552960145],[-65.162360618320591,-15.219362982778703],[-65.157624383851086,-15.218476165111747],[-65.157672556134841,-15.213536032098949],[-65.155349243394966,-15.212649877186477],[-65.153086536946972,-15.20803369851774],[-65.148824843312454,-15.207787591467969],[-65.145871981584435,-15.209881328100138],[-65.144836833553228,-15.209771673275982],[-65.14404471972469,-15.209348909638956],[-65.144121912705842,-15.207244388038905],[-65.143380252269466,-15.206940673720046],[-65.140780959127625,-15.207969518190833],[-65.137597353742137,-15.20721088804172],[-65.134030792733299,-15.205093156911985],[-65.131025569054259,-15.204930402657801],[-65.13065066465569,-15.201921692963717],[-65.129295298783703,-15.199492442717586],[-65.127161927077921,-15.198496584814434],[-65.126984705093548,-15.196167337073705],[-65.124228535919144,-15.197508258118839],[-65.120801047690904,-15.196345246991708],[-65.120757434819467,-15.195060657592624],[-65.123758536783825,-15.190519911418097],[-65.12247278107985,-15.188111459842188],[-65.122915619078952,-15.185621455514344],[-65.119799075897831,-15.184144679686186],[-65.117882413258556,-15.180791823256486],[-65.118011842496344,-15.178959324951267],[-65.119887992896537,-15.178501784001783],[-65.11882367338653,-15.175451697332289],[-65.120570114936271,-15.172853304118847],[-65.118103503349474,-15.172350551120504],[-65.119454691604801,-15.169612440411315],[-65.118585437931316,-15.166369252958232],[-65.111421090312888,-15.164256149247461],[-65.108725531825101,-15.165476741868371],[-65.107198102731672,-15.16534758388555],[-65.106006732509712,-15.16435461423101],[-65.105845324879695,-15.162969501380612],[-65.102437415182436,-15.161853760516181],[-65.101627131786643,-15.159566214338724],[-65.102938242186752,-15.157737034059179],[-65.100765756527906,-15.157087879594069],[-65.096382331193624,-15.151580163251179],[-65.092671195775708,-15.149642256028359],[-65.092405695066745,-15.147672353068737],[-65.093480878770393,-15.144375106741057],[-65.092858558964494,-15.143663655405435],[-65.092069866814072,-15.144806571458792],[-65.088718734262258,-15.146181214555282],[-65.087034053021426,-15.143806049414819],[-65.083174029725853,-15.146020787288714],[-65.081686257092699,-15.144898905748416],[-65.081795756280741,-15.142957351131813],[-65.079974285660001,-15.142316684415583],[-65.079208248176855,-15.139484709736422],[-65.076195975187389,-15.136613626875759],[-65.078137101192567,-15.133756733283841],[-65.076098637108117,-15.132938713395134],[-65.076381803424098,-15.130425801412965],[-65.078147996454334,-15.128563935870803],[-65.076697451464867,-15.12493135107241],[-65.074930177910161,-15.126680897310605],[-65.074129221132551,-15.126568713524078],[-65.071194403473882,-15.12214281416445],[-65.067486980954442,-15.119656565143501],[-65.060861943952133,-15.120166227954332],[-65.058309700108339,-15.119204735689658],[-65.055026672630163,-15.11615494246473],[-65.054753299351944,-15.114936951918557],[-65.056618154731325,-15.111551844363417],[-65.053300405913916,-15.111829333423019],[-65.052960825176797,-15.11062594090423],[-65.050376298366444,-15.110885819370088],[-65.049441891961038,-15.109468002378366],[-65.049663970240189,-15.10640116665237],[-65.051895369695302,-15.106122296559905],[-65.052319911333726,-15.104251226123031],[-65.052168029116885,-15.103354405275136],[-65.049830727960256,-15.102643778852718],[-65.048530457631614,-15.100903636126327],[-65.049961173369397,-15.09783235209686],[-65.050130371053015,-15.09532874882453],[-65.048709618905249,-15.092439287587132],[-65.042383227486866,-15.091317676868874],[-65.036897562050953,-15.093426156458673],[-65.028028557388154,-15.094702817314252],[-65.018371097583156,-15.092145826516877],[-65.003857621471994,-15.083893070886717],[-64.991053219163078,-15.078892425783449],[-64.985583462650112,-15.075811661855941],[-64.983429246287059,-15.072789651270135],[-64.982518673664231,-15.068954243596002],[-64.983691011436591,-15.065394488146042],[-64.98630537507043,-15.063531203022338],[-64.996932074043158,-15.060138657998333],[-65.005009012634773,-15.055148987006026],[-65.008419883815137,-15.050076826834806],[-65.010221102333645,-15.045692392668895],[-65.015646356908903,-15.027933758517262],[-65.019058630563919,-15.022741943699289],[-65.024428337867519,-15.017942378499791],[-65.026741964679701,-15.012373062135707],[-65.026564904906195,-15.008669883713415],[-65.025381469194713,-15.006262042396767],[-65.022713911640039,-15.004425025070143],[-65.01903560002421,-15.004121924180689],[-65.014953618055074,-15.00572138612333],[-65.002864036851733,-15.015296175103741],[-64.999469400211325,-15.019533163198071],[-64.994099235817188,-15.024331988436737],[-64.988516788732326,-15.027336590570846],[-64.982865099635973,-15.027475347305996],[-64.978887689005603,-15.023466329913465],[-64.978655837029677,-15.0161817904396],[-64.97980983577564,-15.013576484175948],[-64.987866996983925,-15.002977185856386],[-64.989998952011717,-14.994015593411456],[-64.989829144232232,-14.989954599699304],[-64.984813975268381,-14.975782570041671],[-64.985730994922818,-14.972695573303705],[-64.989756308698276,-14.967514955119663],[-64.994799441436356,-14.967006903659827],[-64.99783449404319,-14.96885055097775],[-65.008701410449376,-14.97870899628265],[-65.013466229400009,-14.979986039670797],[-65.019268280326088,-14.97829721691045],[-65.022297926240853,-14.973814596984356],[-65.02256837188628,-14.9658223889202],[-65.02376111327257,-14.961068911312134],[-65.02592242268625,-14.957048447289361],[-65.032683942475487,-14.94988534478391],[-65.034969859495476,-14.945747536148977],[-65.035178133333588,-14.941096157463036],[-65.033887398124449,-14.937851040835879],[-65.031454909907666,-14.936615173396373],[-65.024689904899645,-14.937332956503841],[-65.016234803367666,-14.943153365608373],[-65.003869809682257,-14.94795004252679],[-64.993382976501877,-14.950749914539488],[-64.988958295656261,-14.951030194098514],[-64.984803515815869,-14.950002259387416],[-64.983404657994654,-14.946015129817711],[-64.983629586781277,-14.940528879790852],[-64.986973321985815,-14.932352360945709],[-64.986894231559162,-14.923399504525667],[-64.988029620485321,-14.92174850508191],[-64.994816082769574,-14.919838568366963],[-65.004648058380283,-14.919175221962472],[-65.021700427197814,-14.913027461433268],[-65.027366854039684,-14.911932431402706],[-65.029589898090478,-14.91220527763045],[-65.030677393465339,-14.910879291283496],[-65.029725544880193,-14.906565859443264],[-65.022029088387001,-14.90058835901805],[-65.010105792116534,-14.896227116548902],[-65.00440621021967,-14.89589849707775],[-64.990199872090074,-14.893186528056431],[-64.985291480148732,-14.891026597491228],[-64.98448932689567,-14.889809449755175],[-64.984538187868623,-14.887174997427719],[-64.987120842067114,-14.881319462980178],[-64.9885641151226,-14.880256245297847],[-64.994345656224127,-14.879521956724618],[-65.006592051803139,-14.880929359777641],[-65.011889515469989,-14.879828104705348],[-65.018709613027795,-14.876007969173441],[-65.021505051122759,-14.870804798332236],[-65.023489705017795,-14.862961625556121],[-65.027040507980928,-14.856697189414293],[-65.031688577652574,-14.850809704891446],[-65.031852687723571,-14.848544721445665],[-65.031026706830119,-14.846740053817173],[-65.027832930473494,-14.84692351704596],[-65.020499230036378,-14.852048205587733],[-65.016551859586187,-14.853173274460127],[-65.009938600981798,-14.852461568909456],[-65.006538969764463,-14.850492726024287],[-65.004880896206203,-14.847241261208916],[-65.002349143853024,-14.838126169828783],[-65.002130411077644,-14.830006199983728],[-65.004607657927821,-14.828736382510257],[-65.007549212494553,-14.828906873175383],[-65.014967855464718,-14.832497020064581],[-65.028835042236395,-14.832379099960944],[-65.034462253200545,-14.833311828636585],[-65.040433627282951,-14.835563325232078],[-65.044790939402489,-14.838861145811951],[-65.051048200858261,-14.845653083002622],[-65.054816364993968,-14.847627673164441],[-65.058943812287779,-14.846994219884388],[-65.060654467826865,-14.843158891575301],[-65.061007987543832,-14.837196821321816],[-65.059383655187389,-14.832036364895904],[-65.056730463257523,-14.829484229033055],[-65.039147463527343,-14.824765459774545],[-65.028357264182915,-14.8176564344125],[-65.020739237669389,-14.811556823493719],[-65.01785896845648,-14.808045606847307],[-65.015611215785825,-14.80349498614447],[-65.01294939592529,-14.788051840928604],[-65.012092683046092,-14.781233669104241],[-65.013294462552693,-14.775883397748517],[-65.014967046344296,-14.771615457825424],[-65.017953585275322,-14.76927990336139],[-65.020412601234426,-14.768964279866241],[-65.024319216148783,-14.769986531568222],[-65.026601331323477,-14.772651760354504],[-65.028835729806218,-14.777942054523772],[-65.033682428333805,-14.794735854424976],[-65.036859185934276,-14.802190873507236],[-65.038767268313123,-14.805207726908266],[-65.040583122545854,-14.806551945323774],[-65.043042604811433,-14.806236175618368],[-65.046924860249987,-14.801886547388863],[-65.057079156131451,-14.796689430232233],[-65.061445079792449,-14.792705819750838],[-65.061985232882719,-14.789969706518393],[-65.060832098554158,-14.785891644884492],[-65.054048563486347,-14.779233474166285],[-65.050556387800597,-14.774635998254672],[-65.048013144109817,-14.769147238729738],[-65.043802423626417,-14.752739580046201],[-65.043178790991192,-14.744148067016303],[-65.039559163591449,-14.735727924282866],[-65.036717188193208,-14.724698054905447],[-65.038248495563366,-14.721401298589241],[-65.040241162611352,-14.719716628124422],[-65.047110236086198,-14.719643139538288],[-65.051866323182068,-14.722493571382165],[-65.055034194479731,-14.720924297348827],[-65.054877562443068,-14.718725354051685],[-65.053351242297026,-14.716312070202173],[-65.045699391337408,-14.710834019907102],[-65.034254880901543,-14.706245747236411],[-65.022600408978306,-14.699743670711545],[-65.019927195657388,-14.695687305338602],[-65.018823106768693,-14.691657897718278],[-65.019282858998878,-14.68794181856169],[-65.023451732178927,-14.679820595309065],[-65.026763662398452,-14.675675923000226],[-65.040526218997428,-14.663115768673242],[-65.040483136967481,-14.660059389477478],[-65.038365490576865,-14.657827024660994],[-65.029205471185776,-14.654519463849978],[-65.021545493438566,-14.649633117694192],[-65.016736409256225,-14.644394437164019],[-65.013590787696558,-14.639375212842289],[-65.005372551545292,-14.622046753964311],[-65.003844279759406,-14.614381686756222],[-65.003827452355225,-14.609893586391415],[-65.009287251876927,-14.598605283448949],[-65.0080715772811,-14.595337943216533],[-64.999391371050677,-14.587359357541123],[-64.996937953706023,-14.582065595491498],[-64.98832402816916,-14.570478652193684],[-64.982353207438081,-14.564551489410475],[-64.976839786772658,-14.560446297732684],[-64.956761411948193,-14.554084348965022],[-64.952592880656951,-14.551529700452171],[-64.949414849660201,-14.548419284247311],[-64.947806512030681,-14.545240574725424],[-64.948161496012361,-14.541904929672809],[-64.950911762552423,-14.536758439985508],[-64.965269323975107,-14.528795073475246],[-64.980286425239797,-14.516831590545038],[-64.981326642209169,-14.513507517872446],[-64.980108099406053,-14.510431146634071],[-64.976223446627529,-14.508454816150923],[-64.972505452703032,-14.508104503832895],[-64.964715006251183,-14.510739470593965],[-64.959014944937863,-14.511596053958035],[-64.94973664961023,-14.509812692543731],[-64.944812972875042,-14.505717391839234],[-64.939021758861031,-14.497615977646021],[-64.931017679022958,-14.490507320667243],[-64.927966550069826,-14.485871439856277],[-64.926872999041962,-14.481364999908228],[-64.926870966125634,-14.47611367705842],[-64.929006109427434,-14.466507401184545],[-64.93144751758382,-14.461584804963691],[-64.934498359752823,-14.458162164642916],[-64.941550105404232,-14.452937146627063],[-64.944995696611244,-14.452041782900258],[-64.948222862044034,-14.452383841814761],[-64.953010350093109,-14.453134637621288],[-64.964009944250037,-14.457142941646781],[-64.9708547412706,-14.457928716522881],[-64.974683632747983,-14.457516887392964],[-64.992660874721352,-14.449516796820483],[-65.00984406841026,-14.447517210606007],[-65.012217163624314,-14.446316115607049],[-65.013235891624731,-14.444137178205905],[-65.013484583960164,-14.441181291857061],[-65.009277552975718,-14.435342604017126],[-65.005989860996507,-14.432899699913072],[-64.999745045461083,-14.431456901253755],[-64.995516215883001,-14.432339886735736],[-64.991737759139156,-14.435426605523825],[-64.987823563283442,-14.440611582627314],[-64.983158155559565,-14.443969430511769],[-64.977652290953912,-14.445021182447535],[-64.965147412992877,-14.442992927070016],[-64.954062560386888,-14.438315006100707],[-64.948937200318923,-14.434598601387281],[-64.941535910630606,-14.426737287094413],[-64.940043358405532,-14.422605947767181],[-64.942319072986308,-14.415961561671253],[-64.945001319877917,-14.413907154261276],[-64.960961365517562,-14.408929626163767],[-64.963572974937307,-14.405346020719465],[-64.96370635263419,-14.397938891103399],[-64.96165161759896,-14.392365790108657],[-64.958018143112028,-14.387434049832057],[-64.954992980163539,-14.381366933281422],[-64.954950092030145,-14.378310797620196],[-64.956846649772757,-14.376338145844278],[-64.95951106128507,-14.375237933007476],[-64.962445184275651,-14.375479040765711],[-64.975848609997314,-14.381818584249038],[-64.97984979559466,-14.382650575795626],[-64.982308150200936,-14.382119493705767],[-64.985517319277108,-14.38068449202091],[-64.988117922961891,-14.377673154701982],[-64.9933061009624,-14.366875856692038],[-64.996878790996192,-14.36426276467774],[-65.006309510895164,-14.362703437356876],[-65.014185342868075,-14.360449093722172],[-65.016896781895298,-14.35667525025571],[-65.017352679365302,-14.353054386914197],[-65.016054543520355,-14.348926568582087],[-65.0128724438662,-14.346103865131505],[-65.008275667760927,-14.345739958005824],[-64.976612771706243,-14.360481474259954],[-64.969822514078004,-14.362275549993193],[-64.967278467902347,-14.362136708412038],[-64.965957348792458,-14.359345188406456],[-64.965737245238856,-14.355235688560528],[-64.9673825273304,-14.35087152767772],[-64.969500164861259,-14.347470209708938],[-64.97959821225605,-14.335916464004681],[-64.986265628022466,-14.32447585274482],[-64.986706504777942,-14.321714256164542],[-64.986372679126376,-14.318462123954435],[-64.982464324141588,-14.312475927963929],[-64.979873915252213,-14.309472047777314],[-64.970958531123514,-14.304241159736492],[-64.969239137100104,-14.301824897643966],[-64.969180439535222,-14.299627791266996],[-64.969806937280751,-14.297442311399967],[-64.971695709595437,-14.295851134981072],[-64.981511370775422,-14.292293497293551],[-64.987600605624465,-14.29125058529306],[-64.996018786999556,-14.291392586479217],[-65.006274990465954,-14.292806519129995],[-65.009420906539106,-14.292095479162201],[-65.011226706085196,-14.289643126521691],[-65.014255279304862,-14.273365526194324],[-65.012708654423889,-14.26111718186017],[-65.007867755699621,-14.252480401200005],[-65.001769267007091,-14.248558654667418],[-64.997948895220361,-14.243147285257594],[-64.998390887286774,-14.240290116517629],[-65.003057814616682,-14.236548934226709],[-65.009807070609696,-14.236852943453391],[-65.015532473648761,-14.239717837902557],[-65.018528781157258,-14.247483358588129],[-65.019493027119381,-14.253897195014801],[-65.021917034746863,-14.260812877296578],[-65.026239393683227,-14.265564023871368],[-65.029542167695382,-14.267051483520108],[-65.032486934503737,-14.266623144694318],[-65.037528953715324,-14.263842435330488],[-65.038606265761928,-14.258226432799194],[-65.037296098364308,-14.254766984357165],[-65.026147937233972,-14.237278611702662],[-65.024859751298365,-14.232578174084951],[-65.024220614603422,-14.224355463894787],[-65.025073672288357,-14.220359129569102],[-65.043727253473648,-14.189080548834641],[-65.044859959755129,-14.185852576325173],[-65.045352449683691,-14.180035742239438],[-65.042062202303768,-14.172246574910407],[-65.042113578674972,-14.169287200380163],[-65.044725111173221,-14.159781201990027],[-65.047078490166058,-14.157646259103016],[-65.132457963854606,-14.155921269108894],[-65.383078595488911,-14.153973479799989],[-65.378458059089041,-14.163422359663654],[-65.374890177080772,-14.165110812909996],[-65.374631001900539,-14.166248761156615],[-65.376897994992078,-14.169638463822052],[-65.379321540029807,-14.17031822509388],[-65.390571887399062,-14.166384028871635],[-65.388599625503517,-14.176797487668205],[-65.389600050397618,-14.178624379896752],[-65.400357527305374,-14.179936126691048],[-65.407239330754507,-14.178307947382605],[-65.413924081539349,-14.174584199181835],[-65.415535880893316,-14.174571148109925],[-65.417875942036432,-14.175950162537056],[-65.418247526048404,-14.177519878477183],[-65.41217012780109,-14.178105574829756],[-65.410316731683892,-14.180481280264832],[-65.410422051247707,-14.181964144248669],[-65.424545491147796,-14.197444824076758],[-65.432530300920462,-14.199457814900471],[-65.434695347978902,-14.201094036199592],[-65.433993789172504,-14.202410588634677],[-65.430342705131707,-14.204019330998808],[-65.429997091394753,-14.205157640366037],[-65.432358547484128,-14.213221581202243],[-65.431943908077571,-14.213903195060615],[-65.427116447413098,-14.214977381561242],[-65.426664063271048,-14.215722899525135],[-65.432833754009877,-14.225057532857663],[-65.43209521964323,-14.228822267268457],[-65.42925141095985,-14.234511440621587],[-65.42993955017819,-14.237459239715488],[-65.431591261377449,-14.237519779011452],[-65.4337855784852,-14.233432916731212],[-65.436207585027105,-14.231212233050714],[-65.438276066002842,-14.230455000658013],[-65.443602134724472,-14.235084040853723],[-65.449933830596976,-14.238832382495382],[-65.450757060966467,-14.240205942078974],[-65.450002518706654,-14.241484369742722],[-65.442069156875448,-14.246187987791092],[-65.439269117867056,-14.249083705911382],[-65.437350845024483,-14.251956736188173],[-65.434100362478844,-14.262461656413068],[-65.435151756045528,-14.26333715690796],[-65.437624496029073,-14.262586046781646],[-65.441327752954336,-14.262999651918582],[-65.443688406835165,-14.267047160901045],[-65.452802871410853,-14.271410359078878],[-65.455401656286156,-14.274343654447295],[-65.45886638335098,-14.280628630918761],[-65.45898860895565,-14.286899664875445],[-65.457984094599212,-14.287708655843643],[-65.455878102363087,-14.28613684143096],[-65.45238456038247,-14.279349858983368],[-65.453375335888666,-14.277071902907464],[-65.452832653688048,-14.274197901255315],[-65.449113981222524,-14.274751445093878],[-65.446252496068809,-14.276858146063107],[-65.445772424844719,-14.279358630048717],[-65.446290100417059,-14.28147995976162],[-65.450306168653071,-14.287730280089859],[-65.450061069351889,-14.289302866241309],[-65.447483474148626,-14.289694246593951],[-65.440898694900113,-14.287947875261068],[-65.438728491803246,-14.288130318316298],[-65.436437951517249,-14.288955755488528],[-65.433528710061864,-14.291742162016705],[-65.433214555079573,-14.293027082803276],[-65.434303914203198,-14.293831539122806],[-65.441072891166129,-14.293216531259576],[-65.446167086832332,-14.291644870832437],[-65.449356680726311,-14.292050775255314],[-65.450151732623269,-14.292886596884012],[-65.450112733798548,-14.297707892191545],[-65.448631936349884,-14.300766602303581],[-65.445238948754735,-14.303939976818212],[-65.440104902323185,-14.305690073906172],[-65.438231185484796,-14.308026319081089],[-65.438093310333258,-14.309779593922727],[-65.439697535105452,-14.310555947134249],[-65.441178914778988,-14.310270076420828],[-65.442386428013421,-14.308246236460862],[-65.445042771607888,-14.307533726899097],[-65.453708639646948,-14.30780660214657],[-65.456674932298981,-14.310752625211885],[-65.456374524821172,-14.313506584479931],[-65.446542070258417,-14.312643120585564],[-65.443203073047243,-14.314706699462674],[-65.442059941534723,-14.317304676886653],[-65.442563440829389,-14.317992871210725],[-65.445412641653732,-14.319038627656786],[-65.459047262846795,-14.318776778500318],[-65.464233689396977,-14.321906339218247],[-65.464132227286896,-14.324472226772441],[-65.461115068608805,-14.32553180772817],[-65.452439079831692,-14.324297633047598],[-65.450682091094194,-14.325047529785421],[-65.452360407308262,-14.335133148211701],[-65.454223489424223,-14.335429703396061],[-65.458993173243869,-14.3339187788864],[-65.465811518183102,-14.334731042448718],[-65.472366935452314,-14.332589660507923],[-65.475658092566675,-14.333593930811803],[-65.476569541851703,-14.337966136691586],[-65.476200119794314,-14.340050410837266],[-65.474226403890555,-14.340946519119257],[-65.467848880585962,-14.339537980897274],[-65.466419159662706,-14.340889929073878],[-65.466849791765256,-14.342717415928023],[-65.468809786043778,-14.344651295611978],[-65.479308475332246,-14.348837831475167],[-65.48042300726587,-14.350018698784535],[-65.479444545359627,-14.351884949845957],[-65.474229514988593,-14.354434484144834],[-65.473229814924281,-14.355697331973136],[-65.473100537568229,-14.358083701333591],[-65.481065980241326,-14.359814368903221],[-65.484256739319733,-14.359628927759164],[-65.485215929544182,-14.360956751958041],[-65.482464286303326,-14.364587903737277],[-65.482462683261687,-14.366647801969352],[-65.494139681188841,-14.369985692865237],[-65.497179490214151,-14.372176793578774],[-65.497497040064189,-14.374055411652096],[-65.496710886971272,-14.376127824969016],[-65.495275782003091,-14.377828012938339],[-65.489704272753642,-14.380916725345392],[-65.489365763062338,-14.382193073016944],[-65.494833569624205,-14.38187036112669],[-65.496916384023365,-14.385101291170685],[-65.496326926533058,-14.386661355661632],[-65.496888498665854,-14.390328663507566],[-65.498886991844984,-14.393884394142207],[-65.497997262601189,-14.40102525692871],[-65.49718128523908,-14.4021315380811],[-65.492919505977653,-14.403293644531976],[-65.493276006361185,-14.404135010887318],[-65.494562805447615,-14.406813852574514],[-65.497106689420562,-14.405840676863155],[-65.499204196294812,-14.406680307025772],[-65.504129246583105,-14.405802268673105],[-65.509179551201427,-14.408216309013797],[-65.509813744609374,-14.409503238610379],[-65.509132480077739,-14.410307300908958],[-65.504598668452303,-14.41209840055083],[-65.502484341951842,-14.414257775847359],[-65.502108363798001,-14.41604996260801],[-65.503118457249087,-14.416693630396713],[-65.51122296797277,-14.417178251385829],[-65.514370797308217,-14.418281920650969],[-65.514018399888187,-14.421843422701841],[-65.509390325680627,-14.428827662495634],[-65.508286052384989,-14.43342300961775],[-65.509437165254369,-14.435767040504741],[-65.512397317575179,-14.437881682981878],[-65.513078633671569,-14.440983857403653],[-65.506923045683607,-14.449966869653046],[-65.518130170872283,-14.453323984040809],[-65.527222704160806,-14.453164637661796],[-65.530112659174321,-14.45413009288866],[-65.531052553169658,-14.455210162728269],[-65.526707101647318,-14.469363825048385],[-65.524310524950124,-14.470328549198195],[-65.520832926584987,-14.469064241940716],[-65.519164700058781,-14.469776284903366],[-65.519376276984744,-14.471660493089397],[-65.520950670918381,-14.473384085892265],[-65.525063052736741,-14.47377261525709],[-65.525008424412619,-14.474422316663302],[-65.523012742176107,-14.476649824148748],[-65.517888494704508,-14.479081729558375],[-65.514155398238501,-14.484639034121924],[-65.516205699335075,-14.488729701336775],[-65.517900720129035,-14.490068459213997],[-65.522891998915895,-14.484589439178928],[-65.525441163852193,-14.484209204018148],[-65.528983136126612,-14.485007962684113],[-65.530288808475063,-14.485773637409158],[-65.530784046536994,-14.487422986215224],[-65.525139702359368,-14.489787618361621],[-65.524584919725768,-14.491958814532087],[-65.530442760856261,-14.493597946367888],[-65.533669743299782,-14.492988818605742],[-65.534942984670167,-14.493873420960588],[-65.528145404042903,-14.497474978626466],[-65.520348917732122,-14.50419622843796],[-65.520365229027732,-14.505701151219794],[-65.522614192778704,-14.50689885040012],[-65.524685075801258,-14.505765211076413],[-65.528368709644823,-14.501431086652023],[-65.536311572099621,-14.501040969682261],[-65.538093631195636,-14.502709317273281],[-65.538138195272154,-14.505755213185617],[-65.530107280383774,-14.517674074551529],[-65.529780643815371,-14.522893866594098],[-65.531639429174788,-14.523578207928276],[-65.534117619845148,-14.521883290128459],[-65.539185805082155,-14.515240777929614],[-65.547360158218353,-14.515373286263241],[-65.547064015374417,-14.516682566350378],[-65.542301917262179,-14.519418755864786],[-65.54192309887911,-14.522100148008317],[-65.548178885116258,-14.529751827401487],[-65.551847980745066,-14.5303134333549],[-65.552913564081152,-14.532747430546799],[-65.552792521005159,-14.536597026054229],[-65.554133842750261,-14.537064612300563],[-65.55580613257051,-14.535954709687692],[-65.556849905240909,-14.532088819372744],[-65.557747309534093,-14.531534755876594],[-65.564689021699351,-14.53056189791929],[-65.566753768361039,-14.531816279632922],[-65.567956605095702,-14.535297217701148],[-65.567140055451759,-14.536569052984758],[-65.565227270652173,-14.53737695837922],[-65.561766934819005,-14.537176870071587],[-65.560866736819904,-14.537910040245992],[-65.562736888651898,-14.54441027428407],[-65.56200458292551,-14.550131840233247],[-65.564478155232237,-14.552705946750185],[-65.566161785905962,-14.552850102235784],[-65.56695054803285,-14.551398740547913],[-65.566199052108985,-14.548461819940515],[-65.566730463620019,-14.545812437642978],[-65.569721405943696,-14.544662073171741],[-65.572508399655959,-14.546792854257038],[-65.576277640523841,-14.554795791844965],[-65.576067711849134,-14.562435914032902],[-65.57458487731715,-14.565160952570464],[-65.57554021646844,-14.566817048297811],[-65.577487818625144,-14.567741277381614],[-65.579002452024781,-14.566927486919132],[-65.580713886590317,-14.564086333014901],[-65.580747957781725,-14.561877460206075],[-65.582019389231149,-14.55894027699661],[-65.585599206238172,-14.557380348510698],[-65.587756268668542,-14.558635964948213],[-65.587792756539201,-14.560248752253377],[-65.58628493955149,-14.562615253777986],[-65.588318864855495,-14.565899323618856],[-65.591861144050185,-14.56678701116109],[-65.599879049025063,-14.565679711526966],[-65.604186428079217,-14.568656399573085],[-65.603666310448659,-14.57058954199916],[-65.598504041488098,-14.571380266576417],[-65.596152267454244,-14.572808984018613],[-65.59609859488333,-14.576301443248072],[-65.599225615690415,-14.58028811397166],[-65.607405111824974,-14.586874177598727],[-65.609110142253044,-14.587645389796883],[-65.611180695549109,-14.586570758655363],[-65.613636039641349,-14.588397838862843],[-65.612561009327408,-14.592532381015575],[-65.613790165321831,-14.604361737839096],[-65.614889586434188,-14.604646422742737],[-65.617183101431891,-14.603037571906002],[-65.624517065637647,-14.603442467532277],[-65.627270139645915,-14.60587092524599],[-65.627280748114757,-14.607184810717376],[-65.623726646478943,-14.613033177195854],[-65.625052764801254,-14.616545718438987],[-65.627864442916874,-14.617153739887126],[-65.635207627770527,-14.616185071105301],[-65.638112234828995,-14.616734599131295],[-65.637060128881657,-14.623401583179071],[-65.634482359782993,-14.625543945478201],[-65.640019479630524,-14.636068216566047],[-65.640600734495465,-14.642197472114225],[-65.65586334303606,-14.645045000463679],[-65.661461703567269,-14.643931123457774],[-65.665043147481015,-14.644370682219153],[-65.667246708918142,-14.642640624048287],[-65.668280601841133,-14.643222753272124],[-65.665608588820504,-14.655641421009511],[-65.664415830674571,-14.65744566618624],[-65.656586300658603,-14.664087053098838],[-65.657901036702228,-14.666375207530921],[-65.663375951544339,-14.665349188466283],[-65.664403933613713,-14.668349803040934],[-65.664246305716944,-14.672677011107291],[-65.665310523550374,-14.673289473920947],[-65.66657638401756,-14.672740346712407],[-65.669206573848371,-14.669189108348855],[-65.6703074422675,-14.665353141191527],[-65.676029434548795,-14.660150122143998],[-65.678170475070772,-14.660539057223545],[-65.67854973401694,-14.66182841093798],[-65.672687133569823,-14.671866583724125],[-65.672857533116527,-14.674795174670434],[-65.674740283655652,-14.676046367315408],[-65.675388324288093,-14.67578692469702],[-65.676445410889627,-14.67078579660898],[-65.678385852975438,-14.668215854792143],[-65.679836102755445,-14.667639422768138],[-65.687952830416791,-14.668382396059188],[-65.691245072751641,-14.665652438951607],[-65.693098125554727,-14.666843346876854],[-65.691696079712742,-14.674413572697429],[-65.692663158469827,-14.677413275637571],[-65.693890713004819,-14.677371051247007],[-65.696348172976172,-14.673046598690082],[-65.700820689215988,-14.668720885808382],[-65.70254466627722,-14.668297487227264],[-65.703957767442461,-14.670198701628706],[-65.70361129546734,-14.672851275344987],[-65.706233712112166,-14.680024935055759],[-65.707198071083411,-14.681173287800858],[-65.709643867204846,-14.681715605155389],[-65.711796401671805,-14.681357951716944],[-65.712137903022082,-14.67903373649416],[-65.707048398339339,-14.670684485841544],[-65.707825479193559,-14.667948425569763],[-65.709540965468008,-14.668092183792423],[-65.71738145631187,-14.672980747776796],[-65.725116073964713,-14.681707617501418],[-65.729184692176645,-14.680391454291017],[-65.732221989277051,-14.674163610994304],[-65.733690910640917,-14.674393311623248],[-65.737949901663939,-14.678842687580582],[-65.738142874157035,-14.680308559005359],[-65.736679311323797,-14.6817809934059],[-65.733292486807059,-14.682629130676402],[-65.729698536265218,-14.685027021133482],[-65.728779816604828,-14.686984831597636],[-65.728999835106904,-14.688689962224197],[-65.730953775359268,-14.689314720837929],[-65.737394075770894,-14.688390182071673],[-65.74084132684483,-14.685542198481825],[-65.745154563834646,-14.680138293002519],[-65.746573704443122,-14.679590847331927],[-65.748425439076655,-14.685051441730144],[-65.751851121773299,-14.689877157615223],[-65.751032863390137,-14.691275117117316],[-65.748248690270088,-14.692848555625872],[-65.744652581883059,-14.697456324223621],[-65.743674120315319,-14.70344453333567],[-65.744622283218362,-14.703637021942997],[-65.746177995921101,-14.702165851801436],[-65.750520418173622,-14.700614322131056],[-65.75650445113672,-14.700489139977622],[-65.758023481611815,-14.701495807371865],[-65.758149590179926,-14.703342972066373],[-65.75560116029844,-14.707637108953344],[-65.755916487985317,-14.709134564567666],[-65.762358063206705,-14.711285115784731],[-65.76569837341151,-14.711540823915625],[-65.767089990611495,-14.712874144064298],[-65.767220035697804,-14.714458596604016],[-65.7664057878318,-14.715581944254277],[-65.763563252053501,-14.716933741653429],[-65.759275516783973,-14.720576496986808],[-65.759937558368009,-14.721451731497259],[-65.764559471985976,-14.720112933065819],[-65.766910408949784,-14.720892313978217],[-65.766499456200251,-14.732108344267782],[-65.765264278746756,-14.734718836660141],[-65.762683914596934,-14.73492161051305],[-65.754860823464469,-14.732781417072552],[-65.751316257167545,-14.733866351695209],[-65.750313801072934,-14.73525571246733],[-65.750689771802371,-14.743000861846381],[-65.751774761996217,-14.746390363378881],[-65.758475854094499,-14.751799691413034],[-65.758058001078396,-14.753077838814127],[-65.753493502792381,-14.754632168928437],[-65.75320374178753,-14.757614157578868],[-65.755281128704382,-14.766506006917366],[-65.758847991618836,-14.772229674508877],[-65.761240934108955,-14.778486273606037],[-65.760822569260341,-14.779794272230516],[-65.758131442197168,-14.781219625857434],[-65.752937074916417,-14.777622981167719],[-65.751706675870395,-14.77781467719411],[-65.751013449969662,-14.779029192889496],[-65.749934879359742,-14.785511637272112],[-65.76000610852708,-14.791912305701347],[-65.750717960915694,-14.799697483909133],[-65.750584594185796,-14.808641800949216],[-65.751998819497999,-14.810542972927552],[-65.755547830648297,-14.811309687404171],[-65.758373268088576,-14.811200200759265],[-65.764004470883947,-14.808173927940935],[-65.76816771208469,-14.808919221018991],[-65.762760372179102,-14.819599082145356],[-65.763193618762031,-14.821426685770964],[-65.766940485613844,-14.825421021862182],[-65.776398261648396,-14.824568395100414],[-65.779702581664537,-14.825301501049557],[-65.780388125902661,-14.826684716330796],[-65.779914519779879,-14.827573920041395],[-65.773299642486393,-14.834803096490843],[-65.773028417387124,-14.836531225319947],[-65.774864574455293,-14.836915337333076],[-65.780897765795245,-14.8358054934506],[-65.783347545618795,-14.838288422063719],[-65.782583548270281,-14.840129120897915],[-65.772561817243002,-14.845214216602693],[-65.771218533255848,-14.846777963928224],[-65.772258124919205,-14.847472214257031],[-65.776830523078516,-14.847178108809947],[-65.781201785346923,-14.848027759271735],[-65.78420183292198,-14.849431467584775],[-65.784540984240905,-14.851407061665443],[-65.783654578548152,-14.854046321937817],[-65.782363310046094,-14.854171558395032],[-65.776645603744512,-14.852192172115407],[-65.773743732445325,-14.849141419467408],[-65.770423038091437,-14.849488897724337],[-65.769990722312087,-14.851310303337941],[-65.773197425742609,-14.856157042687288],[-65.772856632915051,-14.859917119375874],[-65.780570202709413,-14.865281039892073],[-65.781032806295116,-14.867210591020685],[-65.777767509239041,-14.865462060029531],[-65.775643988846909,-14.867044714231689],[-65.77268487544346,-14.864530608116969],[-65.770121091230493,-14.865163406275181],[-65.762357582369205,-14.875182692318942],[-65.763546025675993,-14.879074096936593],[-65.765117759987234,-14.880738627481103],[-65.763997445635809,-14.883798460225965],[-65.762525302077321,-14.88368808094614],[-65.759749436080938,-14.878363518124536],[-65.757783958150839,-14.87839544357402],[-65.75712414418075,-14.87940136536645],[-65.757688954033299,-14.882694014343699],[-65.756746315782124,-14.888234725321492],[-65.755908529699838,-14.888820070422817],[-65.753092815727598,-14.888212824526468],[-65.75203610885336,-14.889063793173483],[-65.752156920693693,-14.8912453128455],[-65.756593604165403,-14.892281643469127],[-65.757379250402309,-14.893128863741127],[-65.755807301871855,-14.899675895824906],[-65.761792843802311,-14.899820374932542],[-65.763595204350466,-14.900443079832035],[-65.764281664500558,-14.901766653481561],[-65.764146811865345,-14.902570985326463],[-65.758911446068552,-14.905638225730662],[-65.756260984818496,-14.910378336355832],[-65.756364089561558,-14.911693657812473],[-65.761587794122107,-14.917620347953262],[-65.756023527962725,-14.918019237103772],[-65.754633803149758,-14.92467629373615],[-65.755324731636222,-14.925701357770098],[-65.762557019853972,-14.92466922575562],[-65.764661246963314,-14.925654563633737],[-65.765382348661049,-14.928770277275047],[-65.763196666122624,-14.933218411327251],[-65.763703430736086,-14.934240851392486],[-65.768907010232752,-14.934989372199038],[-65.773777143296215,-14.933804060358211],[-65.77776385974343,-14.936249209551624],[-65.7779204674965,-14.938102798016411],[-65.772776117035221,-14.939135005102875],[-65.771930543933848,-14.94022790214615],[-65.783741687531148,-14.943171659538336],[-65.78293840533118,-14.947609639219786],[-65.783510269117883,-14.948394086617975],[-65.788100211351548,-14.947688311813023],[-65.790408533216038,-14.945302024720784],[-65.796622382094071,-14.950853949567616],[-65.79866697485032,-14.951748624921288],[-65.798514481520087,-14.955813612730937],[-65.792077133042739,-14.952886357501455],[-65.789754018827168,-14.954197437930043],[-65.789607626601807,-14.955778021755536],[-65.792272169108756,-14.956293285430808],[-65.792933994198876,-14.957228291112932],[-65.791158704106024,-14.958875553883791],[-65.792988426338468,-14.961827695376426],[-65.794643741811541,-14.968247263514732],[-65.794937632790621,-14.97326809748377],[-65.793403443173673,-14.975217358314472],[-65.790996373132273,-14.973899438224109],[-65.786978090157447,-14.975574758344843],[-65.785806871269173,-14.979953788551112],[-65.787400289432057,-14.98227557268318],[-65.78918071204015,-14.982360402372242],[-65.79023962588721,-14.981389909205243],[-65.789210123093085,-14.978329561232604],[-65.79279317539816,-14.979066841855646],[-65.798310616286955,-14.977800694687913],[-65.798291593462139,-14.981144902567175],[-65.795239576015973,-14.98599923405874],[-65.79777631943152,-14.986871040995609],[-65.799836699245617,-14.984660402065151],[-65.804735592180236,-14.983684039928807],[-65.806178674103251,-14.986630717655745],[-65.807878695369268,-14.987998329843792],[-65.808453989116899,-14.990634218146957],[-65.809580226409238,-14.991336822942545],[-65.816673688225535,-14.989465252279919],[-65.816720278408724,-14.984240081278974],[-65.817821738621831,-14.982463763262672],[-65.819406913477309,-14.983292177310934],[-65.822184929129847,-14.986556050837455],[-65.823546633940524,-14.990039044330441],[-65.823483908029544,-14.992206150860108],[-65.820794771942928,-14.995393696043644],[-65.815402390998869,-14.996482911316882],[-65.815199966848454,-14.99770441147883],[-65.816943437578615,-15.000296923614895],[-65.815962696108087,-15.004284680877342],[-65.817273325755963,-15.004989846317576],[-65.820766814051936,-15.003515747797234],[-65.82280212055953,-14.996765518586633],[-65.827396224915503,-14.997725478188936],[-65.825032419610551,-15.003844084940541],[-65.8228023228599,-15.006727473149803],[-65.824669699498941,-15.009261961873728],[-65.824372378271747,-15.016902478423281],[-65.825905647134874,-15.017103068857915],[-65.826362624283647,-15.015287866413143],[-65.829297165240348,-15.014223922045398],[-65.830999998972345,-15.011261451970286],[-65.828299189675619,-15.008984134091534],[-65.832198194602,-15.007097442344884],[-65.834237768674541,-15.008380058225788],[-65.834457905784276,-15.012205489680335],[-65.838339364022019,-15.011512942647816],[-65.840598413114222,-15.014590310149609],[-65.845261942573089,-15.01713366772349],[-65.844906044713639,-15.018353089433054],[-65.833997347949094,-15.0171860681307],[-65.831157134253559,-15.018102074724835],[-65.831236993833485,-15.021017733784001],[-65.833473209310128,-15.023557332531954],[-65.832962489046153,-15.029014992840937],[-65.837492725403663,-15.032273383719028],[-65.836869060158293,-15.032891804446921],[-65.829350393371143,-15.032249423799025],[-65.827695700358035,-15.034018034594263],[-65.828235211804937,-15.039090174271417],[-65.827021602591898,-15.0401183822612],[-65.822614243048704,-15.041012305081578],[-65.820459456120972,-15.043341212621906],[-65.824443339765395,-15.04614429611884],[-65.830112002296531,-15.047238877503931],[-65.830051592773899,-15.049244763927245],[-65.831829372229862,-15.051628706706319],[-65.831340489994219,-15.055593535033948],[-65.829019716041799,-15.060822780847003],[-65.823480849715878,-15.067523876793834],[-65.822962194159672,-15.069338177724962],[-65.82704784739947,-15.069455156563203],[-65.833849111729464,-15.066743263886348],[-65.83791826906095,-15.070055065766761],[-65.836251886103938,-15.078202092746583],[-65.83676698580129,-15.080777435610146],[-65.83496067555734,-15.080304260156572],[-65.835683531021203,-15.077148976066137],[-65.83384475888424,-15.076794791910659],[-65.82666466903062,-15.080158279121223],[-65.824806067186728,-15.083207995116759],[-65.827943562766777,-15.085103420543531],[-65.829933643566832,-15.083548614884998],[-65.83164334943811,-15.084319101583885],[-65.834542533578698,-15.091932692175023],[-65.836540601776434,-15.093991263585373],[-65.836272647941755,-15.095480623065525],[-65.834360753053573,-15.095901807573862],[-65.833086300483117,-15.092718590367205],[-65.829829427069015,-15.092643117187023],[-65.829250297419605,-15.090246044406195],[-65.82693897413985,-15.090661573954103],[-65.825162572556039,-15.092308921232886],[-65.819712676105325,-15.101214785970981],[-65.814221290326827,-15.104631291912183],[-65.813448532549543,-15.106979463595108],[-65.813691222192503,-15.109252362604272],[-65.815634424018498,-15.108801962142783],[-65.816837847532312,-15.106429983563716],[-65.81818956492441,-15.106478874798595],[-65.825596944371185,-15.114765156336388],[-65.827153713648926,-15.117564176656648],[-65.831917262694006,-15.121357803666688],[-65.833844608256896,-15.121982070141625],[-65.832709025563233,-15.125997517322007],[-65.831156774540943,-15.127020906645425],[-65.832298146327204,-15.130889117352599],[-65.833745351289366,-15.130730249054032],[-65.836808654136291,-15.125248709619585],[-65.839038969219587,-15.126175805395379],[-65.839436206194307,-15.130481516263902],[-65.841392882075894,-15.129135241760745],[-65.840909789103421,-15.126470747132382],[-65.844105301992627,-15.126575157766018],[-65.845561084622261,-15.123758580925015],[-65.844188628527448,-15.11887185320405],[-65.845661377703323,-15.116981234178475],[-65.846420436497652,-15.117618940368621],[-65.845877017574864,-15.121105247114484],[-65.847417510240206,-15.122948358178343],[-65.846552785049198,-15.125295410113457],[-65.853434032822676,-15.126448535134585],[-65.856513255162611,-15.12610321095983],[-65.860845516552246,-15.128343457228425],[-65.861279714233248,-15.130171118691225],[-65.856213957717117,-15.131802794945246],[-65.857247503335984,-15.134678023643486],[-65.859471960569422,-15.133932560508088],[-65.86654260730856,-15.13603164597701],[-65.869403315171951,-15.135503954631368],[-65.870846160035796,-15.133553012366344],[-65.873750786725537,-15.134638468340009],[-65.873884359110079,-15.138104425905494],[-65.877282841549402,-15.145348484227467],[-65.878527346851911,-15.14644078285872],[-65.881814625616698,-15.14660570975879],[-65.884583562918692,-15.150675513986602],[-65.883513206934069,-15.158676004565971],[-65.88140979874774,-15.161633221635876],[-65.879505623075048,-15.161487407080818],[-65.879025222398155,-15.162794728839337],[-65.879769197821702,-15.164477365688631],[-65.881813715185586,-15.164951230979993],[-65.883550505672801,-15.167287868703125],[-65.884384903620244,-15.170220796905474],[-65.882426382452081,-15.171477044201453],[-65.88263435128431,-15.172643631738987],[-65.884112979398267,-15.173698293704971],[-65.887035291956821,-15.171077683715412],[-65.887876557635366,-15.173591588664578],[-65.889158036212379,-15.173342840479775],[-65.890416251420547,-15.169204929886435],[-65.891129270502063,-15.16887626481374],[-65.892209787563985,-15.169181642574857],[-65.892089106412271,-15.171273876213217],[-65.893147342334359,-15.172131238115433],[-65.893346090261957,-15.169195918407317],[-65.894196165186671,-15.167965319871849],[-65.89693368687729,-15.17135608454999],[-65.898188057868566,-15.171539540443211],[-65.89861244232786,-15.170416482324187],[-65.896914462872147,-15.168603495411057],[-65.896991243160812,-15.167035028356571],[-65.90110187644413,-15.166828600962043],[-65.902417003029711,-15.167996621841615],[-65.906044931074547,-15.168465427485998],[-65.905024715030123,-15.170122655452586],[-65.905384777022846,-15.173386679754062],[-65.907809938361353,-15.174830720578223],[-65.909974946938959,-15.173407019281486],[-65.911858987732785,-15.174433725438794],[-65.914201064469253,-15.173007671294245],[-65.915156418412536,-15.176607935003094],[-65.916389546416113,-15.176113905761133],[-65.917050159492277,-15.174079043910199],[-65.919734875640685,-15.175783329029567],[-65.921150673299792,-15.175688296215027],[-65.921842351841164,-15.1744749692421],[-65.920059858878162,-15.173676404397035],[-65.919710977623083,-15.172648762480669],[-65.92090977261357,-15.171103832410479],[-65.920869419631018,-15.16961720741253],[-65.923099419961346,-15.168632195782914],[-65.923737625070856,-15.169235500392865],[-65.922913013652462,-15.172209160902659],[-65.926969361700358,-15.17093251859432],[-65.928442324683374,-15.172117399129878],[-65.927983369416339,-15.173079182343416],[-65.926051059269994,-15.172994846182684],[-65.925631561061792,-15.173798237334077],[-65.928453534553199,-15.177014509972784],[-65.930751394703805,-15.176659316551797],[-65.932678483270308,-15.175123859791393],[-65.935442265774711,-15.175718230416161],[-65.935568807017532,-15.179138125229429],[-65.933785732518245,-15.181401898371147],[-65.933857857967439,-15.182337578333694],[-65.934690255048395,-15.182747130186916],[-65.936341314949999,-15.181177048472412],[-65.938268236788318,-15.181036930383494],[-65.939120044575645,-15.181427093216646],[-65.93954172359004,-15.183428581380017],[-65.938022009052787,-15.18453819528923],[-65.936802059636562,-15.183158915724073],[-65.935822384524869,-15.18347767906778],[-65.936874383009524,-15.18823892492148],[-65.938806720351209,-15.188481015546271],[-65.939290540901709,-15.189296561893519],[-65.93819450171064,-15.191146062632054],[-65.936413005656945,-15.191838607537266],[-65.936247925754998,-15.192700954452674],[-65.937605486015585,-15.194063119102543],[-65.936243255844502,-15.19658515397647],[-65.937514573806865,-15.197409415362282],[-65.939629990015121,-15.195259716094816],[-65.940602622701618,-15.195839414944698],[-65.940815772799922,-15.197002598517161],[-65.939425440221768,-15.197517965611809],[-65.938443311181345,-15.200474626542979],[-65.939184354437614,-15.201382340996448],[-65.941600353250095,-15.199610943775452],[-65.942362361388192,-15.197804073109564],[-65.944057817613299,-15.197991893751009],[-65.943187400681254,-15.2004883322686],[-65.941958253944193,-15.201269190869363],[-65.942091627116767,-15.202356967377295],[-65.943938305230816,-15.203498516516087],[-65.945070740446027,-15.201438241536165],[-65.947667332577993,-15.202015498536268],[-65.94685899520843,-15.206124400346569],[-65.947446619870192,-15.208716203646979],[-65.951580052280718,-15.209052641915308],[-65.950618282410744,-15.210648342987563],[-65.950850746261082,-15.214050046233705],[-65.949285308007532,-15.214279900431302],[-65.95078331151349,-15.215813068372528],[-65.948229141365033,-15.215727518190123],[-65.948982769495956,-15.216822580082576],[-65.94696147241558,-15.217446739557394],[-65.946261134555968,-15.222324296706189],[-65.94499476394806,-15.221952830450668],[-65.943933914907547,-15.223071966352752],[-65.946373150855862,-15.223726544232861],[-65.946569446555003,-15.224560204709467],[-65.943990289710385,-15.224893089379963],[-65.943815423402185,-15.225582341991304],[-65.944784777721054,-15.226704418707291],[-65.945885636411845,-15.226241812511843],[-65.946831818982531,-15.227901785530049],[-65.946007746767521,-15.228360724643073],[-65.946093643022351,-15.230091850488678],[-65.946951419339968,-15.22984152918295],[-65.947399236415919,-15.231060113245762],[-65.948037519513235,-15.230514037792995],[-65.948330727419219,-15.231674939611382],[-65.949337228236899,-15.231064233210843],[-65.950192040055299,-15.232785131087221],[-65.95096724811917,-15.231042564695771],[-65.953043113739014,-15.231092927011955],[-65.95223284576393,-15.233534520022928],[-65.953713319468591,-15.233813482620393],[-65.953543965865933,-15.234890929451909],[-65.954623553111091,-15.234968544832137],[-65.957051193075031,-15.238185665540881],[-65.958684405354646,-15.238125660831438],[-65.958922829525704,-15.239670750620435],[-65.960313350322352,-15.239155223235032],[-65.960388635654667,-15.240301085429051],[-65.961966677514482,-15.241904743416837],[-65.958030403662363,-15.241995504416126],[-65.959428311087649,-15.243391324350606],[-65.958684158118714,-15.245064211085522],[-65.959967703416851,-15.245333799149128],[-65.961828248983622,-15.247419185687603],[-65.960591098409012,-15.247645966801402],[-65.960626382039877,-15.251525721885537],[-65.959651826082791,-15.252223032760659],[-65.958047325346513,-15.251537215140596],[-65.957423625861665,-15.251985170729572],[-65.957512377057199,-15.252691221216805],[-65.959906729457899,-15.253538523715465],[-65.958483407896139,-15.254524717539661],[-65.957958471809903,-15.256385826235002],[-65.96035034422033,-15.255665767879742],[-65.960967184118246,-15.257511623784223],[-65.962317183710809,-15.258296385140122],[-65.962212419854822,-15.256462804627899],[-65.965510875136985,-15.255807031345208],[-65.965944619594524,-15.257234800386582],[-65.968735951477356,-15.258994166690796],[-65.968634390284478,-15.2573899273871],[-65.97059014871607,-15.256465348906298],[-65.972064972905699,-15.259102452793767],[-65.975031210351503,-15.258623019728782],[-65.974517105692925,-15.261095652664054],[-65.976597985749422,-15.262042527979405],[-65.975892606260373,-15.263665240286448],[-65.97754648518773,-15.263662130707154],[-65.977634709548255,-15.265706158485536],[-65.979631221485263,-15.264876517197742],[-65.980038120426443,-15.263036089198243],[-65.980931615906542,-15.263559262865103],[-65.980601830769913,-15.265283968661878],[-65.981788716003393,-15.265669390181902],[-65.982881579782372,-15.26429757714924],[-65.984839210289124,-15.264882857432998],[-65.984995889427736,-15.26344719383169],[-65.986671902453253,-15.262239536550313],[-65.987602521637498,-15.264351049995248],[-65.989427101334385,-15.262863022449642],[-65.994981969793031,-15.261921900527271],[-65.997529865758253,-15.263679365809217],[-66.000101407111373,-15.267079068117233],[-66.003941288269203,-15.268818937415682],[-66.010335334378325,-15.265267773889772],[-66.012379869210591,-15.268375806712173],[-66.018378136922564,-15.2704444165329],[-66.020477188758136,-15.27560630421126],[-66.023433531473543,-15.277925266441661],[-66.02538048287002,-15.280646217629341],[-66.028411883374289,-15.281769480708016],[-66.036023406377993,-15.280709539924162],[-66.045016144000101,-15.281332615660235],[-66.048589215442917,-15.283095587038886],[-66.056566861360736,-15.283308085433509],[-66.06070242934527,-15.285867004667537],[-66.067969386904238,-15.285282584738985],[-66.073175325795063,-15.289898927228949],[-66.077508183239104,-15.291630505808278],[-66.078539437591587,-15.294793620492451],[-66.084012962096963,-15.298748909063812],[-66.090827269605967,-15.305641180069705],[-66.098578056807384,-15.307768804683509],[-66.101354558585314,-15.311500699344732],[-66.109314363826954,-15.313431448472512],[-66.110253660139421,-15.314846854506134],[-66.110598680493155,-15.318167491172275],[-66.114856101578056,-15.322369470933147],[-66.116766882691564,-15.326678532333274],[-66.122323996987575,-15.330362662678096],[-66.122177611817463,-15.332908996052916],[-66.123798962619432,-15.336369182407603],[-66.127276050420051,-15.339222532456107],[-66.126554130023194,-15.342780384025236],[-66.128038232194314,-15.345697772871564],[-66.129628491519398,-15.34585438549759],[-66.137507812661511,-15.341872349140848],[-66.141585689184822,-15.342925174203002],[-66.143372723128849,-15.345838109942799],[-66.150514945465957,-15.341973658704632],[-66.154565333062223,-15.348509183649446],[-66.162918319112379,-15.356265737778704],[-66.179834407559852,-15.364887450974782],[-66.190962072229382,-15.372380422724527],[-66.196109189194019,-15.373273268976826],[-66.200162787315918,-15.370311995541535],[-66.201753740673496,-15.370503870915995],[-66.207085695047425,-15.378232772233966],[-66.211576281998788,-15.378852904832833],[-66.213961814688915,-15.38409349880566],[-66.218041214503671,-15.385180512305938],[-66.220314549170411,-15.388873754238661],[-66.224332478755898,-15.39074982192866],[-66.2256314310888,-15.393525639120062],[-66.224924177345954,-15.39554256955824],[-66.227683453279468,-15.397222007019158],[-66.226458135675742,-15.399174881326957],[-66.227287261712064,-15.400237657127626],[-66.226649399157409,-15.401966924680483],[-66.227396865690167,-15.40252925791372],[-66.227123797647948,-15.403966521342623],[-66.229259955692143,-15.403576845430887],[-66.229443442365763,-15.405867353961616],[-66.234280895324034,-15.408161100113391],[-66.236846876734262,-15.411634778187643],[-66.237734261994888,-15.411693368481304],[-66.238008372356845,-15.410327751178263],[-66.239407126227348,-15.410020492504382],[-66.23966654143058,-15.408031632126384],[-66.244621024610964,-15.409929257022831],[-66.248865726791905,-15.409821529483922],[-66.252019561498059,-15.410655971275908],[-66.254644383789454,-15.40924361655745],[-66.256440447355516,-15.409933627905218],[-66.261569694545059,-15.407289741273676],[-66.262668660271686,-15.41061759440583],[-66.265183048698276,-15.409624785925677],[-66.266729185428034,-15.410079550614606],[-66.265224516302752,-15.412251719121508],[-66.267819762162048,-15.412870033666612],[-66.273888101388351,-15.417449557534669],[-66.276048450206176,-15.417035174191144],[-66.650348909144441,-15.634417433104284],[-66.65525204745083,-15.634106455133695],[-66.659493574885914,-15.636499893767002],[-66.660941081021775,-15.638080329631743],[-66.661034877916649,-15.640027228386483],[-66.657707599016518,-15.642489756150797],[-66.65750473074371,-15.644384310198065],[-66.659859582178271,-15.647095742170078],[-66.662211356429623,-15.646311415153832],[-66.663560954571395,-15.6423919129944],[-66.666382712729458,-15.644751606712335],[-66.666517311600884,-15.645666273534287],[-66.663202294789883,-15.648816376710348],[-66.66275766689067,-15.650416971332186],[-66.666926752671728,-15.661980586585372],[-66.668647662226846,-15.662295576109869],[-66.669216440961023,-15.661025274802405],[-66.670394936249551,-15.660776275476449],[-66.672333649835252,-15.664010247953062],[-66.673406193006656,-15.664450693624596],[-66.676188027493055,-15.661252072077852],[-66.678847810002594,-15.661150051951909],[-66.679032788993908,-15.664871881148565],[-66.682592914124456,-15.66549964463446],[-66.683078286682772,-15.666179150028086],[-66.682416000451326,-15.668826405654414],[-66.686219353242265,-15.67377089652978],[-66.69030421592619,-15.677254954773545],[-66.690501197193313,-15.678340443855317],[-66.692997161176066,-15.678985952000177],[-66.691499565083063,-15.684512633818679],[-66.693629447978552,-15.684533939111187],[-66.695014611531917,-15.682619423058393],[-66.697260669609747,-15.682524120481931],[-66.701035729034714,-15.685210869857533],[-66.700844696007096,-15.687735547995086],[-66.697600524393081,-15.688248937668368],[-66.696318137508698,-15.689302147716363],[-66.694829715081042,-15.695332982996408],[-66.696082974628482,-15.695942131995119],[-66.706896833542046,-15.695300346789685],[-66.710059115833374,-15.703326630888796],[-66.712843837674839,-15.703565793466465],[-66.713139465007586,-15.700294392153422],[-66.71580066771736,-15.70024910199499],[-66.718936258962501,-15.70299083149645],[-66.719785835217451,-15.704982005072866],[-66.72182979448327,-15.705556009509083],[-66.720754776040906,-15.707436734649081],[-66.721079110976888,-15.709007072210932],[-66.718960657264347,-15.710439991344058],[-66.7189354048909,-15.711085097411202],[-66.720461297198739,-15.711632119081894],[-66.720369934723067,-15.712708133933093],[-66.716103627416118,-15.715997084555543],[-66.714385914290219,-15.719142290193675],[-66.710273800990322,-15.72075237529549],[-66.706481783629386,-15.72438650838218],[-66.706167393647689,-15.72553795666356],[-66.703047194416911,-15.725304466024994],[-66.701182388679442,-15.726657985022735],[-66.701973758560769,-15.730063760549671],[-66.698811229810417,-15.732944539651514],[-66.702410281412071,-15.734564358983183],[-66.70228888181714,-15.736572107341566],[-66.696652397661325,-15.736801554161602],[-66.695243593823164,-15.739602873658241],[-66.69950864035026,-15.740963098084901],[-66.699938951783466,-15.741853570797213],[-66.696795867361786,-15.74690781927881],[-66.697201271476303,-15.749689803172204],[-66.699798820334806,-15.749359136698699],[-66.702901788876474,-15.750796302566181],[-66.704998413347226,-15.750034756652296],[-66.704649501907056,-15.753631815239604],[-66.705746174601387,-15.755370494966767],[-66.708705841656055,-15.753257091816867],[-66.710015549515958,-15.753693203473693],[-66.711460782973575,-15.756808855680768],[-66.711495866973763,-15.758737515289786],[-66.714955569664994,-15.762422354080661],[-66.71282615267836,-15.764636291028358],[-66.713082597680994,-15.765720699172823],[-66.716866537047551,-15.766623542074596],[-66.72294340955581,-15.765898785705527],[-66.722805734936543,-15.767811277270637],[-66.721440843765421,-15.770031300687751],[-66.716737981479952,-15.773096357797874],[-66.716684829642787,-15.775590005533443],[-66.719131688360491,-15.775906297401677],[-66.720196481559952,-15.773452646224415],[-66.720900296912006,-15.773512228849336],[-66.722604024906673,-15.775667770959343],[-66.726551767209557,-15.77513451999935],[-66.727815797991099,-15.777512435105269],[-66.727884871990241,-15.779266177067951],[-66.725404624946862,-15.781171091954834],[-66.728332221456938,-15.781479019514872],[-66.729543672308068,-15.783197628838399],[-66.727529989626277,-15.786007841629521],[-66.727989560656127,-15.789223285722729],[-66.725726256135076,-15.790187345866622],[-66.726339176136676,-15.793024109719509],[-66.72162635778227,-15.795564244073566],[-66.720113032577387,-15.799114384966293],[-66.718064916580857,-15.797692999091426],[-66.715676681307841,-15.797901033683024],[-66.714993279883586,-15.803690921974676],[-66.715505355916008,-15.804723182921441],[-66.719031000566488,-15.806023751401815],[-66.719283962469973,-15.807719436691778],[-66.720561145330166,-15.807434891826123],[-66.719901351421598,-15.803721441272742],[-66.721503325023264,-15.800972031483527],[-66.722445805858854,-15.801266263291867],[-66.723125034119818,-15.804692846542617],[-66.727334581901687,-15.80428629816347],[-66.727957905066248,-15.804657614373161],[-66.727826460996837,-15.806904265000208],[-66.729237385585378,-15.807190409270797],[-66.73019724582538,-15.805741319575448],[-66.732403628823491,-15.806371912036063],[-66.735990458696662,-15.804018044735733],[-66.73808479386453,-15.801236201430511],[-66.742189046455294,-15.799135988380284],[-66.743902878503135,-15.797124710245756],[-66.744565396854952,-15.79694614844299],[-66.746194161552424,-15.799022920957047],[-66.748155954721625,-15.799096491664786],[-66.748553436940142,-15.800593817543627],[-66.749825200371163,-15.801359754758337],[-66.752993407628622,-15.800660334285277],[-66.754124519678768,-15.79981705092578],[-66.754294195400306,-15.796984820889923],[-66.756730704832862,-15.796727782222254],[-66.758681161260398,-15.794187056089912],[-66.760897256342446,-15.795015364713155],[-66.761554149205537,-15.792532843838822],[-66.764968501110658,-15.793154117731154],[-66.765204152103436,-15.791896559669702],[-66.770311092417288,-15.78804753828903],[-66.77136728406181,-15.785164135778382],[-66.774017470651486,-15.784473466114195],[-66.775237416140442,-15.782446729002162],[-66.779602091532297,-15.780409474052357],[-66.781168806944194,-15.778472188255686],[-66.782188318520596,-15.778603664051358],[-66.782595711069092,-15.780625970043358],[-66.784031288878438,-15.781585823102704],[-66.786760683390085,-15.780851852565734],[-66.789153092409947,-15.778571848024994],[-66.789592472161999,-15.780653255334718],[-66.792138099823561,-15.78329477818273],[-66.794520210097744,-15.782119117926827],[-66.792638806893677,-15.780391189955962],[-66.795184936381673,-15.779749852325054],[-66.796430682710479,-15.780444335617991],[-66.794383984177813,-15.787789696246225],[-66.797380414146289,-15.793109173424567],[-66.797173994896369,-15.795261525369682],[-66.799042783429854,-15.796303195399041],[-66.801506348242,-15.799483160834447],[-66.802772048886766,-15.804534372179933],[-66.803603331889164,-15.806131343949321],[-66.805148706774574,-15.806354927083149],[-66.805800716624532,-15.808253463892765],[-66.808858006498639,-15.82336016996174],[-66.807466080950491,-15.828040178986056],[-66.790831480425226,-15.833841641372659],[-66.76630841519767,-15.846438917137222],[-66.747633872680652,-15.860289160390382],[-66.72952401124725,-15.878625336497985],[-66.707122742794724,-15.893926154042438],[-66.681702933915346,-15.902917300842132],[-66.676237920644226,-15.910985534549406],[-66.66888364281607,-15.906125690289407],[-66.658702951991629,-15.905417971054279],[-66.652133249086958,-15.912816164697078],[-66.646836263819608,-15.916941400194071],[-66.638819826986804,-15.915957494297416],[-66.634676974765867,-15.926966899370068],[-66.635217468221839,-15.933545934240431],[-66.633333432729742,-15.936214254410261],[-66.615558870915279,-15.951684224095706],[-66.569683311565385,-15.960624660227783],[-66.50634250842019,-15.985183629903787],[-66.476900646860329,-16.004385599105582],[-66.4323250271582,-16.044997071749073],[-66.401588110169584,-16.074535808250275],[-66.383168967049698,-16.086110812293441],[-66.382648686609187,-16.08820888148098],[-66.37827999855503,-16.092815953190886],[-66.372150957094576,-16.095599774723535],[-66.369616117775408,-16.09910297733494],[-66.36935174370636,-16.101734392717006],[-66.36741411904174,-16.104033957556553],[-66.364147364707321,-16.104802002151821],[-66.363005345295761,-16.106671023424031],[-66.361521348018783,-16.106574985962503],[-66.360980693735542,-16.107479158823075],[-66.356109487565917,-16.107973806953623],[-66.355234465988232,-16.111032818291456],[-66.349735024385581,-16.114582480934125],[-66.346535911471392,-16.115349233011553],[-66.344305788087311,-16.114966233358349],[-66.343768036288807,-16.116049468076639],[-66.339278027846859,-16.117194624030169]]]}}
]
}
