{
"type": "FeatureCollection",
"name": "outline",
"crs": { "type": "name", "properties": { "name": "urn:ogc:def:crs:OGC:1.3:CRS84" } },
"xy_coordinate_resolution": 1e-05,
"features": [
{"type":"Feature","properties":{},"geometry":{"type":"MultiPolygon","coordinates":[[[[-76.13817,8.1337],[-76.13699,8.13449],[-76.13672,8.13548],[-76.13644,8.13477],[-76.13677,8.13404],[-76.13817,8.1337]]],[[[-76.13409,8.13567],[-76.13273,8.1364],[-76.13291,8.1354],[-76.13409,8.13567]]],[[[-76.12003,8.13978],[-76.1193,8.13969],[-76.11957,8.13879],[-76.12021,8.1386],[-76.12003,8.13978]]],[[[-76.12847,8.13967],[-76.12983,8.13957],[-76.13065,8.14048],[-76.13011,8.14093],[-76.12847,8.13967]]],[[[-76.11976,8.14105],[-76.11904,8.14096],[-76.11931,8.14024],[-76.12003,8.14041],[-76.11976,8.14105]]],[[[-76.13692,8.14281],[-76.13555,8.14055],[-76.137,8.1401],[-76.138,8.14064],[-76.13901,8.14208],[-76.13819,8.1438],[-76.13593,8.14444],[-76.13547,8.14345],[-76.13665,8.14326],[-76.13692,8.14281]]],[[[-76.1243,8.14206],[-76.12467,8.1432],[-76.12431,8.14321],[-76.12349,8.14239],[-76.1243,8.14206]]],[[[-76.11405,8.1445],[-76.11542,8.14594],[-76.11551,8.14676],[-76.11405,8.1445]]],[[[-76.12159,8.14515],[-76.12227,8.14357],[-76.12304,8.1433],[-76.12331,8.14366],[-76.1225,8.14502],[-76.12268,8.14737],[-76.12405,8.14909],[-76.12336,8.14945],[-76.12159,8.14515]]],[[[-76.10671,8.14588],[-76.10716,8.14579],[-76.10753,8.14705],[-76.10625,8.14651],[-76.10671,8.14588]]],[[[-76.10726,8.14814],[-76.10807,8.14841],[-76.1088,8.14958],[-76.1078,8.1494],[-76.10726,8.14814]]],[[[-76.11951,8.14964],[-76.11969,8.14783],[-76.12015,8.14901],[-76.12277,8.15159],[-76.12288,8.15234],[-76.12079,8.15172],[-76.11951,8.14964]]],[[[-76.11716,8.15026],[-76.1177,8.14965],[-76.11788,8.15019],[-76.11915,8.15055],[-76.11834,8.15145],[-76.11716,8.15026]]],[[[-76.12487,8.15125],[-76.12451,8.15134],[-76.12451,8.15008],[-76.12496,8.15017],[-76.12487,8.15125]]],[[[-76.1079,8.14994],[-76.10953,8.15057],[-76.1098,8.15039],[-76.10926,8.15012],[-76.10926,8.14985],[-76.11017,8.15021],[-76.11044,8.15057],[-76.11008,8.15084],[-76.11144,8.15174],[-76.1079,8.14994]]],[[[-76.12587,8.15116],[-76.12551,8.15198],[-76.12524,8.15134],[-76.12569,8.15071],[-76.12587,8.15116]]],[[[-76.1069,8.15103],[-76.10799,8.15067],[-76.10881,8.1522],[-76.10844,8.15247],[-76.1069,8.15103]]],[[[-76.1158,8.15101],[-76.11607,8.15244],[-76.11558,8.15216],[-76.1158,8.15101]]],[[[-76.11616,8.15083],[-76.11707,8.1518],[-76.11716,8.15281],[-76.11616,8.15083]]],[[[-76.12198,8.15486],[-76.12098,8.15515],[-76.12134,8.15479],[-76.1208,8.15425],[-76.1217,8.15434],[-76.12198,8.15486]]],[[[-76.11871,8.15525],[-76.11999,8.15642],[-76.12207,8.15651],[-76.12298,8.15587],[-76.12433,8.15343],[-76.12407,8.1556],[-76.12207,8.15687],[-76.12008,8.15678],[-76.11871,8.15525]]],[[[-76.10582,8.15565],[-76.10574,8.15628],[-76.10637,8.15673],[-76.1061,8.15727],[-76.1051,8.15691],[-76.10582,8.15565]]],[[[-76.10411,8.159],[-76.1072,8.15917],[-76.10874,8.15826],[-76.1081,8.15917],[-76.10656,8.15971],[-76.10411,8.159]]],[[[-76.10622,8.16894],[-76.10623,8.16921],[-76.10477,8.16885],[-76.10486,8.1684],[-76.10622,8.16894]]],[[[-76.10841,8.17337],[-76.10877,8.17228],[-76.10878,8.17318],[-76.10805,8.17436],[-76.10669,8.175],[-76.10841,8.17337]]],[[[-76.10542,8.17491],[-76.10805,8.17192],[-76.10751,8.17337],[-76.10678,8.17436],[-76.10615,8.17446],[-76.10579,8.17545],[-76.10325,8.17537],[-76.10542,8.17491]]],[[[-76.10943,8.18078],[-76.10907,8.18114],[-76.10926,8.18196],[-76.10835,8.18151],[-76.10889,8.18069],[-76.10943,8.18078]]],[[[-76.16399,8.18343],[-76.16327,8.18298],[-76.16363,8.18253],[-76.16499,8.18334],[-76.16309,8.18479],[-76.16299,8.18343],[-76.16363,8.18379],[-76.16399,8.18343]]],[[[-76.11398,8.18375],[-76.11362,8.18466],[-76.1128,8.18375],[-76.11307,8.18312],[-76.11398,8.18375]]],[[[-76.11036,8.18584],[-76.10972,8.18611],[-76.11017,8.18539],[-76.10963,8.18458],[-76.11072,8.18475],[-76.11036,8.18584]]],[[[-76.12551,8.18589],[-76.1247,8.18508],[-76.12487,8.18408],[-76.12605,8.18417],[-76.1256,8.18318],[-76.12659,8.18272],[-76.12623,8.18354],[-76.12705,8.18335],[-76.12778,8.18398],[-76.12742,8.18444],[-76.12633,8.18435],[-76.12651,8.18552],[-76.12606,8.18688],[-76.12661,8.18806],[-76.12479,8.18824],[-76.1247,8.18779],[-76.12525,8.18752],[-76.12497,8.18689],[-76.12551,8.18589]]],[[[-76.15901,8.18607],[-76.15928,8.18525],[-76.15991,8.18534],[-76.15937,8.1867],[-76.15783,8.18724],[-76.15901,8.18607]]],[[[-76.10491,8.18685],[-76.10428,8.1873],[-76.10337,8.18667],[-76.10337,8.18631],[-76.10455,8.1864],[-76.10491,8.18685]]],[[[-76.15002,8.18636],[-76.15057,8.18718],[-76.14939,8.18718],[-76.14876,8.18827],[-76.14821,8.18682],[-76.14848,8.18628],[-76.15002,8.18636]]],[[[-76.10927,8.18702],[-76.109,8.18783],[-76.108,8.1872],[-76.10827,8.18675],[-76.10927,8.18702]]],[[[-76.14912,8.18953],[-76.14894,8.18998],[-76.1484,8.18971],[-76.14885,8.18845],[-76.14912,8.18953]]],[[[-76.16038,8.19058],[-76.1593,8.19113],[-76.15839,8.19086],[-76.15938,8.19022],[-76.16038,8.19058]]],[[[-76.16759,8.20169],[-76.16668,8.20214],[-76.16649,8.20079],[-76.16759,8.20169]]],[[[-76.11222,8.20184],[-76.11213,8.20239],[-76.11095,8.20221],[-76.11112,8.2013],[-76.11222,8.20184]]],[[[-76.11794,8.20219],[-76.12075,8.20281],[-76.12084,8.20318],[-76.1193,8.20418],[-76.11857,8.20363],[-76.11794,8.20219]]],[[[-76.11077,8.20592],[-76.11223,8.20627],[-76.11195,8.20528],[-76.11132,8.20546],[-76.10941,8.20465],[-76.11031,8.20348],[-76.11349,8.20274],[-76.11385,8.20229],[-76.11421,8.20265],[-76.11376,8.2041],[-76.11413,8.20491],[-76.11295,8.20492],[-76.1125,8.20582],[-76.11341,8.20663],[-76.11377,8.20582],[-76.11395,8.20654],[-76.11332,8.20754],[-76.11077,8.20592]]],[[[-76.16786,8.20368],[-76.16877,8.20349],[-76.16914,8.2044],[-76.1685,8.20467],[-76.16914,8.2053],[-76.16887,8.20648],[-76.16814,8.20621],[-76.16786,8.20368]]],[[[-76.15053,8.2059],[-76.15072,8.20788],[-76.15008,8.20753],[-76.14972,8.20689],[-76.15053,8.2059]]],[[[-76.14891,8.20789],[-76.14855,8.20934],[-76.14818,8.20934],[-76.14836,8.20825],[-76.14891,8.20789]]],[[[-76.10996,8.20854],[-76.11096,8.20736],[-76.11223,8.20763],[-76.11223,8.20854],[-76.1116,8.20881],[-76.11088,8.21053],[-76.10997,8.20999],[-76.10996,8.20854]]],[[[-76.13703,8.21308],[-76.13721,8.21181],[-76.1363,8.21109],[-76.1362,8.21037],[-76.13693,8.20892],[-76.1382,8.2091],[-76.13684,8.21046],[-76.13775,8.211],[-76.13775,8.21027],[-76.13892,8.20937],[-76.13938,8.20927],[-76.14002,8.21009],[-76.14056,8.20972],[-76.14046,8.20809],[-76.14092,8.20846],[-76.14155,8.20809],[-76.14237,8.20872],[-76.14337,8.20827],[-76.14247,8.20999],[-76.14074,8.21026],[-76.14074,8.21072],[-76.14174,8.21108],[-76.14383,8.2098],[-76.14392,8.20926],[-76.14473,8.20962],[-76.14482,8.20908],[-76.14609,8.20907],[-76.14546,8.21025],[-76.14446,8.20998],[-76.14428,8.21107],[-76.14165,8.21189],[-76.14047,8.21153],[-76.14048,8.21216],[-76.13894,8.21344],[-76.13794,8.21271],[-76.13703,8.21308]],[[-76.13802,8.21199],[-76.13839,8.21271],[-76.13911,8.21253],[-76.13866,8.21117],[-76.13802,8.21199]]],[[[-76.15128,8.21195],[-76.14991,8.21187],[-76.15055,8.21132],[-76.15128,8.21195]]],[[[-76.14738,8.21359],[-76.14801,8.21241],[-76.14973,8.21205],[-76.1501,8.21404],[-76.14956,8.21467],[-76.14811,8.21431],[-76.14738,8.21359]]],[[[-76.10935,8.21614],[-76.10862,8.21533],[-76.10934,8.21316],[-76.10888,8.21198],[-76.10807,8.2128],[-76.10762,8.21235],[-76.10915,8.21071],[-76.10988,8.21162],[-76.10979,8.21279],[-76.11052,8.21288],[-76.11135,8.21595],[-76.11026,8.21614],[-76.11007,8.21514],[-76.10935,8.21614]],[[-76.10998,8.21424],[-76.10989,8.21361],[-76.10925,8.21388],[-76.10935,8.21451],[-76.10998,8.21424]]],[[[-76.14239,8.21523],[-76.14202,8.21334],[-76.1442,8.21306],[-76.14502,8.2136],[-76.14375,8.21405],[-76.14384,8.21442],[-76.14448,8.21432],[-76.14457,8.21487],[-76.14285,8.21641],[-76.14194,8.21641],[-76.14203,8.21524],[-76.14239,8.21523]]],[[[-76.15665,8.21655],[-76.15647,8.21791],[-76.15556,8.21728],[-76.15547,8.21655],[-76.15665,8.21655]]],[[[-76.13604,8.21815],[-76.13686,8.21814],[-76.13695,8.21751],[-76.13777,8.21751],[-76.13786,8.21697],[-76.1384,8.21705],[-76.13868,8.21787],[-76.14003,8.21687],[-76.14085,8.21705],[-76.1395,8.21859],[-76.13868,8.2185],[-76.13795,8.2195],[-76.13668,8.21968],[-76.13632,8.21941],[-76.1365,8.21878],[-76.13604,8.21815]]],[[[-76.11734,8.21757],[-76.11698,8.21865],[-76.11617,8.2192],[-76.1168,8.21775],[-76.11734,8.21757]]],[[[-76.13214,8.2177],[-76.13468,8.21833],[-76.13487,8.21942],[-76.1355,8.21969],[-76.13187,8.21979],[-76.13151,8.21915],[-76.13214,8.2177]],[[-76.13296,8.21825],[-76.13196,8.21843],[-76.13214,8.21888],[-76.13296,8.21888],[-76.13296,8.21825]]],[[[-76.13114,8.21843],[-76.13096,8.21943],[-76.13015,8.21889],[-76.13114,8.21843]]],[[[-76.12007,8.21946],[-76.11898,8.22036],[-76.11853,8.21955],[-76.11907,8.21892],[-76.12007,8.21946]]],[[[-76.11662,8.21974],[-76.11653,8.22019],[-76.11599,8.22019],[-76.11617,8.22101],[-76.1149,8.22092],[-76.11553,8.21992],[-76.11662,8.21974]]],[[[-76.13544,8.22891],[-76.13453,8.2271],[-76.1338,8.22665],[-76.13326,8.22864],[-76.13181,8.22874],[-76.13207,8.22657],[-76.13071,8.22522],[-76.13125,8.22377],[-76.13243,8.22295],[-76.13188,8.22286],[-76.13143,8.2234],[-76.13097,8.22304],[-76.1327,8.22186],[-76.13406,8.2224],[-76.13424,8.22059],[-76.13605,8.22068],[-76.13642,8.22113],[-76.13596,8.22158],[-76.1366,8.22176],[-76.13787,8.22049],[-76.13932,8.22022],[-76.14077,8.21922],[-76.14149,8.21931],[-76.14104,8.21777],[-76.14331,8.21776],[-76.14267,8.21704],[-76.14656,8.21359],[-76.14729,8.21368],[-76.14611,8.21504],[-76.14629,8.2154],[-76.14756,8.21513],[-76.14766,8.21784],[-76.14685,8.21839],[-76.14449,8.21767],[-76.14367,8.21858],[-76.14404,8.21948],[-76.14304,8.21993],[-76.14204,8.21903],[-76.14186,8.22048],[-76.14277,8.22111],[-76.14241,8.22166],[-76.14032,8.22166],[-76.14005,8.22311],[-76.13942,8.22311],[-76.13905,8.22203],[-76.13832,8.22185],[-76.13833,8.22266],[-76.1376,8.22348],[-76.1386,8.22357],[-76.13624,8.2242],[-76.13588,8.22475],[-76.13625,8.22737],[-76.13544,8.22891]],[[-76.13452,8.22412],[-76.13406,8.2234],[-76.13352,8.22403],[-76.13388,8.22484],[-76.13588,8.22457],[-76.13452,8.22412]]],[[[-76.11744,8.22136],[-76.11762,8.22082],[-76.11817,8.22118],[-76.11772,8.22172],[-76.11717,8.22164],[-76.11654,8.22272],[-76.11554,8.22209],[-76.11545,8.22146],[-76.11744,8.22136]]],[[[-76.13008,8.22603],[-76.1308,8.22621],[-76.13108,8.22748],[-76.13072,8.22811],[-76.13026,8.22856],[-76.12945,8.2282],[-76.12954,8.22902],[-76.12863,8.22911],[-76.13008,8.22603]]],[[[-76.11811,8.23095],[-76.11783,8.22995],[-76.1171,8.22941],[-76.11711,8.22996],[-76.11647,8.22978],[-76.11692,8.22869],[-76.11628,8.22797],[-76.11565,8.22824],[-76.11465,8.23014],[-76.11384,8.23006],[-76.11338,8.23051],[-76.1132,8.23015],[-76.11456,8.22924],[-76.11574,8.22743],[-76.1171,8.22652],[-76.11791,8.22679],[-76.11909,8.22507],[-76.11954,8.22516],[-76.11964,8.22588],[-76.12063,8.22515],[-76.121,8.22624],[-76.12145,8.22452],[-76.12208,8.22461],[-76.12208,8.22533],[-76.12281,8.22479],[-76.12372,8.22496],[-76.1239,8.22614],[-76.12109,8.22687],[-76.12109,8.22841],[-76.12055,8.22922],[-76.12047,8.23058],[-76.1211,8.23004],[-76.12155,8.23049],[-76.12228,8.23012],[-76.12228,8.23166],[-76.12092,8.23203],[-76.11992,8.23158],[-76.1192,8.23239],[-76.11856,8.2314],[-76.11911,8.2314],[-76.1192,8.23095],[-76.11811,8.23095]],[[-76.12,8.22642],[-76.11945,8.22615],[-76.11837,8.22724],[-76.11701,8.2276],[-76.1171,8.22896],[-76.11901,8.22941],[-76.12,8.22642]]],[[[-76.12346,8.22912],[-76.12191,8.2294],[-76.12228,8.22877],[-76.12346,8.22912]]],[[[-76.12945,8.22965],[-76.13045,8.22965],[-76.13081,8.22901],[-76.13208,8.2291],[-76.13227,8.23046],[-76.1309,8.23001],[-76.13045,8.23064],[-76.12982,8.23037],[-76.12755,8.23101],[-76.12764,8.23047],[-76.12945,8.22965]]],[[[-76.13381,8.22919],[-76.13471,8.22927],[-76.13472,8.23126],[-76.13363,8.23163],[-76.13408,8.23009],[-76.13335,8.23],[-76.13381,8.22919]]],[[[-76.11611,8.23023],[-76.11593,8.23123],[-76.11538,8.23096],[-76.11583,8.23005],[-76.11611,8.23023]]],[[[-76.11366,8.23069],[-76.11511,8.23096],[-76.11421,8.23195],[-76.11257,8.23232],[-76.11166,8.23205],[-76.11212,8.23151],[-76.11302,8.2316],[-76.11366,8.23069]]],[[[-76.12882,8.23155],[-76.13,8.23272],[-76.12728,8.23309],[-76.12655,8.23228],[-76.12882,8.23155]]],[[[-76.10187,8.23533],[-76.09942,8.23534],[-76.09896,8.23462],[-76.09959,8.23353],[-76.10041,8.23362],[-76.10105,8.23308],[-76.10159,8.23316],[-76.10159,8.23371],[-76.10223,8.23371],[-76.10222,8.23262],[-76.10313,8.23217],[-76.10394,8.2309],[-76.10685,8.23116],[-76.10813,8.23315],[-76.10749,8.23369],[-76.1084,8.2336],[-76.10867,8.23414],[-76.10405,8.23623],[-76.1026,8.23597],[-76.10187,8.23533]]],[[[-76.12847,8.23472],[-76.12846,8.23327],[-76.1311,8.23353],[-76.13137,8.23453],[-76.13046,8.23453],[-76.13037,8.23544],[-76.12974,8.23499],[-76.12901,8.23526],[-76.12847,8.23472]]],[[[-76.12801,8.23535],[-76.12856,8.23589],[-76.12784,8.23761],[-76.12728,8.234],[-76.12765,8.23363],[-76.12801,8.23535]]],[[[-76.10388,8.23922],[-76.10306,8.23832],[-76.10324,8.23786],[-76.10487,8.23786],[-76.10423,8.23659],[-76.10886,8.23504],[-76.11031,8.23622],[-76.11058,8.23549],[-76.11185,8.23531],[-76.11158,8.23449],[-76.1133,8.23449],[-76.11348,8.23385],[-76.11503,8.2343],[-76.11503,8.23367],[-76.11439,8.23385],[-76.1143,8.2325],[-76.11521,8.23258],[-76.11466,8.23313],[-76.11557,8.23331],[-76.11557,8.23385],[-76.11748,8.23267],[-76.11993,8.23293],[-76.12138,8.23401],[-76.12283,8.23347],[-76.12438,8.23382],[-76.12447,8.23509],[-76.12211,8.23582],[-76.12184,8.23645],[-76.12221,8.23682],[-76.12166,8.237],[-76.12012,8.23718],[-76.11957,8.23664],[-76.11958,8.23755],[-76.11858,8.23664],[-76.11831,8.23764],[-76.11776,8.23773],[-76.11667,8.23665],[-76.1154,8.23801],[-76.11549,8.23701],[-76.11485,8.23584],[-76.11376,8.23621],[-76.11377,8.23702],[-76.11195,8.23702],[-76.11232,8.23793],[-76.11486,8.23901],[-76.1116,8.24155],[-76.10969,8.24128],[-76.10833,8.2402],[-76.10942,8.23947],[-76.10932,8.23884],[-76.10787,8.23966],[-76.10633,8.23885],[-76.10651,8.23993],[-76.10579,8.24012],[-76.10579,8.24102],[-76.10533,8.24102],[-76.10515,8.24021],[-76.10433,8.2403],[-76.10425,8.24112],[-76.10252,8.24085],[-76.10252,8.24184],[-76.10198,8.24203],[-76.10215,8.24031],[-76.1027,8.2404],[-76.10388,8.23922]],[[-76.10515,8.2384],[-76.10615,8.23885],[-76.1056,8.23795],[-76.10505,8.23795],[-76.10515,8.2384]],[[-76.11104,8.23648],[-76.1105,8.23631],[-76.11023,8.23811],[-76.11104,8.23648]],[[-76.12121,8.23546],[-76.11994,8.23574],[-76.1203,8.23637],[-76.12121,8.23546]],[[-76.11784,8.2342],[-76.11703,8.23439],[-76.11794,8.23547],[-76.12012,8.23555],[-76.12057,8.23519],[-76.11784,8.2342]]],[[[-76.10289,8.2451],[-76.10199,8.24456],[-76.10316,8.24338],[-76.10253,8.24293],[-76.10261,8.24175],[-76.10334,8.24184],[-76.10343,8.24302],[-76.10398,8.24292],[-76.10361,8.24193],[-76.10425,8.24148],[-76.1047,8.24157],[-76.10452,8.24256],[-76.1057,8.24211],[-76.10434,8.24356],[-76.10444,8.2469],[-76.10399,8.24699],[-76.10399,8.24627],[-76.10308,8.24645],[-76.10289,8.2451]]],[[[-76.10217,8.24727],[-76.10426,8.24817],[-76.10408,8.24862],[-76.10336,8.24862],[-76.10218,8.25089],[-76.10119,8.25089],[-76.10154,8.24917],[-76.10209,8.2489],[-76.10217,8.24727]]],[[[-76.10393,8.29122],[-76.10311,8.29104],[-76.10357,8.2905],[-76.10393,8.29122]]],[[[-76.1103,8.29518],[-76.1083,8.29473],[-76.10821,8.29428],[-76.10766,8.29465],[-76.1074,8.29745],[-76.10567,8.29718],[-76.10603,8.29655],[-76.1054,8.29646],[-76.10485,8.29474],[-76.10548,8.29221],[-76.10475,8.29239],[-76.10429,8.29104],[-76.10493,8.28968],[-76.10629,8.29112],[-76.10738,8.29058],[-76.10992,8.29156],[-76.11219,8.29129],[-76.11247,8.29165],[-76.1141,8.29137],[-76.11564,8.29173],[-76.11646,8.29127],[-76.11737,8.29163],[-76.11719,8.29218],[-76.11546,8.29191],[-76.11383,8.29228],[-76.1062,8.29139],[-76.1062,8.29194],[-76.11265,8.29355],[-76.11374,8.29345],[-76.11356,8.29472],[-76.11466,8.29571],[-76.11466,8.29716],[-76.11285,8.29816],[-76.1103,8.29518]]],[[[-76.13654,8.29574],[-76.1379,8.29546],[-76.13826,8.29583],[-76.13655,8.29845],[-76.13573,8.29746],[-76.13654,8.29574]]],[[[-76.11575,8.29616],[-76.11765,8.29634],[-76.11866,8.29742],[-76.11766,8.29805],[-76.11594,8.29824],[-76.11575,8.29616]]],[[[-76.12075,8.29994],[-76.11984,8.29959],[-76.1202,8.29814],[-76.11957,8.29841],[-76.11892,8.29498],[-76.11946,8.29425],[-76.12001,8.29425],[-76.12046,8.29271],[-76.12137,8.29488],[-76.12092,8.2966],[-76.12219,8.29632],[-76.12438,8.29677],[-76.12538,8.29722],[-76.12547,8.29803],[-76.12692,8.29911],[-76.12629,8.29921],[-76.12574,8.29857],[-76.12312,8.30138],[-76.12148,8.30184],[-76.12149,8.30238],[-76.12103,8.30248],[-76.12112,8.30193],[-76.12021,8.30157],[-76.12075,8.29994]]],[[[-76.14172,8.29744],[-76.14308,8.29726],[-76.14399,8.29825],[-76.14172,8.29744]]],[[[-76.11485,8.29824],[-76.11467,8.29897],[-76.11403,8.29924],[-76.11367,8.2987],[-76.11421,8.29806],[-76.11485,8.29824]]],[[[-76.10976,8.29799],[-76.10849,8.29935],[-76.10804,8.29889],[-76.10813,8.29817],[-76.10976,8.29799]]],[[[-76.10249,8.29701],[-76.10495,8.29755],[-76.10495,8.29809],[-76.10404,8.29827],[-76.10332,8.29909],[-76.10341,8.30081],[-76.10387,8.30126],[-76.10232,8.30117],[-76.10249,8.29701]]],[[[-76.13892,8.30405],[-76.13936,8.29935],[-76.14045,8.29907],[-76.14072,8.29826],[-76.1419,8.29817],[-76.14036,8.29962],[-76.14127,8.29907],[-76.14172,8.29934],[-76.14074,8.30378],[-76.14101,8.30441],[-76.14047,8.30531],[-76.13911,8.3055],[-76.13947,8.3045],[-76.13892,8.30405]],[[-76.13982,8.3007],[-76.13973,8.30125],[-76.141,8.30106],[-76.13982,8.3007]]],[[[-76.13347,8.30289],[-76.13646,8.30035],[-76.13719,8.30035],[-76.13728,8.29963],[-76.13846,8.2998],[-76.13856,8.30324],[-76.13811,8.30424],[-76.13529,8.30343],[-76.13511,8.30443],[-76.13329,8.30443],[-76.1332,8.30398],[-76.13384,8.30353],[-76.13347,8.30289]]],[[[-76.14183,8.30477],[-76.1411,8.30359],[-76.14164,8.30287],[-76.14246,8.30296],[-76.14164,8.30242],[-76.14164,8.30178],[-76.14246,8.30169],[-76.14173,8.30133],[-76.14173,8.30079],[-76.14227,8.30034],[-76.14227,8.29907],[-76.14336,8.29889],[-76.14391,8.30024],[-76.14264,8.30088],[-76.14264,8.30196],[-76.14364,8.30232],[-76.14301,8.30278],[-76.1431,8.30332],[-76.14373,8.30295],[-76.14391,8.30187],[-76.14473,8.30205],[-76.14464,8.30413],[-76.14392,8.30567],[-76.14301,8.30567],[-76.14292,8.3044],[-76.14192,8.30432],[-76.14183,8.30477]]],[[[-76.13284,8.30362],[-76.1313,8.30362],[-76.13148,8.30326],[-76.13284,8.30362]]],[[[-76.11613,8.30376],[-76.11459,8.30394],[-76.11468,8.30331],[-76.11613,8.30376]]],[[[-76.13784,8.30605],[-76.13675,8.30614],[-76.13702,8.30514],[-76.13775,8.30541],[-76.13784,8.30605]]],[[[-76.13484,8.30497],[-76.13593,8.30524],[-76.13539,8.30569],[-76.13584,8.30623],[-76.13548,8.30696],[-76.1343,8.30597],[-76.13484,8.30497]]],[[[-76.10897,8.30757],[-76.10724,8.30704],[-76.10679,8.30821],[-76.10561,8.30867],[-76.10534,8.30668],[-76.10606,8.30686],[-76.10624,8.30632],[-76.10533,8.30605],[-76.10542,8.30541],[-76.1076,8.30532],[-76.10769,8.30577],[-76.10688,8.3064],[-76.10824,8.30649],[-76.10833,8.30504],[-76.10697,8.30487],[-76.10705,8.30432],[-76.10932,8.30341],[-76.11077,8.30359],[-76.10951,8.3045],[-76.10933,8.30549],[-76.11078,8.30549],[-76.11087,8.30603],[-76.11051,8.30648],[-76.11006,8.30603],[-76.10906,8.30613],[-76.10879,8.30658],[-76.10988,8.30748],[-76.11051,8.30658],[-76.11088,8.30766],[-76.11015,8.30775],[-76.10988,8.30884],[-76.10934,8.30866],[-76.10789,8.30948],[-76.10816,8.30857],[-76.10897,8.30812],[-76.10897,8.30757]]],[[[-76.11488,8.30964],[-76.11497,8.31045],[-76.11397,8.31036],[-76.11361,8.30955],[-76.11188,8.30937],[-76.11169,8.30748],[-76.11224,8.30666],[-76.11133,8.30585],[-76.1115,8.30341],[-76.11314,8.30385],[-76.11487,8.30584],[-76.11595,8.3052],[-76.11641,8.30565],[-76.11786,8.30466],[-76.11977,8.30492],[-76.12023,8.30646],[-76.12059,8.30555],[-76.12013,8.30492],[-76.12058,8.30483],[-76.12304,8.30464],[-76.12376,8.30518],[-76.12549,8.30527],[-76.12513,8.30608],[-76.12803,8.30553],[-76.12849,8.30716],[-76.12904,8.30752],[-76.12822,8.30797],[-76.12859,8.30851],[-76.12577,8.30798],[-76.12414,8.30844],[-76.12295,8.3079],[-76.12159,8.30817],[-76.12068,8.30691],[-76.11996,8.30763],[-76.11896,8.30782],[-76.11705,8.30755],[-76.11614,8.30683],[-76.11542,8.30719],[-76.11333,8.30684],[-76.11405,8.30738],[-76.11406,8.30801],[-76.11433,8.30738],[-76.11723,8.30791],[-76.11733,8.30882],[-76.11597,8.30891],[-76.11624,8.31018],[-76.11488,8.30964]]],[[[-76.13022,8.30715],[-76.12967,8.30688],[-76.13003,8.30625],[-76.12976,8.30571],[-76.13021,8.30534],[-76.12994,8.30471],[-76.1333,8.30488],[-76.13321,8.30606],[-76.1323,8.3066],[-76.13104,8.30977],[-76.13013,8.30896],[-76.13022,8.30715]]],[[[-76.12277,8.30862],[-76.12323,8.30898],[-76.12241,8.30935],[-76.12168,8.30862],[-76.12277,8.30862]]],[[[-76.11842,8.30836],[-76.1196,8.30836],[-76.11933,8.30908],[-76.12014,8.30908],[-76.1206,8.31035],[-76.11969,8.30971],[-76.11797,8.31008],[-76.11742,8.30873],[-76.11842,8.30881],[-76.11842,8.30836]]],[[[-76.1078,8.30948],[-76.10798,8.30993],[-76.10907,8.31011],[-76.11006,8.30902],[-76.10997,8.30866],[-76.11061,8.30884],[-76.10925,8.31056],[-76.10816,8.31038],[-76.10789,8.31083],[-76.10653,8.31002],[-76.10616,8.31093],[-76.10516,8.31021],[-76.10525,8.30985],[-76.1078,8.30948]]],[[[-76.10055,8.317],[-76.101,8.31628],[-76.10055,8.31628],[-76.10091,8.31556],[-76.10037,8.3152],[-76.10045,8.31456],[-76.10118,8.31411],[-76.10227,8.31429],[-76.10327,8.31338],[-76.10472,8.31383],[-76.10427,8.315],[-76.10372,8.31419],[-76.10327,8.31428],[-76.10372,8.31482],[-76.10336,8.31573],[-76.10382,8.316],[-76.10337,8.31754],[-76.10182,8.31754],[-76.1021,8.31854],[-76.10083,8.31863],[-76.10055,8.31791],[-76.10092,8.31736],[-76.10055,8.317]]],[[[-76.10907,8.34221],[-76.10916,8.34248],[-76.10798,8.34221],[-76.10816,8.34167],[-76.10907,8.34221]]],[[[-76.11248,8.36065],[-76.11157,8.36147],[-76.11094,8.36147],[-76.11112,8.36084],[-76.11075,8.36075],[-76.11076,8.36156],[-76.11039,8.36165],[-76.1103,8.36084],[-76.11121,8.3602],[-76.11248,8.36065]]],[[[-76.10198,8.37271],[-76.10334,8.37252],[-76.10333,8.37008],[-76.10434,8.37153],[-76.10588,8.37179],[-76.10525,8.3736],[-76.10198,8.37271]]],[[[-76.11472,8.53962],[-76.11508,8.5389],[-76.11481,8.53817],[-76.11544,8.53862],[-76.11572,8.53998],[-76.11781,8.5407],[-76.11563,8.54088],[-76.11472,8.53962]]],[[[-76.12204,8.55886],[-76.12186,8.55977],[-76.12132,8.5595],[-76.12132,8.5585],[-76.12077,8.55796],[-76.12131,8.55751],[-76.12195,8.55859],[-76.12204,8.55805],[-76.12159,8.55787],[-76.12204,8.55669],[-76.12258,8.55597],[-76.12358,8.55614],[-76.12385,8.55578],[-76.12513,8.55858],[-76.12287,8.56094],[-76.12205,8.56031],[-76.12259,8.55986],[-76.12204,8.55886]]],[[[-76.11932,8.56014],[-76.1195,8.55968],[-76.11951,8.56086],[-76.11833,8.56159],[-76.11814,8.56095],[-76.11932,8.56014]]],[[[-76.11615,8.56213],[-76.11715,8.56231],[-76.11733,8.56331],[-76.1166,8.56331],[-76.11615,8.56213]]],[[[-76.12133,8.56393],[-76.11979,8.56366],[-76.11997,8.56303],[-76.12087,8.56321],[-76.12133,8.56393]]],[[[-76.1176,8.56349],[-76.11779,8.56421],[-76.11679,8.5643],[-76.1176,8.56349]]],[[[-76.12442,8.56338],[-76.12506,8.56455],[-76.12379,8.56428],[-76.1236,8.56347],[-76.12442,8.56338]]],[[[-76.11716,8.56575],[-76.11689,8.56647],[-76.11679,8.56557],[-76.11616,8.56521],[-76.11661,8.56467],[-76.11716,8.56575]]],[[[-76.11216,8.56685],[-76.11171,8.5664],[-76.11297,8.5644],[-76.11343,8.56467],[-76.11334,8.5654],[-76.11407,8.56522],[-76.11425,8.56576],[-76.11498,8.56548],[-76.11444,8.56748],[-76.11535,8.56756],[-76.11453,8.56802],[-76.11353,8.56694],[-76.11216,8.56685]]],[[[-76.10908,8.57011],[-76.10945,8.57056],[-76.10999,8.57038],[-76.11026,8.56957],[-76.1109,8.56948],[-76.11099,8.56866],[-76.11162,8.56893],[-76.11018,8.57101],[-76.10809,8.57247],[-76.10772,8.57156],[-76.10908,8.57011]]],[[[-76.10201,8.57411],[-76.10273,8.57348],[-76.10446,8.57383],[-76.10464,8.5732],[-76.10618,8.5722],[-76.10773,8.57274],[-76.10819,8.57364],[-76.10737,8.57401],[-76.10764,8.57491],[-76.10592,8.57528],[-76.10574,8.57591],[-76.10546,8.57465],[-76.10501,8.5751],[-76.10419,8.57501],[-76.10501,8.576],[-76.10419,8.57582],[-76.10392,8.57646],[-76.10338,8.57628],[-76.1031,8.57519],[-76.10237,8.57502],[-76.10201,8.57411]]],[[[-76.10365,8.578],[-76.10238,8.57836],[-76.10265,8.57728],[-76.10338,8.577],[-76.10365,8.578]]],[[[-76.10592,8.57681],[-76.10501,8.57691],[-76.10474,8.57763],[-76.10411,8.57745],[-76.10401,8.57691],[-76.10547,8.57636],[-76.1072,8.57717],[-76.10665,8.57781],[-76.10583,8.57781],[-76.10593,8.57853],[-76.10502,8.57899],[-76.10474,8.57772],[-76.10583,8.57754],[-76.10592,8.57681]]],[[[-76.10239,8.58062],[-76.1033,8.58008],[-76.10239,8.58207],[-76.10148,8.5818],[-76.10239,8.58062]]],[[[-76.09487,8.13406],[-76.0946,8.1337],[-76.09515,8.1337],[-76.09487,8.13406]]],[[[-76.09515,8.13515],[-76.09606,8.13514],[-76.09678,8.13433],[-76.09724,8.13496],[-76.09642,8.13614],[-76.09688,8.13641],[-76.09815,8.13577],[-76.09824,8.13613],[-76.0967,8.13695],[-76.09597,8.13686],[-76.09515,8.13596],[-76.09515,8.13515]]],[[[-76.09516,8.13741],[-76.09416,8.1366],[-76.09443,8.13614],[-76.09515,8.1365],[-76.09607,8.13831],[-76.09443,8.13804],[-76.09516,8.13741]]],[[[-76.09725,8.13822],[-76.09788,8.13794],[-76.09761,8.13695],[-76.09906,8.13694],[-76.09988,8.13875],[-76.09852,8.13993],[-76.09807,8.13984],[-76.09834,8.1393],[-76.09761,8.13948],[-76.09725,8.13822]]],[[[-76.09994,8.16009],[-76.1003,8.16027],[-76.09949,8.16109],[-76.09885,8.16109],[-76.09867,8.16191],[-76.09794,8.16109],[-76.09994,8.16009]]],[[[-76.07608,8.16354],[-76.07599,8.16405],[-76.07399,8.16432],[-76.07435,8.16351],[-76.07608,8.16354]]],[[[-76.0965,8.16345],[-76.09722,8.16327],[-76.09659,8.16426],[-76.09741,8.16498],[-76.09659,8.16508],[-76.09589,8.16589],[-76.09569,8.16517],[-76.09572,8.16463],[-76.09578,8.16526],[-76.0965,8.16345]]],[[[-76.0857,8.16574],[-76.08497,8.16502],[-76.08651,8.16293],[-76.08824,8.16347],[-76.08833,8.1642],[-76.09033,8.16446],[-76.08915,8.1651],[-76.08933,8.16564],[-76.08842,8.16546],[-76.08852,8.16591],[-76.08743,8.16592],[-76.08806,8.16483],[-76.08733,8.16447],[-76.08706,8.16357],[-76.08679,8.1642],[-76.08752,8.1651],[-76.08652,8.16492],[-76.08652,8.16547],[-76.08697,8.16528],[-76.08715,8.16574],[-76.08661,8.16646],[-76.08698,8.16773],[-76.0858,8.16764],[-76.0857,8.16574]]],[[[-76.07245,8.16659],[-76.07363,8.16577],[-76.07355,8.16785],[-76.074,8.16885],[-76.07337,8.16876],[-76.07328,8.16939],[-76.07273,8.16885],[-76.07309,8.16803],[-76.07245,8.16659]]],[[[-76.07872,8.16856],[-76.07736,8.1673],[-76.07744,8.16612],[-76.07653,8.16549],[-76.07644,8.16477],[-76.07753,8.16558],[-76.07826,8.16748],[-76.07945,8.16829],[-76.07991,8.171],[-76.07873,8.17091],[-76.07872,8.16856]]],[[[-76.09061,8.16898],[-76.09152,8.16898],[-76.09197,8.16798],[-76.09233,8.16816],[-76.09225,8.16979],[-76.08998,8.17106],[-76.08998,8.16998],[-76.0908,8.17007],[-76.09061,8.16898]]],[[[-76.07491,8.17029],[-76.07482,8.17083],[-76.07428,8.17056],[-76.07409,8.16966],[-76.07491,8.17029]]],[[[-76.08354,8.17117],[-76.08336,8.17162],[-76.08363,8.17036],[-76.08408,8.17018],[-76.08417,8.17081],[-76.08354,8.17117]]],[[[-76.09171,8.17187],[-76.09162,8.17224],[-76.09089,8.17197],[-76.09116,8.17115],[-76.09171,8.17187]]],[[[-76.08382,8.1737],[-76.084,8.1728],[-76.08445,8.17289],[-76.08382,8.1737]]],[[[-76.08618,8.17388],[-76.08444,8.17485],[-76.08291,8.17483],[-76.08618,8.17388]]],[[[-76.0831,8.17515],[-76.0831,8.17531],[-76.08215,8.17561],[-76.08137,8.17516],[-76.0831,8.17515]]],[[[-76.08519,8.17795],[-76.08473,8.17667],[-76.08522,8.17581],[-76.08663,8.17491],[-76.08931,8.17414],[-76.09099,8.17423],[-76.09036,8.17459],[-76.0909,8.17522],[-76.09172,8.17441],[-76.09408,8.1744],[-76.09489,8.17376],[-76.09579,8.17159],[-76.09598,8.17286],[-76.09535,8.17412],[-76.09444,8.17476],[-76.09244,8.17477],[-76.09254,8.17739],[-76.09182,8.17748],[-76.09172,8.17585],[-76.09127,8.17558],[-76.09054,8.17558],[-76.08855,8.17722],[-76.08746,8.17695],[-76.08682,8.1774],[-76.08746,8.17894],[-76.08874,8.17957],[-76.09064,8.17947],[-76.09173,8.17784],[-76.09254,8.17838],[-76.09182,8.18019],[-76.08947,8.18119],[-76.08729,8.18039],[-76.08519,8.17795]],[[-76.08619,8.17677],[-76.08573,8.17759],[-76.08619,8.17759],[-76.08664,8.17623],[-76.08591,8.17605],[-76.08619,8.17677]],[[-76.08881,8.17478],[-76.08755,8.17595],[-76.08836,8.17631],[-76.08836,8.1755],[-76.08927,8.1755],[-76.08881,8.17478]]],[[[-76.07157,8.17663],[-76.07229,8.17419],[-76.07374,8.17328],[-76.0742,8.17319],[-76.07284,8.17446],[-76.0723,8.17572],[-76.07299,8.18059],[-76.07222,8.18061],[-76.07157,8.17663]]],[[[-76.07485,8.17906],[-76.07566,8.1796],[-76.07575,8.17852],[-76.07466,8.17852],[-76.07511,8.17734],[-76.07444,8.17843],[-76.07421,8.1784],[-76.07366,8.17608],[-76.07402,8.17496],[-76.07601,8.17386],[-76.0781,8.17411],[-76.07674,8.17408],[-76.07665,8.17544],[-76.07765,8.17499],[-76.07901,8.17553],[-76.07947,8.17616],[-76.07902,8.1767],[-76.08001,8.17643],[-76.08165,8.17868],[-76.08301,8.17814],[-76.0841,8.17841],[-76.08374,8.17913],[-76.08202,8.17923],[-76.08084,8.1785],[-76.07902,8.17824],[-76.07675,8.17996],[-76.07612,8.17969],[-76.07639,8.18042],[-76.07549,8.18087],[-76.07422,8.18078],[-76.07485,8.17906]],[[-76.07611,8.17626],[-76.07611,8.17779],[-76.07711,8.1768],[-76.07674,8.17625],[-76.07611,8.17626]]],[[[-76.07003,8.17881],[-76.07085,8.17871],[-76.07131,8.18025],[-76.06995,8.17926],[-76.07003,8.17881]]],[[[-76.07848,8.18014],[-76.07794,8.18077],[-76.07766,8.17987],[-76.07848,8.18014]]],[[[-76.06913,8.1818],[-76.07097,8.1816],[-76.07031,8.18139],[-76.07049,8.18106],[-76.07176,8.18079],[-76.07095,8.18224],[-76.07203,8.18197],[-76.07186,8.18215],[-76.07186,8.18224],[-76.07148,8.18274],[-76.07139,8.18296],[-76.06913,8.1818]]],[[[-76.0724,8.18178],[-76.07268,8.18242],[-76.07142,8.18305],[-76.0724,8.18178]]],[[[-76.09682,8.18335],[-76.09819,8.18425],[-76.09628,8.18507],[-76.09538,8.18462],[-76.09537,8.18416],[-76.09682,8.18335]]],[[[-76.09247,8.18363],[-76.09311,8.18444],[-76.09093,8.18436],[-76.09038,8.18472],[-76.09065,8.1839],[-76.09247,8.18363]]],[[[-76.06897,8.18613],[-76.07005,8.1864],[-76.07005,8.18604],[-76.06942,8.1855],[-76.06887,8.18604],[-76.06851,8.18586],[-76.06896,8.18451],[-76.06796,8.18261],[-76.07005,8.18387],[-76.07195,8.18395],[-76.07313,8.1835],[-76.07404,8.18232],[-76.07368,8.18458],[-76.07514,8.18639],[-76.07314,8.18513],[-76.07214,8.18622],[-76.07087,8.1864],[-76.07042,8.1874],[-76.06897,8.18613]]],[[[-76.10292,8.18695],[-76.10101,8.18704],[-76.1011,8.18641],[-76.103,8.18649],[-76.10292,8.18695]]],[[[-76.09248,8.1886],[-76.09375,8.1886],[-76.09294,8.18923],[-76.09176,8.18906],[-76.09248,8.1886]]],[[[-76.09721,8.19049],[-76.09929,8.1894],[-76.10038,8.19003],[-76.09885,8.19284],[-76.09721,8.19257],[-76.09631,8.19357],[-76.09667,8.19212],[-76.09712,8.19194],[-76.09685,8.19148],[-76.09721,8.19049]]],[[[-76.09331,8.19321],[-76.09277,8.19321],[-76.0925,8.19367],[-76.09195,8.19304],[-76.09331,8.19285],[-76.09376,8.19321],[-76.09422,8.19267],[-76.09477,8.19393],[-76.09404,8.19448],[-76.09322,8.19439],[-76.09331,8.19321]]],[[[-76.10167,8.19482],[-76.10103,8.19563],[-76.10067,8.19518],[-76.10167,8.19482]]],[[[-76.10185,8.1959],[-76.10167,8.19699],[-76.10113,8.19762],[-76.10058,8.19753],[-76.10122,8.19609],[-76.10185,8.1959]]],[[[-76.07744,8.19733],[-76.07644,8.1976],[-76.07644,8.19715],[-76.07853,8.19705],[-76.07935,8.19931],[-76.0778,8.19832],[-76.07744,8.19733]]],[[[-76.07817,8.1994],[-76.07944,8.19994],[-76.07953,8.20094],[-76.07899,8.20157],[-76.0779,8.20076],[-76.07817,8.1994]]],[[[-76.07483,8.20601],[-76.07455,8.20547],[-76.07546,8.20556],[-76.07628,8.20474],[-76.07655,8.20547],[-76.07728,8.20556],[-76.07782,8.20438],[-76.07682,8.20366],[-76.078,8.20356],[-76.07836,8.20465],[-76.07764,8.20574],[-76.07819,8.20637],[-76.07801,8.20691],[-76.07746,8.20682],[-76.07737,8.20628],[-76.07628,8.20655],[-76.07483,8.20601]]],[[[-76.07882,8.20447],[-76.07964,8.20483],[-76.07964,8.20564],[-76.07882,8.20637],[-76.0781,8.20619],[-76.07882,8.20447]]],[[[-76.09788,8.20586],[-76.09879,8.20658],[-76.0988,8.20722],[-76.09807,8.20767],[-76.09998,8.20938],[-76.09735,8.20966],[-76.09788,8.20586]]],[[[-76.07929,8.2117],[-76.07856,8.2117],[-76.07884,8.21098],[-76.07792,8.20962],[-76.0791,8.20989],[-76.07902,8.21034],[-76.07965,8.2107],[-76.07956,8.2117],[-76.08038,8.21224],[-76.08075,8.21332],[-76.07947,8.21242],[-76.07929,8.2117]]],[[[-76.07204,8.21416],[-76.07267,8.21443],[-76.07295,8.21543],[-76.07259,8.21606],[-76.07204,8.21525],[-76.07149,8.21525],[-76.07204,8.21416]]],[[[-76.07676,8.21614],[-76.07603,8.21605],[-76.0764,8.21533],[-76.07721,8.21514],[-76.07676,8.21614]]],[[[-76.08221,8.21522],[-76.08475,8.21503],[-76.08529,8.2163],[-76.08602,8.21675],[-76.08221,8.21522]]],[[[-76.0744,8.21651],[-76.07431,8.21732],[-76.07331,8.21705],[-76.07368,8.21633],[-76.0744,8.21651]]],[[[-76.07722,8.21804],[-76.07568,8.21822],[-76.07586,8.21813],[-76.0764,8.21722],[-76.07722,8.21804]]],[[[-76.07286,8.21841],[-76.0725,8.21787],[-76.07277,8.21732],[-76.07559,8.21849],[-76.07468,8.21877],[-76.07386,8.21814],[-76.07286,8.21841]]],[[[-76.0706,8.22059],[-76.07105,8.22077],[-76.07088,8.22212],[-76.06988,8.22204],[-76.0706,8.22059]]],[[[-76.07405,8.22166],[-76.07568,8.22039],[-76.07822,8.22011],[-76.07569,8.22184],[-76.07632,8.22211],[-76.07651,8.22283],[-76.07405,8.22166]]],[[[-76.08397,8.23059],[-76.08515,8.22968],[-76.08515,8.22914],[-76.08451,8.22977],[-76.08343,8.22987],[-76.08306,8.23077],[-76.08252,8.23096],[-76.08243,8.22987],[-76.08161,8.22915],[-76.0816,8.22806],[-76.08233,8.22779],[-76.08233,8.22689],[-76.08505,8.22643],[-76.08496,8.22706],[-76.08542,8.22715],[-76.08587,8.2267],[-76.08559,8.22561],[-76.0865,8.22597],[-76.08723,8.22561],[-76.08668,8.22443],[-76.08858,8.22407],[-76.09086,8.22551],[-76.09204,8.22532],[-76.09249,8.22577],[-76.09385,8.22496],[-76.09395,8.22649],[-76.09458,8.22667],[-76.09422,8.22613],[-76.09503,8.22423],[-76.09557,8.22423],[-76.09504,8.22694],[-76.09612,8.22622],[-76.09613,8.22739],[-76.09722,8.22703],[-76.09785,8.22757],[-76.09803,8.22567],[-76.09912,8.22449],[-76.09993,8.22449],[-76.0992,8.22386],[-76.10002,8.2215],[-76.10138,8.2243],[-76.1021,8.22204],[-76.10183,8.2215],[-76.10237,8.22122],[-76.10292,8.22167],[-76.10355,8.22104],[-76.10337,8.22023],[-76.10219,8.21987],[-76.10128,8.22059],[-76.10074,8.21978],[-76.10182,8.21869],[-76.10382,8.21914],[-76.104,8.21869],[-76.10337,8.21851],[-76.104,8.21769],[-76.10363,8.21688],[-76.10454,8.21652],[-76.10527,8.21697],[-76.1059,8.21624],[-76.10672,8.21624],[-76.1069,8.21687],[-76.10772,8.21678],[-76.1079,8.21732],[-76.10844,8.21669],[-76.10972,8.21741],[-76.11044,8.21686],[-76.11108,8.21713],[-76.11008,8.21849],[-76.11118,8.21948],[-76.108,8.21931],[-76.10646,8.22031],[-76.10582,8.2214],[-76.1051,8.22149],[-76.10265,8.22348],[-76.10166,8.22475],[-76.10284,8.22511],[-76.10248,8.22575],[-76.10166,8.22566],[-76.10066,8.22638],[-76.10049,8.22774],[-76.09912,8.22793],[-76.09858,8.22729],[-76.0984,8.22865],[-76.09776,8.22847],[-76.09822,8.22992],[-76.09732,8.23028],[-76.09741,8.23164],[-76.09442,8.23201],[-76.09278,8.23156],[-76.09215,8.23247],[-76.09024,8.2322],[-76.08888,8.23347],[-76.08788,8.23212],[-76.08897,8.23202],[-76.08951,8.23094],[-76.09024,8.23139],[-76.09032,8.22976],[-76.09169,8.2303],[-76.09468,8.22948],[-76.09123,8.22885],[-76.09077,8.2284],[-76.09005,8.22849],[-76.08996,8.22904],[-76.08887,8.2285],[-76.08905,8.22949],[-76.08815,8.2304],[-76.08624,8.22977],[-76.08434,8.23086],[-76.08397,8.23059]],[[-76.09632,8.23001],[-76.0965,8.2292],[-76.0955,8.22902],[-76.09541,8.23002],[-76.09632,8.23001]],[[-76.08832,8.22823],[-76.08887,8.22832],[-76.08868,8.22759],[-76.08805,8.22714],[-76.08832,8.22823]],[[-76.10365,8.22131],[-76.10419,8.22167],[-76.10509,8.22013],[-76.10365,8.22131]],[[-76.10627,8.21868],[-76.10555,8.21895],[-76.10564,8.21941],[-76.10627,8.21931],[-76.10627,8.21868]],[[-76.08941,8.2256],[-76.08895,8.22524],[-76.0875,8.22506],[-76.0875,8.2266],[-76.08923,8.22623],[-76.08941,8.2256]]],[[[-76.07135,8.229],[-76.07008,8.22981],[-76.0699,8.22891],[-76.07099,8.22863],[-76.07135,8.229]]],[[[-76.08615,8.23076],[-76.08606,8.23013],[-76.08669,8.22995],[-76.08742,8.23076],[-76.08615,8.23076]]],[[[-76.08461,8.23249],[-76.08461,8.2314],[-76.08534,8.23158],[-76.08543,8.23212],[-76.08461,8.23249]]],[[[-76.08462,8.23411],[-76.08525,8.23375],[-76.08471,8.23493],[-76.08417,8.23493],[-76.08462,8.23411]]],[[[-76.09469,8.23373],[-76.09506,8.23363],[-76.09542,8.23427],[-76.09624,8.2339],[-76.09651,8.23453],[-76.09751,8.23489],[-76.09651,8.23463],[-76.09497,8.23517],[-76.09451,8.23481],[-76.09469,8.23373]]],[[[-76.06982,8.23488],[-76.07245,8.23442],[-76.07318,8.23469],[-76.07255,8.23541],[-76.06982,8.23488]]],[[[-76.07982,8.23802],[-76.07945,8.23784],[-76.08009,8.23774],[-76.07981,8.2372],[-76.07927,8.23793],[-76.07855,8.2382],[-76.07827,8.23811],[-76.07936,8.23666],[-76.07954,8.23521],[-76.07999,8.23494],[-76.07981,8.23422],[-76.07763,8.23495],[-76.07682,8.23658],[-76.076,8.23658],[-76.0759,8.23522],[-76.07636,8.23531],[-76.07935,8.23295],[-76.08117,8.23403],[-76.08189,8.23394],[-76.08216,8.2334],[-76.08226,8.23494],[-76.0809,8.2353],[-76.08099,8.23593],[-76.08036,8.23639],[-76.0809,8.23738],[-76.08073,8.2391],[-76.079,8.23992],[-76.07982,8.23802]]],[[[-76.10151,8.23633],[-76.10223,8.23642],[-76.1016,8.23751],[-76.10124,8.23742],[-76.1016,8.23696],[-76.10151,8.23633]]],[[[-76.09951,8.23588],[-76.10042,8.23624],[-76.09969,8.23679],[-76.09997,8.23742],[-76.09924,8.23733],[-76.09906,8.23824],[-76.09834,8.23869],[-76.09815,8.23797],[-76.09951,8.23588]]],[[[-76.10188,8.23986],[-76.10079,8.24085],[-76.10016,8.23941],[-76.10106,8.23904],[-76.10133,8.23796],[-76.10188,8.23986]]],[[[-76.0713,8.24274],[-76.07184,8.24211],[-76.07166,8.24148],[-76.07111,8.24139],[-76.07093,8.24211],[-76.07029,8.24148],[-76.07047,8.24066],[-76.07138,8.24084],[-76.07165,8.2403],[-76.07092,8.23849],[-76.07237,8.23885],[-76.07328,8.23776],[-76.07364,8.23867],[-76.07391,8.23631],[-76.07436,8.23586],[-76.07527,8.23667],[-76.07501,8.23857],[-76.07437,8.2393],[-76.07346,8.23885],[-76.07337,8.2393],[-76.07201,8.23985],[-76.07202,8.24039],[-76.07256,8.24057],[-76.07274,8.24003],[-76.07474,8.23957],[-76.07574,8.23984],[-76.07573,8.23911],[-76.07719,8.23929],[-76.07728,8.23893],[-76.07809,8.23911],[-76.07764,8.23965],[-76.07819,8.23938],[-76.07864,8.24037],[-76.07493,8.24291],[-76.07375,8.24301],[-76.07384,8.24364],[-76.07321,8.244],[-76.07175,8.24401],[-76.0713,8.24274]],[[-76.07256,8.24093],[-76.07274,8.24156],[-76.07347,8.24228],[-76.07365,8.24174],[-76.07256,8.24093]]],[[[-76.10125,8.24203],[-76.1008,8.24284],[-76.10025,8.24212],[-76.10061,8.24149],[-76.10125,8.24203]]],[[[-76.08391,8.24217],[-76.08228,8.24298],[-76.08237,8.24262],[-76.08337,8.2419],[-76.08391,8.24217]]],[[[-76.08664,8.24324],[-76.08727,8.24261],[-76.08782,8.24333],[-76.08591,8.24388],[-76.08582,8.24297],[-76.08664,8.24261],[-76.08664,8.24324]]],[[[-76.10017,8.24429],[-76.09926,8.24411],[-76.10053,8.24357],[-76.10017,8.24429]]],[[[-76.07747,8.24508],[-76.0773,8.24662],[-76.07684,8.24689],[-76.0763,8.2468],[-76.07621,8.2458],[-76.07502,8.24517],[-76.07385,8.24581],[-76.07276,8.24563],[-76.07303,8.24473],[-76.07448,8.244],[-76.07538,8.24418],[-76.07511,8.24346],[-76.07837,8.24119],[-76.0791,8.24236],[-76.07892,8.24326],[-76.07974,8.2429],[-76.08119,8.24425],[-76.08156,8.24389],[-76.08183,8.24416],[-76.08156,8.24489],[-76.07947,8.2457],[-76.07911,8.24706],[-76.07857,8.24706],[-76.07838,8.24526],[-76.07747,8.24508]]],[[[-76.08419,8.24461],[-76.0831,8.24416],[-76.08328,8.2438],[-76.08392,8.24388],[-76.08419,8.24461]]],[[[-76.09573,8.24729],[-76.09491,8.24738],[-76.09527,8.24639],[-76.09609,8.24629],[-76.09627,8.24683],[-76.09573,8.24729]]],[[[-76.09909,8.24665],[-76.09963,8.24728],[-76.10054,8.24664],[-76.10127,8.24691],[-76.10073,8.24854],[-76.09909,8.24782],[-76.09909,8.24665]]],[[[-76.09816,8.24059],[-76.09798,8.24131],[-76.09662,8.24204],[-76.09662,8.24285],[-76.09862,8.2433],[-76.09799,8.24394],[-76.09708,8.24394],[-76.09708,8.24466],[-76.09627,8.24557],[-76.09482,8.24584],[-76.09464,8.24774],[-76.09364,8.24802],[-76.09346,8.24757],[-76.0931,8.24838],[-76.09065,8.24929],[-76.08675,8.25165],[-76.08602,8.25093],[-76.08567,8.25229],[-76.08385,8.25302],[-76.08195,8.25501],[-76.0805,8.25547],[-76.08005,8.25638],[-76.07968,8.2561],[-76.07986,8.25339],[-76.07777,8.25249],[-76.07804,8.25168],[-76.07749,8.25105],[-76.07749,8.25195],[-76.07668,8.25204],[-76.0774,8.25041],[-76.07748,8.24851],[-76.0783,8.24761],[-76.07957,8.24815],[-76.08011,8.24597],[-76.08202,8.24597],[-76.08256,8.24524],[-76.08201,8.24506],[-76.08228,8.24452],[-76.08283,8.24461],[-76.08283,8.24533],[-76.08592,8.24505],[-76.08583,8.24587],[-76.08637,8.24569],[-76.08647,8.24605],[-76.0871,8.24487],[-76.09227,8.24468],[-76.093,8.24522],[-76.09146,8.24522],[-76.09209,8.24594],[-76.09219,8.24703],[-76.093,8.24675],[-76.09391,8.24729],[-76.09527,8.24403],[-76.09272,8.24377],[-76.09117,8.23961],[-76.09725,8.23924],[-76.09798,8.2395],[-76.09771,8.24014],[-76.09807,8.24023],[-76.09816,8.23959],[-76.09889,8.23968],[-76.09988,8.23896],[-76.10016,8.23941],[-76.09816,8.24059]],[[-76.09389,8.2406],[-76.09417,8.24141],[-76.09462,8.24141],[-76.09444,8.24051],[-76.09389,8.2406]]],[[[-76.07259,8.2507],[-76.07213,8.2507],[-76.07258,8.24798],[-76.07204,8.24898],[-76.07149,8.24925],[-76.07158,8.24645],[-76.07258,8.24663],[-76.07285,8.24762],[-76.07349,8.24708],[-76.0743,8.24771],[-76.07594,8.24743],[-76.07594,8.24843],[-76.07649,8.24834],[-76.07639,8.24761],[-76.07721,8.24779],[-76.0764,8.24861],[-76.07677,8.25123],[-76.07558,8.25096],[-76.07558,8.25042],[-76.07613,8.25024],[-76.07594,8.24879],[-76.07513,8.24979],[-76.07513,8.25078],[-76.07449,8.25087],[-76.07441,8.25133],[-76.07322,8.25088],[-76.07331,8.24961],[-76.07259,8.2507]]],[[[-76.09294,8.2567],[-76.09258,8.25607],[-76.09167,8.25643],[-76.0913,8.25607],[-76.09194,8.2549],[-76.09093,8.25291],[-76.09139,8.25273],[-76.09148,8.25345],[-76.09184,8.25345],[-76.09266,8.25245],[-76.09174,8.25065],[-76.09392,8.24883],[-76.09664,8.24783],[-76.09673,8.24946],[-76.09746,8.24954],[-76.09801,8.25199],[-76.09856,8.25198],[-76.09883,8.25162],[-76.09828,8.25117],[-76.09819,8.25018],[-76.09918,8.24927],[-76.09873,8.24855],[-76.09964,8.24863],[-76.0991,8.25026],[-76.1001,8.25098],[-76.09902,8.25397],[-76.09784,8.25425],[-76.09802,8.25343],[-76.09738,8.25343],[-76.09728,8.25199],[-76.09583,8.25226],[-76.09683,8.25325],[-76.09738,8.25479],[-76.09693,8.25597],[-76.09521,8.25597],[-76.09448,8.25407],[-76.09484,8.25299],[-76.09447,8.25236],[-76.09393,8.25236],[-76.09383,8.25154],[-76.09283,8.25082],[-76.09366,8.25263],[-76.09348,8.25399],[-76.09402,8.2539],[-76.09439,8.25453],[-76.09394,8.25579],[-76.09475,8.25588],[-76.09421,8.25634],[-76.09485,8.25706],[-76.0943,8.25724],[-76.09431,8.25833],[-76.09385,8.25878],[-76.09358,8.2576],[-76.09412,8.25715],[-76.09294,8.2567]],[[-76.09492,8.25208],[-76.09528,8.25073],[-76.0942,8.25109],[-76.09492,8.25208]]],[[[-76.07668,8.25331],[-76.07722,8.25313],[-76.07795,8.25376],[-76.07841,8.2534],[-76.07868,8.25367],[-76.07804,8.25412],[-76.07668,8.25331]]],[[[-76.07505,8.25539],[-76.07587,8.25521],[-76.07551,8.25675],[-76.07433,8.25657],[-76.07505,8.25539]]],[[[-76.08378,8.26125],[-76.08315,8.26044],[-76.08233,8.26116],[-76.08142,8.26107],[-76.08178,8.26044],[-76.08278,8.26017],[-76.08251,8.25981],[-76.07915,8.26099],[-76.07879,8.25954],[-76.07924,8.25891],[-76.08005,8.25909],[-76.07978,8.25791],[-76.08123,8.258],[-76.08277,8.257],[-76.08322,8.25582],[-76.08259,8.25601],[-76.08232,8.25673],[-76.08168,8.25664],[-76.08168,8.25619],[-76.08467,8.25374],[-76.0863,8.25256],[-76.08676,8.25274],[-76.08748,8.25201],[-76.09111,8.25056],[-76.09093,8.25246],[-76.08957,8.25147],[-76.0903,8.25327],[-76.08958,8.25517],[-76.08994,8.25608],[-76.08922,8.25689],[-76.09058,8.25617],[-76.09149,8.25671],[-76.09195,8.25797],[-76.0915,8.25978],[-76.08977,8.25979],[-76.09005,8.26123],[-76.08959,8.2615],[-76.08378,8.26125]],[[-76.08831,8.25671],[-76.08777,8.25789],[-76.08877,8.25762],[-76.08904,8.25888],[-76.08977,8.25924],[-76.08886,8.25689],[-76.08831,8.25671]],[[-76.08768,8.2578],[-76.08486,8.25826],[-76.08514,8.25871],[-76.08469,8.25917],[-76.08768,8.2578]],[[-76.08939,8.25418],[-76.08903,8.25273],[-76.08812,8.25364],[-76.08812,8.25445],[-76.08685,8.25292],[-76.08804,8.25608],[-76.08849,8.25599],[-76.08831,8.255],[-76.08939,8.25418]]],[[[-76.0785,8.2562],[-76.0785,8.25575],[-76.07896,8.25593],[-76.07896,8.25701],[-76.0785,8.2562]]],[[[-76.08168,8.25682],[-76.08051,8.25782],[-76.08032,8.25746],[-76.08078,8.25692],[-76.08168,8.25682]]],[[[-76.09548,8.25633],[-76.09703,8.2566],[-76.09694,8.25814],[-76.09603,8.25787],[-76.09548,8.25633]]],[[[-76.07218,8.26671],[-76.07309,8.2686],[-76.07409,8.26941],[-76.07355,8.26987],[-76.07382,8.27068],[-76.07201,8.27222],[-76.07273,8.27068],[-76.07218,8.26671]]],[[[-76.07101,8.27285],[-76.06838,8.27312],[-76.07019,8.27232],[-76.07167,8.27078],[-76.07174,8.27166],[-76.07101,8.27285]]],[[[-76.098,8.28038],[-76.1009,8.2801],[-76.10027,8.28128],[-76.098,8.28038]]],[[[-76.08484,8.28286],[-76.08466,8.2816],[-76.08411,8.28196],[-76.08275,8.28051],[-76.0832,8.27988],[-76.08329,8.28051],[-76.08384,8.28051],[-76.08419,8.27825],[-76.08501,8.27716],[-76.0871,8.28041],[-76.08874,8.28077],[-76.08865,8.28231],[-76.08748,8.2843],[-76.08702,8.28412],[-76.0872,8.28313],[-76.08484,8.28286]]],[[[-76.09002,8.28312],[-76.08938,8.28448],[-76.08866,8.28484],[-76.08866,8.28421],[-76.09002,8.28312]]],[[[-76.0833,8.2835],[-76.08466,8.28404],[-76.08512,8.28358],[-76.08539,8.28449],[-76.08603,8.28439],[-76.08612,8.28476],[-76.08467,8.28494],[-76.08421,8.28431],[-76.08385,8.28449],[-76.08403,8.2854],[-76.08294,8.28558],[-76.08221,8.28441],[-76.0833,8.2835]]],[[[-76.07514,8.28623],[-76.07477,8.28642],[-76.07459,8.28533],[-76.07531,8.28506],[-76.07514,8.28623]]],[[[-76.0883,8.28565],[-76.08812,8.28611],[-76.08685,8.28593],[-76.08784,8.28538],[-76.0883,8.28565]]],[[[-76.09311,8.28501],[-76.09275,8.28564],[-76.09202,8.28564],[-76.09347,8.28374],[-76.09383,8.28374],[-76.09438,8.2851],[-76.09565,8.28573],[-76.0952,8.28681],[-76.09539,8.28853],[-76.09475,8.28844],[-76.09311,8.28501]]],[[[-76.08948,8.2861],[-76.08975,8.28665],[-76.08857,8.28611],[-76.08948,8.2861]]],[[[-76.07995,8.28604],[-76.08013,8.28532],[-76.08031,8.28586],[-76.08149,8.28613],[-76.08258,8.28585],[-76.08131,8.28694],[-76.0804,8.28631],[-76.07949,8.28658],[-76.07986,8.2874],[-76.0795,8.28785],[-76.07877,8.28731],[-76.07904,8.2864],[-76.07995,8.28604]]],[[[-76.07114,8.28706],[-76.0726,8.28705],[-76.07241,8.28633],[-76.07305,8.28651],[-76.07278,8.28714],[-76.07332,8.28741],[-76.07224,8.2885],[-76.07006,8.28842],[-76.07069,8.28823],[-76.07114,8.28706]]],[[[-76.08213,8.28766],[-76.08267,8.2873],[-76.08177,8.2882],[-76.08077,8.28803],[-76.08213,8.28766]]],[[[-76.08086,8.28929],[-76.08168,8.29029],[-76.07932,8.29002],[-76.07959,8.28939],[-76.08086,8.28929]]],[[[-76.07642,8.28985],[-76.0756,8.28994],[-76.07542,8.29066],[-76.0746,8.29103],[-76.07496,8.29012],[-76.07651,8.28921],[-76.07642,8.28985]]],[[[-76.0973,8.29088],[-76.09612,8.29124],[-76.09648,8.29015],[-76.0973,8.28997],[-76.09766,8.29033],[-76.0973,8.29088]]],[[[-76.07624,8.29075],[-76.07732,8.29012],[-76.07824,8.29093],[-76.07842,8.29283],[-76.07751,8.29274],[-76.07624,8.29075]]],[[[-76.0707,8.29258],[-76.07061,8.29176],[-76.07179,8.29221],[-76.0707,8.29258]]],[[[-76.07379,8.29329],[-76.07352,8.29465],[-76.07307,8.29492],[-76.07143,8.29447],[-76.07071,8.29366],[-76.07143,8.29348],[-76.07134,8.29275],[-76.07188,8.29257],[-76.07316,8.2932],[-76.07397,8.29211],[-76.07479,8.29238],[-76.07488,8.29166],[-76.07606,8.29148],[-76.0757,8.29229],[-76.07488,8.29266],[-76.07606,8.29365],[-76.07616,8.29473],[-76.07497,8.29365],[-76.07425,8.2941],[-76.07434,8.29447],[-76.07552,8.29446],[-76.07525,8.29491],[-76.0747,8.29483],[-76.07507,8.29501],[-76.07489,8.29573],[-76.07353,8.29555],[-76.07379,8.29329]]],[[[-76.09224,8.29948],[-76.09061,8.30048],[-76.08244,8.29978],[-76.08234,8.29942],[-76.07853,8.29961],[-76.07844,8.29834],[-76.0778,8.29762],[-76.0768,8.29771],[-76.07644,8.29826],[-76.07562,8.29808],[-76.07562,8.29763],[-76.07689,8.29654],[-76.07771,8.29663],[-76.0777,8.29572],[-76.07879,8.29563],[-76.07907,8.29617],[-76.08052,8.29662],[-76.08006,8.29608],[-76.0807,8.29544],[-76.08015,8.29535],[-76.08006,8.29373],[-76.08042,8.29463],[-76.08233,8.29435],[-76.08197,8.29671],[-76.08261,8.29679],[-76.08359,8.28874],[-76.08531,8.28883],[-76.08622,8.28946],[-76.0874,8.28927],[-76.08821,8.28819],[-76.08967,8.28755],[-76.08976,8.288],[-76.08876,8.289],[-76.08849,8.29063],[-76.08958,8.29026],[-76.09049,8.29098],[-76.09049,8.29035],[-76.09222,8.29026],[-76.09321,8.29053],[-76.09285,8.29089],[-76.09313,8.29125],[-76.0934,8.29062],[-76.09403,8.29052],[-76.09376,8.28899],[-76.09494,8.28907],[-76.09521,8.28971],[-76.09639,8.29006],[-76.0953,8.29097],[-76.09622,8.29205],[-76.09431,8.29378],[-76.09459,8.2945],[-76.09559,8.29504],[-76.09604,8.2945],[-76.09768,8.29467],[-76.09912,8.29286],[-76.1013,8.29294],[-76.10203,8.29249],[-76.10213,8.29656],[-76.09941,8.2963],[-76.09914,8.29765],[-76.09959,8.2991],[-76.09669,8.29856],[-76.09614,8.29893],[-76.09587,8.30019],[-76.09451,8.30065],[-76.0937,8.30056],[-76.09224,8.29948]],[[-76.09324,8.2983],[-76.09305,8.29803],[-76.09342,8.29803],[-76.09351,8.29704],[-76.09287,8.29622],[-76.0935,8.29622],[-76.09368,8.2955],[-76.09142,8.29632],[-76.09187,8.29704],[-76.09124,8.29786],[-76.09206,8.29813],[-76.09224,8.29776],[-76.09233,8.29858],[-76.09351,8.29857],[-76.09324,8.29939],[-76.09415,8.29866],[-76.09351,8.29803],[-76.09324,8.2983]],[[-76.09105,8.29478],[-76.09005,8.29406],[-76.08887,8.29406],[-76.08896,8.29452],[-76.09078,8.29514],[-76.08987,8.29596],[-76.09033,8.29659],[-76.08951,8.29813],[-76.09078,8.29722],[-76.09105,8.29478]],[[-76.08715,8.29805],[-76.08842,8.29714],[-76.08769,8.29678],[-76.08715,8.29805]],[[-76.08796,8.2947],[-76.08769,8.29533],[-76.08951,8.29623],[-76.08941,8.29497],[-76.08796,8.2947]],[[-76.08531,8.29009],[-76.08677,8.29018],[-76.08668,8.28982],[-76.08531,8.29009]]],[[[-76.07126,8.29737],[-76.07081,8.2971],[-76.07035,8.29728],[-76.06999,8.29855],[-76.06872,8.29828],[-76.0689,8.29755],[-76.06835,8.29674],[-76.0689,8.29538],[-76.07053,8.29511],[-76.07244,8.29619],[-76.07235,8.29773],[-76.07444,8.29754],[-76.07508,8.29808],[-76.07481,8.29935],[-76.07126,8.29863],[-76.07126,8.29737]]],[[[-76.06864,8.30054],[-76.06927,8.30054],[-76.06954,8.29963],[-76.07054,8.29972],[-76.07055,8.30207],[-76.06982,8.30153],[-76.06964,8.30217],[-76.06919,8.30217],[-76.06927,8.30117],[-76.06864,8.30117],[-76.06864,8.30054]]],[[[-76.08509,8.30601],[-76.08454,8.30674],[-76.08418,8.30529],[-76.0849,8.30538],[-76.08509,8.30601]]],[[[-76.07439,8.31328],[-76.07412,8.31255],[-76.07675,8.31164],[-76.0772,8.31092],[-76.07683,8.30992],[-76.0772,8.30974],[-76.07656,8.30902],[-76.07593,8.30956],[-76.07647,8.31038],[-76.07638,8.31119],[-76.07448,8.31138],[-76.07484,8.31065],[-76.0742,8.30975],[-76.07574,8.30956],[-76.07402,8.3093],[-76.07402,8.30885],[-76.07483,8.30902],[-76.07492,8.30857],[-76.07356,8.30749],[-76.07447,8.30713],[-76.07455,8.3064],[-76.07565,8.30694],[-76.0761,8.30649],[-76.07546,8.30604],[-76.07256,8.30596],[-76.0731,8.30541],[-76.07255,8.30225],[-76.07173,8.30216],[-76.07182,8.30125],[-76.07118,8.30089],[-76.072,8.3008],[-76.07209,8.30017],[-76.0729,8.30017],[-76.07317,8.29962],[-76.07417,8.30016],[-76.07445,8.2998],[-76.07672,8.30034],[-76.07862,8.30006],[-76.07899,8.30096],[-76.07999,8.30042],[-76.08044,8.30105],[-76.08017,8.3025],[-76.07972,8.3025],[-76.07973,8.30485],[-76.07891,8.30549],[-76.07936,8.30567],[-76.07919,8.30666],[-76.07837,8.30775],[-76.07856,8.30956],[-76.07756,8.30974],[-76.07838,8.3101],[-76.07757,8.31345],[-76.07703,8.31354],[-76.07648,8.31219],[-76.07639,8.31372],[-76.07693,8.31363],[-76.07739,8.31453],[-76.07594,8.31472],[-76.07503,8.31337],[-76.07439,8.31328]],[[-76.07618,8.30441],[-76.07573,8.30495],[-76.07427,8.30378],[-76.07437,8.30468],[-76.0751,8.30523],[-76.07373,8.30505],[-76.07364,8.3055],[-76.07628,8.30549],[-76.07618,8.30441]],[[-76.07618,8.3026],[-76.0769,8.3026],[-76.07663,8.30178],[-76.07482,8.30315],[-76.07473,8.30387],[-76.07555,8.30423],[-76.07618,8.3026]]],[[[-76.07201,8.30713],[-76.07065,8.30759],[-76.07083,8.30696],[-76.07201,8.30713]]],[[[-76.07129,8.30813],[-76.07202,8.30912],[-76.0712,8.30912],[-76.07066,8.30831],[-76.07129,8.30813]]],[[[-76.07366,8.30993],[-76.07375,8.3121],[-76.07312,8.31256],[-76.07248,8.31093],[-76.07284,8.30966],[-76.07366,8.30993]]],[[[-76.07928,8.30838],[-76.08019,8.30702],[-76.08527,8.30764],[-76.085,8.30818],[-76.08255,8.30873],[-76.0831,8.31036],[-76.08256,8.31045],[-76.08256,8.31208],[-76.08047,8.31208],[-76.07912,8.31552],[-76.07839,8.31571],[-76.0783,8.31462],[-76.07921,8.31453],[-76.07875,8.31408],[-76.07928,8.30838]],[[-76.08074,8.30955],[-76.08119,8.31009],[-76.08192,8.30855],[-76.08191,8.30765],[-76.08074,8.30955]]],[[[-76.09164,8.31079],[-76.09191,8.31142],[-76.09037,8.31188],[-76.09019,8.31152],[-76.09164,8.31079]]],[[[-76.10208,8.3104],[-76.10226,8.3123],[-76.10145,8.31185],[-76.10208,8.3104]]],[[[-76.08111,8.31353],[-76.08057,8.31416],[-76.08093,8.31244],[-76.08111,8.31353]]],[[[-76.06958,8.3132],[-76.06994,8.31256],[-76.07067,8.31265],[-76.07094,8.31347],[-76.07158,8.31283],[-76.07158,8.3141],[-76.07085,8.31347],[-76.07003,8.31374],[-76.06958,8.3132]]],[[[-76.08004,8.32077],[-76.08077,8.31977],[-76.08049,8.31905],[-76.08004,8.31932],[-76.07986,8.32068],[-76.07868,8.32159],[-76.0785,8.32321],[-76.07624,8.3234],[-76.07696,8.32286],[-76.0765,8.32177],[-76.07704,8.32014],[-76.0785,8.32059],[-76.07841,8.32014],[-76.07967,8.31923],[-76.07994,8.31842],[-76.07922,8.31733],[-76.07976,8.31697],[-76.08112,8.31715],[-76.08122,8.31841],[-76.0823,8.31742],[-76.08267,8.31814],[-76.08321,8.31768],[-76.08358,8.31877],[-76.08476,8.3184],[-76.08503,8.31904],[-76.08548,8.31858],[-76.0853,8.31705],[-76.08439,8.3166],[-76.08484,8.31723],[-76.08476,8.31786],[-76.08421,8.31786],[-76.08412,8.31642],[-76.08538,8.31569],[-76.08566,8.31487],[-76.08666,8.3155],[-76.08729,8.31514],[-76.08647,8.31424],[-76.08719,8.31288],[-76.08856,8.31288],[-76.08946,8.31342],[-76.09037,8.31278],[-76.09182,8.31323],[-76.09219,8.31395],[-76.09355,8.31322],[-76.09391,8.31232],[-76.09291,8.31277],[-76.09237,8.31178],[-76.09263,8.3106],[-76.09164,8.31061],[-76.09163,8.30979],[-76.09317,8.30861],[-76.09308,8.30816],[-76.09245,8.30861],[-76.09217,8.30708],[-76.0929,8.30635],[-76.09399,8.30653],[-76.09344,8.30753],[-76.09471,8.30707],[-76.09462,8.30789],[-76.09562,8.30761],[-76.09544,8.30879],[-76.09608,8.30833],[-76.09699,8.30869],[-76.09735,8.30824],[-76.09607,8.30689],[-76.09689,8.30508],[-76.09553,8.30535],[-76.09498,8.30481],[-76.09525,8.30418],[-76.09761,8.30507],[-76.09816,8.30471],[-76.09997,8.30498],[-76.10034,8.30579],[-76.10161,8.30542],[-76.10179,8.30597],[-76.10116,8.30588],[-76.10107,8.30624],[-76.10234,8.30624],[-76.10261,8.30696],[-76.10306,8.30623],[-76.10488,8.30632],[-76.1047,8.30731],[-76.10379,8.30723],[-76.10389,8.30822],[-76.10489,8.30858],[-76.10444,8.30985],[-76.10217,8.3094],[-76.10171,8.30995],[-76.10081,8.31004],[-76.10044,8.30905],[-76.10071,8.30832],[-76.10144,8.30832],[-76.10162,8.30904],[-76.10344,8.30904],[-76.10407,8.3084],[-76.1028,8.30822],[-76.10252,8.30777],[-76.10125,8.30823],[-76.10052,8.30696],[-76.09989,8.30769],[-76.09999,8.30986],[-76.09835,8.31023],[-76.09963,8.31049],[-76.10026,8.31013],[-76.10044,8.31067],[-76.10108,8.31076],[-76.10072,8.31167],[-76.09781,8.31167],[-76.09763,8.31095],[-76.09817,8.31023],[-76.09626,8.30987],[-76.09754,8.31095],[-76.09663,8.3115],[-76.09572,8.31141],[-76.09545,8.31087],[-76.09491,8.31376],[-76.09373,8.31359],[-76.0941,8.31422],[-76.09301,8.31503],[-76.09119,8.31504],[-76.09129,8.31621],[-76.09038,8.3164],[-76.09038,8.31676],[-76.09093,8.31694],[-76.09075,8.31793],[-76.09156,8.31757],[-76.09157,8.31848],[-76.09093,8.31839],[-76.09057,8.31929],[-76.09175,8.3192],[-76.09166,8.32001],[-76.09103,8.31965],[-76.09094,8.32029],[-76.0893,8.32038],[-76.08821,8.31984],[-76.08703,8.32012],[-76.08594,8.31949],[-76.08476,8.31949],[-76.0844,8.3203],[-76.08504,8.32157],[-76.08486,8.32238],[-76.08423,8.32338],[-76.08305,8.32392],[-76.08314,8.32456],[-76.08259,8.32365],[-76.08114,8.32384],[-76.08123,8.32456],[-76.08087,8.32456],[-76.0805,8.3233],[-76.07932,8.32303],[-76.0795,8.32204],[-76.08041,8.32149],[-76.08004,8.32077]],[[-76.08594,8.3193],[-76.08639,8.31939],[-76.08657,8.31858],[-76.08585,8.31831],[-76.08594,8.3193]],[[-76.08884,8.31749],[-76.08784,8.31803],[-76.08812,8.31921],[-76.08875,8.31921],[-76.08884,8.31749]],[[-76.0892,8.3145],[-76.08829,8.31478],[-76.0882,8.31523],[-76.08902,8.31568],[-76.08974,8.31522],[-76.0892,8.3145]],[[-76.08738,8.31442],[-76.08838,8.31405],[-76.08837,8.31333],[-76.08738,8.31442]],[[-76.09499,8.30987],[-76.09554,8.31069],[-76.09581,8.3106],[-76.09599,8.30924],[-76.09499,8.30987]],[[-76.07777,8.32114],[-76.07741,8.32159],[-76.07796,8.32204],[-76.07823,8.32132],[-76.07777,8.32114]]],[[[-76.07386,8.31699],[-76.07322,8.31663],[-76.07277,8.31681],[-76.07277,8.31771],[-76.07222,8.31753],[-76.0724,8.31672],[-76.0714,8.31681],[-76.07086,8.31781],[-76.07213,8.31789],[-76.07196,8.31898],[-76.0686,8.31881],[-76.06923,8.31763],[-76.06813,8.31619],[-76.06813,8.31564],[-76.06904,8.31555],[-76.0684,8.31447],[-76.06949,8.31447],[-76.07004,8.31573],[-76.07185,8.31518],[-76.07249,8.31572],[-76.07285,8.31418],[-76.07394,8.31491],[-76.0743,8.314],[-76.07485,8.31409],[-76.07367,8.31572],[-76.0754,8.31852],[-76.0745,8.31943],[-76.07341,8.31934],[-76.07386,8.31699]]],[[[-76.09548,8.31973],[-76.09457,8.31991],[-76.09429,8.31955],[-76.09466,8.31901],[-76.09384,8.31847],[-76.09493,8.31838],[-76.09484,8.31937],[-76.09584,8.31928],[-76.09629,8.31991],[-76.09656,8.31937],[-76.09556,8.31883],[-76.09747,8.31864],[-76.09738,8.31746],[-76.09656,8.3171],[-76.0952,8.31783],[-76.09429,8.31675],[-76.09819,8.31674],[-76.09873,8.31628],[-76.09928,8.31755],[-76.09856,8.31981],[-76.09738,8.31927],[-76.09802,8.32036],[-76.09711,8.32144],[-76.09548,8.31973]]],[[[-76.07868,8.31914],[-76.07859,8.3196],[-76.07731,8.31951],[-76.07768,8.31887],[-76.07868,8.31914]]],[[[-76.06896,8.31971],[-76.06978,8.31953],[-76.07105,8.32043],[-76.07096,8.32124],[-76.07051,8.32143],[-76.07042,8.32043],[-76.07014,8.32079],[-76.06896,8.32071],[-76.06897,8.32143],[-76.06833,8.32152],[-76.06896,8.31971]]],[[[-76.08841,8.32599],[-76.08741,8.32626],[-76.08768,8.32563],[-76.08632,8.32473],[-76.0884,8.32418],[-76.08858,8.32319],[-76.09031,8.32255],[-76.09122,8.32282],[-76.0923,8.32164],[-76.09376,8.32163],[-76.09484,8.32109],[-76.09457,8.32028],[-76.09593,8.32045],[-76.09575,8.32118],[-76.09648,8.32199],[-76.09576,8.32262],[-76.09566,8.32154],[-76.09521,8.32145],[-76.09512,8.32281],[-76.09212,8.32218],[-76.09167,8.32309],[-76.08931,8.32346],[-76.08932,8.32499],[-76.08804,8.32527],[-76.08796,8.32572],[-76.08941,8.32563],[-76.09032,8.32653],[-76.08841,8.32599]]],[[[-76.07206,8.32332],[-76.0727,8.32395],[-76.07179,8.32486],[-76.07061,8.32432],[-76.07206,8.32332]]],[[[-76.07978,8.3243],[-76.07933,8.32475],[-76.0796,8.32538],[-76.07906,8.32565],[-76.07851,8.32493],[-76.0795,8.32312],[-76.07978,8.32348],[-76.07942,8.32412],[-76.07978,8.3243]]],[[[-76.07787,8.32421],[-76.07642,8.32412],[-76.07588,8.32521],[-76.07605,8.32367],[-76.07787,8.32421]]],[[[-76.09167,8.32453],[-76.09032,8.32553],[-76.0904,8.32427],[-76.09122,8.32345],[-76.09277,8.32498],[-76.0924,8.32562],[-76.09286,8.32607],[-76.09241,8.32661],[-76.09159,8.3258],[-76.09167,8.32453]]],[[[-76.08105,8.32556],[-76.08024,8.32601],[-76.0806,8.32493],[-76.08105,8.32502],[-76.08105,8.32556]]],[[[-76.08478,8.32555],[-76.08605,8.32509],[-76.08687,8.32645],[-76.08569,8.32726],[-76.08578,8.32681],[-76.08523,8.32681],[-76.08478,8.32555]]],[[[-76.08905,8.32816],[-76.08723,8.32798],[-76.08742,8.32753],[-76.08878,8.32762],[-76.08905,8.32816]]],[[[-76.07516,8.32829],[-76.07452,8.32793],[-76.07525,8.32774],[-76.07724,8.32521],[-76.07742,8.32593],[-76.0786,8.32638],[-76.07906,8.32764],[-76.07734,8.32891],[-76.07598,8.32865],[-76.07625,8.32946],[-76.07716,8.32964],[-76.0768,8.33072],[-76.07516,8.32829]]],[[[-76.08442,8.32853],[-76.08542,8.32943],[-76.08488,8.3298],[-76.0846,8.32917],[-76.08406,8.32926],[-76.08442,8.32853]]],[[[-76.07326,8.33128],[-76.07344,8.33028],[-76.07298,8.33019],[-76.07353,8.3292],[-76.07462,8.3291],[-76.07516,8.32982],[-76.07453,8.33046],[-76.0738,8.33028],[-76.07471,8.33118],[-76.07426,8.33236],[-76.07399,8.33137],[-76.07326,8.33128]]],[[[-76.08597,8.33124],[-76.0857,8.33034],[-76.08633,8.32979],[-76.08643,8.3307],[-76.08688,8.33079],[-76.08788,8.3297],[-76.08751,8.32934],[-76.08833,8.32925],[-76.08797,8.32988],[-76.0896,8.33033],[-76.08961,8.33187],[-76.08806,8.33214],[-76.08797,8.33097],[-76.08597,8.33124]]],[[[-76.08252,8.33053],[-76.08533,8.33034],[-76.08516,8.33115],[-76.08389,8.33161],[-76.08198,8.3308],[-76.08252,8.33053]]],[[[-76.08071,8.33216],[-76.08062,8.33135],[-76.08152,8.33116],[-76.08116,8.33198],[-76.08361,8.33152],[-76.08243,8.33234],[-76.08071,8.33216]]],[[[-76.07063,8.33119],[-76.07117,8.33128],[-76.07054,8.33246],[-76.06981,8.33165],[-76.07063,8.33119]]],[[[-76.09034,8.33277],[-76.0906,8.33123],[-76.09106,8.33096],[-76.09033,8.32978],[-76.09078,8.32915],[-76.09123,8.32942],[-76.09069,8.32987],[-76.09087,8.33032],[-76.0916,8.32987],[-76.09305,8.33023],[-76.09279,8.33448],[-76.09197,8.33448],[-76.09034,8.33277]],[[-76.09187,8.33059],[-76.09124,8.33078],[-76.09151,8.33132],[-76.09251,8.33122],[-76.09187,8.33059]]],[[[-76.07262,8.33101],[-76.07436,8.33372],[-76.07372,8.33471],[-76.071,8.33463],[-76.07262,8.33101]]],[[[-76.08562,8.3335],[-76.08489,8.33323],[-76.08516,8.33269],[-76.0857,8.33278],[-76.08562,8.3335]]],[[[-76.06873,8.3359],[-76.06828,8.33491],[-76.06882,8.33545],[-76.07118,8.33599],[-76.07155,8.33653],[-76.0701,8.33662],[-76.06873,8.3359]]],[[[-76.08408,8.33794],[-76.08345,8.33794],[-76.08381,8.33866],[-76.08327,8.33876],[-76.08308,8.33767],[-76.08172,8.33731],[-76.08145,8.33623],[-76.08299,8.3374],[-76.08426,8.33613],[-76.08353,8.33586],[-76.08308,8.33631],[-76.08135,8.33469],[-76.08235,8.33478],[-76.0829,8.3355],[-76.08335,8.33514],[-76.08435,8.33541],[-76.08435,8.33613],[-76.08508,8.33604],[-76.08526,8.33504],[-76.08607,8.33522],[-76.08635,8.33486],[-76.08707,8.33558],[-76.08807,8.33513],[-76.08789,8.33603],[-76.08871,8.33603],[-76.08843,8.33413],[-76.0868,8.33413],[-76.08662,8.33368],[-76.08816,8.33286],[-76.08879,8.33304],[-76.08916,8.33431],[-76.08979,8.33413],[-76.08925,8.33467],[-76.08925,8.33603],[-76.08789,8.33675],[-76.0888,8.33738],[-76.08799,8.3373],[-76.08763,8.33775],[-76.08726,8.33703],[-76.08771,8.33721],[-76.08771,8.33684],[-76.08698,8.33612],[-76.08626,8.33622],[-76.08644,8.33667],[-76.0859,8.33703],[-76.08499,8.33667],[-76.08526,8.33776],[-76.08581,8.33721],[-76.08681,8.3373],[-76.08672,8.33902],[-76.086,8.33974],[-76.08527,8.33911],[-76.08409,8.33957],[-76.08408,8.33794]]],[[[-76.07646,8.33778],[-76.079,8.3366],[-76.07836,8.33569],[-76.07981,8.33551],[-76.08072,8.33478],[-76.081,8.33976],[-76.07973,8.33976],[-76.07646,8.33778]],[[-76.07945,8.33859],[-76.08018,8.33849],[-76.07963,8.33786],[-76.07918,8.33786],[-76.07945,8.33859]]],[[[-76.09053,8.33756],[-76.0908,8.33675],[-76.09044,8.33593],[-76.09071,8.33521],[-76.0918,8.33521],[-76.09108,8.33765],[-76.09144,8.33783],[-76.09171,8.33738],[-76.09171,8.33855],[-76.09244,8.33954],[-76.09208,8.33964],[-76.09053,8.33756]]],[[[-76.07119,8.33852],[-76.07219,8.33897],[-76.07219,8.33833],[-76.07283,8.33833],[-76.07247,8.34014],[-76.07147,8.33987],[-76.07111,8.34033],[-76.0702,8.34033],[-76.07047,8.33888],[-76.07119,8.33852]]],[[[-76.08091,8.3403],[-76.08155,8.34084],[-76.08074,8.34202],[-76.08037,8.34157],[-76.07974,8.34175],[-76.07973,8.34094],[-76.08091,8.3403]]],[[[-76.08955,8.34299],[-76.08873,8.34326],[-76.08855,8.34408],[-76.08846,8.34263],[-76.08873,8.34209],[-76.08927,8.34218],[-76.08955,8.34299]]],[[[-76.09156,8.3494],[-76.0912,8.35013],[-76.08993,8.35059],[-76.08902,8.34995],[-76.08884,8.34905],[-76.08647,8.34851],[-76.08674,8.34716],[-76.08565,8.34689],[-76.08574,8.34635],[-76.08547,8.3468],[-76.08492,8.34626],[-76.08474,8.3468],[-76.08347,8.34699],[-76.0822,8.34627],[-76.08229,8.34563],[-76.08156,8.34464],[-76.08292,8.34436],[-76.08346,8.34246],[-76.08301,8.34192],[-76.08274,8.34292],[-76.08156,8.34383],[-76.08074,8.34338],[-76.08038,8.34491],[-76.0792,8.34446],[-76.08011,8.34528],[-76.0792,8.34618],[-76.07948,8.347],[-76.08093,8.34672],[-76.08229,8.34717],[-76.0822,8.34798],[-76.0813,8.34735],[-76.08021,8.34772],[-76.07957,8.34736],[-76.07885,8.34854],[-76.07839,8.34781],[-76.07603,8.34863],[-76.0764,8.34972],[-76.07603,8.34963],[-76.07585,8.35017],[-76.07395,8.35027],[-76.07349,8.34918],[-76.07449,8.34909],[-76.07512,8.34701],[-76.07403,8.34647],[-76.07339,8.34719],[-76.07258,8.34711],[-76.07266,8.34557],[-76.07339,8.34502],[-76.07448,8.34629],[-76.0753,8.34637],[-76.0753,8.34547],[-76.0742,8.34448],[-76.07212,8.34476],[-76.07166,8.34421],[-76.07084,8.34422],[-76.07066,8.34177],[-76.07102,8.34159],[-76.07147,8.34213],[-76.07174,8.34087],[-76.07301,8.34077],[-76.07401,8.34149],[-76.07492,8.34122],[-76.07474,8.34222],[-76.07511,8.34249],[-76.07538,8.34203],[-76.0762,8.34221],[-76.07565,8.3405],[-76.07646,8.34013],[-76.07664,8.3395],[-76.07692,8.34022],[-76.07755,8.33977],[-76.07891,8.34021],[-76.07892,8.34058],[-76.0781,8.34049],[-76.07855,8.34121],[-76.07792,8.34176],[-76.07838,8.34293],[-76.07992,8.34202],[-76.07983,8.34284],[-76.08028,8.34301],[-76.08137,8.34193],[-76.08119,8.34274],[-76.08137,8.3431],[-76.08237,8.34093],[-76.083,8.34048],[-76.08464,8.34119],[-76.08509,8.34119],[-76.08482,8.34065],[-76.08636,8.34101],[-76.08673,8.34173],[-76.08618,8.34209],[-76.08546,8.34182],[-76.0851,8.34273],[-76.08618,8.34228],[-76.0871,8.34327],[-76.08665,8.34553],[-76.08692,8.34517],[-76.08828,8.34534],[-76.08838,8.34643],[-76.08774,8.34661],[-76.08738,8.34598],[-76.08683,8.34643],[-76.08711,8.34688],[-76.08811,8.34715],[-76.08937,8.34643],[-76.08992,8.34688],[-76.08892,8.34733],[-76.08892,8.34787],[-76.08974,8.3476],[-76.09002,8.34977],[-76.09038,8.34995],[-76.09056,8.34877],[-76.09165,8.34868],[-76.09219,8.34805],[-76.09119,8.34778],[-76.09119,8.34687],[-76.08901,8.34598],[-76.09092,8.34552],[-76.091,8.34443],[-76.09037,8.34398],[-76.09118,8.34308],[-76.09127,8.34181],[-76.09209,8.34235],[-76.09209,8.34172],[-76.09308,8.34153],[-76.09344,8.34054],[-76.09262,8.33954],[-76.09344,8.33945],[-76.09417,8.34008],[-76.09463,8.34144],[-76.09436,8.3427],[-76.09518,8.34397],[-76.09491,8.34478],[-76.09536,8.34542],[-76.09473,8.3465],[-76.0951,8.34885],[-76.09483,8.34931],[-76.09401,8.34913],[-76.09266,8.35076],[-76.09256,8.34976],[-76.09156,8.3494]],[[-76.09274,8.34895],[-76.09356,8.34886],[-76.0931,8.34804],[-76.09247,8.3485],[-76.09274,8.34895]],[[-76.09264,8.34434],[-76.092,8.34389],[-76.09092,8.34597],[-76.09146,8.3457],[-76.09201,8.34615],[-76.09391,8.3456],[-76.09328,8.34506],[-76.09345,8.34397],[-76.09264,8.34434]],[[-76.09236,8.34343],[-76.09309,8.34307],[-76.09291,8.3428],[-76.09191,8.34298],[-76.09236,8.34343]],[[-76.08574,8.34481],[-76.08619,8.3449],[-76.08646,8.34408],[-76.08582,8.34327],[-76.08528,8.34336],[-76.08574,8.34481]],[[-76.07484,8.34285],[-76.07456,8.34276],[-76.0742,8.34394],[-76.07484,8.34411],[-76.07484,8.34285]],[[-76.07665,8.3423],[-76.07647,8.34284],[-76.07765,8.34275],[-76.07747,8.34212],[-76.07665,8.3423]],[[-76.07238,8.34186],[-76.07329,8.34159],[-76.07329,8.34113],[-76.07202,8.34159],[-76.07238,8.34186]]],[[[-76.07076,8.34693],[-76.07113,8.34774],[-76.0694,8.34847],[-76.06949,8.34757],[-76.06913,8.34739],[-76.07076,8.34693]]],[[[-76.06995,8.34955],[-76.0694,8.34937],[-76.06949,8.34901],[-76.07258,8.34837],[-76.07276,8.34909],[-76.07158,8.3491],[-76.07158,8.34955],[-76.07277,8.34982],[-76.0725,8.35099],[-76.07023,8.35091],[-76.07014,8.35136],[-76.06923,8.35164],[-76.06904,8.35055],[-76.06995,8.34955]],[[-76.07022,8.34982],[-76.07095,8.34955],[-76.07095,8.3491],[-76.07013,8.34928],[-76.07022,8.34982]]],[[[-76.08121,8.35043],[-76.08049,8.35079],[-76.08012,8.35007],[-76.08103,8.34998],[-76.08121,8.35043]]],[[[-76.09402,8.3503],[-76.09447,8.35084],[-76.09401,8.34931],[-76.09511,8.34994],[-76.09493,8.35139],[-76.09529,8.35184],[-76.09457,8.3522],[-76.09448,8.3531],[-76.09221,8.35347],[-76.09175,8.35257],[-76.09402,8.3503]]],[[[-76.0843,8.35132],[-76.08421,8.35087],[-76.08285,8.35106],[-76.08276,8.3507],[-76.08357,8.34979],[-76.08385,8.3506],[-76.08494,8.35051],[-76.08557,8.35141],[-76.08576,8.35304],[-76.08512,8.35268],[-76.08494,8.35141],[-76.0843,8.35132]]],[[[-76.08984,8.35086],[-76.09039,8.35104],[-76.09003,8.35303],[-76.08912,8.3524],[-76.08984,8.35086]]],[[[-76.07522,8.35234],[-76.0754,8.35126],[-76.07667,8.35134],[-76.07649,8.35098],[-76.07831,8.35053],[-76.07785,8.35116],[-76.0784,8.35224],[-76.07804,8.35297],[-76.0765,8.35343],[-76.07577,8.35298],[-76.07586,8.35243],[-76.07522,8.35234]]],[[[-76.07995,8.35233],[-76.0804,8.35179],[-76.08203,8.35187],[-76.08249,8.35151],[-76.08231,8.35205],[-76.08031,8.35251],[-76.07977,8.35333],[-76.07895,8.35315],[-76.07895,8.35215],[-76.07995,8.35233]]],[[[-76.08694,8.35403],[-76.08667,8.35457],[-76.08585,8.35412],[-76.08603,8.35331],[-76.08694,8.35403]]],[[[-76.06878,8.35444],[-76.06905,8.35236],[-76.06968,8.35209],[-76.07014,8.35236],[-76.06969,8.35317],[-76.06996,8.35435],[-76.07106,8.35516],[-76.07223,8.35479],[-76.07188,8.35624],[-76.06878,8.35444]]],[[[-76.07287,8.35461],[-76.07341,8.3547],[-76.07287,8.35624],[-76.07242,8.35597],[-76.07287,8.35461]]],[[[-76.07959,8.35631],[-76.0786,8.35622],[-76.07896,8.35559],[-76.07959,8.35631]]],[[[-76.07815,8.35803],[-76.07851,8.35677],[-76.07914,8.35676],[-76.07905,8.35731],[-76.07987,8.35712],[-76.08005,8.35839],[-76.08042,8.35821],[-76.08032,8.35712],[-76.0835,8.35829],[-76.08178,8.35938],[-76.07933,8.35884],[-76.07815,8.35803]]],[[[-76.07044,8.36249],[-76.06989,8.36149],[-76.06671,8.35924],[-76.06752,8.35743],[-76.06942,8.35562],[-76.07051,8.35588],[-76.07151,8.35651],[-76.07161,8.35706],[-76.07251,8.35723],[-76.07233,8.35778],[-76.07161,8.35787],[-76.07234,8.3585],[-76.07152,8.35941],[-76.0707,8.35932],[-76.07043,8.35869],[-76.07115,8.35841],[-76.07097,8.35787],[-76.07151,8.35724],[-76.07124,8.35715],[-76.06934,8.35923],[-76.06852,8.35924],[-76.06844,8.36032],[-76.07007,8.35914],[-76.07171,8.36058],[-76.0727,8.3604],[-76.07398,8.36103],[-76.07243,8.35977],[-76.07243,8.35932],[-76.0736,8.35633],[-76.07433,8.35651],[-76.07396,8.35615],[-76.07433,8.35578],[-76.07396,8.35542],[-76.07423,8.35434],[-76.07523,8.35361],[-76.07541,8.35451],[-76.07696,8.35424],[-76.07786,8.3546],[-76.07823,8.35514],[-76.07705,8.35614],[-76.07742,8.35713],[-76.07633,8.35741],[-76.07633,8.35786],[-76.0766,8.35831],[-76.07742,8.35813],[-76.07788,8.35885],[-76.07633,8.35912],[-76.07588,8.35894],[-76.07569,8.35777],[-76.07479,8.35795],[-76.0747,8.35886],[-76.07388,8.35877],[-76.0737,8.35913],[-76.07506,8.36003],[-76.0747,8.36148],[-76.07253,8.36185],[-76.07226,8.36366],[-76.07117,8.36312],[-76.07117,8.36221],[-76.07044,8.36249]],[[-76.07107,8.36158],[-76.07225,8.36185],[-76.0718,8.36085],[-76.07107,8.36104],[-76.07107,8.36158]],[[-76.07451,8.35741],[-76.0756,8.3575],[-76.07496,8.35678],[-76.07451,8.35741]],[[-76.07541,8.35533],[-76.07514,8.35587],[-76.0756,8.35632],[-76.07669,8.35614],[-76.07669,8.35523],[-76.07541,8.35533]]],[[[-76.09207,8.36975],[-76.09225,8.36948],[-76.09443,8.36966],[-76.09489,8.37056],[-76.09398,8.37092],[-76.09207,8.36975]]],[[[-76.08499,8.3705],[-76.08626,8.37094],[-76.08599,8.37212],[-76.08536,8.37158],[-76.08436,8.37167],[-76.08499,8.3705]]],[[[-76.08663,8.37167],[-76.08708,8.37157],[-76.08836,8.37302],[-76.08754,8.37347],[-76.08663,8.37311],[-76.08663,8.37167]]],[[[-76.10072,8.37651],[-76.09927,8.37778],[-76.09882,8.37769],[-76.09899,8.37679],[-76.10072,8.37651]]],[[[-76.10218,8.37804],[-76.10272,8.3784],[-76.10273,8.37994],[-76.10181,8.3785],[-76.10218,8.37804]]],[[[-76.07097,8.39106],[-76.07097,8.39215],[-76.07006,8.39161],[-76.07024,8.39097],[-76.07097,8.39106]]],[[[-76.08447,8.54206],[-76.08502,8.54197],[-76.08438,8.54305],[-76.08357,8.54269],[-76.08447,8.54206]]],[[[-76.08029,8.5427],[-76.0803,8.54415],[-76.07939,8.54334],[-76.08029,8.5427]]],[[[-76.08339,8.54405],[-76.08275,8.54387],[-76.08239,8.54441],[-76.08184,8.54405],[-76.08339,8.5436],[-76.08339,8.54405]]],[[[-76.07851,8.55591],[-76.07824,8.55501],[-76.07897,8.55455],[-76.0786,8.55437],[-76.07824,8.55492],[-76.07824,8.55428],[-76.07905,8.55392],[-76.07987,8.55419],[-76.07997,8.55491],[-76.07879,8.55582],[-76.07907,8.55808],[-76.07825,8.55908],[-76.0778,8.55881],[-76.07851,8.55591]]],[[[-76.07118,8.56416],[-76.07045,8.56389],[-76.07081,8.56127],[-76.07035,8.55892],[-76.07052,8.55774],[-76.07134,8.55756],[-76.07253,8.55873],[-76.07235,8.56036],[-76.07444,8.55954],[-76.07598,8.5608],[-76.07499,8.56099],[-76.07526,8.56153],[-76.07372,8.56235],[-76.07354,8.5637],[-76.0729,8.56425],[-76.07309,8.56497],[-76.07254,8.56515],[-76.073,8.56587],[-76.07073,8.56597],[-76.07054,8.56471],[-76.07118,8.56416]],[[-76.07371,8.56117],[-76.0749,8.56126],[-76.07462,8.56026],[-76.07371,8.56117]]],[[[-76.07282,8.56678],[-76.07311,8.5713],[-76.07274,8.57202],[-76.07129,8.57257],[-76.07091,8.56715],[-76.07282,8.56678]]],[[[-76.10183,8.57511],[-76.10129,8.5761],[-76.10074,8.57574],[-76.10119,8.57466],[-76.10183,8.57511]]],[[[-76.10202,8.57873],[-76.10221,8.58035],[-76.10175,8.58053],[-76.10103,8.57999],[-76.1003,8.58072],[-76.10202,8.57873]]],[[[-76.09948,8.58054],[-76.09903,8.58208],[-76.09849,8.58217],[-76.09849,8.58163],[-76.09948,8.58054]]],[[[-76.10012,8.58099],[-76.10076,8.58198],[-76.10012,8.58244],[-76.0994,8.5819],[-76.10012,8.58099]]],[[[-76.09622,8.58435],[-76.09604,8.58299],[-76.09704,8.58317],[-76.09668,8.58426],[-76.09713,8.58462],[-76.09868,8.58461],[-76.09859,8.58525],[-76.0965,8.58525],[-76.09542,8.58914],[-76.0956,8.59032],[-76.0947,8.59068],[-76.09541,8.58634],[-76.09622,8.58435]]],[[[-76.08679,8.59089],[-76.08688,8.58989],[-76.0877,8.58944],[-76.08751,8.5888],[-76.08842,8.58862],[-76.08824,8.58808],[-76.08715,8.58826],[-76.08706,8.5879],[-76.08887,8.58753],[-76.08987,8.5878],[-76.08996,8.58726],[-76.09069,8.58753],[-76.09177,8.58599],[-76.09268,8.58599],[-76.09296,8.58734],[-76.09332,8.58725],[-76.09314,8.58662],[-76.09432,8.58671],[-76.09451,8.58779],[-76.09324,8.58879],[-76.09378,8.58933],[-76.0937,8.59105],[-76.08679,8.59089]],[[-76.0877,8.59061],[-76.08879,8.59043],[-76.08815,8.58971],[-76.0877,8.59061]],[[-76.09187,8.5887],[-76.09151,8.58861],[-76.09042,8.59024],[-76.09197,8.58988],[-76.09187,8.5887]],[[-76.09096,8.58861],[-76.09142,8.58852],[-76.09078,8.58771],[-76.09051,8.58834],[-76.09096,8.58861]],[[-76.09269,8.5877],[-76.09178,8.58789],[-76.09215,8.58852],[-76.09269,8.5877]]],[[[-76.07552,8.58911],[-76.07588,8.58956],[-76.07425,8.58993],[-76.07352,8.58948],[-76.07552,8.58911]]],[[[-76.08606,8.58998],[-76.08561,8.59017],[-76.08479,8.58972],[-76.08588,8.58962],[-76.08606,8.58998]]],[[[-76.07625,8.59209],[-76.07625,8.59173],[-76.07553,8.59182],[-76.07625,8.59065],[-76.07689,8.59164],[-76.07689,8.59281],[-76.07572,8.59426],[-76.07553,8.59345],[-76.07471,8.59336],[-76.07625,8.59209]]],[[[-76.08662,8.5946],[-76.08635,8.59387],[-76.08671,8.59378],[-76.0869,8.59586],[-76.08626,8.59532],[-76.08599,8.59568],[-76.0869,8.5964],[-76.0869,8.59695],[-76.08499,8.59668],[-76.0849,8.59587],[-76.08662,8.5946]]],[[[-76.08663,8.5974],[-76.08699,8.59785],[-76.08599,8.59767],[-76.08536,8.59813],[-76.08508,8.59758],[-76.08463,8.59768],[-76.08526,8.59722],[-76.08663,8.5974]]],[[[-76.09944,8.5989],[-76.10136,8.6007],[-76.0989,8.60008],[-76.09944,8.5989]]],[[[-76.0949,8.59982],[-76.09518,8.60036],[-76.09364,8.60109],[-76.09409,8.59964],[-76.0949,8.59982]]],[[[-76.08218,8.60012],[-76.08455,8.60048],[-76.08164,8.60166],[-76.08128,8.60121],[-76.08218,8.60012]]],[[[-76.07439,8.60702],[-76.07475,8.6063],[-76.07702,8.60683],[-76.07766,8.60574],[-76.07584,8.60584],[-76.07593,8.60521],[-76.07502,8.60476],[-76.07475,8.60566],[-76.07384,8.60585],[-76.07429,8.6053],[-76.07402,8.60431],[-76.07338,8.60503],[-76.07275,8.60494],[-76.07293,8.6044],[-76.07147,8.60477],[-76.07174,8.60314],[-76.07836,8.59941],[-76.07882,8.59878],[-76.07927,8.59887],[-76.08009,8.59796],[-76.08072,8.59778],[-76.08127,8.59832],[-76.08199,8.59714],[-76.08299,8.59714],[-76.08336,8.59786],[-76.08272,8.59759],[-76.08191,8.59832],[-76.08336,8.59813],[-76.08363,8.59867],[-76.08263,8.59904],[-76.08255,8.59967],[-76.08191,8.59967],[-76.08118,8.59931],[-76.081,8.59859],[-76.08064,8.60067],[-76.07928,8.60104],[-76.0801,8.60185],[-76.07938,8.60384],[-76.08038,8.60366],[-76.08065,8.6051],[-76.08129,8.60456],[-76.08301,8.60482],[-76.08301,8.60401],[-76.08356,8.60347],[-76.08419,8.60365],[-76.08573,8.60183],[-76.08519,8.60391],[-76.08447,8.60392],[-76.08411,8.60491],[-76.08356,8.605],[-76.08393,8.60555],[-76.08275,8.60627],[-76.08084,8.60619],[-76.08065,8.60519],[-76.07984,8.60628],[-76.07784,8.60629],[-76.07712,8.60792],[-76.0763,8.6081],[-76.07439,8.60702]],[[-76.07802,8.60466],[-76.07829,8.60574],[-76.07902,8.60475],[-76.07802,8.60466]],[[-76.07665,8.60376],[-76.07765,8.60375],[-76.07729,8.60321],[-76.07665,8.60376]]],[[[-76.09883,8.60514],[-76.1011,8.60541],[-76.09974,8.60613],[-76.09974,8.60704],[-76.09865,8.60614],[-76.09883,8.60514]]],[[[-76.07393,8.60711],[-76.07284,8.60666],[-76.07293,8.60621],[-76.07384,8.6063],[-76.07393,8.60711]]],[[[-76.08084,8.60709],[-76.0802,8.60736],[-76.07984,8.60673],[-76.08047,8.60655],[-76.08084,8.60709]]],[[[-76.08211,8.63675],[-76.08183,8.63675],[-76.08156,8.63522],[-76.0821,8.63567],[-76.08211,8.63675]]],[[[-76.06784,8.17194],[-76.06557,8.17267],[-76.06602,8.1714],[-76.06747,8.17121],[-76.0692,8.17193],[-76.0692,8.17257],[-76.06975,8.17229],[-76.07066,8.17356],[-76.06993,8.17365],[-76.06975,8.17311],[-76.0692,8.17311],[-76.06921,8.17401],[-76.06875,8.17429],[-76.06875,8.17257],[-76.06784,8.17194]]],[[[-76.06412,8.17421],[-76.06475,8.17294],[-76.06494,8.17384],[-76.06584,8.17339],[-76.06567,8.17466],[-76.06639,8.17447],[-76.06667,8.17502],[-76.06567,8.17547],[-76.06449,8.17493],[-76.06412,8.17421]]],[[[-76.0664,8.17692],[-76.06603,8.17619],[-76.0674,8.1761],[-76.06748,8.17565],[-76.06685,8.17547],[-76.0683,8.1751],[-76.06885,8.17619],[-76.07003,8.177],[-76.07057,8.17627],[-76.07003,8.17537],[-76.07039,8.17482],[-76.07121,8.17636],[-76.07066,8.17663],[-76.07121,8.17826],[-76.06903,8.17799],[-76.0683,8.17546],[-76.06758,8.17601],[-76.06885,8.17836],[-76.06813,8.17845],[-76.06822,8.17763],[-76.06685,8.17737],[-76.06694,8.17691],[-76.0664,8.17692]]],[[[-76.06468,8.17737],[-76.06351,8.17774],[-76.06341,8.17765],[-76.06386,8.17719],[-76.06595,8.1771],[-76.06658,8.17764],[-76.0664,8.17863],[-76.06686,8.17899],[-76.06468,8.17737]]],[[[-76.06776,8.17809],[-76.06767,8.17881],[-76.06686,8.17863],[-76.06776,8.17809]]],[[[-76.06477,8.18009],[-76.06541,8.17954],[-76.06368,8.17882],[-76.06423,8.17829],[-76.06559,8.17897],[-76.06659,8.18084],[-76.06477,8.18009]]],[[[-76.06477,8.18045],[-76.06378,8.18027],[-76.06405,8.17963],[-76.06477,8.18045]]],[[[-76.06895,8.17962],[-76.06958,8.17962],[-76.07004,8.18061],[-76.06954,8.18098],[-76.06895,8.17962]]],[[[-76.06751,8.18044],[-76.06777,8.17972],[-76.06968,8.18159],[-76.06813,8.18119],[-76.06751,8.18044]]],[[[-76.06341,8.18036],[-76.06323,8.18145],[-76.06314,8.18099],[-76.06255,8.18118],[-76.06278,8.18036],[-76.06341,8.18036]]],[[[-76.06733,8.18406],[-76.06778,8.18469],[-76.06842,8.18469],[-76.06824,8.18568],[-76.06715,8.18478],[-76.06733,8.18406]]],[[[-76.06615,8.18569],[-76.06624,8.18487],[-76.06724,8.18541],[-76.06797,8.18677],[-76.06906,8.18686],[-76.06997,8.18785],[-76.0687,8.18821],[-76.06733,8.18749],[-76.06615,8.18569]]],[[[-76.05845,8.19041],[-76.05953,8.18851],[-76.06008,8.18842],[-76.06044,8.18724],[-76.06025,8.1867],[-76.05944,8.18715],[-76.05925,8.18697],[-76.06043,8.18444],[-76.06079,8.18444],[-76.06043,8.18579],[-76.06216,8.1857],[-76.06252,8.18696],[-76.06152,8.18633],[-76.06089,8.18661],[-76.06089,8.18751],[-76.06162,8.18796],[-76.06071,8.18805],[-76.06017,8.19041],[-76.05909,8.19195],[-76.05909,8.19267],[-76.05845,8.19294],[-76.05827,8.1924],[-76.05881,8.19195],[-76.05845,8.19041]]],[[[-76.06144,8.18878],[-76.06262,8.18941],[-76.06153,8.19086],[-76.06045,8.19113],[-76.0608,8.18932],[-76.06144,8.18878]]],[[[-76.06308,8.19031],[-76.06389,8.18895],[-76.06317,8.19167],[-76.06227,8.19293],[-76.06073,8.19402],[-76.06036,8.19384],[-76.05937,8.19493],[-76.06308,8.19031]]],[[[-76.06064,8.19511],[-76.06155,8.19493],[-76.06273,8.19664],[-76.06109,8.19583],[-76.06064,8.19511]]],[[[-76.06146,8.19787],[-76.06119,8.19728],[-76.06001,8.19705],[-76.05928,8.19556],[-76.05982,8.19574],[-76.06028,8.19683],[-76.061,8.19665],[-76.06282,8.19745],[-76.06264,8.19818],[-76.06328,8.1989],[-76.06146,8.19787]]],[[[-76.05902,8.20072],[-76.05784,8.20145],[-76.05629,8.20046],[-76.05657,8.19973],[-76.05711,8.19973],[-76.05711,8.19874],[-76.0561,8.19711],[-76.05701,8.19657],[-76.05755,8.19512],[-76.05828,8.19457],[-76.05801,8.19674],[-76.05872,8.19683],[-76.05974,8.19873],[-76.0631,8.20066],[-76.06311,8.20252],[-76.05902,8.20072]]],[[[-76.05102,8.1983],[-76.04976,8.20038],[-76.04985,8.19903],[-76.05051,8.19803],[-76.05166,8.19785],[-76.05211,8.19821],[-76.05102,8.1983]]],[[[-76.05257,8.20019],[-76.05312,8.20019],[-76.05212,8.20128],[-76.0524,8.20228],[-76.05176,8.20192],[-76.05257,8.20019]]],[[[-76.05041,8.20306],[-76.04976,8.20047],[-76.05012,8.20156],[-76.05067,8.20165],[-76.05149,8.20282],[-76.05185,8.20282],[-76.05176,8.2021],[-76.0524,8.203],[-76.05303,8.20282],[-76.05312,8.20227],[-76.05421,8.20281],[-76.05215,8.2038],[-76.05149,8.20351],[-76.05149,8.203],[-76.05041,8.20306]]],[[[-76.05885,8.20452],[-76.05803,8.20431],[-76.05821,8.2038],[-76.0573,8.20407],[-76.05684,8.20253],[-76.05775,8.20308],[-76.05911,8.20235],[-76.06029,8.20244],[-76.06084,8.20334],[-76.06211,8.20334],[-76.0613,8.20442],[-76.05921,8.20461],[-76.0593,8.20398],[-76.05875,8.2038],[-76.05885,8.20452]]],[[[-76.06115,8.20617],[-76.06185,8.20605],[-76.06076,8.2065],[-76.06012,8.20632],[-76.05967,8.20687],[-76.05885,8.20633],[-76.05885,8.20597],[-76.06115,8.20617]]],[[[-76.05396,8.20674],[-76.05458,8.20607],[-76.0545,8.20679],[-76.05495,8.20679],[-76.0554,8.20557],[-76.05767,8.20574],[-76.05767,8.20642],[-76.05849,8.20633],[-76.05622,8.20814],[-76.05522,8.20778],[-76.05504,8.20697],[-76.0545,8.20724],[-76.05396,8.20674]],[[-76.05522,8.20688],[-76.05531,8.20733],[-76.05649,8.20751],[-76.05658,8.20588],[-76.05595,8.20588],[-76.05522,8.20688]]],[[[-76.05931,8.20696],[-76.05958,8.20759],[-76.06094,8.20768],[-76.06149,8.20822],[-76.06058,8.20831],[-76.05895,8.20741],[-76.05931,8.20696]]],[[[-76.05986,8.20886],[-76.06022,8.2094],[-76.05804,8.2092],[-76.05777,8.20868],[-76.05986,8.20886]]],[[[-76.0644,8.21065],[-76.06458,8.21111],[-76.06504,8.21092],[-76.06522,8.2102],[-76.06476,8.20957],[-76.06585,8.20938],[-76.06657,8.20839],[-76.06575,8.20712],[-76.0643,8.20659],[-76.06375,8.20668],[-76.06276,8.20786],[-76.06267,8.20767],[-76.06294,8.20668],[-76.06512,8.20631],[-76.06693,8.20739],[-76.06794,8.2092],[-76.06703,8.20929],[-76.0674,8.2101],[-76.06594,8.21092],[-76.06567,8.21156],[-76.06453,8.21156],[-76.06413,8.21104],[-76.0644,8.21065]]],[[[-76.05742,8.21248],[-76.05687,8.2114],[-76.05341,8.20969],[-76.05287,8.20851],[-76.05268,8.20725],[-76.05322,8.20607],[-76.05386,8.20544],[-76.05314,8.20707],[-76.05441,8.20932],[-76.05714,8.21095],[-76.06104,8.21104],[-76.06059,8.21211],[-76.05905,8.21239],[-76.05851,8.21501],[-76.05756,8.21456],[-76.05742,8.21248]]],[[[-76.06204,8.21111],[-76.06241,8.21116],[-76.06259,8.21265],[-76.06186,8.21238],[-76.06204,8.21111]]],[[[-76.06631,8.21183],[-76.06657,8.21182],[-76.06622,8.21327],[-76.06559,8.21355],[-76.0655,8.213],[-76.06631,8.21183]]],[[[-76.05596,8.21267],[-76.05651,8.21348],[-76.05724,8.21366],[-76.05651,8.2141],[-76.05506,8.21366],[-76.05596,8.21267]]],[[[-76.06232,8.2131],[-76.06305,8.21364],[-76.0635,8.21292],[-76.06404,8.21292],[-76.06368,8.21256],[-76.06395,8.2121],[-76.06431,8.21304],[-76.0639,8.21436],[-76.06296,8.21455],[-76.06238,8.21534],[-76.06069,8.21535],[-76.06105,8.21455],[-76.06205,8.21419],[-76.06232,8.2131]]],[[[-76.05125,8.21467],[-76.05234,8.21494],[-76.05334,8.21448],[-76.05579,8.2152],[-76.05452,8.21511],[-76.05419,8.21547],[-76.05125,8.21467]]],[[[-76.04843,8.21431],[-76.04671,8.21549],[-76.04554,8.21722],[-76.04617,8.21486],[-76.04843,8.21431]]],[[[-76.05261,8.21566],[-76.0567,8.21701],[-76.05589,8.21737],[-76.05407,8.21683],[-76.05261,8.21566]]],[[[-76.04744,8.21703],[-76.04702,8.21687],[-76.04807,8.21581],[-76.04966,8.21533],[-76.05125,8.21534],[-76.04871,8.21648],[-76.04835,8.21712],[-76.04881,8.21793],[-76.04844,8.21811],[-76.04844,8.2173],[-76.0479,8.2173],[-76.04699,8.21893],[-76.04666,8.21857],[-76.04744,8.21703]]],[[[-76.0499,8.22037],[-76.04945,8.22118],[-76.04881,8.22046],[-76.04927,8.2201],[-76.0499,8.22037]]],[[[-76.05018,8.22073],[-76.05063,8.22082],[-76.051,8.22181],[-76.04963,8.22173],[-76.04981,8.22127],[-76.05027,8.22154],[-76.05018,8.22073]]],[[[-76.052,8.22543],[-76.05246,8.22561],[-76.05255,8.22507],[-76.05082,8.22378],[-76.05127,8.22344],[-76.052,8.22416],[-76.05218,8.22353],[-76.05181,8.22281],[-76.05218,8.22217],[-76.05163,8.22208],[-76.05126,8.22009],[-76.05289,8.21855],[-76.05263,8.22344],[-76.05345,8.22434],[-76.05336,8.22497],[-76.054,8.22515],[-76.0541,8.22814],[-76.05337,8.22868],[-76.0521,8.22868],[-76.0521,8.22742],[-76.05164,8.22706],[-76.052,8.22543]]],[[[-76.04961,8.22444],[-76.04927,8.22355],[-76.05046,8.22421],[-76.05091,8.22552],[-76.05042,8.22589],[-76.04961,8.22444]]],[[[-76.06743,8.22503],[-76.06725,8.2253],[-76.06653,8.22485],[-76.06653,8.22431],[-76.06743,8.22503]]],[[[-76.05718,8.22704],[-76.05664,8.22741],[-76.05636,8.22677],[-76.05654,8.22623],[-76.05718,8.22704]]],[[[-76.06898,8.22755],[-76.06844,8.22882],[-76.06808,8.22792],[-76.06853,8.22719],[-76.06898,8.22755]]],[[[-76.05882,8.22713],[-76.05945,8.22803],[-76.05773,8.22903],[-76.05773,8.22777],[-76.05882,8.22713]]],[[[-76.06445,8.2272],[-76.06599,8.22756],[-76.06708,8.22647],[-76.06789,8.22665],[-76.06817,8.22729],[-76.06735,8.22738],[-76.06708,8.22828],[-76.06481,8.22838],[-76.06427,8.22901],[-76.06436,8.23001],[-76.06382,8.23001],[-76.06354,8.2292],[-76.06445,8.2272]]],[[[-76.05864,8.22921],[-76.06055,8.22966],[-76.05937,8.23102],[-76.05801,8.23093],[-76.05764,8.23039],[-76.05864,8.22921]]],[[[-76.06364,8.2301],[-76.06346,8.23055],[-76.062,8.23056],[-76.06236,8.2301],[-76.06364,8.2301]]],[[[-76.05356,8.23176],[-76.05347,8.23212],[-76.05184,8.2323],[-76.05184,8.23167],[-76.05265,8.23131],[-76.05356,8.23176]]],[[[-76.06219,8.23408],[-76.06283,8.23354],[-76.06519,8.23335],[-76.06609,8.23281],[-76.06609,8.23181],[-76.06673,8.23127],[-76.06646,8.23245],[-76.06691,8.23253],[-76.06682,8.23362],[-76.06637,8.23407],[-76.06501,8.2339],[-76.06428,8.23462],[-76.06465,8.23543],[-76.06392,8.23507],[-76.06356,8.23553],[-76.06219,8.23408]]],[[[-76.06773,8.2338],[-76.06701,8.23516],[-76.06691,8.23353],[-76.06773,8.2338]]],[[[-76.06664,8.23434],[-76.06619,8.23507],[-76.06692,8.23552],[-76.06592,8.23543],[-76.06574,8.23462],[-76.06664,8.23434]]],[[[-76.05956,8.23509],[-76.06029,8.23454],[-76.06038,8.23364],[-76.05783,8.23346],[-76.05666,8.23392],[-76.05584,8.23501],[-76.05584,8.23419],[-76.05529,8.23365],[-76.05502,8.23456],[-76.05384,8.23519],[-76.05375,8.23438],[-76.05303,8.2342],[-76.05329,8.2332],[-76.05429,8.23248],[-76.05965,8.23246],[-76.06065,8.23282],[-76.06183,8.23553],[-76.06157,8.23716],[-76.06111,8.23725],[-76.0613,8.23807],[-76.06075,8.2387],[-76.06012,8.23843],[-76.05956,8.23509]]],[[[-76.05014,8.24054],[-76.04986,8.23882],[-76.04959,8.23936],[-76.04904,8.23936],[-76.04923,8.24009],[-76.04853,8.23912],[-76.04863,8.23828],[-76.04877,8.239],[-76.04931,8.23873],[-76.04887,8.23745],[-76.05048,8.23475],[-76.05121,8.23547],[-76.05067,8.23737],[-76.05031,8.23755],[-76.04986,8.23701],[-76.04968,8.23792],[-76.05113,8.23827],[-76.05277,8.24116],[-76.05014,8.24054]]],[[[-76.06937,8.23723],[-76.07001,8.23822],[-76.06947,8.23967],[-76.06929,8.23886],[-76.06965,8.23859],[-76.06901,8.23823],[-76.06937,8.23723]]],[[[-76.05848,8.2378],[-76.05685,8.23952],[-76.05576,8.23944],[-76.0554,8.2389],[-76.05712,8.23862],[-76.05848,8.2378]]],[[[-76.05912,8.23916],[-76.05958,8.24015],[-76.05922,8.24142],[-76.05849,8.24024],[-76.05912,8.23916]]],[[[-76.05877,8.24223],[-76.05868,8.24296],[-76.05813,8.24278],[-76.05804,8.24214],[-76.05877,8.24223]]],[[[-76.06848,8.24248],[-76.06921,8.24347],[-76.06658,8.24375],[-76.06848,8.24248]]],[[[-76.0693,8.24429],[-76.06958,8.24474],[-76.06722,8.24474],[-76.06758,8.24429],[-76.0693,8.24429]]],[[[-76.06921,8.24537],[-76.06858,8.24691],[-76.0684,8.24601],[-76.06749,8.24592],[-76.06831,8.24528],[-76.06921,8.24537]]],[[[-76.06297,8.25443],[-76.06289,8.25515],[-76.06198,8.25543],[-76.06297,8.25443]]],[[[-76.06371,8.25977],[-76.06535,8.26184],[-76.0649,8.26184],[-76.0649,8.26139],[-76.06411,8.26166],[-76.06371,8.25977]]],[[[-76.06117,8.26022],[-76.06162,8.25905],[-76.06179,8.26294],[-76.06118,8.26203],[-76.06117,8.26022]]],[[[-76.04414,8.2728],[-76.04432,8.27121],[-76.04567,8.26868],[-76.04541,8.27166],[-76.04693,8.27437],[-76.04414,8.2728]]],[[[-76.06569,8.28581],[-76.06479,8.28707],[-76.06469,8.28626],[-76.06533,8.28545],[-76.06569,8.28581]]],[[[-76.06633,8.28635],[-76.06614,8.28562],[-76.06678,8.28562],[-76.06696,8.2849],[-76.06787,8.28508],[-76.06742,8.28544],[-76.06769,8.28625],[-76.06615,8.28807],[-76.06533,8.28771],[-76.06633,8.28635]]],[[[-76.06978,8.28679],[-76.07006,8.28787],[-76.06751,8.28861],[-76.06742,8.28788],[-76.06978,8.28679]]],[[[-76.06579,8.28879],[-76.06507,8.2897],[-76.06461,8.28906],[-76.06515,8.28834],[-76.06579,8.28879]]],[[[-76.05194,8.28991],[-76.05498,8.28629],[-76.05543,8.28457],[-76.05525,8.28647],[-76.05417,8.28828],[-76.05517,8.28918],[-76.05435,8.29],[-76.05354,8.29],[-76.05336,8.29081],[-76.05254,8.29018],[-76.05281,8.29154],[-76.05218,8.29244],[-76.05291,8.29289],[-76.05224,8.29344],[-76.05146,8.29281],[-76.05194,8.28991]]],[[[-76.06715,8.28951],[-76.06652,8.28951],[-76.06661,8.28933],[-76.06724,8.28942],[-76.06761,8.28897],[-76.06815,8.28942],[-76.07006,8.28869],[-76.06997,8.2895],[-76.06933,8.28969],[-76.06934,8.29077],[-76.06725,8.29023],[-76.06715,8.28951]]],[[[-76.06534,8.29015],[-76.06443,8.29106],[-76.06389,8.2897],[-76.06534,8.29015]]],[[[-76.06816,8.29168],[-76.06816,8.29132],[-76.06725,8.29114],[-76.06734,8.29069],[-76.06843,8.29113],[-76.06834,8.29204],[-76.06752,8.29222],[-76.06698,8.29168],[-76.06734,8.29132],[-76.06816,8.29168]]],[[[-76.06344,8.29115],[-76.06299,8.29269],[-76.06271,8.29124],[-76.06316,8.2907],[-76.06344,8.29115]]],[[[-76.06199,8.29287],[-76.06226,8.29341],[-76.06153,8.29296],[-76.06199,8.29215],[-76.06199,8.29287]]],[[[-76.05546,8.29488],[-76.05645,8.29388],[-76.05809,8.29496],[-76.05546,8.29488]]],[[[-76.06081,8.29532],[-76.06018,8.29568],[-76.0609,8.29342],[-76.06199,8.29368],[-76.06081,8.29532]]],[[[-76.06726,8.2943],[-76.06654,8.29566],[-76.06599,8.29566],[-76.06626,8.29413],[-76.06707,8.29367],[-76.06726,8.2943]]],[[[-76.04965,8.29616],[-76.04892,8.29517],[-76.04846,8.29327],[-76.04928,8.29245],[-76.05019,8.29356],[-76.05001,8.29435],[-76.05219,8.29552],[-76.05546,8.29628],[-76.05464,8.29687],[-76.04965,8.29616]]],[[[-76.06399,8.29449],[-76.0649,8.29431],[-76.06499,8.29476],[-76.06572,8.29494],[-76.06536,8.2963],[-76.06381,8.2954],[-76.06399,8.29449]]],[[[-76.04802,8.29888],[-76.04866,8.2986],[-76.0492,8.29933],[-76.0483,8.2996],[-76.04784,8.29915],[-76.04721,8.29978],[-76.04684,8.29852],[-76.04802,8.29888]]],[[[-76.06182,8.29965],[-76.06292,8.30146],[-76.06283,8.30227],[-76.06182,8.29965]]],[[[-76.06955,8.30388],[-76.06892,8.3037],[-76.06919,8.30289],[-76.06955,8.30388]]],[[[-76.06156,8.303],[-76.06199,8.30334],[-76.06193,8.30526],[-76.06102,8.30436],[-76.06156,8.303]]],[[[-76.06774,8.30452],[-76.06665,8.30498],[-76.06701,8.30407],[-76.06665,8.30353],[-76.06737,8.30353],[-76.06774,8.30452]]],[[[-76.06167,8.31069],[-76.06168,8.30895],[-76.06302,8.30661],[-76.0632,8.30508],[-76.06303,8.30779],[-76.06212,8.30987],[-76.06267,8.31078],[-76.0624,8.3115],[-76.0634,8.31195],[-76.06349,8.31276],[-76.06249,8.31222],[-76.06202,8.31313],[-76.06177,8.31186],[-76.06231,8.31186],[-76.06167,8.31069]]],[[[-76.04659,8.30883],[-76.04841,8.31036],[-76.05268,8.30981],[-76.05159,8.31062],[-76.05041,8.31081],[-76.04742,8.31064],[-76.04659,8.30883]]],[[[-76.06068,8.31476],[-76.06068,8.31304],[-76.0625,8.31611],[-76.06305,8.31629],[-76.0631,8.31801],[-76.06068,8.31476]]],[[[-76.0617,8.31982],[-76.06233,8.31892],[-76.06215,8.32],[-76.06287,8.31928],[-76.06224,8.32094],[-76.06189,8.32145],[-76.06098,8.32154],[-76.06206,8.32073],[-76.0617,8.31982]]],[[[-76.06379,8.32235],[-76.06478,8.31963],[-76.06462,8.31936],[-76.06469,8.3181],[-76.06533,8.32063],[-76.06479,8.32307],[-76.06226,8.32552],[-76.06172,8.3248],[-76.06379,8.32235]]],[[[-76.06443,8.32425],[-76.06543,8.3247],[-76.06598,8.3237],[-76.06598,8.32542],[-76.06643,8.32578],[-76.06507,8.32642],[-76.06453,8.32596],[-76.0648,8.32524],[-76.06443,8.32425]]],[[[-76.0591,8.33222],[-76.05909,8.33068],[-76.05864,8.33041],[-76.05972,8.32706],[-76.05991,8.3295],[-76.06252,8.3333],[-76.06246,8.33442],[-76.06066,8.33656],[-76.06101,8.33583],[-76.06092,8.33411],[-76.0591,8.33222]]],[[[-76.04449,8.33606],[-76.04421,8.33515],[-76.04494,8.33506],[-76.04494,8.33596],[-76.04449,8.33606]]],[[[-76.04685,8.33542],[-76.04785,8.33623],[-76.04885,8.33577],[-76.04957,8.33613],[-76.04794,8.33659],[-76.04639,8.33605],[-76.04685,8.33542]]],[[[-76.04685,8.33759],[-76.04595,8.33822],[-76.04549,8.33714],[-76.04603,8.33687],[-76.04685,8.33759]]],[[[-76.0543,8.33793],[-76.05439,8.33684],[-76.05475,8.33684],[-76.05476,8.33838],[-76.0543,8.33793]]],[[[-76.05076,8.33749],[-76.05058,8.33821],[-76.04976,8.33857],[-76.04949,8.33803],[-76.05076,8.33749]]],[[[-76.0455,8.34157],[-76.04496,8.34148],[-76.04441,8.33995],[-76.04595,8.33922],[-76.04831,8.33912],[-76.04967,8.34002],[-76.04886,8.34102],[-76.04831,8.34084],[-76.0484,8.33984],[-76.04804,8.33976],[-76.04668,8.34193],[-76.04614,8.34139],[-76.04632,8.34075],[-76.0455,8.34157]]],[[[-76.06548,8.34107],[-76.06466,8.34052],[-76.06538,8.33962],[-76.06657,8.34034],[-76.06666,8.34097],[-76.06775,8.34088],[-76.06394,8.34215],[-76.06348,8.34179],[-76.06548,8.34107]]],[[[-76.06929,8.34087],[-76.06947,8.3416],[-76.06857,8.34214],[-76.06829,8.3416],[-76.06929,8.34087]]],[[[-76.05377,8.34281],[-76.05322,8.343],[-76.05341,8.34444],[-76.05259,8.34417],[-76.05304,8.34209],[-76.0524,8.34228],[-76.0525,8.34291],[-76.05186,8.34246],[-76.05113,8.34273],[-76.04959,8.34219],[-76.04913,8.34111],[-76.05031,8.34074],[-76.05176,8.33929],[-76.05621,8.34],[-76.0554,8.34055],[-76.05567,8.34118],[-76.05667,8.34154],[-76.05695,8.34235],[-76.05604,8.34389],[-76.05623,8.3448],[-76.05559,8.34525],[-76.05459,8.34507],[-76.05532,8.34589],[-76.0545,8.34616],[-76.05377,8.34281]]],[[[-76.04732,8.34283],[-76.0465,8.3432],[-76.04759,8.34229],[-76.04968,8.34263],[-76.04732,8.34283]]],[[[-76.05679,8.35086],[-76.05696,8.3495],[-76.05569,8.34848],[-76.05783,8.34506],[-76.05904,8.34452],[-76.05931,8.3437],[-76.05885,8.34323],[-76.06018,8.3399],[-76.06066,8.34044],[-76.06148,8.33972],[-76.06184,8.33918],[-76.06157,8.33865],[-76.06338,8.337],[-76.06364,8.33501],[-76.06456,8.33826],[-76.06429,8.33881],[-76.06493,8.33908],[-76.06447,8.33962],[-76.06493,8.3398],[-76.06449,8.34025],[-76.06329,8.3399],[-76.06212,8.34035],[-76.06212,8.34089],[-76.06323,8.34053],[-76.0633,8.34071],[-76.06176,8.3418],[-76.0614,8.34288],[-76.06067,8.34207],[-76.0604,8.3437],[-76.05949,8.34388],[-76.0614,8.3446],[-76.06195,8.34704],[-76.06177,8.34858],[-76.06277,8.34767],[-76.06368,8.34821],[-76.06386,8.34731],[-76.06404,8.34803],[-76.06196,8.34967],[-76.06132,8.34894],[-76.05915,8.35049],[-76.05851,8.35013],[-76.05851,8.34959],[-76.05724,8.34941],[-76.05715,8.34995],[-76.05842,8.35094],[-76.05833,8.35158],[-76.05788,8.35158],[-76.0576,8.35085],[-76.05706,8.35149],[-76.05606,8.35167],[-76.0557,8.3505],[-76.05679,8.35086]],[[-76.05905,8.34814],[-76.05841,8.34751],[-76.05778,8.34769],[-76.0575,8.3466],[-76.0565,8.34742],[-76.05705,8.3485],[-76.05905,8.3494],[-76.0606,8.34913],[-76.0605,8.34822],[-76.05905,8.34814]],[[-76.05895,8.34597],[-76.05823,8.34633],[-76.05904,8.34651],[-76.05959,8.34596],[-76.05913,8.34533],[-76.05895,8.34597]]],[[[-76.06667,8.34576],[-76.06694,8.34414],[-76.06803,8.34477],[-76.06803,8.3454],[-76.06731,8.34603],[-76.06876,8.34648],[-76.06894,8.34712],[-76.06786,8.34802],[-76.06758,8.34667],[-76.06667,8.34576]]],[[[-76.05205,8.34644],[-76.05142,8.34608],[-76.05142,8.34581],[-76.05187,8.34571],[-76.05169,8.34526],[-76.05214,8.34481],[-76.05233,8.34671],[-76.0526,8.3458],[-76.05369,8.34616],[-76.05242,8.34861],[-76.05169,8.34743],[-76.05205,8.34644]]],[[[-76.06477,8.34631],[-76.06568,8.34694],[-76.06504,8.34722],[-76.06477,8.34667],[-76.06413,8.34677],[-76.06477,8.34631]]],[[[-76.06814,8.35101],[-76.06813,8.34974],[-76.06895,8.34974],[-76.06814,8.35101]]],[[[-76.05379,8.35023],[-76.05342,8.35012],[-76.05535,8.34878],[-76.05578,8.34905],[-76.05588,8.35023],[-76.05497,8.35041],[-76.05506,8.35222],[-76.05371,8.35195],[-76.05379,8.35023]]],[[[-76.04948,8.34943],[-76.05152,8.35057],[-76.04997,8.35024],[-76.04998,8.35178],[-76.04916,8.35079],[-76.04948,8.34943]]],[[[-76.06115,8.35193],[-76.06096,8.3513],[-76.06133,8.35075],[-76.0626,8.35111],[-76.06296,8.35048],[-76.06351,8.35238],[-76.06278,8.35247],[-76.06269,8.35174],[-76.06115,8.35193]]],[[[-76.06759,8.35128],[-76.06805,8.35182],[-76.06669,8.35191],[-76.06759,8.35128]]],[[[-76.06651,8.35173],[-76.06505,8.35237],[-76.06542,8.35156],[-76.06632,8.35137],[-76.06651,8.35173]]],[[[-76.04726,8.3545],[-76.0479,8.35513],[-76.04844,8.35495],[-76.04717,8.35359],[-76.04753,8.35314],[-76.04835,8.35341],[-76.04835,8.35404],[-76.04889,8.35404],[-76.04908,8.3563],[-76.04799,8.35622],[-76.04726,8.35558],[-76.04726,8.3545]]],[[[-76.0548,8.35502],[-76.0558,8.3543],[-76.05616,8.35475],[-76.05462,8.35547],[-76.05425,8.35421],[-76.0548,8.35502]]],[[[-76.06525,8.35689],[-76.06461,8.35726],[-76.06425,8.3568],[-76.0647,8.35608],[-76.06334,8.35518],[-76.06433,8.35391],[-76.06415,8.3531],[-76.0656,8.353],[-76.0656,8.35382],[-76.06497,8.35364],[-76.06479,8.35427],[-76.06579,8.35409],[-76.06706,8.35481],[-76.0666,8.3539],[-76.06678,8.35273],[-76.06832,8.35245],[-76.0676,8.35336],[-76.06824,8.35444],[-76.06761,8.35589],[-76.06598,8.35725],[-76.06607,8.35843],[-76.06525,8.35771],[-76.06525,8.35689]]],[[[-76.05054,8.35639],[-76.04999,8.35476],[-76.05062,8.35467],[-76.05153,8.3563],[-76.05126,8.35756],[-76.05063,8.35793],[-76.05027,8.35738],[-76.04918,8.35748],[-76.05054,8.35639]]],[[[-76.04891,8.35893],[-76.04809,8.35875],[-76.04809,8.35829],[-76.04891,8.35802],[-76.04891,8.35893]]],[[[-76.05091,8.36163],[-76.05291,8.36081],[-76.052,8.36055],[-76.05218,8.35973],[-76.05381,8.35982],[-76.05382,8.36108],[-76.05309,8.36136],[-76.05327,8.3619],[-76.05246,8.36253],[-76.05255,8.36299],[-76.05046,8.36254],[-76.05091,8.36163]]],[[[-76.04428,8.36165],[-76.04365,8.36183],[-76.04292,8.36111],[-76.04464,8.36011],[-76.04582,8.36029],[-76.04492,8.3612],[-76.04546,8.36165],[-76.04646,8.36156],[-76.04619,8.36228],[-76.04656,8.36282],[-76.04574,8.36328],[-76.04547,8.36282],[-76.04483,8.36292],[-76.04428,8.36165]]],[[[-76.05474,8.36732],[-76.0551,8.3656],[-76.05465,8.36533],[-76.05455,8.36425],[-76.055,8.36379],[-76.05464,8.36361],[-76.05473,8.36199],[-76.05427,8.36181],[-76.055,8.36027],[-76.054,8.35982],[-76.05427,8.35936],[-76.05526,8.35909],[-76.05563,8.36008],[-76.05608,8.36008],[-76.05626,8.35936],[-76.05699,8.35936],[-76.05808,8.36008],[-76.05817,8.35953],[-76.05935,8.35917],[-76.05953,8.35971],[-76.06035,8.3598],[-76.05954,8.36044],[-76.0599,8.36061],[-76.05963,8.36134],[-76.06054,8.36179],[-76.06108,8.36007],[-76.05989,8.35835],[-76.06089,8.35844],[-76.06126,8.35799],[-76.06062,8.35745],[-76.06198,8.35663],[-76.06198,8.35726],[-76.06316,8.35735],[-76.06307,8.35807],[-76.06453,8.35943],[-76.06525,8.35906],[-76.06625,8.35933],[-76.07035,8.36285],[-76.07026,8.3633],[-76.06808,8.36322],[-76.06754,8.36394],[-76.06572,8.36376],[-76.06363,8.36486],[-76.06254,8.36459],[-76.062,8.3654],[-76.06082,8.36522],[-76.06127,8.36414],[-76.06136,8.36495],[-76.06218,8.36486],[-76.06145,8.36414],[-76.06172,8.36332],[-76.06127,8.36323],[-76.06172,8.36242],[-76.06199,8.36269],[-76.06163,8.36323],[-76.06372,8.36314],[-76.06208,8.36079],[-76.06135,8.36043],[-76.06145,8.36242],[-76.06036,8.36233],[-76.06,8.36315],[-76.05963,8.36233],[-76.05918,8.36243],[-76.05954,8.36297],[-76.059,8.36315],[-76.05909,8.36387],[-76.05746,8.36442],[-76.05573,8.36379],[-76.05555,8.36424],[-76.05628,8.36542],[-76.05601,8.36614],[-76.05528,8.36642],[-76.05538,8.36687],[-76.05638,8.36696],[-76.0561,8.36614],[-76.05701,8.3656],[-76.05765,8.36713],[-76.0581,8.3665],[-76.05892,8.36677],[-76.05819,8.36749],[-76.05829,8.36813],[-76.05774,8.36795],[-76.0562,8.36885],[-76.05638,8.36931],[-76.05738,8.36939],[-76.05766,8.37003],[-76.0572,8.37039],[-76.05548,8.37003],[-76.05502,8.37067],[-76.05538,8.36931],[-76.05474,8.36732]],[[-76.05763,8.36143],[-76.05763,8.36089],[-76.05827,8.36089],[-76.05808,8.36053],[-76.05699,8.3608],[-76.05727,8.36198],[-76.05863,8.36243],[-76.05954,8.36188],[-76.05927,8.36143],[-76.05763,8.36143]],[[-76.0679,8.3624],[-76.06708,8.36213],[-76.06663,8.36286],[-76.06744,8.36331],[-76.0679,8.3624]]],[[[-76.05247,8.36579],[-76.05174,8.36579],[-76.05138,8.36615],[-76.05183,8.36642],[-76.05065,8.36661],[-76.05092,8.36607],[-76.05047,8.3658],[-76.04965,8.36616],[-76.04956,8.36535],[-76.05038,8.36534],[-76.05146,8.36416],[-76.05219,8.36452],[-76.05328,8.36407],[-76.05319,8.36506],[-76.05365,8.36488],[-76.05346,8.36434],[-76.05401,8.36425],[-76.05374,8.36714],[-76.05211,8.36688],[-76.05247,8.36579]]],[[[-76.04948,8.36788],[-76.04902,8.36815],[-76.04902,8.36679],[-76.04956,8.3667],[-76.04948,8.36788]]],[[[-76.05947,8.36894],[-76.05911,8.37011],[-76.05856,8.36984],[-76.05847,8.36858],[-76.05947,8.36894]]],[[[-76.05257,8.36868],[-76.0532,8.36841],[-76.0532,8.3695],[-76.05393,8.36949],[-76.05339,8.3704],[-76.05348,8.37167],[-76.05267,8.37185],[-76.05194,8.37113],[-76.05257,8.36868]]],[[[-76.05039,8.37149],[-76.05057,8.37086],[-76.05166,8.37031],[-76.05166,8.37113],[-76.05039,8.37149]]],[[[-76.05884,8.37237],[-76.05875,8.37319],[-76.05757,8.37283],[-76.05884,8.37237]]],[[[-76.05621,8.37301],[-76.05676,8.37365],[-76.05885,8.37373],[-76.05794,8.37428],[-76.0563,8.37401],[-76.05621,8.37301]]],[[[-76.05904,8.37871],[-76.05841,8.37907],[-76.05813,8.37807],[-76.05904,8.37871]]],[[[-76.05678,8.38314],[-76.05624,8.38305],[-76.05651,8.38179],[-76.05687,8.38206],[-76.05678,8.38314]]],[[[-76.06025,8.3901],[-76.0608,8.39001],[-76.06062,8.39046],[-76.06144,8.39082],[-76.06153,8.39136],[-76.06025,8.39064],[-76.06025,8.3901]]],[[[-76.04727,8.39284],[-76.04691,8.39484],[-76.04637,8.39475],[-76.04637,8.3933],[-76.04727,8.39284]]],[[[-76.04465,8.39819],[-76.04583,8.39719],[-76.04683,8.398],[-76.04683,8.39854],[-76.04538,8.399],[-76.04493,8.39837],[-76.04547,8.39791],[-76.04465,8.39819]]],[[[-76.04985,8.40577],[-76.04876,8.40595],[-76.04858,8.40478],[-76.04894,8.40433],[-76.04812,8.40406],[-76.04784,8.40234],[-76.04693,8.40135],[-76.04711,8.40071],[-76.04666,8.40053],[-76.04647,8.39954],[-76.04702,8.39854],[-76.05065,8.39844],[-76.05474,8.40006],[-76.05646,8.39997],[-76.05556,8.40078],[-76.05692,8.40177],[-76.05766,8.40376],[-76.0582,8.40394],[-76.05748,8.40521],[-76.05821,8.40575],[-76.0583,8.40674],[-76.05775,8.40674],[-76.05766,8.40566],[-76.05684,8.40548],[-76.05685,8.40657],[-76.05612,8.40648],[-76.05557,8.4053],[-76.05512,8.4054],[-76.05521,8.40594],[-76.05448,8.40567],[-76.05394,8.40675],[-76.0533,8.40649],[-76.05276,8.40712],[-76.05067,8.40703],[-76.04985,8.40577]],[[-76.05484,8.40431],[-76.05557,8.40449],[-76.0562,8.40367],[-76.05484,8.40431]]],[[[-76.04805,8.41102],[-76.04623,8.40967],[-76.04496,8.41003],[-76.04468,8.40922],[-76.04559,8.40868],[-76.04577,8.40904],[-76.04668,8.40894],[-76.04677,8.4084],[-76.04595,8.40813],[-76.04722,8.40804],[-76.04786,8.4084],[-76.04795,8.40903],[-76.04859,8.40885],[-76.04959,8.41056],[-76.0505,8.41083],[-76.05041,8.4112],[-76.0495,8.41075],[-76.04805,8.41102]]],[[[-76.05128,8.43028],[-76.05028,8.43037],[-76.05091,8.43001],[-76.05128,8.43028]]],[[[-76.04511,8.43292],[-76.04738,8.4311],[-76.04575,8.43309],[-76.04475,8.43319],[-76.04456,8.43228],[-76.04493,8.43219],[-76.04511,8.43292]]],[[[-76.0454,8.47325],[-76.04558,8.4728],[-76.04676,8.47406],[-76.04813,8.47406],[-76.04759,8.47505],[-76.04604,8.47433],[-76.0454,8.47325]]],[[[-76.05029,8.53609],[-76.05211,8.53491],[-76.05311,8.53482],[-76.05238,8.53618],[-76.05175,8.53627],[-76.05166,8.53573],[-76.05039,8.53745],[-76.04893,8.53709],[-76.0493,8.5379],[-76.04794,8.53791],[-76.04767,8.5389],[-76.04712,8.53918],[-76.04767,8.54053],[-76.04903,8.53872],[-76.05085,8.53835],[-76.05103,8.53871],[-76.0494,8.5398],[-76.04958,8.54107],[-76.05104,8.54124],[-76.05095,8.54197],[-76.05431,8.54295],[-76.05349,8.54341],[-76.05249,8.54287],[-76.05213,8.54341],[-76.05113,8.54323],[-76.0505,8.54369],[-76.04977,8.54297],[-76.04868,8.54279],[-76.04777,8.54342],[-76.04786,8.54252],[-76.04849,8.54216],[-76.04858,8.54107],[-76.04813,8.54098],[-76.04496,8.54416],[-76.04386,8.54334],[-76.04432,8.54244],[-76.04331,8.54172],[-76.04286,8.54299],[-76.04359,8.54307],[-76.04341,8.54362],[-76.04396,8.54398],[-76.04323,8.54461],[-76.04387,8.54642],[-76.04333,8.54651],[-76.04278,8.5457],[-76.04151,8.54597],[-76.04196,8.54453],[-76.04087,8.54525],[-76.04087,8.54335],[-76.0425,8.54335],[-76.04177,8.54254],[-76.04231,8.54163],[-76.0434,8.54127],[-76.04286,8.53991],[-76.04303,8.5391],[-76.04385,8.53864],[-76.04403,8.53747],[-76.04357,8.53683],[-76.04484,8.53611],[-76.04393,8.53575],[-76.04357,8.5362],[-76.04321,8.53566],[-76.04185,8.53693],[-76.04158,8.53801],[-76.04076,8.53775],[-76.04094,8.53612],[-76.04248,8.53494],[-76.04248,8.53449],[-76.04175,8.53422],[-76.04093,8.53467],[-76.04256,8.5324],[-76.04201,8.53114],[-76.04819,8.53149],[-76.04765,8.53293],[-76.04811,8.53375],[-76.04911,8.53293],[-76.04856,8.53248],[-76.04919,8.53166],[-76.05074,8.53139],[-76.05183,8.53175],[-76.05029,8.53347],[-76.05029,8.53446],[-76.04847,8.5342],[-76.04793,8.53456],[-76.04811,8.53546],[-76.04948,8.53537],[-76.05029,8.53609]],[[-76.04684,8.5361],[-76.04639,8.53538],[-76.04548,8.53574],[-76.04485,8.53665],[-76.0443,8.53665],[-76.0443,8.53737],[-76.04557,8.53665],[-76.04675,8.53673],[-76.04557,8.53737],[-76.04576,8.53782],[-76.04639,8.53746],[-76.04739,8.538],[-76.04748,8.53646],[-76.0482,8.53601],[-76.04793,8.53547],[-76.04684,8.5361]],[[-76.04485,8.53972],[-76.0454,8.53972],[-76.04549,8.53873],[-76.04494,8.539],[-76.04485,8.53972]]],[[[-76.05721,8.5406],[-76.05549,8.54069],[-76.05558,8.54006],[-76.05721,8.5406]]],[[[-76.04569,8.54723],[-76.04505,8.54614],[-76.04541,8.54542],[-76.04678,8.54542],[-76.0465,8.54469],[-76.04723,8.54424],[-76.04741,8.54469],[-76.0495,8.54532],[-76.04977,8.54496],[-76.05086,8.54522],[-76.05096,8.54613],[-76.05305,8.54703],[-76.05305,8.54739],[-76.05123,8.54758],[-76.05196,8.54703],[-76.04569,8.54723]]],[[[-76.05624,8.55235],[-76.05734,8.55253],[-76.05734,8.55298],[-76.0557,8.55308],[-76.05552,8.55163],[-76.05624,8.55235]]],[[[-76.05335,8.55553],[-76.05334,8.55499],[-76.05425,8.55507],[-76.05534,8.55389],[-76.05525,8.5557],[-76.0558,8.5567],[-76.0548,8.55634],[-76.0548,8.55561],[-76.05335,8.55553]]],[[[-76.05472,8.56068],[-76.05644,8.55633],[-76.05625,8.55561],[-76.05898,8.5556],[-76.05917,8.55723],[-76.06062,8.55732],[-76.0608,8.55686],[-76.05998,8.55678],[-76.0597,8.55488],[-76.06107,8.55524],[-76.0618,8.55632],[-76.06135,8.55713],[-76.06289,8.55686],[-76.06298,8.55812],[-76.06535,8.55875],[-76.06472,8.56047],[-76.0659,8.5611],[-76.06617,8.56182],[-76.06663,8.56137],[-76.06708,8.56191],[-76.06735,8.56137],[-76.06817,8.56173],[-76.06663,8.56227],[-76.06709,8.563],[-76.06627,8.56327],[-76.06682,8.56444],[-76.06637,8.56499],[-76.06591,8.5649],[-76.06618,8.56399],[-76.06546,8.56472],[-76.06427,8.56463],[-76.06491,8.56391],[-76.06445,8.56355],[-76.06364,8.56382],[-76.06291,8.56301],[-76.06264,8.564],[-76.06146,8.56383],[-76.06082,8.56437],[-76.05809,8.56374],[-76.05701,8.56465],[-76.05701,8.56592],[-76.05601,8.56619],[-76.05519,8.56411],[-76.05472,8.56068]],[[-76.06254,8.56238],[-76.06318,8.56265],[-76.06345,8.56138],[-76.0629,8.56138],[-76.06254,8.56238]],[[-76.05609,8.56031],[-76.0579,8.56058],[-76.05799,8.55986],[-76.05617,8.55968],[-76.05609,8.56031]]],[[[-76.05192,8.5643],[-76.05273,8.56385],[-76.05237,8.5634],[-76.05255,8.56195],[-76.05209,8.56195],[-76.05163,8.56096],[-76.05082,8.56051],[-76.04973,8.56124],[-76.04964,8.56087],[-76.05036,8.5606],[-76.04927,8.56015],[-76.04909,8.56115],[-76.04964,8.56205],[-76.04882,8.56241],[-76.04782,8.56187],[-76.04873,8.56088],[-76.04845,8.56015],[-76.04863,8.55943],[-76.04909,8.55934],[-76.0489,8.55871],[-76.04999,8.55879],[-76.04981,8.55807],[-76.05053,8.55743],[-76.05217,8.55707],[-76.05281,8.55743],[-76.05153,8.55752],[-76.05126,8.55816],[-76.05208,8.5587],[-76.05208,8.55806],[-76.05263,8.55824],[-76.05299,8.5577],[-76.05317,8.55806],[-76.05372,8.56041],[-76.05254,8.56041],[-76.05236,8.56105],[-76.05309,8.56132],[-76.05363,8.56086],[-76.05445,8.56158],[-76.05446,8.56493],[-76.05501,8.56592],[-76.05483,8.56629],[-76.0521,8.56638],[-76.05119,8.56612],[-76.05119,8.56548],[-76.05156,8.56548],[-76.05192,8.5643]],[[-76.05054,8.55942],[-76.05163,8.55924],[-76.05126,8.55861],[-76.05054,8.55942]]],[[[-76.04828,8.56495],[-76.04965,8.56612],[-76.04965,8.56693],[-76.04883,8.56657],[-76.04774,8.56685],[-76.04756,8.56622],[-76.04828,8.56495]]],[[[-76.06119,8.56609],[-76.06192,8.56572],[-76.06228,8.56672],[-76.06147,8.56744],[-76.06092,8.56717],[-76.06156,8.56717],[-76.06119,8.56609]]],[[[-76.06474,8.56743],[-76.06392,8.56726],[-76.06392,8.56644],[-76.06328,8.56644],[-76.06355,8.565],[-76.06528,8.56526],[-76.06511,8.57006],[-76.06474,8.56988],[-76.06511,8.56933],[-76.06465,8.56915],[-76.06474,8.56743]]],[[[-76.06792,8.56833],[-76.06819,8.56779],[-76.06919,8.56796],[-76.06792,8.56833]]],[[[-76.06674,8.56761],[-76.06683,8.5686],[-76.06737,8.56869],[-76.06692,8.56924],[-76.06592,8.56906],[-76.06592,8.56843],[-76.06637,8.56833],[-76.0661,8.56752],[-76.06674,8.56761]]],[[[-76.06011,8.5688],[-76.06038,8.56989],[-76.05974,8.56953],[-76.05911,8.56881],[-76.06011,8.5688]]],[[[-76.05438,8.56873],[-76.05247,8.56711],[-76.05474,8.56674],[-76.05529,8.56719],[-76.05547,8.56818],[-76.05456,8.56873],[-76.05574,8.56863],[-76.05539,8.5718],[-76.05457,8.57198],[-76.05403,8.57153],[-76.05438,8.56873]]],[[[-76.04521,8.57038],[-76.04539,8.56893],[-76.04675,8.56866],[-76.04693,8.56775],[-76.04811,8.56802],[-76.04811,8.56748],[-76.04947,8.56748],[-76.04966,8.56928],[-76.0493,8.56974],[-76.04884,8.56974],[-76.04875,8.56893],[-76.04802,8.56884],[-76.04693,8.56983],[-76.04694,8.57038],[-76.04557,8.57047],[-76.04539,8.57147],[-76.04421,8.57138],[-76.04403,8.57084],[-76.04521,8.57038]]],[[[-76.05666,8.57071],[-76.05619,8.56682],[-76.05719,8.56664],[-76.05792,8.56745],[-76.05793,8.56863],[-76.05884,8.57071],[-76.0573,8.57116],[-76.05785,8.57252],[-76.05694,8.57198],[-76.05621,8.57225],[-76.05666,8.57071]],[[-76.05766,8.5699],[-76.05793,8.56944],[-76.05729,8.56908],[-76.05766,8.5699]]],[[[-76.06692,8.57005],[-76.06702,8.57077],[-76.06629,8.57069],[-76.06629,8.57023],[-76.06565,8.57042],[-76.06583,8.57005],[-76.06692,8.57005]]],[[[-76.06293,8.57278],[-76.0623,8.57187],[-76.06102,8.57124],[-76.06138,8.57052],[-76.06084,8.56998],[-76.06111,8.56907],[-76.06292,8.56889],[-76.06338,8.56961],[-76.06374,8.56934],[-76.06411,8.57024],[-76.0632,8.57024],[-76.06329,8.57097],[-76.06429,8.57096],[-76.0652,8.57015],[-76.06511,8.57196],[-76.06393,8.57205],[-76.06357,8.57241],[-76.06384,8.57313],[-76.06312,8.57341],[-76.06175,8.57314],[-76.06293,8.57278]]],[[[-76.05957,8.57043],[-76.05984,8.57125],[-76.06111,8.57197],[-76.05939,8.57188],[-76.05911,8.57116],[-76.05957,8.57043]]],[[[-76.05021,8.57154],[-76.0503,8.5701],[-76.05138,8.56919],[-76.05193,8.56982],[-76.05148,8.57046],[-76.05248,8.57081],[-76.05385,8.57398],[-76.05285,8.57398],[-76.05285,8.57208],[-76.05257,8.57145],[-76.05021,8.57154]]],[[[-76.0553,8.57243],[-76.05657,8.57261],[-76.05703,8.57324],[-76.05594,8.57388],[-76.05503,8.5728],[-76.0553,8.57243]]],[[[-76.06267,8.57676],[-76.06222,8.57603],[-76.06467,8.57612],[-76.06413,8.57784],[-76.06313,8.57748],[-76.06349,8.57639],[-76.06267,8.57676]]],[[[-76.06213,8.57649],[-76.06213,8.57721],[-76.06122,8.57748],[-76.06095,8.57712],[-76.06213,8.57649]]],[[[-76.04587,8.58033],[-76.04605,8.57988],[-76.04895,8.57634],[-76.04904,8.57679],[-76.04986,8.57652],[-76.05113,8.57688],[-76.05031,8.57588],[-76.05231,8.57552],[-76.05295,8.57678],[-76.05241,8.57724],[-76.05159,8.57706],[-76.05032,8.57986],[-76.05142,8.58031],[-76.05051,8.58059],[-76.04923,8.58023],[-76.04915,8.58104],[-76.04815,8.58186],[-76.04587,8.58033]]],[[[-76.06068,8.57794],[-76.06277,8.57811],[-76.06268,8.57893],[-76.06213,8.5782],[-76.06177,8.57902],[-76.06077,8.57857],[-76.06168,8.57956],[-76.06086,8.58011],[-76.05996,8.58002],[-76.06068,8.57794]]],[[[-76.05777,8.57785],[-76.05831,8.57776],[-76.05905,8.5793],[-76.05841,8.5802],[-76.05696,8.5803],[-76.05705,8.57957],[-76.05777,8.5793],[-76.05777,8.57785]]],[[[-76.05323,8.5785],[-76.05323,8.57995],[-76.05141,8.57959],[-76.05323,8.5785]]],[[[-76.05734,8.58771],[-76.05752,8.58708],[-76.05688,8.58563],[-76.05861,8.58536],[-76.05888,8.5859],[-76.06006,8.58599],[-76.05915,8.58427],[-76.05761,8.585],[-76.05615,8.58491],[-76.05606,8.58573],[-76.05543,8.58573],[-76.05579,8.58636],[-76.05507,8.58736],[-76.05516,8.58871],[-76.05435,8.58826],[-76.05407,8.58736],[-76.05452,8.58736],[-76.05443,8.58682],[-76.05352,8.58682],[-76.05425,8.58609],[-76.05234,8.58637],[-76.05234,8.58583],[-76.05089,8.58583],[-76.05161,8.58565],[-76.0517,8.58511],[-76.05125,8.58484],[-76.05252,8.58519],[-76.05242,8.58384],[-76.05387,8.58094],[-76.05423,8.58103],[-76.05442,8.5832],[-76.05506,8.58347],[-76.05552,8.58446],[-76.05679,8.58428],[-76.05733,8.58292],[-76.05787,8.58274],[-76.05751,8.58201],[-76.05642,8.58274],[-76.05596,8.58247],[-76.05587,8.58211],[-76.05696,8.58193],[-76.05714,8.58138],[-76.05787,8.58238],[-76.05869,8.58264],[-76.05851,8.58364],[-76.05888,8.584],[-76.05924,8.58282],[-76.06014,8.58255],[-76.06124,8.58408],[-76.06115,8.58526],[-76.06179,8.58508],[-76.06179,8.58598],[-76.0607,8.58644],[-76.05906,8.58635],[-76.05953,8.58888],[-76.05844,8.58898],[-76.05734,8.58771]]],[[[-76.05189,8.58755],[-76.05216,8.58818],[-76.05135,8.58827],[-76.05071,8.58755],[-76.05189,8.58755]]],[[[-76.0648,8.59077],[-76.0638,8.59077],[-76.06416,8.59014],[-76.06471,8.59023],[-76.0648,8.59077]]],[[[-76.06254,8.5943],[-76.06244,8.59267],[-76.06317,8.59285],[-76.06353,8.59213],[-76.06444,8.59194],[-76.06517,8.59239],[-76.06526,8.59303],[-76.06581,8.59303],[-76.06608,8.59239],[-76.06544,8.59221],[-76.06517,8.59131],[-76.06616,8.59004],[-76.06662,8.59013],[-76.06717,8.59194],[-76.0659,8.59411],[-76.06599,8.59501],[-76.06645,8.5951],[-76.06627,8.59565],[-76.06327,8.59566],[-76.06254,8.5943]],[[-76.06354,8.5933],[-76.06499,8.59493],[-76.06499,8.59457],[-76.06354,8.5933]]],[[[-76.05103,8.6069],[-76.04958,8.60528],[-76.04785,8.60537],[-76.04694,8.60411],[-76.04639,8.60502],[-76.04494,8.60511],[-76.04558,8.60448],[-76.04503,8.60357],[-76.04458,8.60439],[-76.04376,8.60421],[-76.04303,8.60512],[-76.04249,8.60503],[-76.04276,8.60439],[-76.0423,8.60412],[-76.04167,8.60512],[-76.03931,8.60531],[-76.03921,8.60386],[-76.03831,8.60522],[-76.03676,8.60468],[-76.03738,8.59862],[-76.03829,8.59844],[-76.03856,8.59735],[-76.03929,8.59726],[-76.03937,8.59644],[-76.04001,8.59626],[-76.03964,8.59554],[-76.04001,8.59463],[-76.03846,8.5941],[-76.03864,8.59292],[-76.03818,8.59301],[-76.03801,8.59419],[-76.03728,8.59392],[-76.03755,8.59292],[-76.03836,8.59274],[-76.03754,8.59175],[-76.03763,8.58921],[-76.03863,8.5893],[-76.03762,8.58768],[-76.03825,8.5837],[-76.03979,8.58315],[-76.0407,8.5836],[-76.04161,8.58296],[-76.04216,8.58323],[-76.04415,8.58268],[-76.04542,8.58087],[-76.04651,8.5815],[-76.04624,8.58232],[-76.04797,8.58322],[-76.04942,8.58258],[-76.05088,8.58339],[-76.05006,8.58439],[-76.05052,8.58502],[-76.04961,8.58475],[-76.05062,8.58683],[-76.05016,8.58728],[-76.05035,8.58837],[-76.04962,8.58864],[-76.04971,8.58945],[-76.05071,8.58882],[-76.05644,8.58916],[-76.05762,8.58943],[-76.05835,8.59069],[-76.05935,8.58988],[-76.06117,8.59042],[-76.06099,8.59105],[-76.06035,8.59078],[-76.06026,8.5915],[-76.06099,8.59168],[-76.06126,8.59277],[-76.06208,8.59313],[-76.06191,8.59711],[-76.06318,8.59611],[-76.06418,8.59656],[-76.06582,8.59619],[-76.06455,8.59764],[-76.06437,8.59891],[-76.06764,8.59899],[-76.0661,8.60017],[-76.0661,8.60089],[-76.06646,8.60026],[-76.06765,8.60044],[-76.06773,8.59953],[-76.06873,8.59944],[-76.07074,8.60133],[-76.06946,8.59935],[-76.07073,8.59943],[-76.071,8.59862],[-76.07191,8.59907],[-76.07191,8.59807],[-76.07273,8.59843],[-76.07282,8.59744],[-76.07336,8.59762],[-76.07309,8.5987],[-76.07382,8.59852],[-76.07363,8.59771],[-76.07436,8.59662],[-76.07363,8.59608],[-76.07427,8.59572],[-76.07354,8.59508],[-76.07381,8.59436],[-76.07472,8.59418],[-76.07463,8.5949],[-76.07554,8.59517],[-76.07481,8.59571],[-76.07463,8.59662],[-76.075,8.59671],[-76.07617,8.59562],[-76.07608,8.59508],[-76.07681,8.59417],[-76.0769,8.59471],[-76.07762,8.59462],[-76.07807,8.59326],[-76.07889,8.59344],[-76.07989,8.59244],[-76.08089,8.59325],[-76.08098,8.59371],[-76.07999,8.59416],[-76.0809,8.59488],[-76.08063,8.59687],[-76.08027,8.59705],[-76.08017,8.59651],[-76.07963,8.59642],[-76.07945,8.59688],[-76.07999,8.59742],[-76.07918,8.59733],[-76.07872,8.59787],[-76.07809,8.59751],[-76.07791,8.59833],[-76.077,8.59797],[-76.077,8.59734],[-76.07654,8.59743],[-76.07664,8.59833],[-76.07618,8.5986],[-76.07527,8.59779],[-76.07491,8.60005],[-76.07364,8.60105],[-76.07364,8.59906],[-76.07328,8.59906],[-76.07256,8.6016],[-76.07101,8.60169],[-76.07119,8.60242],[-76.07029,8.60287],[-76.07056,8.60341],[-76.0702,8.60405],[-76.06911,8.60423],[-76.06829,8.60378],[-76.06702,8.60505],[-76.06702,8.60433],[-76.06593,8.6037],[-76.06575,8.60415],[-76.06629,8.60442],[-76.06566,8.60533],[-76.06348,8.60488],[-76.06357,8.60642],[-76.06239,8.60642],[-76.06321,8.60578],[-76.06248,8.60533],[-76.0613,8.60588],[-76.06112,8.60688],[-76.06058,8.6067],[-76.06039,8.6057],[-76.05994,8.6057],[-76.05912,8.60733],[-76.05785,8.6067],[-76.05785,8.60625],[-76.05694,8.60634],[-76.05766,8.60517],[-76.05603,8.6049],[-76.05639,8.60418],[-76.05566,8.60445],[-76.0553,8.60409],[-76.05503,8.60644],[-76.05694,8.60643],[-76.05703,8.60707],[-76.05604,8.60834],[-76.05486,8.60843],[-76.05431,8.60771],[-76.05349,8.60789],[-76.05103,8.6069]],[[-76.05821,8.60607],[-76.05903,8.6067],[-76.05875,8.60543],[-76.05957,8.60516],[-76.05757,8.60381],[-76.0573,8.60463],[-76.0583,8.60553],[-76.05821,8.60607]],[[-76.06111,8.6029],[-76.06056,8.60236],[-76.05975,8.60326],[-76.05975,8.60399],[-76.06048,8.60425],[-76.06102,8.6038],[-76.06111,8.6029]],[[-76.05684,8.60237],[-76.05802,8.6029],[-76.05784,8.60191],[-76.05684,8.60237]],[[-76.04693,8.60095],[-76.04647,8.60095],[-76.04484,8.60276],[-76.04548,8.60294],[-76.04684,8.60221],[-76.04693,8.60095]],[[-76.04384,8.60005],[-76.04383,8.59797],[-76.04338,8.59779],[-76.04365,8.59661],[-76.04537,8.59679],[-76.04564,8.59634],[-76.0451,8.5958],[-76.04555,8.59516],[-76.04655,8.59525],[-76.0461,8.59606],[-76.04674,8.59679],[-76.04719,8.59669],[-76.04737,8.59552],[-76.04937,8.59542],[-76.04883,8.5966],[-76.04755,8.59696],[-76.04792,8.59742],[-76.04747,8.59904],[-76.04774,8.59977],[-76.04846,8.59778],[-76.04892,8.59777],[-76.04874,8.59714],[-76.04964,8.59669],[-76.04946,8.59732],[-76.05001,8.59732],[-76.0501,8.59669],[-76.04964,8.59651],[-76.05046,8.59659],[-76.05009,8.59524],[-76.04864,8.59479],[-76.04855,8.59434],[-76.04881,8.5928],[-76.04981,8.59108],[-76.0509,8.59062],[-76.04881,8.59054],[-76.04872,8.59108],[-76.04826,8.59108],[-76.04836,8.59163],[-76.0489,8.59172],[-76.04854,8.59262],[-76.048,8.5928],[-76.04836,8.59362],[-76.04764,8.59398],[-76.048,8.59479],[-76.04737,8.59452],[-76.04782,8.59298],[-76.04754,8.59253],[-76.04682,8.59281],[-76.04646,8.5948],[-76.044,8.59444],[-76.04264,8.59472],[-76.04401,8.59571],[-76.04237,8.59662],[-76.04138,8.59789],[-76.0422,8.59843],[-76.04283,8.59743],[-76.0432,8.59833],[-76.04293,8.59951],[-76.04366,8.6015],[-76.04484,8.60131],[-76.04466,8.6005],[-76.04384,8.60005]],[[-76.04174,8.59589],[-76.04074,8.5959],[-76.04083,8.5968],[-76.04146,8.59662],[-76.04174,8.59589]],[[-76.04108,8.58911],[-76.0409,8.58857],[-76.0399,8.58957],[-76.03981,8.59038],[-76.03891,8.59102],[-76.03882,8.59147],[-76.03936,8.59129],[-76.03927,8.59183],[-76.03854,8.59183],[-76.03845,8.59229],[-76.03891,8.5921],[-76.03927,8.59274],[-76.04108,8.58911]],[[-76.05826,8.59205],[-76.05672,8.59233],[-76.05618,8.59287],[-76.05654,8.59341],[-76.05609,8.59531],[-76.055,8.59577],[-76.055,8.59504],[-76.054,8.59505],[-76.05482,8.59559],[-76.05382,8.59613],[-76.05382,8.59713],[-76.05483,8.59794],[-76.05474,8.59912],[-76.05619,8.59911],[-76.05556,8.59938],[-76.05583,8.60002],[-76.05774,8.59884],[-76.05919,8.60046],[-76.05765,8.60064],[-76.05765,8.6011],[-76.05811,8.6011],[-76.05784,8.60173],[-76.05911,8.60118],[-76.05911,8.60227],[-76.05965,8.602],[-76.05929,8.60109],[-76.05965,8.60082],[-76.05956,8.59964],[-76.06028,8.59964],[-76.06083,8.60046],[-76.0611,8.59946],[-76.06064,8.5991],[-76.06155,8.59901],[-76.06165,8.60136],[-76.0602,8.60082],[-76.0602,8.60163],[-76.06138,8.60199],[-76.06175,8.60271],[-76.0622,8.60226],[-76.06174,8.60054],[-76.06218,8.5972],[-76.06137,8.59738],[-76.06046,8.59693],[-76.0591,8.59829],[-76.05901,8.59793],[-76.06027,8.59584],[-76.06154,8.59575],[-76.06172,8.59476],[-76.06081,8.59367],[-76.05999,8.59377],[-76.05981,8.59313],[-76.05881,8.59323],[-76.05908,8.59096],[-76.05662,8.59097],[-76.05672,8.59142],[-76.05826,8.59205]],[[-76.06483,8.60271],[-76.06456,8.60361],[-76.06547,8.60352],[-76.06483,8.60271]],[[-76.06157,8.60543],[-76.06184,8.6028],[-76.06147,8.60299],[-76.0612,8.60416],[-76.06157,8.60543]],[[-76.06075,8.60543],[-76.06075,8.60498],[-76.06012,8.60471],[-76.0603,8.60543],[-76.06075,8.60543]],[[-76.05584,8.60228],[-76.05738,8.60173],[-76.05738,8.60128],[-76.05584,8.60146],[-76.05584,8.60228]],[[-76.05092,8.59768],[-76.05137,8.59732],[-76.05101,8.59686],[-76.05037,8.59723],[-76.05092,8.59768]],[[-76.05227,8.59379],[-76.0519,8.59288],[-76.0509,8.59252],[-76.05173,8.59379],[-76.05127,8.5946],[-76.05209,8.59532],[-76.05355,8.59514],[-76.05318,8.5936],[-76.05227,8.59379]]],[[[-76.058,8.59612],[-76.058,8.59558],[-76.05864,8.59639],[-76.05946,8.59612],[-76.05819,8.59775],[-76.05737,8.59748],[-76.05728,8.59667],[-76.058,8.59612]]],[[[-76.04931,8.60673],[-76.04867,8.60736],[-76.04776,8.60745],[-76.04758,8.60646],[-76.04831,8.60592],[-76.04931,8.60673]]],[[[-76.05877,8.61158],[-76.05777,8.61123],[-76.05795,8.61077],[-76.05868,8.61104],[-76.05877,8.61158]]],[[[-76.06149,8.61004],[-76.06195,8.60986],[-76.06222,8.61067],[-76.06295,8.61013],[-76.06358,8.61049],[-76.0635,8.61184],[-76.06232,8.61293],[-76.06141,8.61293],[-76.06086,8.61194],[-76.06149,8.61004]]],[[[-76.04389,8.6185],[-76.04143,8.61841],[-76.04125,8.61615],[-76.04161,8.61507],[-76.04224,8.61552],[-76.0427,8.61497],[-76.04342,8.61371],[-76.04333,8.61298],[-76.04432,8.61162],[-76.04532,8.61117],[-76.04632,8.61153],[-76.04732,8.61098],[-76.04814,8.61225],[-76.04823,8.61071],[-76.04895,8.61044],[-76.04914,8.61089],[-76.0485,8.61161],[-76.04923,8.61206],[-76.04851,8.61261],[-76.04951,8.61342],[-76.05041,8.61179],[-76.05014,8.61098],[-76.05114,8.61188],[-76.05305,8.61169],[-76.0535,8.61259],[-76.05441,8.61277],[-76.05423,8.61386],[-76.0536,8.61386],[-76.05342,8.6144],[-76.05396,8.61449],[-76.05442,8.6154],[-76.05487,8.61268],[-76.05423,8.61214],[-76.05422,8.61024],[-76.05259,8.60988],[-76.0525,8.61043],[-76.05332,8.61088],[-76.05268,8.61079],[-76.05205,8.61142],[-76.0505,8.60989],[-76.04968,8.61089],[-76.04913,8.60998],[-76.04795,8.61053],[-76.04741,8.60999],[-76.04504,8.60963],[-76.04469,8.61135],[-76.04387,8.61108],[-76.0436,8.6119],[-76.04233,8.61281],[-76.04251,8.61344],[-76.04178,8.61263],[-76.04251,8.61163],[-76.04232,8.61127],[-76.04142,8.61181],[-76.04105,8.61281],[-76.04006,8.61299],[-76.04033,8.61353],[-76.04115,8.61335],[-76.04106,8.6148],[-76.04079,8.61417],[-76.03924,8.61399],[-76.03924,8.6148],[-76.04006,8.61471],[-76.04088,8.61588],[-76.0408,8.61815],[-76.03662,8.61825],[-76.03598,8.6178],[-76.03624,8.61445],[-76.0367,8.61418],[-76.03633,8.61345],[-76.03815,8.61318],[-76.03651,8.61273],[-76.03642,8.61219],[-76.03824,8.61209],[-76.03823,8.6111],[-76.03796,8.61173],[-76.03669,8.61174],[-76.03642,8.6111],[-76.03705,8.61074],[-76.03659,8.60866],[-76.03722,8.60595],[-76.03876,8.60576],[-76.0394,8.60621],[-76.04049,8.60576],[-76.04131,8.60612],[-76.04177,8.60702],[-76.0424,8.60702],[-76.04194,8.60593],[-76.04276,8.60638],[-76.04285,8.60584],[-76.04403,8.60584],[-76.04458,8.60511],[-76.0444,8.60629],[-76.04322,8.60656],[-76.04268,8.6072],[-76.04295,8.60855],[-76.04422,8.60891],[-76.0444,8.60837],[-76.04368,8.60738],[-76.04458,8.60638],[-76.04603,8.60583],[-76.04713,8.60972],[-76.04732,8.60936],[-76.04841,8.60953],[-76.04868,8.60845],[-76.04831,8.608],[-76.04977,8.60881],[-76.05013,8.60826],[-76.04949,8.60772],[-76.04958,8.60709],[-76.05231,8.60817],[-76.05231,8.60889],[-76.05313,8.60925],[-76.05313,8.60979],[-76.0544,8.60897],[-76.05767,8.60924],[-76.05768,8.6096],[-76.05449,8.60934],[-76.05495,8.61051],[-76.05541,8.6106],[-76.05495,8.61069],[-76.05486,8.61151],[-76.05586,8.61132],[-76.05577,8.61024],[-76.05668,8.61005],[-76.05631,8.61051],[-76.05659,8.61141],[-76.05568,8.61177],[-76.05532,8.61322],[-76.05596,8.61304],[-76.05632,8.61195],[-76.05677,8.61204],[-76.05696,8.61295],[-76.05641,8.61304],[-76.05669,8.61385],[-76.05497,8.61576],[-76.05224,8.61558],[-76.05233,8.61603],[-76.05415,8.61621],[-76.05415,8.61693],[-76.05215,8.61775],[-76.05143,8.61857],[-76.05061,8.61803],[-76.04961,8.61821],[-76.04952,8.61722],[-76.05088,8.61703],[-76.05079,8.61631],[-76.0516,8.61604],[-76.05169,8.61531],[-76.05097,8.61531],[-76.0496,8.61387],[-76.04896,8.61405],[-76.04978,8.61514],[-76.04951,8.61541],[-76.04933,8.61505],[-76.04833,8.61523],[-76.04842,8.6146],[-76.04769,8.61478],[-76.04742,8.61333],[-76.04669,8.61424],[-76.04569,8.61343],[-76.04442,8.61334],[-76.04333,8.61416],[-76.04406,8.61506],[-76.04288,8.61506],[-76.04288,8.61579],[-76.04406,8.61615],[-76.04442,8.61533],[-76.04515,8.61614],[-76.04497,8.61506],[-76.04579,8.6147],[-76.04633,8.61542],[-76.04761,8.61559],[-76.04752,8.61614],[-76.04806,8.6155],[-76.04842,8.61586],[-76.04951,8.61559],[-76.0507,8.61649],[-76.04606,8.6165],[-76.04634,8.61723],[-76.04597,8.6175],[-76.04443,8.61678],[-76.04507,8.61822],[-76.04625,8.61831],[-76.04652,8.61876],[-76.04416,8.61868],[-76.04416,8.61796],[-76.04389,8.6185]],[[-76.05305,8.61468],[-76.05332,8.61296],[-76.05232,8.61341],[-76.0526,8.61477],[-76.05305,8.61468]],[[-76.05077,8.60962],[-76.05095,8.61007],[-76.05222,8.60961],[-76.05159,8.60916],[-76.05077,8.60962]],[[-76.03895,8.60766],[-76.03841,8.60784],[-76.03823,8.61001],[-76.03859,8.60938],[-76.03977,8.60901],[-76.03895,8.60766]],[[-76.04086,8.60765],[-76.04086,8.60811],[-76.04177,8.60783],[-76.04177,8.6072],[-76.04086,8.60765]],[[-76.03879,8.61625],[-76.03906,8.61553],[-76.03925,8.61661],[-76.03988,8.61679],[-76.03979,8.6158],[-76.03824,8.61472],[-76.03788,8.61625],[-76.03879,8.61625]]],[[[-76.04475,8.63369],[-76.04483,8.6326],[-76.04584,8.63278],[-76.04602,8.63414],[-76.04711,8.63486],[-76.04648,8.63522],[-76.04475,8.63369]]],[[[-76.04949,8.63892],[-76.05021,8.63865],[-76.05021,8.63901],[-76.04804,8.63983],[-76.04767,8.63929],[-76.04812,8.63811],[-76.04949,8.63892]]],[[[-76.05099,8.65565],[-76.05253,8.65537],[-76.05326,8.65456],[-76.05344,8.65528],[-76.05389,8.65528],[-76.0549,8.65663],[-76.05372,8.65826],[-76.05364,8.66007],[-76.052,8.65981],[-76.05099,8.65565]]],[[[-76.04699,8.65729],[-76.04772,8.65747],[-76.04826,8.65665],[-76.04972,8.65647],[-76.05008,8.65592],[-76.04971,8.65538],[-76.05044,8.65547],[-76.051,8.65872],[-76.04991,8.659],[-76.04918,8.65855],[-76.04927,8.65945],[-76.048,8.65946],[-76.04791,8.65864],[-76.04672,8.65837],[-76.04699,8.65729]]],[[[-76.05264,8.66062],[-76.05382,8.66071],[-76.05482,8.66188],[-76.05264,8.66062]]],[[[-76.04273,8.66137],[-76.04364,8.66128],[-76.04355,8.66082],[-76.04446,8.66155],[-76.04537,8.66055],[-76.04573,8.66136],[-76.04655,8.66154],[-76.04818,8.66009],[-76.04873,8.66009],[-76.04964,8.66216],[-76.04855,8.66172],[-76.0481,8.66244],[-76.04691,8.66163],[-76.04619,8.66199],[-76.04537,8.66154],[-76.04365,8.66272],[-76.04237,8.662],[-76.04273,8.66137]]],[[[-76.05619,8.66377],[-76.05792,8.66386],[-76.0581,8.6644],[-76.05783,8.66513],[-76.05738,8.66513],[-76.05592,8.66423],[-76.05619,8.66377]]],[[[-76.05613,8.67517],[-76.05541,8.67571],[-76.05549,8.67454],[-76.05586,8.67445],[-76.05613,8.67517]]],[[[-76.04514,8.67565],[-76.04577,8.67592],[-76.04605,8.67692],[-76.04505,8.6761],[-76.04514,8.67565]]],[[[-76.05878,8.67977],[-76.0586,8.68023],[-76.05796,8.67942],[-76.05796,8.67905],[-76.05878,8.67977]]],[[[-76.0464,8.7045],[-76.04558,8.70513],[-76.04503,8.70441],[-76.04422,8.70441],[-76.04521,8.70378],[-76.0464,8.7045]]],[[[-76.05294,8.70502],[-76.05367,8.70511],[-76.05285,8.70529],[-76.05185,8.70475],[-76.0524,8.70457],[-76.05294,8.70502]]],[[[-76.03809,8.21769],[-76.03864,8.21805],[-76.03846,8.2194],[-76.03792,8.21932],[-76.03801,8.21868],[-76.03737,8.21868],[-76.03809,8.21769]]],[[[-76.0322,8.21942],[-76.03165,8.2196],[-76.03165,8.21915],[-76.0322,8.21843],[-76.03301,8.21833],[-76.03347,8.21978],[-76.03429,8.2196],[-76.03447,8.22014],[-76.03402,8.22141],[-76.03275,8.22159],[-76.0322,8.21942]]],[[[-76.03102,8.22205],[-76.03211,8.22195],[-76.03257,8.22259],[-76.03339,8.22231],[-76.03176,8.22394],[-76.03094,8.22322],[-76.03102,8.22205]]],[[[-76.03957,8.22573],[-76.03966,8.22474],[-76.03702,8.22465],[-76.03811,8.22574],[-76.03694,8.2271],[-76.03739,8.22764],[-76.03622,8.22836],[-76.03549,8.22782],[-76.03558,8.22701],[-76.03431,8.22765],[-76.03421,8.22674],[-76.03485,8.22665],[-76.03539,8.22547],[-76.03521,8.22502],[-76.03421,8.22502],[-76.03384,8.2243],[-76.03457,8.2233],[-76.03429,8.22195],[-76.03465,8.22113],[-76.03547,8.22176],[-76.03584,8.22366],[-76.0362,8.22348],[-76.03602,8.22194],[-76.03729,8.22266],[-76.03747,8.22366],[-76.03802,8.22393],[-76.03902,8.22347],[-76.04038,8.22383],[-76.04237,8.22292],[-76.04374,8.2231],[-76.0432,8.22608],[-76.04121,8.22853],[-76.04093,8.22681],[-76.03957,8.22573]]],[[[-76.03976,8.22863],[-76.04039,8.2279],[-76.04048,8.22853],[-76.03939,8.22917],[-76.03867,8.22845],[-76.03976,8.22863]]],[[[-76.03894,8.22917],[-76.03921,8.22953],[-76.03704,8.22954],[-76.03676,8.22845],[-76.03803,8.22845],[-76.03894,8.22917]]],[[[-76.04275,8.22943],[-76.04357,8.22952],[-76.04203,8.22844],[-76.04266,8.2278],[-76.0432,8.22789],[-76.04311,8.22844],[-76.04375,8.22889],[-76.04457,8.22879],[-76.0453,8.22943],[-76.04512,8.23033],[-76.04439,8.23078],[-76.04312,8.23088],[-76.04248,8.23016],[-76.04275,8.22943]]],[[[-76.03226,8.24375],[-76.0309,8.24402],[-76.03135,8.24303],[-76.03208,8.24339],[-76.03253,8.24284],[-76.03226,8.24375]]],[[[-76.02165,8.24622],[-76.0221,8.24667],[-76.02138,8.24785],[-76.02056,8.24685],[-76.02165,8.24622]]],[[[-76.0234,8.25978],[-76.02241,8.25933],[-76.02304,8.25888],[-76.02322,8.25788],[-76.02258,8.25625],[-76.02321,8.25535],[-76.02303,8.25381],[-76.0243,8.25417],[-76.02475,8.25498],[-76.02566,8.25552],[-76.0253,8.25444],[-76.02657,8.25489],[-76.02747,8.25353],[-76.02775,8.25398],[-76.02739,8.25461],[-76.02811,8.25506],[-76.0273,8.25688],[-76.02794,8.25678],[-76.02803,8.25769],[-76.02848,8.25778],[-76.02866,8.25687],[-76.02912,8.25687],[-76.02912,8.25759],[-76.03003,8.25795],[-76.03021,8.25868],[-76.02985,8.25895],[-76.02903,8.25823],[-76.02767,8.25841],[-76.02695,8.26013],[-76.0254,8.25797],[-76.02548,8.25634],[-76.0243,8.25562],[-76.02358,8.25616],[-76.02404,8.25788],[-76.02367,8.25842],[-76.02467,8.25887],[-76.02549,8.25996],[-76.02613,8.25995],[-76.02495,8.26068],[-76.02595,8.26077],[-76.0265,8.26158],[-76.02577,8.26194],[-76.02386,8.26123],[-76.0234,8.25978]]],[[[-76.04066,8.26191],[-76.03966,8.262],[-76.03984,8.26118],[-76.04075,8.26091],[-76.04184,8.2619],[-76.04338,8.26163],[-76.04511,8.26244],[-76.04439,8.26325],[-76.04357,8.26316],[-76.04366,8.26262],[-76.04329,8.26253],[-76.04303,8.26353],[-76.04066,8.26191]]],[[[-76.0255,8.26357],[-76.02478,8.26367],[-76.02496,8.26285],[-76.02577,8.26303],[-76.0255,8.26357]]],[[[-76.02796,8.26519],[-76.02868,8.26411],[-76.02914,8.26456],[-76.02995,8.26447],[-76.02995,8.26483],[-76.02787,8.26538],[-76.02741,8.26465],[-76.02796,8.26447],[-76.02796,8.26519]]],[[[-76.02369,8.26602],[-76.02523,8.26412],[-76.02533,8.26511],[-76.02605,8.26538],[-76.0256,8.26746],[-76.02633,8.26873],[-76.0257,8.269],[-76.02369,8.26602]]],[[[-76.02243,8.27018],[-76.02288,8.26819],[-76.02406,8.26792],[-76.02479,8.26828],[-76.02488,8.26891],[-76.02325,8.26882],[-76.0237,8.26982],[-76.02271,8.27045],[-76.02071,8.27046],[-76.02161,8.26973],[-76.02243,8.27018]]],[[[-76.04378,8.27329],[-76.04223,8.27294],[-76.0416,8.2733],[-76.0416,8.27294],[-76.04263,8.27275],[-76.04378,8.27329]]],[[[-76.03916,8.27692],[-76.0397,8.27529],[-76.04116,8.27782],[-76.04061,8.27828],[-76.04098,8.27954],[-76.03916,8.27692]]],[[[-76.03535,8.28037],[-76.03617,8.27955],[-76.03526,8.27919],[-76.03598,8.27883],[-76.03607,8.2782],[-76.03716,8.27901],[-76.03635,8.28082],[-76.03654,8.28145],[-76.0379,8.28163],[-76.0369,8.28199],[-76.03535,8.28037]]],[[[-76.03982,8.3235],[-76.04046,8.32413],[-76.03919,8.3244],[-76.03819,8.32377],[-76.03982,8.3235]]],[[[-76.03755,8.32387],[-76.03728,8.32495],[-76.0362,8.32532],[-76.03619,8.32396],[-76.03755,8.32387]]],[[[-76.0343,8.33039],[-76.03476,8.33093],[-76.03449,8.33192],[-76.03367,8.33147],[-76.0343,8.33039]]],[[[-76.02414,8.33258],[-76.02432,8.33177],[-76.02477,8.33204],[-76.02505,8.33321],[-76.0245,8.33385],[-76.02396,8.33385],[-76.02396,8.33313],[-76.02341,8.33286],[-76.02414,8.33258]]],[[[-76.0324,8.33356],[-76.03122,8.33347],[-76.03114,8.33464],[-76.03068,8.33474],[-76.02959,8.33402],[-76.02895,8.33411],[-76.02868,8.33302],[-76.02968,8.33275],[-76.02986,8.33148],[-76.03122,8.33229],[-76.0314,8.33103],[-76.03285,8.33066],[-76.0334,8.33084],[-76.03294,8.33166],[-76.03394,8.33192],[-76.03413,8.33247],[-76.03567,8.33201],[-76.03594,8.33264],[-76.03658,8.33264],[-76.03649,8.33309],[-76.03585,8.33318],[-76.03577,8.33472],[-76.03459,8.33445],[-76.03459,8.33554],[-76.03268,8.33473],[-76.0324,8.33356]]],[[[-76.03622,8.33581],[-76.03649,8.33472],[-76.03722,8.33526],[-76.03767,8.33436],[-76.03786,8.33598],[-76.03722,8.33535],[-76.03622,8.33581]]],[[[-76.02996,8.33673],[-76.03005,8.33781],[-76.02942,8.337],[-76.02978,8.33646],[-76.02996,8.33673]]],[[[-76.04349,8.3376],[-76.04413,8.3366],[-76.04476,8.33678],[-76.04349,8.3376]]],[[[-76.04467,8.33759],[-76.04404,8.33868],[-76.04368,8.33805],[-76.04467,8.33759]]],[[[-76.02724,8.33954],[-76.02688,8.33999],[-76.02716,8.34044],[-76.02761,8.33999],[-76.02769,8.33773],[-76.02978,8.33808],[-76.02961,8.34053],[-76.02652,8.34063],[-76.02643,8.33945],[-76.02724,8.33954]]],[[[-76.02672,8.34578],[-76.02481,8.34741],[-76.02617,8.34406],[-76.0268,8.34442],[-76.02672,8.34578]]],[[[-76.04133,8.3452],[-76.04315,8.34556],[-76.04387,8.34456],[-76.04442,8.34465],[-76.04318,8.34601],[-76.03989,8.3471],[-76.04034,8.34574],[-76.04133,8.3452]]],[[[-76.02599,8.34786],[-76.02618,8.34849],[-76.02491,8.34868],[-76.02599,8.34786]]],[[[-76.04099,8.35388],[-76.0409,8.35289],[-76.03936,8.35316],[-76.0399,8.35262],[-76.0408,8.34918],[-76.04152,8.34864],[-76.04207,8.34881],[-76.04252,8.348],[-76.04343,8.34836],[-76.04542,8.34691],[-76.04615,8.34681],[-76.04615,8.34754],[-76.04688,8.34717],[-76.04751,8.34744],[-76.04797,8.34663],[-76.04742,8.34627],[-76.04797,8.34618],[-76.0485,8.34355],[-76.04978,8.34397],[-76.04888,8.34798],[-76.04919,8.34943],[-76.04888,8.34898],[-76.04815,8.34916],[-76.04815,8.34817],[-76.0477,8.34799],[-76.04779,8.34943],[-76.04861,8.3497],[-76.04816,8.35115],[-76.04835,8.3526],[-76.0478,8.35278],[-76.04798,8.35151],[-76.04707,8.35115],[-76.04743,8.34907],[-76.04625,8.34817],[-76.04588,8.34917],[-76.0467,8.35007],[-76.04561,8.34989],[-76.04516,8.34872],[-76.04361,8.34881],[-76.0438,8.34962],[-76.04543,8.34989],[-76.04534,8.35061],[-76.04589,8.35079],[-76.04498,8.3508],[-76.0448,8.35161],[-76.04226,8.35216],[-76.04189,8.3509],[-76.04344,8.35035],[-76.04362,8.34981],[-76.04225,8.34936],[-76.04289,8.35008],[-76.04216,8.34999],[-76.0418,8.35099],[-76.04035,8.35189],[-76.04054,8.35262],[-76.04108,8.35207],[-76.04226,8.35225],[-76.04172,8.35298],[-76.04181,8.3537],[-76.04063,8.35443],[-76.04018,8.35533],[-76.03982,8.35497],[-76.04027,8.35434],[-76.03972,8.35416],[-76.04099,8.35388]]],[[[-76.02546,8.35031],[-76.02509,8.34931],[-76.02573,8.34931],[-76.02546,8.35031]]],[[[-76.02836,8.34948],[-76.02782,8.35138],[-76.02718,8.35048],[-76.02836,8.34948]]],[[[-76.04319,8.35957],[-76.04255,8.36048],[-76.04237,8.35894],[-76.04319,8.35957]]],[[[-76.0403,8.36474],[-76.04093,8.36455],[-76.04084,8.36401],[-76.04183,8.36265],[-76.04283,8.36337],[-76.04392,8.36346],[-76.04438,8.36455],[-76.04329,8.36554],[-76.04248,8.36564],[-76.0422,8.36509],[-76.04184,8.36591],[-76.04039,8.36618],[-76.04021,8.36582],[-76.04075,8.36528],[-76.0403,8.36474]],[[-76.04256,8.36374],[-76.04147,8.36374],[-76.04166,8.36419],[-76.04256,8.36428],[-76.04256,8.36374]]],[[[-76.03485,8.36484],[-76.03503,8.36448],[-76.03684,8.36466],[-76.03676,8.36529],[-76.0373,8.36583],[-76.03893,8.3651],[-76.03767,8.36655],[-76.03739,8.36601],[-76.03558,8.36583],[-76.03485,8.36484]]],[[[-76.03912,8.36619],[-76.03966,8.36637],[-76.03903,8.36781],[-76.03867,8.36718],[-76.03785,8.36737],[-76.03912,8.36619]]],[[[-76.03485,8.36629],[-76.03603,8.36683],[-76.03667,8.36646],[-76.03694,8.36737],[-76.03631,8.36809],[-76.03531,8.36828],[-76.03531,8.36918],[-76.0344,8.369],[-76.03485,8.36629]]],[[[-76.03086,8.36883],[-76.02995,8.36892],[-76.02986,8.36829],[-76.03059,8.36766],[-76.03086,8.36883]]],[[[-76.03985,8.36926],[-76.03949,8.36781],[-76.04048,8.36745],[-76.04167,8.36799],[-76.04067,8.36881],[-76.04149,8.36871],[-76.04194,8.36934],[-76.04104,8.36998],[-76.04013,8.36881],[-76.03985,8.36926]]],[[[-76.04505,8.37558],[-76.04496,8.37657],[-76.04414,8.37676],[-76.04505,8.37558]]],[[[-76.02589,8.37753],[-76.02589,8.37689],[-76.02679,8.3749],[-76.02743,8.37608],[-76.02779,8.37535],[-76.02988,8.37562],[-76.02898,8.37707],[-76.02816,8.37707],[-76.02807,8.37779],[-76.02743,8.37689],[-76.02589,8.37753]]],[[[-76.02489,8.3788],[-76.02471,8.37798],[-76.02553,8.3778],[-76.02689,8.37897],[-76.02725,8.37816],[-76.02789,8.37843],[-76.02726,8.37888],[-76.02708,8.38015],[-76.02489,8.3788]]],[[[-76.02026,8.37926],[-76.02081,8.37835],[-76.02181,8.37835],[-76.02244,8.37898],[-76.0228,8.37835],[-76.02335,8.37907],[-76.0229,8.37925],[-76.02335,8.37934],[-76.02317,8.38025],[-76.02417,8.37979],[-76.0239,8.38052],[-76.02354,8.38034],[-76.0239,8.38196],[-76.02218,8.38124],[-76.02026,8.37926]]],[[[-76.02654,8.38114],[-76.02554,8.38133],[-76.0269,8.38042],[-76.02654,8.38114]]],[[[-76.04089,8.38291],[-76.04153,8.38318],[-76.04162,8.38345],[-76.04053,8.38391],[-76.04016,8.38355],[-76.04089,8.38291]]],[[[-76.03096,8.40654],[-76.03132,8.40609],[-76.03114,8.40492],[-76.03078,8.40691],[-76.02897,8.40763],[-76.0276,8.40737],[-76.0276,8.40655],[-76.02669,8.40665],[-76.02624,8.40728],[-76.02488,8.40656],[-76.02442,8.4071],[-76.02143,8.40693],[-76.02015,8.40603],[-76.02015,8.40476],[-76.01933,8.40404],[-76.01914,8.40187],[-76.01968,8.39871],[-76.02068,8.39843],[-76.01986,8.39798],[-76.01986,8.39699],[-76.02049,8.39698],[-76.02013,8.39608],[-76.02085,8.39599],[-76.02022,8.39536],[-76.02057,8.39364],[-76.02094,8.39337],[-76.02203,8.39391],[-76.02194,8.39318],[-76.02102,8.39246],[-76.02247,8.39101],[-76.02302,8.38947],[-76.02555,8.3863],[-76.02645,8.38358],[-76.02754,8.38367],[-76.02781,8.38412],[-76.02718,8.38575],[-76.02646,8.38594],[-76.02628,8.38648],[-76.02782,8.38711],[-76.02918,8.38656],[-76.02936,8.38602],[-76.02791,8.38557],[-76.02782,8.38476],[-76.02882,8.38493],[-76.02818,8.38394],[-76.03063,8.38439],[-76.03099,8.38384],[-76.03081,8.38339],[-76.02836,8.38349],[-76.02736,8.38304],[-76.02735,8.38186],[-76.02772,8.38177],[-76.02735,8.38051],[-76.02907,8.37797],[-76.03052,8.3777],[-76.0307,8.37688],[-76.03125,8.37679],[-76.03115,8.37616],[-76.03215,8.3757],[-76.0327,8.37615],[-76.03215,8.37688],[-76.03352,8.37642],[-76.03415,8.37678],[-76.03424,8.37488],[-76.03524,8.37569],[-76.03606,8.37551],[-76.03651,8.37479],[-76.03769,8.37496],[-76.03769,8.37415],[-76.03587,8.37415],[-76.03587,8.37379],[-76.03533,8.37379],[-76.03569,8.37434],[-76.03542,8.37533],[-76.0346,8.37461],[-76.03423,8.3728],[-76.03505,8.37199],[-76.03468,8.37117],[-76.03541,8.37063],[-76.03568,8.36918],[-76.0374,8.36845],[-76.03813,8.36908],[-76.03795,8.3699],[-76.03858,8.36944],[-76.03958,8.36971],[-76.03913,8.3708],[-76.04031,8.37034],[-76.0415,8.37188],[-76.04222,8.37188],[-76.04131,8.3707],[-76.04286,8.37106],[-76.04258,8.3698],[-76.04331,8.36979],[-76.04349,8.36925],[-76.04285,8.36871],[-76.04393,8.36699],[-76.0433,8.3669],[-76.04321,8.36771],[-76.04267,8.3679],[-76.04212,8.36745],[-76.04221,8.36681],[-76.04475,8.36635],[-76.04493,8.36554],[-76.04457,8.36527],[-76.04538,8.36409],[-76.04647,8.36445],[-76.04856,8.36417],[-76.04874,8.36354],[-76.04774,8.3639],[-76.04828,8.36309],[-76.0481,8.362],[-76.04765,8.36291],[-76.04692,8.36291],[-76.04701,8.3621],[-76.04855,8.36028],[-76.04809,8.35992],[-76.04719,8.3602],[-76.04746,8.35947],[-76.04691,8.3592],[-76.04864,8.35947],[-76.04891,8.35911],[-76.04927,8.35947],[-76.049,8.36019],[-76.05046,8.36073],[-76.04955,8.36146],[-76.0481,8.36146],[-76.04928,8.36236],[-76.0492,8.36553],[-76.04766,8.36644],[-76.0482,8.36725],[-76.04793,8.36806],[-76.04729,8.36662],[-76.04693,8.36671],[-76.04693,8.36798],[-76.04784,8.36861],[-76.04675,8.3687],[-76.04658,8.36997],[-76.04721,8.36996],[-76.04721,8.36924],[-76.04775,8.36924],[-76.04803,8.36978],[-76.0474,8.37096],[-76.04721,8.37051],[-76.04658,8.37069],[-76.04713,8.37213],[-76.04622,8.37214],[-76.04667,8.37268],[-76.04641,8.37449],[-76.04523,8.37531],[-76.0445,8.37476],[-76.04332,8.37631],[-76.04369,8.37658],[-76.04351,8.37721],[-76.04196,8.3773],[-76.04251,8.37784],[-76.04178,8.37821],[-76.04251,8.37893],[-76.04225,8.38164],[-76.04289,8.38218],[-76.04252,8.38282],[-76.04143,8.38237],[-76.03953,8.38265],[-76.03944,8.38391],[-76.03871,8.38391],[-76.03826,8.38337],[-76.03699,8.38365],[-76.0379,8.38437],[-76.04026,8.38472],[-76.04044,8.38536],[-76.03926,8.38482],[-76.03781,8.38563],[-76.03626,8.38555],[-76.03718,8.3869],[-76.03772,8.38681],[-76.03745,8.38627],[-76.03772,8.386],[-76.03881,8.38617],[-76.03917,8.3869],[-76.03872,8.38753],[-76.03627,8.38736],[-76.03655,8.38871],[-76.03609,8.38926],[-76.03682,8.38925],[-76.03691,8.38871],[-76.03818,8.38871],[-76.03909,8.38934],[-76.03819,8.39142],[-76.0371,8.39161],[-76.03683,8.39233],[-76.03746,8.39278],[-76.03783,8.39423],[-76.03883,8.39395],[-76.0392,8.39522],[-76.03792,8.39495],[-76.03847,8.39603],[-76.0382,8.39658],[-76.03784,8.39649],[-76.03756,8.39486],[-76.03684,8.39568],[-76.03775,8.39703],[-76.03847,8.39685],[-76.03884,8.3973],[-76.03857,8.39902],[-76.03984,8.39938],[-76.03957,8.40037],[-76.04021,8.40082],[-76.04021,8.39974],[-76.04121,8.40019],[-76.04148,8.39955],[-76.0412,8.39883],[-76.0403,8.39874],[-76.0402,8.39793],[-76.03984,8.39892],[-76.03939,8.39883],[-76.03956,8.39585],[-76.04129,8.3953],[-76.04174,8.3963],[-76.0412,8.39684],[-76.0402,8.39666],[-76.04002,8.39775],[-76.04084,8.39747],[-76.04102,8.39847],[-76.04275,8.39883],[-76.04312,8.401],[-76.04248,8.40217],[-76.04294,8.40226],[-76.04258,8.40308],[-76.04294,8.40362],[-76.04213,8.40398],[-76.04085,8.40371],[-76.04058,8.40408],[-76.03976,8.40381],[-76.03895,8.40435],[-76.03713,8.40318],[-76.0364,8.40355],[-76.0364,8.404],[-76.03749,8.40427],[-76.03722,8.40481],[-76.03604,8.40472],[-76.03595,8.40436],[-76.03495,8.40473],[-76.0345,8.40373],[-76.03396,8.40554],[-76.03269,8.40618],[-76.03278,8.40654],[-76.03387,8.40654],[-76.03396,8.40762],[-76.03278,8.4069],[-76.03196,8.40708],[-76.03205,8.40772],[-76.03015,8.40772],[-76.03033,8.40736],[-76.03151,8.40736],[-76.03096,8.40654]],[[-76.02786,8.40203],[-76.02859,8.4023],[-76.02868,8.40194],[-76.02759,8.4014],[-76.0275,8.4023],[-76.02686,8.40258],[-76.02732,8.40366],[-76.02696,8.40592],[-76.02733,8.40637],[-76.02814,8.40465],[-76.02786,8.40203]],[[-76.02115,8.4053],[-76.02388,8.40575],[-76.02369,8.40512],[-76.02115,8.40494],[-76.02115,8.4053]],[[-76.02423,8.40421],[-76.02514,8.40412],[-76.02468,8.40285],[-76.02423,8.40421]],[[-76.02096,8.40331],[-76.02178,8.40286],[-76.02087,8.40241],[-76.02051,8.40268],[-76.02096,8.40331]],[[-76.02314,8.40259],[-76.02241,8.40268],[-76.02269,8.40313],[-76.02387,8.40285],[-76.02314,8.40259]],[[-76.03104,8.40121],[-76.03104,8.40275],[-76.0315,8.40238],[-76.0314,8.40112],[-76.03104,8.40121]],[[-76.03522,8.40183],[-76.03558,8.40237],[-76.03713,8.40282],[-76.03785,8.40173],[-76.03649,8.40201],[-76.03585,8.40165],[-76.03594,8.40101],[-76.03667,8.40065],[-76.03858,8.40119],[-76.03848,8.40037],[-76.03685,8.40011],[-76.03721,8.39984],[-76.03703,8.39938],[-76.03621,8.39993],[-76.03621,8.40056],[-76.03576,8.40047],[-76.03512,8.39939],[-76.03421,8.40011],[-76.03476,8.40111],[-76.03431,8.40247],[-76.03486,8.40246],[-76.03522,8.40183]],[[-76.02486,8.39996],[-76.02495,8.40041],[-76.02622,8.40086],[-76.02631,8.40041],[-76.02549,8.39978],[-76.02486,8.39996]],[[-76.02113,8.39952],[-76.02177,8.40006],[-76.02213,8.39915],[-76.02113,8.39952]],[[-76.0224,8.39834],[-76.02231,8.39861],[-76.02313,8.39915],[-76.02376,8.39797],[-76.02313,8.39797],[-76.02313,8.39833],[-76.0224,8.39834]],[[-76.0284,8.39877],[-76.02921,8.3975],[-76.02985,8.39732],[-76.02957,8.39615],[-76.0284,8.39877]],[[-76.02993,8.39578],[-76.03138,8.39234],[-76.03065,8.39271],[-76.02948,8.39579],[-76.03012,8.39615],[-76.02993,8.39578]],[[-76.03848,8.39857],[-76.03802,8.39839],[-76.03757,8.39902],[-76.03776,8.39974],[-76.03821,8.39992],[-76.03848,8.39857]],[[-76.02867,8.40049],[-76.02849,8.39932],[-76.02804,8.39941],[-76.02786,8.40031],[-76.02867,8.40049]],[[-76.02668,8.40004],[-76.02731,8.40068],[-76.02749,8.39932],[-76.02668,8.40004]],[[-76.02303,8.39635],[-76.02167,8.39599],[-76.02167,8.39626],[-76.02303,8.39635]],[[-76.02348,8.39472],[-76.02303,8.3949],[-76.02376,8.3958],[-76.02503,8.39553],[-76.02348,8.39472]],[[-76.03538,8.39478],[-76.03602,8.39532],[-76.03611,8.39441],[-76.0372,8.39414],[-76.03738,8.3935],[-76.03638,8.39324],[-76.03574,8.39233],[-76.03592,8.39369],[-76.03538,8.39478]],[[-76.03903,8.40101],[-76.03894,8.40146],[-76.04012,8.40137],[-76.03985,8.40091],[-76.03903,8.40101]],[[-76.03655,8.39016],[-76.03573,8.39034],[-76.03555,8.39098],[-76.0351,8.39098],[-76.03519,8.39161],[-76.03601,8.39152],[-76.03601,8.39197],[-76.03646,8.39197],[-76.0361,8.39125],[-76.03691,8.39115],[-76.03655,8.39016]],[[-76.02429,8.38911],[-76.02383,8.38902],[-76.02375,8.39083],[-76.02411,8.39101],[-76.02529,8.39055],[-76.02492,8.38947],[-76.02438,8.38992],[-76.02429,8.38911]],[[-76.02701,8.38838],[-76.02701,8.38738],[-76.02619,8.38693],[-76.02537,8.38702],[-76.0251,8.38757],[-76.02519,8.38802],[-76.02637,8.38802],[-76.02556,8.3901],[-76.02583,8.39046],[-76.02701,8.38838]],[[-76.03273,8.38737],[-76.03273,8.38691],[-76.03109,8.38592],[-76.02982,8.38674],[-76.03019,8.38764],[-76.03273,8.38737]],[[-76.03399,8.38592],[-76.03526,8.38492],[-76.03508,8.38429],[-76.03553,8.38374],[-76.03463,8.38438],[-76.03499,8.38501],[-76.0339,8.38438],[-76.03263,8.38556],[-76.03245,8.38673],[-76.03382,8.38673],[-76.03399,8.38592]],[[-76.03319,8.38954],[-76.03364,8.38736],[-76.03318,8.38755],[-76.03337,8.38818],[-76.03264,8.38854],[-76.03273,8.38954],[-76.03319,8.38954]],[[-76.03864,8.38925],[-76.037,8.38916],[-76.03809,8.39025],[-76.03855,8.39006],[-76.03864,8.38925]],[[-76.03226,8.38194],[-76.03208,8.38276],[-76.03326,8.38284],[-76.03253,8.38185],[-76.03307,8.38113],[-76.0338,8.38112],[-76.03426,8.38176],[-76.03362,8.38221],[-76.03435,8.38248],[-76.03471,8.38157],[-76.0348,8.3823],[-76.03353,8.38311],[-76.03626,8.38365],[-76.03499,8.38275],[-76.03653,8.38256],[-76.03635,8.38211],[-76.03562,8.38238],[-76.0358,8.38139],[-76.03643,8.38139],[-76.03635,8.38193],[-76.03744,8.38256],[-76.0378,8.38193],[-76.03707,8.38175],[-76.03698,8.38121],[-76.03789,8.38057],[-76.03707,8.38039],[-76.03788,8.37958],[-76.0367,8.37994],[-76.03688,8.3794],[-76.03652,8.37931],[-76.03634,8.37976],[-76.03516,8.37958],[-76.03407,8.38022],[-76.03425,8.37823],[-76.0328,8.37905],[-76.03225,8.37878],[-76.03216,8.37932],[-76.03271,8.37923],[-76.03298,8.37968],[-76.03289,8.38067],[-76.03189,8.38113],[-76.03108,8.38077],[-76.0309,8.38213],[-76.03226,8.38194]],[[-76.03253,8.37995],[-76.03253,8.37959],[-76.03153,8.3805],[-76.03216,8.38068],[-76.03253,8.37995]],[[-76.03016,8.37905],[-76.03016,8.37969],[-76.03126,8.38023],[-76.0318,8.37977],[-76.03171,8.3786],[-76.03016,8.37905]],[[-76.04033,8.37866],[-76.03942,8.37858],[-76.03888,8.37776],[-76.0387,8.37921],[-76.03952,8.37957],[-76.04033,8.37866]],[[-76.03479,8.3775],[-76.03415,8.3775],[-76.03416,8.37814],[-76.03488,8.37814],[-76.03479,8.3775]],[[-76.03825,8.38057],[-76.03925,8.38156],[-76.03834,8.38147],[-76.03816,8.3822],[-76.03889,8.3821],[-76.03844,8.38301],[-76.03889,8.38328],[-76.03944,8.38265],[-76.03925,8.38192],[-76.0408,8.3821],[-76.04089,8.38156],[-76.04043,8.38138],[-76.04061,8.38011],[-76.03979,8.37993],[-76.03907,8.38057],[-76.0387,8.38012],[-76.03825,8.38057]],[[-76.02999,8.3814],[-76.03053,8.38095],[-76.02971,8.38077],[-76.02935,8.38132],[-76.02999,8.3814]],[[-76.02781,8.38105],[-76.02853,8.38105],[-76.02853,8.38041],[-76.02781,8.38105]],[[-76.03933,8.37704],[-76.04105,8.37694],[-76.04096,8.3764],[-76.0396,8.37622],[-76.03933,8.37704]],[[-76.04142,8.37604],[-76.04214,8.37531],[-76.04087,8.37541],[-76.04087,8.37595],[-76.04142,8.37604]],[[-76.04023,8.37414],[-76.04032,8.37505],[-76.04078,8.37496],[-76.0405,8.37432],[-76.04223,8.37468],[-76.04195,8.37387],[-76.04268,8.37359],[-76.04268,8.37314],[-76.04068,8.37233],[-76.0405,8.37369],[-76.03977,8.37297],[-76.0395,8.3736],[-76.03878,8.37342],[-76.0386,8.37406],[-76.03787,8.37424],[-76.03932,8.37514],[-76.03978,8.37487],[-76.0395,8.37396],[-76.04023,8.37414]],[[-76.03587,8.37307],[-76.0365,8.37334],[-76.03668,8.37225],[-76.03605,8.37162],[-76.0355,8.37171],[-76.03587,8.37307]],[[-76.04432,8.37377],[-76.04486,8.37467],[-76.0455,8.37458],[-76.04513,8.3735],[-76.0445,8.37359],[-76.04313,8.37215],[-76.0424,8.37215],[-76.04259,8.37278],[-76.04313,8.37278],[-76.04304,8.37368],[-76.04432,8.37377]],[[-76.03704,8.37099],[-76.03795,8.37089],[-76.03768,8.37026],[-76.03704,8.37099]],[[-76.03668,8.37053],[-76.03668,8.36981],[-76.03595,8.37017],[-76.03668,8.37053]]],[[[-76.04253,8.38436],[-76.04253,8.38472],[-76.04144,8.38445],[-76.04144,8.384],[-76.04253,8.38436]]],[[[-76.02274,8.3873],[-76.02392,8.38712],[-76.02383,8.38757],[-76.02319,8.38757],[-76.02301,8.38866],[-76.02074,8.38866],[-76.02074,8.3883],[-76.02274,8.3873]]],[[[-76.04328,8.39385],[-76.04283,8.39394],[-76.04255,8.39286],[-76.04309,8.39268],[-76.04328,8.39385]]],[[[-76.04346,8.39466],[-76.04355,8.39403],[-76.04437,8.39394],[-76.04373,8.3934],[-76.044,8.39258],[-76.043,8.39195],[-76.04363,8.38996],[-76.044,8.39132],[-76.04355,8.39177],[-76.044,8.39186],[-76.04427,8.39132],[-76.04509,8.39158],[-76.0451,8.39502],[-76.0441,8.3953],[-76.04428,8.39448],[-76.04355,8.39466],[-76.04356,8.39593],[-76.0441,8.39656],[-76.04356,8.39665],[-76.04283,8.39485],[-76.04346,8.39466]]],[[[-76.04092,8.39476],[-76.04001,8.39494],[-76.04001,8.39377],[-76.04092,8.39431],[-76.04092,8.39476]]],[[[-76.0394,8.40498],[-76.0414,8.4048],[-76.04122,8.40561],[-76.04022,8.40534],[-76.04022,8.40598],[-76.03904,8.40526],[-76.0394,8.40498]]],[[[-76.04122,8.4067],[-76.04114,8.40742],[-76.04005,8.40715],[-76.04104,8.4067],[-76.04113,8.4057],[-76.04168,8.40534],[-76.04195,8.4048],[-76.04422,8.40506],[-76.04286,8.40588],[-76.04341,8.40742],[-76.04295,8.40805],[-76.04168,8.40661],[-76.04122,8.4067]],[[-76.04186,8.40624],[-76.04222,8.40642],[-76.04258,8.40588],[-76.04231,8.40534],[-76.04186,8.40624]]],[[[-76.03904,8.40616],[-76.03986,8.40706],[-76.03814,8.40653],[-76.03904,8.40616]]],[[[-76.0359,8.42001],[-76.03518,8.42118],[-76.03518,8.42055],[-76.03481,8.42001],[-76.0359,8.42001]]],[[[-76.01365,8.4207],[-76.01383,8.42015],[-76.01183,8.42079],[-76.01156,8.41944],[-76.01238,8.41962],[-76.01437,8.4188],[-76.01464,8.41816],[-76.01646,8.41707],[-76.01718,8.41725],[-76.01718,8.41671],[-76.01827,8.41634],[-76.01809,8.41562],[-76.01872,8.41526],[-76.01872,8.41472],[-76.01999,8.41435],[-76.01999,8.41345],[-76.02072,8.41335],[-76.02026,8.41272],[-76.02035,8.41155],[-76.02143,8.40756],[-76.02206,8.40801],[-76.0227,8.40747],[-76.02497,8.40855],[-76.02524,8.40792],[-76.02597,8.40773],[-76.03088,8.40853],[-76.03378,8.40844],[-76.03442,8.40907],[-76.03451,8.41015],[-76.03542,8.41042],[-76.03397,8.41033],[-76.03397,8.4107],[-76.0357,8.41114],[-76.03588,8.41214],[-76.03498,8.41359],[-76.03579,8.41331],[-76.03588,8.41368],[-76.03498,8.41422],[-76.03407,8.41341],[-76.03334,8.4135],[-76.03343,8.41278],[-76.03198,8.41323],[-76.03107,8.41414],[-76.03135,8.41649],[-76.03062,8.41649],[-76.0308,8.41595],[-76.03017,8.41568],[-76.02945,8.4174],[-76.02809,8.41822],[-76.028,8.4193],[-76.02909,8.42048],[-76.02882,8.41975],[-76.02972,8.41894],[-76.02954,8.41803],[-76.03099,8.4174],[-76.03172,8.41948],[-76.03308,8.41956],[-76.03418,8.42064],[-76.03309,8.42047],[-76.03146,8.42147],[-76.03118,8.4221],[-76.03019,8.4221],[-76.03028,8.42273],[-76.03164,8.42291],[-76.03165,8.42463],[-76.0311,8.42454],[-76.0311,8.42364],[-76.03037,8.42373],[-76.03001,8.4259],[-76.02874,8.42618],[-76.02974,8.42663],[-76.03066,8.42816],[-76.03038,8.42879],[-76.02993,8.4288],[-76.03002,8.42789],[-76.02893,8.42708],[-76.02829,8.42844],[-76.02584,8.4279],[-76.02611,8.42844],[-76.02775,8.42907],[-76.02775,8.42971],[-76.02739,8.43043],[-76.02685,8.43016],[-76.0263,8.43052],[-76.02612,8.43116],[-76.0253,8.43098],[-76.02431,8.43161],[-76.02449,8.43396],[-76.02386,8.43379],[-76.02331,8.43433],[-76.02414,8.4355],[-76.02396,8.43677],[-76.02332,8.43686],[-76.02341,8.43731],[-76.02396,8.43731],[-76.02351,8.43795],[-76.02305,8.4375],[-76.02249,8.43261],[-76.02484,8.4289],[-76.02493,8.42808],[-76.02557,8.4279],[-76.02547,8.42673],[-76.02629,8.42627],[-76.02664,8.42184],[-76.02864,8.42229],[-76.02855,8.42165],[-76.02782,8.42148],[-76.02646,8.42003],[-76.02591,8.42067],[-76.02601,8.42211],[-76.02537,8.4223],[-76.0261,8.42338],[-76.02583,8.42564],[-76.02222,8.43144],[-76.02122,8.43153],[-76.02212,8.42963],[-76.02039,8.42936],[-76.01967,8.43027],[-76.01903,8.42964],[-76.01804,8.43045],[-76.0184,8.43081],[-76.01894,8.43045],[-76.02067,8.43144],[-76.01977,8.43172],[-76.01922,8.43117],[-76.01659,8.43145],[-76.01568,8.431],[-76.01567,8.42947],[-76.01449,8.42938],[-76.01503,8.42892],[-76.01567,8.42919],[-76.01667,8.42829],[-76.01649,8.42784],[-76.01576,8.42784],[-76.01639,8.42702],[-76.01575,8.42639],[-76.01648,8.42594],[-76.01648,8.42512],[-76.01765,8.4234],[-76.01765,8.4215],[-76.0181,8.42087],[-76.01719,8.42114],[-76.01664,8.41906],[-76.01564,8.41834],[-76.01583,8.4206],[-76.01456,8.42133],[-76.01365,8.4207]],[[-76.01728,8.41779],[-76.01673,8.41771],[-76.01673,8.41825],[-76.01764,8.41879],[-76.01728,8.41779]],[[-76.01846,8.41987],[-76.01901,8.41951],[-76.01864,8.4177],[-76.01828,8.41779],[-76.0181,8.41951],[-76.01846,8.41987]],[[-76.02364,8.41886],[-76.02509,8.41922],[-76.02454,8.41669],[-76.02517,8.41633],[-76.02354,8.41633],[-76.02272,8.41552],[-76.02145,8.41625],[-76.02209,8.41661],[-76.02309,8.41977],[-76.02364,8.41886]],[[-76.01981,8.41571],[-76.01909,8.41544],[-76.01864,8.41707],[-76.01981,8.41571]],[[-76.02626,8.41632],[-76.02818,8.41786],[-76.0279,8.41632],[-76.0269,8.41641],[-76.02761,8.41062],[-76.02889,8.41134],[-76.02916,8.41089],[-76.03034,8.4108],[-76.03043,8.41143],[-76.0297,8.41179],[-76.02989,8.41224],[-76.03043,8.41224],[-76.03143,8.41116],[-76.03297,8.41169],[-76.03361,8.41052],[-76.03252,8.41052],[-76.03233,8.41007],[-76.0336,8.40952],[-76.03351,8.40907],[-76.03188,8.40935],[-76.03179,8.40989],[-76.0307,8.40917],[-76.03043,8.4098],[-76.02906,8.41026],[-76.02879,8.40926],[-76.02824,8.40917],[-76.02861,8.40845],[-76.02779,8.40881],[-76.02788,8.40972],[-76.02679,8.40864],[-76.02634,8.40963],[-76.02697,8.40999],[-76.02625,8.41017],[-76.0268,8.41198],[-76.0258,8.41207],[-76.0258,8.41253],[-76.0268,8.4137],[-76.02571,8.41352],[-76.02662,8.41442],[-76.02526,8.41551],[-76.02527,8.41687],[-76.02626,8.41632]],[[-76.02117,8.41344],[-76.02126,8.41408],[-76.02299,8.41389],[-76.02308,8.41308],[-76.02117,8.41344]],[[-76.02525,8.41217],[-76.0248,8.41199],[-76.02426,8.41307],[-76.02508,8.41352],[-76.02525,8.41217]],[[-76.02573,8.42003],[-76.02546,8.41949],[-76.02437,8.42022],[-76.02519,8.42058],[-76.02573,8.42003]],[[-76.01919,8.42114],[-76.01974,8.42141],[-76.02019,8.42041],[-76.01983,8.42005],[-76.0191,8.42032],[-76.01919,8.42114]],[[-76.01965,8.42349],[-76.01856,8.42322],[-76.01875,8.42412],[-76.01966,8.42502],[-76.02056,8.42421],[-76.02047,8.4233],[-76.02147,8.42357],[-76.02219,8.42303],[-76.02183,8.4223],[-76.0211,8.42303],[-76.02047,8.4224],[-76.01965,8.42349]],[[-76.01748,8.42575],[-76.01821,8.42584],[-76.01821,8.42666],[-76.01957,8.42674],[-76.01939,8.42593],[-76.01984,8.42557],[-76.0192,8.42493],[-76.01748,8.42539],[-76.01748,8.42575]]],[[[-76.04282,8.42496],[-76.04264,8.42596],[-76.04309,8.42659],[-76.04209,8.42641],[-76.04191,8.42524],[-76.04282,8.42496]]],[[[-76.03955,8.42669],[-76.04101,8.42705],[-76.04164,8.42668],[-76.04219,8.42713],[-76.04146,8.42732],[-76.04146,8.42813],[-76.03974,8.42741],[-76.03955,8.42669]]],[[[-76.02893,8.42961],[-76.02803,8.43043],[-76.02803,8.4297],[-76.02875,8.42916],[-76.02893,8.42961]]],[[[-76.03802,8.42941],[-76.03784,8.43031],[-76.03693,8.43086],[-76.03711,8.42968],[-76.03802,8.42941]]],[[[-76.03093,8.42979],[-76.03075,8.43042],[-76.03193,8.43051],[-76.03148,8.43069],[-76.03166,8.4315],[-76.03094,8.43123],[-76.03066,8.43015],[-76.03093,8.42979]]],[[[-76.03312,8.4324],[-76.03375,8.4315],[-76.03394,8.43213],[-76.03366,8.43258],[-76.03312,8.4324]]],[[[-76.02191,8.45161],[-76.02154,8.44989],[-76.0209,8.4498],[-76.0209,8.44872],[-76.02153,8.44745],[-76.02135,8.44627],[-76.02244,8.44609],[-76.02307,8.44627],[-76.02308,8.44735],[-76.02235,8.44772],[-76.02244,8.44817],[-76.02299,8.4479],[-76.02363,8.44925],[-76.02372,8.45016],[-76.02327,8.45043],[-76.02355,8.45341],[-76.02146,8.45432],[-76.02128,8.45342],[-76.02191,8.45161]],[[-76.02272,8.4517],[-76.02245,8.45242],[-76.02273,8.45251],[-76.02318,8.45151],[-76.02236,8.45115],[-76.02272,8.4517]],[[-76.02208,8.44962],[-76.02281,8.45043],[-76.02272,8.44952],[-76.02317,8.44907],[-76.02208,8.44962]]],[[[-76.01825,8.47848],[-76.01816,8.47766],[-76.01861,8.47757],[-76.01862,8.4783],[-76.01907,8.47847],[-76.01934,8.47757],[-76.02088,8.47748],[-76.02061,8.47702],[-76.01988,8.47712],[-76.01952,8.47639],[-76.01952,8.47558],[-76.02033,8.47549],[-76.02033,8.47503],[-76.01888,8.47486],[-76.01915,8.4744],[-76.02033,8.47467],[-76.02087,8.47341],[-76.02006,8.47404],[-76.01996,8.47314],[-76.02033,8.47268],[-76.02087,8.47313],[-76.02151,8.47277],[-76.02078,8.47205],[-76.0216,8.47232],[-76.02232,8.47159],[-76.0236,8.47249],[-76.02369,8.47313],[-76.02441,8.47267],[-76.02551,8.47321],[-76.02559,8.47213],[-76.02323,8.4706],[-76.02377,8.4687],[-76.02304,8.46843],[-76.02222,8.46888],[-76.02204,8.46843],[-76.02159,8.46852],[-76.02168,8.46897],[-76.02232,8.46897],[-76.02268,8.47051],[-76.02178,8.47078],[-76.02077,8.46943],[-76.02132,8.46888],[-76.02122,8.4678],[-76.02077,8.46753],[-76.02059,8.46807],[-76.02022,8.46798],[-76.02122,8.46662],[-76.02349,8.46535],[-76.0233,8.46463],[-76.02131,8.46563],[-76.02131,8.46508],[-76.02049,8.465],[-76.02039,8.46391],[-76.02112,8.46319],[-76.02093,8.46092],[-76.02202,8.46092],[-76.02266,8.46029],[-76.02129,8.45957],[-76.02292,8.45884],[-76.02292,8.4564],[-76.02219,8.45577],[-76.02364,8.45522],[-76.02409,8.4544],[-76.02435,8.44844],[-76.02389,8.44762],[-76.02389,8.44491],[-76.02452,8.44473],[-76.02443,8.444],[-76.02488,8.44373],[-76.02525,8.44436],[-76.02425,8.44617],[-76.02426,8.44708],[-76.02535,8.44816],[-76.02635,8.44816],[-76.02699,8.44942],[-76.02608,8.44952],[-76.02654,8.45015],[-76.02617,8.45123],[-76.02481,8.45115],[-76.02481,8.45169],[-76.02581,8.45178],[-76.02591,8.45259],[-76.02482,8.45332],[-76.02464,8.45413],[-76.02519,8.45504],[-76.02438,8.45766],[-76.02501,8.45829],[-76.02683,8.45783],[-76.02728,8.45829],[-76.02946,8.45792],[-76.02865,8.46009],[-76.02883,8.46099],[-76.02775,8.46127],[-76.02802,8.46217],[-76.02866,8.46235],[-76.02893,8.46172],[-76.02957,8.46244],[-76.03084,8.46198],[-76.03238,8.46297],[-76.03347,8.46225],[-76.03347,8.46297],[-76.0332,8.46342],[-76.03275,8.46315],[-76.03211,8.46352],[-76.03047,8.46271],[-76.02793,8.46353],[-76.02775,8.46434],[-76.0293,8.46452],[-76.03029,8.46316],[-76.03121,8.46415],[-76.0332,8.46379],[-76.03475,8.46514],[-76.03057,8.46416],[-76.02866,8.46525],[-76.02857,8.4657],[-76.03012,8.46642],[-76.03067,8.46768],[-76.03131,8.46804],[-76.03485,8.46821],[-76.03612,8.46939],[-76.03531,8.46957],[-76.03449,8.46894],[-76.03285,8.4693],[-76.03258,8.46858],[-76.03213,8.46858],[-76.03213,8.46913],[-76.03104,8.46877],[-76.03049,8.46949],[-76.03013,8.46859],[-76.0294,8.46841],[-76.02568,8.46842],[-76.02486,8.47077],[-76.02632,8.47185],[-76.02623,8.47312],[-76.02369,8.47521],[-76.02233,8.47521],[-76.02243,8.47702],[-76.0217,8.47811],[-76.02153,8.48082],[-76.01953,8.4801],[-76.01825,8.47848]],[[-76.02052,8.47874],[-76.02025,8.47947],[-76.02089,8.47928],[-76.02116,8.47838],[-76.02116,8.47793],[-76.02052,8.47793],[-76.02052,8.47874]],[[-76.02413,8.46924],[-76.02495,8.46942],[-76.02486,8.46878],[-76.02404,8.46878],[-76.02413,8.46924]],[[-76.02331,8.4668],[-76.02331,8.46734],[-76.02467,8.46761],[-76.02522,8.46833],[-76.02522,8.46724],[-76.02331,8.4668]],[[-76.02339,8.46417],[-76.02367,8.46435],[-76.02375,8.46218],[-76.02311,8.46182],[-76.02339,8.46417]],[[-76.02383,8.45766],[-76.0232,8.45884],[-76.02357,8.46155],[-76.02411,8.46128],[-76.02383,8.45766]]],[[[-76.03049,8.47012],[-76.03131,8.46994],[-76.03222,8.47012],[-76.03277,8.47111],[-76.03086,8.47085],[-76.03049,8.47012]]],[[[-76.03341,8.47174],[-76.03486,8.4721],[-76.03422,8.47219],[-76.03368,8.47319],[-76.03341,8.47174]]],[[[-76.01945,8.48417],[-76.01799,8.48128],[-76.0189,8.48146],[-76.01844,8.48092],[-76.0188,8.48028],[-76.01908,8.48146],[-76.01971,8.48101],[-76.02108,8.48109],[-76.02408,8.48362],[-76.02517,8.48389],[-76.02454,8.48443],[-76.02245,8.48362],[-76.02127,8.48426],[-76.02118,8.4848],[-76.02081,8.48435],[-76.01963,8.48453],[-76.01954,8.48526],[-76.01872,8.48454],[-76.01945,8.48417]],[[-76.0209,8.48381],[-76.02136,8.4838],[-76.02108,8.4829],[-76.02045,8.48299],[-76.0209,8.48381]]],[[[-76.02219,8.48968],[-76.02146,8.48959],[-76.02146,8.48887],[-76.02209,8.48842],[-76.02137,8.48751],[-76.02218,8.48688],[-76.02136,8.48688],[-76.02054,8.48607],[-76.02063,8.48525],[-76.02227,8.48453],[-76.02354,8.48497],[-76.0239,8.48579],[-76.02382,8.48687],[-76.02282,8.4876],[-76.02337,8.48995],[-76.0241,8.49085],[-76.02492,8.49067],[-76.02519,8.49103],[-76.02437,8.49185],[-76.02347,8.49194],[-76.02219,8.48968]]],[[[-76.01984,8.4952],[-76.02002,8.49421],[-76.02356,8.4923],[-76.02365,8.49293],[-76.02302,8.49312],[-76.02329,8.49402],[-76.02202,8.49375],[-76.02265,8.49411],[-76.02257,8.4952],[-76.02184,8.49601],[-76.0213,8.49791],[-76.02085,8.49791],[-76.01984,8.4952]]],[[[-76.02376,8.49872],[-76.02567,8.4989],[-76.02639,8.49962],[-76.02558,8.49989],[-76.02376,8.49872]]],[[[-76.02459,8.50396],[-76.02504,8.50442],[-76.02505,8.5055],[-76.02459,8.50541],[-76.02486,8.50451],[-76.02423,8.50424],[-76.02459,8.50396]]],[[[-76.02468,8.50595],[-76.02469,8.50668],[-76.02414,8.50695],[-76.0235,8.50623],[-76.02468,8.50595]]],[[[-76.02463,8.52106],[-76.02436,8.52232],[-76.02382,8.52205],[-76.02363,8.52106],[-76.02463,8.52106]]],[[[-76.03936,8.52228],[-76.03963,8.52255],[-76.03809,8.5241],[-76.038,8.52328],[-76.03936,8.52228]]],[[[-76.04054,8.52328],[-76.04008,8.52201],[-76.04099,8.52246],[-76.04073,8.52536],[-76.04054,8.52328]]],[[[-76.02338,8.52802],[-76.02184,8.52857],[-76.02129,8.52749],[-76.02329,8.52694],[-76.02493,8.5301],[-76.02439,8.53046],[-76.02338,8.52802]]],[[[-76.04222,8.53955],[-76.04267,8.53964],[-76.04259,8.54091],[-76.04177,8.54037],[-76.04104,8.54191],[-76.0405,8.54154],[-76.04222,8.53955]]],[[[-76.02532,8.54113],[-76.02623,8.54131],[-76.02614,8.54023],[-76.02723,8.5404],[-76.02651,8.54158],[-76.02514,8.54177],[-76.02487,8.54249],[-76.02351,8.54204],[-76.02532,8.54113]]],[[[-76.02787,8.54067],[-76.02869,8.5413],[-76.02787,8.54266],[-76.02687,8.5424],[-76.02678,8.54158],[-76.02787,8.54067]]],[[[-76.03978,8.54453],[-76.03969,8.54562],[-76.03905,8.54526],[-76.03978,8.54453]]],[[[-76.02489,8.54746],[-76.02543,8.54783],[-76.0267,8.54737],[-76.02716,8.54764],[-76.02643,8.54791],[-76.02643,8.54864],[-76.02498,8.54855],[-76.02453,8.54918],[-76.02389,8.54819],[-76.02489,8.54746]]],[[[-76.03897,8.54924],[-76.03943,8.55014],[-76.03843,8.55159],[-76.03834,8.54987],[-76.03897,8.54924]]],[[[-76.04374,8.56306],[-76.04292,8.5627],[-76.04337,8.56216],[-76.04419,8.56243],[-76.04374,8.56306]]],[[[-76.04583,8.5645],[-76.0432,8.56469],[-76.04319,8.56424],[-76.04546,8.56405],[-76.04583,8.5645]]],[[[-76.04574,8.56541],[-76.04529,8.56568],[-76.04329,8.56568],[-76.04338,8.56523],[-76.04556,8.56495],[-76.04574,8.56541]]],[[[-76.03193,8.56671],[-76.03112,8.56671],[-76.03139,8.5659],[-76.03221,8.56626],[-76.03193,8.56671]]],[[[-76.03066,8.56707],[-76.03203,8.56716],[-76.03194,8.5677],[-76.0313,8.56753],[-76.03058,8.56843],[-76.02976,8.56798],[-76.03066,8.56707]]],[[[-76.02421,8.56782],[-76.02612,8.56682],[-76.02722,8.56907],[-76.0254,8.56962],[-76.02421,8.56782]]],[[[-76.03921,8.56859],[-76.03985,8.57067],[-76.03958,8.57058],[-76.03921,8.56859]]],[[[-76.0413,8.57012],[-76.04094,8.5703],[-76.04021,8.56967],[-76.04012,8.5685],[-76.04102,8.56822],[-76.04094,8.56931],[-76.04157,8.56976],[-76.04203,8.56903],[-76.04148,8.5684],[-76.04175,8.56813],[-76.04284,8.56849],[-76.04303,8.5693],[-76.04348,8.56939],[-76.04357,8.56803],[-76.04539,8.56812],[-76.0433,8.56966],[-76.04376,8.5703],[-76.04312,8.57048],[-76.04312,8.57147],[-76.04258,8.57111],[-76.04212,8.57166],[-76.0413,8.57012]]],[[[-76.02077,8.57262],[-76.02123,8.57225],[-76.02104,8.57171],[-76.01977,8.57054],[-76.02113,8.56909],[-76.02258,8.56972],[-76.02313,8.57162],[-76.02413,8.57089],[-76.0235,8.57216],[-76.02405,8.57324],[-76.02378,8.5737],[-76.02278,8.57352],[-76.02269,8.57451],[-76.02077,8.57262]]],[[[-76.0326,8.57629],[-76.0325,8.57575],[-76.03323,8.57548],[-76.03395,8.57358],[-76.03513,8.57412],[-76.03504,8.57303],[-76.03449,8.57249],[-76.03395,8.57285],[-76.03313,8.57249],[-76.03313,8.57132],[-76.03177,8.57286],[-76.03168,8.57205],[-76.0305,8.57268],[-76.03022,8.57214],[-76.02859,8.57196],[-76.02876,8.57043],[-76.02794,8.5697],[-76.02912,8.56862],[-76.02958,8.56871],[-76.02976,8.56943],[-76.02931,8.5697],[-76.0294,8.57097],[-76.03085,8.57024],[-76.03113,8.57096],[-76.03222,8.57141],[-76.03249,8.57051],[-76.03331,8.57005],[-76.03358,8.5705],[-76.03295,8.57105],[-76.03358,8.57123],[-76.03395,8.5724],[-76.03513,8.57168],[-76.03558,8.57231],[-76.0364,8.57203],[-76.03713,8.57248],[-76.03667,8.57176],[-76.03713,8.57149],[-76.03712,8.5704],[-76.03612,8.57077],[-76.03604,8.57194],[-76.03558,8.57176],[-76.03549,8.57005],[-76.03504,8.57122],[-76.03376,8.57123],[-76.03376,8.57023],[-76.03485,8.56996],[-76.03439,8.56905],[-76.03585,8.5686],[-76.03676,8.56977],[-76.03821,8.57058],[-76.03758,8.57176],[-76.03813,8.57348],[-76.03704,8.57339],[-76.03704,8.57402],[-76.0375,8.5742],[-76.03714,8.57502],[-76.03595,8.57303],[-76.03531,8.57303],[-76.03595,8.57402],[-76.0355,8.57421],[-76.03559,8.57484],[-76.03613,8.57448],[-76.03641,8.57457],[-76.03595,8.57511],[-76.03514,8.57502],[-76.03541,8.57565],[-76.03505,8.57629],[-76.03568,8.57574],[-76.03732,8.57556],[-76.03714,8.57719],[-76.03523,8.57728],[-76.0326,8.57629]],[[-76.0335,8.5753],[-76.03359,8.57575],[-76.03441,8.57575],[-76.0345,8.57502],[-76.03495,8.57502],[-76.03468,8.57457],[-76.0335,8.5753]]],[[[-76.04304,8.57301],[-76.04349,8.574],[-76.04286,8.57473],[-76.04222,8.57446],[-76.04304,8.57301]]],[[[-76.02614,8.57351],[-76.02514,8.57315],[-76.02577,8.57224],[-76.02759,8.57305],[-76.02723,8.5736],[-76.02805,8.5745],[-76.02741,8.5745],[-76.02741,8.57495],[-76.0286,8.57594],[-76.02678,8.57477],[-76.02614,8.57351]]],[[[-76.02405,8.5746],[-76.02469,8.57478],[-76.0246,8.5755],[-76.02405,8.57577],[-76.02351,8.57541],[-76.02423,8.57523],[-76.02405,8.5746]]],[[[-76.03959,8.57619],[-76.03868,8.57646],[-76.03841,8.57583],[-76.03923,8.57546],[-76.03959,8.57619]]],[[[-76.02406,8.5765],[-76.02369,8.57677],[-76.02388,8.57749],[-76.02451,8.57794],[-76.02306,8.57822],[-76.02315,8.5774],[-76.02251,8.57741],[-76.0226,8.57596],[-76.02469,8.57595],[-76.02478,8.57695],[-76.02551,8.57785],[-76.02615,8.5774],[-76.02697,8.57758],[-76.02597,8.57857],[-76.02469,8.57767],[-76.02406,8.5765]]],[[[-76.03978,8.58016],[-76.03842,8.57972],[-76.03896,8.57935],[-76.03969,8.57962],[-76.03951,8.57881],[-76.03987,8.57845],[-76.04087,8.57853],[-76.04087,8.57971],[-76.0416,8.58025],[-76.04141,8.57681],[-76.04323,8.57699],[-76.04522,8.5759],[-76.04613,8.57572],[-76.04677,8.57617],[-76.04731,8.5758],[-76.04759,8.57671],[-76.04524,8.58006],[-76.04396,8.58024],[-76.04478,8.58069],[-76.04388,8.58187],[-76.04315,8.58142],[-76.04279,8.58224],[-76.04161,8.5817],[-76.04143,8.58242],[-76.03843,8.58252],[-76.03842,8.58098],[-76.03915,8.58107],[-76.03978,8.58016]],[[-76.04414,8.57889],[-76.04442,8.57916],[-76.04496,8.57834],[-76.04441,8.57744],[-76.04405,8.57753],[-76.04414,8.57889]]],[[[-76.0356,8.58018],[-76.03524,8.58072],[-76.03552,8.58162],[-76.0347,8.5819],[-76.03406,8.58154],[-76.03452,8.58054],[-76.0356,8.58018]]],[[[-76.03633,8.58117],[-76.03588,8.58072],[-76.03669,8.58008],[-76.03642,8.58072],[-76.03742,8.58098],[-76.03697,8.58126],[-76.03734,8.58225],[-76.03688,8.58252],[-76.03606,8.58153],[-76.03633,8.58117]]],[[[-76.03317,8.58579],[-76.03308,8.58687],[-76.03372,8.58705],[-76.03335,8.58561],[-76.03425,8.58461],[-76.03371,8.58398],[-76.03389,8.58262],[-76.03434,8.58244],[-76.03398,8.58389],[-76.03453,8.58425],[-76.03462,8.58551],[-76.03407,8.58542],[-76.03399,8.58606],[-76.03499,8.58696],[-76.03381,8.58705],[-76.03299,8.58787],[-76.03226,8.5867],[-76.03317,8.58579]]],[[[-76.03354,8.58859],[-76.03345,8.58805],[-76.03508,8.58814],[-76.03553,8.58759],[-76.03681,8.58822],[-76.03699,8.58894],[-76.03572,8.58967],[-76.03354,8.58859]]],[[[-76.02172,8.58817],[-76.02227,8.58808],[-76.02209,8.58763],[-76.02318,8.58762],[-76.023,8.58853],[-76.02227,8.58916],[-76.02218,8.59043],[-76.02172,8.58817]]],[[[-76.02381,8.58826],[-76.02409,8.58952],[-76.025,8.5897],[-76.02564,8.59051],[-76.02427,8.59006],[-76.02373,8.59079],[-76.02373,8.58961],[-76.02327,8.58943],[-76.02381,8.58826]]],[[[-76.03281,8.59013],[-76.033,8.59076],[-76.03227,8.59086],[-76.03173,8.59031],[-76.03181,8.58995],[-76.03281,8.59013]]],[[[-76.03391,8.59139],[-76.034,8.59049],[-76.03436,8.59103],[-76.03554,8.59103],[-76.03609,8.59211],[-76.03391,8.59139]]],[[[-76.02619,8.59268],[-76.02573,8.59277],[-76.02564,8.59105],[-76.02609,8.59051],[-76.02619,8.59268]]],[[[-76.02764,8.59295],[-76.02746,8.5925],[-76.02846,8.59258],[-76.02855,8.59304],[-76.02764,8.59295]]],[[[-76.02637,8.59358],[-76.02592,8.59359],[-76.02574,8.59431],[-76.02537,8.59341],[-76.0261,8.59322],[-76.02637,8.59358]]],[[[-76.03029,8.59737],[-76.03011,8.59611],[-76.03065,8.5962],[-76.03092,8.59547],[-76.03192,8.59511],[-76.03146,8.59466],[-76.03038,8.59556],[-76.03037,8.59412],[-76.02892,8.59394],[-76.02855,8.59322],[-76.03101,8.59294],[-76.03182,8.59095],[-76.03173,8.59303],[-76.03319,8.59302],[-76.03346,8.59411],[-76.0331,8.59501],[-76.03237,8.59502],[-76.03101,8.59647],[-76.03065,8.59746],[-76.03129,8.59818],[-76.03066,8.598],[-76.02993,8.59864],[-76.0303,8.59945],[-76.02939,8.59918],[-76.03029,8.59737]],[[-76.03173,8.59348],[-76.0311,8.59321],[-76.03101,8.59412],[-76.03137,8.5942],[-76.03173,8.59348]]],[[[-76.02456,8.59549],[-76.02456,8.59603],[-76.02547,8.59594],[-76.02547,8.59639],[-76.02429,8.59676],[-76.02356,8.59558],[-76.02456,8.59549]]],[[[-76.02611,8.59874],[-76.02719,8.5944],[-76.02737,8.59385],[-76.02837,8.59385],[-76.02792,8.59557],[-76.02747,8.59584],[-76.02802,8.59666],[-76.02747,8.59729],[-76.02811,8.5991],[-76.0282,8.59756],[-76.0292,8.59756],[-76.02893,8.59909],[-76.0293,8.59964],[-76.02875,8.6],[-76.02802,8.59928],[-76.02702,8.59937],[-76.02703,8.60109],[-76.02585,8.601],[-76.0263,8.60019],[-76.02611,8.59874]]],[[[-76.03493,8.5979],[-76.03602,8.59853],[-76.03575,8.59998],[-76.0353,8.60007],[-76.03448,8.59917],[-76.03493,8.5979]]],[[[-76.02257,8.60002],[-76.02194,8.60029],[-76.02203,8.59975],[-76.02384,8.59965],[-76.02376,8.6001],[-76.02257,8.60002]]],[[[-76.03275,8.60135],[-76.03221,8.60198],[-76.03121,8.60207],[-76.03085,8.60135],[-76.03184,8.60044],[-76.03357,8.60098],[-76.03475,8.60071],[-76.03439,8.60197],[-76.03476,8.60288],[-76.03403,8.60297],[-76.03412,8.60152],[-76.03275,8.60135]]],[[[-76.02639,8.60181],[-76.0264,8.60236],[-76.02576,8.60245],[-76.02595,8.60362],[-76.02504,8.60317],[-76.0254,8.60173],[-76.02639,8.60181]]],[[[-76.03085,8.60235],[-76.03085,8.60316],[-76.02976,8.60307],[-76.0294,8.60253],[-76.03085,8.60235]]],[[[-76.0273,8.60208],[-76.02858,8.60317],[-76.02676,8.60308],[-76.02658,8.60263],[-76.0273,8.60208]]],[[[-76.03603,8.60405],[-76.03504,8.60478],[-76.03404,8.60478],[-76.03476,8.60288],[-76.03558,8.60278],[-76.03549,8.60333],[-76.03603,8.60405]]],[[[-76.03195,8.60524],[-76.03567,8.60532],[-76.03549,8.60604],[-76.03413,8.60568],[-76.03359,8.60659],[-76.03286,8.60632],[-76.03286,8.6075],[-76.03177,8.60741],[-76.03195,8.60524]]],[[[-76.02941,8.6075],[-76.02886,8.60751],[-76.02886,8.60687],[-76.03022,8.6066],[-76.02941,8.6075]]],[[[-76.03398,8.6188],[-76.03434,8.61807],[-76.03498,8.61816],[-76.03499,8.62006],[-76.03444,8.61988],[-76.03471,8.61943],[-76.03398,8.6188]]],[[[-76.03536,8.62295],[-76.03562,8.62096],[-76.03635,8.62051],[-76.03608,8.61951],[-76.03689,8.61951],[-76.03671,8.61879],[-76.03871,8.61887],[-76.03817,8.6205],[-76.04008,8.62014],[-76.03998,8.6195],[-76.03907,8.61924],[-76.03953,8.61887],[-76.04353,8.61904],[-76.04398,8.61976],[-76.0448,8.6194],[-76.0448,8.62031],[-76.04589,8.62066],[-76.04553,8.62157],[-76.04462,8.6213],[-76.04481,8.62193],[-76.04535,8.62202],[-76.04444,8.62266],[-76.04499,8.6241],[-76.04435,8.6232],[-76.04308,8.62375],[-76.0429,8.62302],[-76.04154,8.62393],[-76.04081,8.62348],[-76.04045,8.62412],[-76.03981,8.62348],[-76.04008,8.62285],[-76.03945,8.62267],[-76.03881,8.62385],[-76.03854,8.62313],[-76.03808,8.62331],[-76.03782,8.62557],[-76.03627,8.6253],[-76.03627,8.62494],[-76.03682,8.62512],[-76.03682,8.62458],[-76.03536,8.62295]],[[-76.04045,8.62249],[-76.04035,8.62158],[-76.03981,8.62204],[-76.04045,8.62249]],[[-76.04298,8.62049],[-76.04144,8.62068],[-76.04162,8.62176],[-76.04281,8.62203],[-76.04317,8.62167],[-76.04298,8.62049]]],[[[-76.04345,8.62619],[-76.044,8.626],[-76.04373,8.62555],[-76.04273,8.62583],[-76.04191,8.62511],[-76.04254,8.62411],[-76.04318,8.6242],[-76.04318,8.62501],[-76.044,8.6251],[-76.04436,8.62564],[-76.04437,8.62745],[-76.04364,8.62718],[-76.04345,8.62619]]],[[[-76.03018,8.62532],[-76.03082,8.62532],[-76.03073,8.62658],[-76.02937,8.62632],[-76.03018,8.62532]]],[[[-76.02628,8.6275],[-76.02655,8.6247],[-76.02782,8.62487],[-76.02718,8.62506],[-76.02673,8.62596],[-76.02674,8.62696],[-76.02755,8.62686],[-76.02774,8.62731],[-76.02701,8.62795],[-76.02756,8.62867],[-76.0262,8.62949],[-76.02683,8.62831],[-76.02628,8.6275]]],[[[-76.03973,8.62846],[-76.03919,8.62828],[-76.03928,8.62783],[-76.04028,8.62809],[-76.0401,8.62755],[-76.04055,8.62701],[-76.04237,8.62791],[-76.04137,8.62836],[-76.04164,8.629],[-76.04092,8.63008],[-76.03947,8.62963],[-76.03973,8.62846]]],[[[-76.04264,8.62863],[-76.04201,8.63053],[-76.04192,8.62936],[-76.04264,8.62863]]],[[[-76.02974,8.62921],[-76.02993,8.63029],[-76.02856,8.63012],[-76.02901,8.62912],[-76.02974,8.62921]]],[[[-76.02574,8.62967],[-76.02502,8.63022],[-76.02465,8.62922],[-76.02574,8.62967]]],[[[-76.0402,8.63117],[-76.03956,8.63135],[-76.03947,8.63054],[-76.04047,8.63072],[-76.0402,8.63117]]],[[[-76.03485,8.63833],[-76.03267,8.6387],[-76.03149,8.63798],[-76.03031,8.63843],[-76.02995,8.6378],[-76.03076,8.63762],[-76.03076,8.63725],[-76.03012,8.63689],[-76.02849,8.63726],[-76.02958,8.63599],[-76.02994,8.63662],[-76.03049,8.63644],[-76.03049,8.63599],[-76.02994,8.6359],[-76.0303,8.63545],[-76.03194,8.63544],[-76.0323,8.6349],[-76.03221,8.63418],[-76.03284,8.63345],[-76.03202,8.63318],[-76.03003,8.63509],[-76.02903,8.63491],[-76.02903,8.63455],[-76.03039,8.63427],[-76.02984,8.63283],[-76.03048,8.63301],[-76.03202,8.6321],[-76.03184,8.63101],[-76.02992,8.62903],[-76.0311,8.62866],[-76.03111,8.62993],[-76.03183,8.6302],[-76.03229,8.62983],[-76.03201,8.62875],[-76.03265,8.62857],[-76.0331,8.62757],[-76.03465,8.62883],[-76.03328,8.62893],[-76.03383,8.62974],[-76.03283,8.63056],[-76.03383,8.63055],[-76.03429,8.62992],[-76.03511,8.63037],[-76.03529,8.63326],[-76.03457,8.63327],[-76.03475,8.63254],[-76.03438,8.63254],[-76.03393,8.63336],[-76.03321,8.63354],[-76.03521,8.63372],[-76.03503,8.63453],[-76.0343,8.63462],[-76.03412,8.63526],[-76.03485,8.63525],[-76.03458,8.6367],[-76.0354,8.63824],[-76.0354,8.64005],[-76.03459,8.63996],[-76.03504,8.63932],[-76.03485,8.63833]],[[-76.03348,8.63553],[-76.03221,8.63571],[-76.03176,8.63599],[-76.03167,8.63698],[-76.03112,8.63653],[-76.03076,8.63698],[-76.03267,8.63779],[-76.03249,8.63698],[-76.03348,8.63553]]],[[[-76.03921,8.63678],[-76.04049,8.63768],[-76.03939,8.63588],[-76.03876,8.63588],[-76.03903,8.63651],[-76.03867,8.6366],[-76.03821,8.63561],[-76.0383,8.63524],[-76.03993,8.63506],[-76.04011,8.63379],[-76.03948,8.63343],[-76.04047,8.63298],[-76.04011,8.63171],[-76.0411,8.63072],[-76.0432,8.63134],[-76.04311,8.63243],[-76.04238,8.63252],[-76.04266,8.63361],[-76.04157,8.63415],[-76.0422,8.63442],[-76.04193,8.63551],[-76.04239,8.63605],[-76.04103,8.63687],[-76.04112,8.63768],[-76.04031,8.63813],[-76.04058,8.63877],[-76.03994,8.63886],[-76.04022,8.63822],[-76.0393,8.6375],[-76.03921,8.63678]],[[-76.04147,8.63343],[-76.04175,8.63261],[-76.04102,8.63261],[-76.04075,8.63325],[-76.04147,8.63343]]],[[[-76.04231,8.63894],[-76.04212,8.63822],[-76.04167,8.63867],[-76.04185,8.63921],[-76.04077,8.63985],[-76.04095,8.63922],[-76.04158,8.63903],[-76.04194,8.63641],[-76.0434,8.63803],[-76.04421,8.63803],[-76.04367,8.63849],[-76.04367,8.63975],[-76.04531,8.63984],[-76.04613,8.64011],[-76.04622,8.64038],[-76.04404,8.64075],[-76.04313,8.63921],[-76.04231,8.63894]]],[[[-76.02959,8.64079],[-76.02868,8.63961],[-76.02913,8.63871],[-76.02977,8.63889],[-76.03068,8.64024],[-76.03059,8.64123],[-76.03105,8.64123],[-76.03114,8.64187],[-76.03041,8.64196],[-76.02941,8.64115],[-76.02959,8.64079]]],[[[-76.02305,8.64089],[-76.02486,8.64016],[-76.02577,8.6408],[-76.02423,8.64161],[-76.02423,8.64234],[-76.02296,8.64261],[-76.02205,8.64162],[-76.02214,8.64053],[-76.02305,8.64089]]],[[[-76.0206,8.64162],[-76.02105,8.64235],[-76.02242,8.64243],[-76.02151,8.64262],[-76.02169,8.64343],[-76.0206,8.64262],[-76.0206,8.64162]]],[[[-76.03788,8.64809],[-76.03734,8.64863],[-76.03679,8.64863],[-76.03652,8.64782],[-76.0377,8.64773],[-76.03788,8.64809]]],[[[-76.03707,8.64936],[-76.03815,8.64863],[-76.03852,8.64999],[-76.0377,8.64981],[-76.03707,8.65008],[-76.03752,8.65062],[-76.03507,8.65108],[-76.03516,8.65036],[-76.0358,8.65017],[-76.03561,8.649],[-76.03707,8.64936]]],[[[-76.03116,8.65082],[-76.03162,8.65028],[-76.03225,8.65073],[-76.03452,8.65072],[-76.03353,8.65163],[-76.03116,8.65082]]],[[[-76.03089,8.65218],[-76.03035,8.65218],[-76.03071,8.65127],[-76.03116,8.65136],[-76.03089,8.65218]]],[[[-76.03253,8.65335],[-76.03272,8.65407],[-76.03335,8.65326],[-76.03371,8.65344],[-76.03244,8.65461],[-76.03144,8.6538],[-76.03253,8.65335]]],[[[-76.04135,8.65577],[-76.04236,8.65703],[-76.04336,8.65676],[-76.04163,8.65776],[-76.04063,8.65758],[-76.03991,8.6583],[-76.03854,8.65722],[-76.04135,8.65577]]],[[[-76.03472,8.6575],[-76.03499,8.65605],[-76.03609,8.65641],[-76.03645,8.65551],[-76.03617,8.65506],[-76.03672,8.65496],[-76.03717,8.65587],[-76.03581,8.65678],[-76.03591,8.65777],[-76.03518,8.65759],[-76.03545,8.6585],[-76.03482,8.65922],[-76.03463,8.65786],[-76.03418,8.65868],[-76.034,8.65805],[-76.03472,8.6575]]],[[[-76.03191,8.65769],[-76.03273,8.65787],[-76.03282,8.65932],[-76.03164,8.65923],[-76.03218,8.6585],[-76.03191,8.65769]]],[[[-76.04082,8.65957],[-76.04,8.65948],[-76.04009,8.65893],[-76.04191,8.65956],[-76.04218,8.65884],[-76.04318,8.65902],[-76.04273,8.65947],[-76.04328,8.66019],[-76.04309,8.66065],[-76.042,8.6602],[-76.04128,8.66101],[-76.04064,8.66056],[-76.04082,8.65957]]],[[[-76.03509,8.65994],[-76.03609,8.65985],[-76.03682,8.66039],[-76.03592,8.66121],[-76.0371,8.6612],[-76.03709,8.65949],[-76.03591,8.65877],[-76.03664,8.6584],[-76.037,8.65931],[-76.03764,8.65921],[-76.03846,8.66012],[-76.03918,8.66002],[-76.03892,8.66165],[-76.03846,8.66156],[-76.03837,8.66075],[-76.03665,8.66184],[-76.0351,8.66103],[-76.03509,8.65994]]],[[[-76.04037,8.66192],[-76.03974,8.66264],[-76.03937,8.66201],[-76.03983,8.66156],[-76.04037,8.66192]]],[[[-76.03738,8.6631],[-76.03837,8.66165],[-76.0381,8.66346],[-76.03856,8.66355],[-76.03874,8.66274],[-76.0391,8.66292],[-76.03883,8.664],[-76.03738,8.6631]]],[[[-76.04156,8.66391],[-76.04174,8.66228],[-76.04283,8.66282],[-76.04237,8.66309],[-76.04265,8.66363],[-76.04319,8.66318],[-76.0441,8.66363],[-76.04365,8.66453],[-76.04156,8.66391]]],[[[-76.03274,8.66375],[-76.03256,8.66411],[-76.03183,8.66393],[-76.03165,8.66303],[-76.03274,8.66375]]],[[[-76.03574,8.66446],[-76.03502,8.66456],[-76.03556,8.66383],[-76.03538,8.66302],[-76.03619,8.66338],[-76.03574,8.66446]]],[[[-76.04047,8.66382],[-76.04047,8.66318],[-76.04128,8.66345],[-76.04093,8.66499],[-76.04138,8.66526],[-76.04075,8.66626],[-76.0392,8.66572],[-76.04047,8.66382]]],[[[-76.04229,8.66463],[-76.04329,8.6648],[-76.04365,8.66553],[-76.04293,8.66544],[-76.04256,8.66589],[-76.04193,8.66544],[-76.04229,8.66463]]],[[[-76.03448,8.66727],[-76.03402,8.667],[-76.0342,8.66619],[-76.03466,8.66655],[-76.03448,8.66727]]],[[[-76.0412,8.6668],[-76.04147,8.66589],[-76.04311,8.66679],[-76.04321,8.66833],[-76.04275,8.66888],[-76.04239,8.66897],[-76.04239,8.6677],[-76.04184,8.66761],[-76.0412,8.6668]]],[[[-76.03521,8.67034],[-76.03558,8.67179],[-76.03495,8.67161],[-76.03449,8.67062],[-76.03521,8.67034]]],[[[-76.04285,8.67041],[-76.04312,8.67059],[-76.04276,8.67213],[-76.04185,8.67168],[-76.04285,8.67041]]],[[[-76.03912,8.67106],[-76.0393,8.6706],[-76.04021,8.67087],[-76.04067,8.67196],[-76.0404,8.67286],[-76.03995,8.67268],[-76.03994,8.67169],[-76.03912,8.67106]]],[[[-76.03676,8.6707],[-76.03631,8.67052],[-76.03703,8.67016],[-76.03712,8.67079],[-76.03776,8.67097],[-76.03776,8.67025],[-76.03712,8.66989],[-76.0373,8.66943],[-76.03849,8.6707],[-76.03749,8.67224],[-76.03813,8.67305],[-76.0375,8.6754],[-76.03686,8.67486],[-76.03676,8.6707]]],[[[-76.03486,8.67324],[-76.0344,8.67351],[-76.03413,8.67188],[-76.03467,8.67197],[-76.03486,8.67324]]],[[[-76.03005,8.67515],[-76.03141,8.67506],[-76.03177,8.6746],[-76.03095,8.67361],[-76.03023,8.67379],[-76.03013,8.67316],[-76.03241,8.67334],[-76.03186,8.67496],[-76.03268,8.67569],[-76.03251,8.67686],[-76.03032,8.67687],[-76.02987,8.67633],[-76.03005,8.67515]]],[[[-76.03741,8.67604],[-76.03732,8.67766],[-76.03678,8.67721],[-76.03696,8.67613],[-76.03741,8.67604]]],[[[-76.02443,8.68059],[-76.02507,8.6814],[-76.02434,8.68159],[-76.02425,8.68104],[-76.02361,8.68087],[-76.02443,8.68059]]],[[[-76.03234,8.68238],[-76.03334,8.68265],[-76.03388,8.68183],[-76.03406,8.68183],[-76.03362,8.68409],[-76.03444,8.68463],[-76.03435,8.68545],[-76.03389,8.68563],[-76.03435,8.68518],[-76.03416,8.68473],[-76.03262,8.68473],[-76.03234,8.68238]]],[[[-76.02662,8.68375],[-76.02671,8.68457],[-76.02562,8.68457],[-76.02544,8.68394],[-76.02662,8.68375]]],[[[-76.02998,8.68573],[-76.02917,8.68564],[-76.02935,8.68492],[-76.03007,8.68528],[-76.02998,8.68573]]],[[[-76.03253,8.68545],[-76.03371,8.68545],[-76.03335,8.68608],[-76.03372,8.68726],[-76.03253,8.68681],[-76.03253,8.68545]]],[[[-76.0229,8.68711],[-76.0239,8.68602],[-76.02526,8.68656],[-76.02418,8.68837],[-76.0229,8.68711]]],[[[-76.02136,8.68946],[-76.02208,8.68829],[-76.02309,8.68901],[-76.02291,8.69054],[-76.02218,8.68937],[-76.02136,8.68946]]],[[[-76.027,8.69171],[-76.02636,8.69099],[-76.02745,8.69035],[-76.02699,8.68918],[-76.02817,8.68592],[-76.0288,8.6861],[-76.02853,8.68691],[-76.02899,8.68781],[-76.02944,8.68745],[-76.02899,8.68664],[-76.02917,8.68646],[-76.03108,8.68709],[-76.03135,8.68781],[-76.03345,8.68826],[-76.03181,8.6888],[-76.02982,8.69324],[-76.02946,8.69324],[-76.02973,8.69233],[-76.0291,8.6927],[-76.02873,8.69207],[-76.027,8.69171]]],[[[-76.02373,8.69335],[-76.02319,8.69335],[-76.02355,8.69398],[-76.02283,8.6938],[-76.02301,8.69308],[-76.02391,8.6928],[-76.02373,8.69335]]],[[[-76.02501,8.69398],[-76.02455,8.69425],[-76.02428,8.69416],[-76.02492,8.69352],[-76.02573,8.69361],[-76.02582,8.6928],[-76.02673,8.69207],[-76.02737,8.69225],[-76.02755,8.69325],[-76.02819,8.69297],[-76.02928,8.69351],[-76.02837,8.6937],[-76.02792,8.69442],[-76.02637,8.69442],[-76.02665,8.69542],[-76.02592,8.69614],[-76.0251,8.69587],[-76.02501,8.69398]]],[[[-76.02328,8.6947],[-76.02083,8.69561],[-76.02174,8.69389],[-76.02328,8.6947]]],[[[-76.02529,8.69714],[-76.02438,8.69759],[-76.02456,8.69633],[-76.02511,8.69642],[-76.02529,8.69714]]],[[[-76.01957,8.69887],[-76.02002,8.6977],[-76.02075,8.69751],[-76.02083,8.69652],[-76.02238,8.69688],[-76.02384,8.69796],[-76.02311,8.69886],[-76.0212,8.69769],[-76.02184,8.69842],[-76.0213,8.69896],[-76.0213,8.70004],[-76.02012,8.69978],[-76.02002,8.69896],[-76.01957,8.69887]]],[[[-76.02502,8.69895],[-76.02557,8.69958],[-76.02393,8.6995],[-76.02348,8.69895],[-76.02502,8.69895]]],[[[-76.04267,8.70369],[-76.0433,8.70342],[-76.04422,8.70432],[-76.04313,8.70469],[-76.04267,8.70369]]],[[[-76.02113,9.25913],[-76.02177,9.25895],[-76.02178,9.26084],[-76.02078,9.26175],[-76.02059,9.26022],[-76.02113,9.25913]]],[[[-76.02244,9.30145],[-76.02308,9.30127],[-76.02307,9.30045],[-76.02435,9.30099],[-76.02381,9.30316],[-76.02244,9.30145]]],[[[-76.02126,9.30344],[-76.01908,9.303],[-76.01953,9.30254],[-76.02099,9.30326],[-76.0219,9.3029],[-76.02445,9.30397],[-76.02382,9.30479],[-76.02208,9.30425],[-76.02126,9.30344]]],[[[-76.03506,9.31914],[-76.0356,9.31923],[-76.0357,9.32004],[-76.03634,9.32049],[-76.03598,9.32049],[-76.03506,9.31914]]],[[[-76.02142,9.32506],[-76.02197,9.32641],[-76.02115,9.32632],[-76.02087,9.32524],[-76.02142,9.32506]]],[[[-76.01066,8.21233],[-76.0113,8.2126],[-76.0113,8.21179],[-76.01184,8.21206],[-76.01049,8.21432],[-76.00958,8.21396],[-76.01066,8.21233]]],[[[-76.01696,8.22299],[-76.01695,8.22181],[-76.01641,8.22127],[-76.01695,8.22091],[-76.01704,8.22145],[-76.01813,8.22154],[-76.01804,8.22235],[-76.01868,8.22262],[-76.01905,8.2238],[-76.0185,8.22425],[-76.01541,8.22362],[-76.01696,8.22299]]],[[[-76.01397,8.22544],[-76.01297,8.22535],[-76.01315,8.22499],[-76.01505,8.22471],[-76.01587,8.22534],[-76.01841,8.22434],[-76.0176,8.22579],[-76.01551,8.22579],[-76.01569,8.22652],[-76.01678,8.2267],[-76.01633,8.22724],[-76.01424,8.22706],[-76.01397,8.22544]]],[[[-76.01896,8.22624],[-76.02105,8.22677],[-76.02187,8.22741],[-76.01869,8.22732],[-76.01896,8.22624]]],[[[-76.00943,8.22753],[-76.00843,8.22744],[-76.00789,8.22798],[-76.00843,8.2269],[-76.00943,8.22753]]],[[[-76.0187,8.22904],[-76.01861,8.22986],[-76.01788,8.22959],[-76.01797,8.22877],[-76.0187,8.22904]]],[[[-76.01543,8.2305],[-76.01607,8.23104],[-76.0167,8.23031],[-76.01652,8.22959],[-76.01743,8.22995],[-76.01662,8.23285],[-76.01544,8.23267],[-76.01507,8.23095],[-76.01543,8.2305]]],[[[-76.01843,8.23121],[-76.01825,8.23049],[-76.01852,8.23049],[-76.01843,8.23302],[-76.01771,8.2323],[-76.01843,8.23121]]],[[[-76.01674,8.24433],[-76.01755,8.24379],[-76.01783,8.24433],[-76.01738,8.24587],[-76.01611,8.24632],[-76.01611,8.2456],[-76.01665,8.24524],[-76.01674,8.24433]]],[[[-76.01148,8.24796],[-76.01039,8.24905],[-76.00985,8.24878],[-76.01148,8.24796]]],[[[-76.01639,8.24931],[-76.01584,8.24913],[-76.0162,8.24849],[-76.01684,8.24849],[-76.01639,8.24931]]],[[[-76.01821,8.2503],[-76.01966,8.25156],[-76.01912,8.2531],[-76.01794,8.25292],[-76.01784,8.25084],[-76.01821,8.2503]]],[[[-76.01713,8.25582],[-76.01658,8.25455],[-76.01794,8.25428],[-76.01767,8.25355],[-76.01812,8.25328],[-76.01885,8.25355],[-76.01804,8.25545],[-76.01749,8.25554],[-76.0175,8.25663],[-76.01704,8.25663],[-76.01695,8.256],[-76.01568,8.25636],[-76.01586,8.25573],[-76.01713,8.25582]]],[[[-76.00741,8.25448],[-76.00814,8.25448],[-76.00932,8.2552],[-76.00987,8.25656],[-76.00887,8.25575],[-76.00869,8.25638],[-76.00923,8.25683],[-76.00851,8.25683],[-76.00823,8.25557],[-76.00751,8.2553],[-76.00741,8.25448]]],[[[-76.00942,8.25828],[-76.00915,8.25774],[-76.0096,8.25764],[-76.0097,8.25963],[-76.01024,8.26008],[-76.00961,8.26045],[-76.00915,8.26009],[-76.00897,8.25873],[-76.00942,8.25828]]],[[[-76.01224,8.26062],[-76.01188,8.25999],[-76.01287,8.25999],[-76.01224,8.26062]]],[[[-76.01043,8.26153],[-76.00979,8.2609],[-76.01097,8.2599],[-76.01151,8.26053],[-76.0107,8.26054],[-76.01079,8.26099],[-76.01333,8.26098],[-76.0136,8.2617],[-76.01479,8.26215],[-76.01415,8.26297],[-76.01406,8.26206],[-76.01043,8.26153]]],[[[-76.01615,8.26242],[-76.01642,8.26323],[-76.01597,8.26405],[-76.01534,8.26414],[-76.01515,8.26369],[-76.01615,8.26242]]],[[[-76.01724,8.26332],[-76.01742,8.2645],[-76.01806,8.26504],[-76.01652,8.26613],[-76.01624,8.26405],[-76.01724,8.26332]]],[[[-76.01879,8.2663],[-76.01807,8.26829],[-76.01761,8.26739],[-76.0177,8.26667],[-76.01879,8.2663]]],[[[-76.01889,8.27019],[-76.01762,8.27065],[-76.0158,8.26993],[-76.01671,8.26848],[-76.01725,8.26875],[-76.01789,8.2683],[-76.01889,8.27019]]],[[[-76.00854,8.27112],[-76.00863,8.27049],[-76.00954,8.27076],[-76.00999,8.27003],[-76.01063,8.27076],[-76.01018,8.27175],[-76.00972,8.27103],[-76.00854,8.27112]]],[[[-76.01512,8.28449],[-76.01557,8.28494],[-76.01684,8.28494],[-76.01711,8.28449],[-76.01557,8.28386],[-76.01565,8.28178],[-76.01411,8.28178],[-76.01375,8.28133],[-76.01483,8.28078],[-76.01465,8.27979],[-76.01601,8.28006],[-76.0161,8.2806],[-76.01683,8.28042],[-76.01683,8.27915],[-76.01592,8.27897],[-76.01628,8.27816],[-76.01591,8.27753],[-76.01637,8.27725],[-76.0171,8.27761],[-76.01782,8.27698],[-76.01782,8.27589],[-76.01709,8.27635],[-76.01673,8.27562],[-76.017,8.27526],[-76.01763,8.27553],[-76.01863,8.27381],[-76.0179,8.27264],[-76.01708,8.27228],[-76.01654,8.27282],[-76.01645,8.27237],[-76.01708,8.27146],[-76.01899,8.27101],[-76.01953,8.27209],[-76.01908,8.2729],[-76.0199,8.27363],[-76.01927,8.27489],[-76.01827,8.27499],[-76.01891,8.2767],[-76.0181,8.27833],[-76.01737,8.27879],[-76.01737,8.28005],[-76.01828,8.28059],[-76.01792,8.28195],[-76.01738,8.28222],[-76.01775,8.2862],[-76.01721,8.28639],[-76.01702,8.28548],[-76.01584,8.28566],[-76.01512,8.28449]]],[[[-76.01256,8.27871],[-76.01419,8.27907],[-76.01456,8.27979],[-76.01256,8.27871]]],[[[-76.01576,8.28946],[-76.0154,8.28983],[-76.01476,8.28892],[-76.01558,8.28892],[-76.01576,8.28946]]],[[[-76.01086,8.28948],[-76.0114,8.28911],[-76.01141,8.29029],[-76.01086,8.29056],[-76.0115,8.29092],[-76.01096,8.29138],[-76.01005,8.29111],[-76.01086,8.28948]]],[[[-76.01386,8.28974],[-76.01458,8.2892],[-76.01422,8.2901],[-76.01513,8.29001],[-76.01531,8.2901],[-76.01413,8.29146],[-76.01359,8.29146],[-76.01413,8.29046],[-76.01386,8.28974]]],[[[-76.01473,8.34807],[-76.01519,8.34699],[-76.01618,8.34671],[-76.01692,8.34906],[-76.01628,8.34915],[-76.0161,8.3478],[-76.01473,8.34807]]],[[[-76.01147,8.34835],[-76.0121,8.34844],[-76.01237,8.3479],[-76.01219,8.34754],[-76.01147,8.34808],[-76.01146,8.34727],[-76.01246,8.34717],[-76.0121,8.34636],[-76.01337,8.34618],[-76.01364,8.34807],[-76.01283,8.34943],[-76.01301,8.35007],[-76.01238,8.35016],[-76.01238,8.35133],[-76.01102,8.3507],[-76.01147,8.34835]]],[[[-76.01392,8.35088],[-76.01356,8.35097],[-76.01338,8.35016],[-76.01392,8.3497],[-76.01392,8.35088]]],[[[-76.01166,8.35143],[-76.01211,8.35206],[-76.01184,8.35305],[-76.01102,8.35269],[-76.01166,8.35143]]],[[[-76.01802,8.35268],[-76.01801,8.35186],[-76.01892,8.35177],[-76.0191,8.3524],[-76.01802,8.35268]]],[[[-76.0172,8.35367],[-76.01856,8.35376],[-76.01838,8.35475],[-76.01884,8.35539],[-76.01729,8.35476],[-76.0172,8.35367]]],[[[-76.01312,8.35522],[-76.01385,8.35603],[-76.01112,8.35667],[-76.01121,8.35568],[-76.01312,8.35522]]],[[[-76.01839,8.35747],[-76.01857,8.35683],[-76.02229,8.35547],[-76.02174,8.35484],[-76.02283,8.35393],[-76.02256,8.35574],[-76.02166,8.35619],[-76.0213,8.35791],[-76.01839,8.35747]]],[[[-76.01013,8.35993],[-76.0095,8.36057],[-76.00932,8.35993],[-76.00986,8.35912],[-76.01013,8.35993]]],[[[-76.0105,8.35984],[-76.01095,8.35966],[-76.01123,8.36092],[-76.01195,8.36146],[-76.01132,8.36174],[-76.01032,8.36074],[-76.0105,8.35984]]],[[[-76.02033,8.37031],[-76.02024,8.37076],[-76.01915,8.37031],[-76.02033,8.37031]]],[[[-76.01861,8.37338],[-76.0187,8.37257],[-76.01798,8.37312],[-76.01743,8.37221],[-76.02006,8.37175],[-76.02088,8.3732],[-76.02079,8.37356],[-76.01998,8.37356],[-76.02043,8.37483],[-76.0188,8.37519],[-76.01871,8.37456],[-76.01943,8.37429],[-76.01861,8.37338]]],[[[-76.01472,8.3762],[-76.01544,8.37602],[-76.01508,8.37774],[-76.01408,8.37692],[-76.01472,8.3762]]],[[[-76.01744,8.37774],[-76.01794,8.37728],[-76.02153,8.37749],[-76.01808,8.37773],[-76.01826,8.37845],[-76.01899,8.37881],[-76.01918,8.3799],[-76.01754,8.37863],[-76.01744,8.37774]]],[[[-76.01555,8.38081],[-76.01527,8.37936],[-76.01536,8.37801],[-76.01608,8.37746],[-76.01563,8.37954],[-76.01636,8.38153],[-76.01727,8.38216],[-76.01673,8.38207],[-76.01555,8.38081]]],[[[-76.019,8.38333],[-76.01737,8.38216],[-76.02164,8.38382],[-76.02182,8.38432],[-76.019,8.38333]]],[[[-76.01647,8.3856],[-76.01556,8.38596],[-76.01529,8.3856],[-76.01574,8.38488],[-76.0151,8.38434],[-76.01592,8.38424],[-76.01683,8.38497],[-76.01729,8.38714],[-76.01629,8.38641],[-76.01647,8.3856]]],[[[-76.01987,8.38641],[-76.02119,8.38685],[-76.02247,8.38649],[-76.02255,8.38658],[-76.0211,8.38713],[-76.01987,8.38641]]],[[[-76.01056,8.38571],[-76.01101,8.3848],[-76.01174,8.3848],[-76.01129,8.38552],[-76.01302,8.38787],[-76.0132,8.38877],[-76.01248,8.38869],[-76.01056,8.38571]]],[[[-76.01293,8.38932],[-76.01393,8.38922],[-76.01439,8.39013],[-76.01475,8.39004],[-76.01457,8.38922],[-76.01511,8.38949],[-76.0153,8.39031],[-76.01448,8.39058],[-76.01448,8.3913],[-76.01383,8.39121],[-76.01293,8.38932]]],[[[-76.02066,8.39002],[-76.02129,8.38921],[-76.02211,8.3892],[-76.02156,8.38957],[-76.02166,8.39083],[-76.02075,8.39129],[-76.02039,8.39228],[-76.02011,8.39147],[-76.02084,8.39111],[-76.02066,8.39002]]],[[[-76.01894,8.39455],[-76.01839,8.39392],[-76.01912,8.39247],[-76.01948,8.39292],[-76.01912,8.39346],[-76.01994,8.39364],[-76.01967,8.39554],[-76.01813,8.39518],[-76.01831,8.39446],[-76.01894,8.39455]]],[[[-76.0159,8.39564],[-76.01577,8.39654],[-76.01722,8.39591],[-76.01731,8.3969],[-76.01677,8.3979],[-76.01586,8.39781],[-76.0155,8.39664],[-76.0159,8.39564]]],[[[-76.01787,8.40251],[-76.01733,8.4017],[-76.01614,8.40179],[-76.01623,8.40061],[-76.01723,8.39953],[-76.01705,8.39889],[-76.01759,8.39889],[-76.01723,8.39826],[-76.01786,8.396],[-76.01858,8.39581],[-76.0194,8.39663],[-76.01904,8.39853],[-76.01795,8.39871],[-76.01886,8.39934],[-76.01878,8.40205],[-76.01851,8.40323],[-76.01687,8.40305],[-76.01696,8.40269],[-76.01787,8.40251]]],[[[-76.00869,8.40036],[-76.00889,8.39991],[-76.01096,8.39954],[-76.00869,8.40036]]],[[[-76.01451,8.40324],[-76.01379,8.40324],[-76.01379,8.4027],[-76.01569,8.40279],[-76.01352,8.40451],[-76.01352,8.40487],[-76.01443,8.40469],[-76.01361,8.40568],[-76.01316,8.40469],[-76.01243,8.40478],[-76.01451,8.40324]]],[[[-76.01179,8.40424],[-76.01197,8.40469],[-76.01098,8.4047],[-76.01097,8.40397],[-76.01179,8.40424]]],[[[-76.01894,8.40567],[-76.0176,8.40432],[-76.01888,8.40468],[-76.01979,8.40594],[-76.01949,8.40621],[-76.01894,8.40567]]],[[[-76.00898,8.40461],[-76.00979,8.40416],[-76.01279,8.4056],[-76.01198,8.40551],[-76.01134,8.40705],[-76.01089,8.40705],[-76.01043,8.40542],[-76.00898,8.40461]]],[[[-76.0079,8.40887],[-76.01026,8.4094],[-76.0138,8.40749],[-76.01589,8.40487],[-76.01773,8.40486],[-76.01788,8.40509],[-76.01679,8.40504],[-76.01606,8.40577],[-76.01416,8.40876],[-76.01444,8.4093],[-76.01371,8.40894],[-76.01353,8.40939],[-76.01081,8.41003],[-76.0079,8.40887]]],[[[-76.01989,8.41137],[-76.01727,8.4149],[-76.02013,8.40883],[-76.01989,8.41137]]],[[[-76.00847,8.41902],[-76.01618,8.41608],[-76.01691,8.41544],[-76.016,8.41671],[-76.01246,8.41853],[-76.00865,8.41954],[-76.00757,8.42053],[-76.00748,8.42162],[-76.00756,8.42001],[-76.00847,8.41902]]],[[[-76.01038,8.42107],[-76.01075,8.42279],[-76.00966,8.42225],[-76.01038,8.42107]]],[[[-76.01639,8.42512],[-76.01439,8.42486],[-76.01393,8.42459],[-76.01429,8.42341],[-76.0132,8.42359],[-76.01311,8.42287],[-76.01184,8.42251],[-76.01284,8.42142],[-76.01366,8.42278],[-76.01584,8.42332],[-76.0162,8.42304],[-76.01583,8.42223],[-76.01493,8.42223],[-76.01502,8.42133],[-76.01565,8.42078],[-76.01629,8.42178],[-76.01701,8.42196],[-76.01639,8.42512]]],[[[-76.01039,8.4236],[-76.01139,8.42306],[-76.0123,8.42378],[-76.01311,8.42377],[-76.01248,8.42495],[-76.0113,8.42486],[-76.01039,8.4236]]],[[[-76.01157,8.42568],[-76.01312,8.42558],[-76.01348,8.42631],[-76.01249,8.42667],[-76.01157,8.42568]]],[[[-76.01412,8.42594],[-76.01521,8.42531],[-76.01566,8.42639],[-76.01458,8.42694],[-76.01494,8.42829],[-76.0144,8.42856],[-76.0144,8.42911],[-76.01367,8.42766],[-76.01412,8.42594]]],[[[-76.01831,8.43172],[-76.01886,8.43244],[-76.01877,8.43344],[-76.01695,8.43254],[-76.01831,8.43172]]],[[[-76.01686,8.43371],[-76.01523,8.43327],[-76.01559,8.43245],[-76.01686,8.43263],[-76.01786,8.43362],[-76.01759,8.43443],[-76.01687,8.43426],[-76.01705,8.43471],[-76.01759,8.43453],[-76.01769,8.43525],[-76.01623,8.43444],[-76.01596,8.43525],[-76.01669,8.43543],[-76.01542,8.43625],[-76.01559,8.43435],[-76.01686,8.43371]]],[[[-76.02132,8.4375],[-76.02178,8.43696],[-76.02069,8.43651],[-76.01996,8.43687],[-76.01987,8.43624],[-76.0205,8.43605],[-76.02041,8.43506],[-76.02095,8.43497],[-76.02141,8.43406],[-76.02068,8.43271],[-76.02176,8.43225],[-76.02214,8.43578],[-76.0215,8.43632],[-76.02205,8.4365],[-76.02232,8.43732],[-76.02224,8.43958],[-76.02106,8.43922],[-76.0216,8.43858],[-76.02132,8.4375]]],[[[-76.01923,8.43633],[-76.01878,8.43687],[-76.01805,8.43597],[-76.01859,8.4357],[-76.01923,8.43633]]],[[[-76.0137,8.44041],[-76.01343,8.44096],[-76.01315,8.43942],[-76.01361,8.4396],[-76.0137,8.44041]]],[[[-76.0107,8.44042],[-76.00898,8.44097],[-76.00952,8.44046],[-76.01102,8.43988],[-76.0107,8.44042]]],[[[-76.01417,8.4443],[-76.01362,8.4443],[-76.01353,8.44476],[-76.01308,8.44449],[-76.01362,8.44421],[-76.01326,8.44322],[-76.01407,8.4424],[-76.01552,8.4424],[-76.0157,8.44131],[-76.01452,8.44059],[-76.01506,8.43996],[-76.01442,8.43878],[-76.01515,8.4386],[-76.01451,8.43797],[-76.01506,8.4367],[-76.01633,8.43751],[-76.01579,8.43869],[-76.01642,8.43869],[-76.0166,8.43778],[-76.01751,8.43796],[-76.01724,8.43932],[-76.01806,8.43995],[-76.01843,8.44158],[-76.01952,8.44185],[-76.0207,8.44139],[-76.02033,8.44076],[-76.02079,8.43985],[-76.02142,8.44003],[-76.0217,8.44085],[-76.02215,8.43994],[-76.0226,8.44012],[-76.02279,8.44166],[-76.02206,8.44229],[-76.02297,8.4431],[-76.02262,8.44491],[-76.02298,8.44536],[-76.0218,8.44491],[-76.02171,8.44573],[-76.0208,8.44591],[-76.02071,8.44736],[-76.02008,8.44637],[-76.01998,8.4451],[-76.02034,8.44465],[-76.02107,8.44528],[-76.02107,8.44465],[-76.02016,8.44429],[-76.02007,8.44338],[-76.01934,8.44347],[-76.01789,8.44239],[-76.01707,8.44285],[-76.01752,8.4433],[-76.01716,8.44429],[-76.01616,8.44339],[-76.01462,8.44358],[-76.01435,8.44421],[-76.01489,8.44448],[-76.01453,8.44502],[-76.01544,8.44565],[-76.01535,8.44647],[-76.01463,8.44638],[-76.01408,8.4453],[-76.01417,8.4443]],[[-76.01543,8.44005],[-76.01607,8.44185],[-76.01679,8.44122],[-76.01543,8.44005]],[[-76.01706,8.43977],[-76.0167,8.43986],[-76.01697,8.44077],[-76.01743,8.4404],[-76.01706,8.43977]]],[[[-76.00998,8.44106],[-76.0118,8.44241],[-76.01116,8.44069],[-76.01234,8.43969],[-76.01279,8.44014],[-76.01243,8.44078],[-76.01352,8.44159],[-76.01298,8.44304],[-76.01198,8.44259],[-76.01189,8.44322],[-76.01062,8.44422],[-76.01062,8.44341],[-76.01026,8.44341],[-76.00962,8.44395],[-76.01026,8.44458],[-76.00836,8.44576],[-76.00808,8.44513],[-76.00998,8.44106]]],[[[-76.01971,8.44655],[-76.0189,8.44709],[-76.01917,8.44583],[-76.01971,8.44655]]],[[[-76.01599,8.4452],[-76.01681,8.44647],[-76.01635,8.44728],[-76.01663,8.448],[-76.01745,8.44809],[-76.01718,8.44918],[-76.01626,8.44764],[-76.01517,8.44719],[-76.01535,8.44647],[-76.01608,8.44629],[-76.01571,8.44574],[-76.01599,8.4452]]],[[[-76.017,8.45162],[-76.01745,8.45099],[-76.01663,8.4499],[-76.01808,8.44881],[-76.01818,8.44963],[-76.01872,8.44963],[-76.0189,8.44899],[-76.01963,8.44908],[-76.01891,8.45098],[-76.01936,8.45152],[-76.02,8.45107],[-76.02009,8.4517],[-76.017,8.45162]],[[-76.01791,8.45089],[-76.01836,8.45125],[-76.01882,8.45053],[-76.018,8.45017],[-76.01791,8.45089]]],[[[-76.01982,8.45234],[-76.02064,8.45179],[-76.02027,8.45007],[-76.02072,8.44989],[-76.02127,8.45125],[-76.02073,8.45423],[-76.02001,8.45405],[-76.02046,8.45315],[-76.01982,8.45234]]],[[[-76.01938,8.45767],[-76.01947,8.45849],[-76.01993,8.45849],[-76.01956,8.45722],[-76.01992,8.45541],[-76.02037,8.45541],[-76.02029,8.45867],[-76.01857,8.45939],[-76.0182,8.45903],[-76.01938,8.45767]]],[[[-76.0093,8.45833],[-76.00939,8.45878],[-76.00803,8.45978],[-76.00821,8.45815],[-76.0093,8.45833]]],[[[-76.01884,8.46138],[-76.01866,8.4622],[-76.0183,8.4612],[-76.01775,8.46111],[-76.01784,8.46066],[-76.01884,8.46138]]],[[[-76.00904,8.46521],[-76.0085,8.46448],[-76.00904,8.46403],[-76.00977,8.4643],[-76.00995,8.4634],[-76.01067,8.46376],[-76.01149,8.46285],[-76.01312,8.46248],[-76.01222,8.46402],[-76.01131,8.46393],[-76.01168,8.46448],[-76.01095,8.46448],[-76.01104,8.46556],[-76.00996,8.46638],[-76.0095,8.46593],[-76.00995,8.46466],[-76.00904,8.46521]]],[[[-76.01394,8.46284],[-76.0144,8.46257],[-76.01468,8.46537],[-76.01604,8.466],[-76.01631,8.46672],[-76.01413,8.46565],[-76.01332,8.46619],[-76.01313,8.46529],[-76.01349,8.46438],[-76.01431,8.46411],[-76.01394,8.46284]],[[-76.0144,8.46537],[-76.01458,8.46447],[-76.01404,8.46429],[-76.01349,8.46492],[-76.0144,8.46537]]],[[[-76.01341,8.46773],[-76.01214,8.46782],[-76.01232,8.46674],[-76.01341,8.46773]]],[[[-76.01168,8.46764],[-76.01132,8.46809],[-76.01032,8.46737],[-76.01059,8.46665],[-76.01168,8.46764]]],[[[-76.00842,8.46964],[-76.00924,8.46955],[-76.00905,8.46864],[-76.00969,8.46873],[-76.00932,8.46801],[-76.00987,8.4671],[-76.01032,8.46819],[-76.01123,8.46873],[-76.01096,8.46972],[-76.0106,8.46972],[-76.01078,8.47045],[-76.00951,8.47081],[-76.00842,8.46964]]],[[[-76.01224,8.47198],[-76.01133,8.47189],[-76.01214,8.46873],[-76.01305,8.46836],[-76.0145,8.4689],[-76.01496,8.46854],[-76.01614,8.46872],[-76.0165,8.46953],[-76.01569,8.46953],[-76.01605,8.47025],[-76.0156,8.4708],[-76.01469,8.47017],[-76.0156,8.46962],[-76.01496,8.46917],[-76.0136,8.47062],[-76.01406,8.47207],[-76.0146,8.47243],[-76.01415,8.47351],[-76.01224,8.47198]]],[[[-76.0097,8.47144],[-76.00888,8.47172],[-76.00842,8.47136],[-76.00933,8.4709],[-76.0097,8.47144]]],[[[-76.01742,8.47206],[-76.01778,8.47269],[-76.01715,8.47369],[-76.01815,8.47405],[-76.0167,8.4745],[-76.01642,8.47287],[-76.01742,8.47206]]],[[[-76.01098,8.47443],[-76.01134,8.4756],[-76.01044,8.47633],[-76.00998,8.47506],[-76.01098,8.47443]]],[[[-76.01797,8.47486],[-76.01852,8.47468],[-76.01915,8.47576],[-76.01888,8.47676],[-76.01925,8.47739],[-76.01852,8.47748],[-76.01825,8.47676],[-76.01716,8.47685],[-76.01797,8.47486]]],[[[-76.01098,8.47714],[-76.01171,8.4765],[-76.01199,8.47904],[-76.01126,8.47895],[-76.01098,8.47714]]],[[[-76.01399,8.47903],[-76.01453,8.47966],[-76.01472,8.48075],[-76.01399,8.48048],[-76.01399,8.47903]]],[[[-76.01499,8.48165],[-76.01418,8.48274],[-76.01381,8.48129],[-76.01499,8.48165]]],[[[-76.01638,8.49196],[-76.01638,8.49069],[-76.01556,8.48934],[-76.01456,8.48898],[-76.01528,8.48807],[-76.01509,8.48581],[-76.01664,8.48517],[-76.017,8.48526],[-76.01691,8.48608],[-76.01818,8.48707],[-76.01828,8.48797],[-76.01928,8.4877],[-76.01873,8.48842],[-76.01928,8.48942],[-76.01919,8.49086],[-76.01811,8.49295],[-76.01829,8.4934],[-76.01638,8.49196]]],[[[-76.00848,8.49442],[-76.00894,8.49487],[-76.00985,8.49387],[-76.00948,8.4936],[-76.00867,8.49424],[-76.00794,8.49352],[-76.00911,8.49207],[-76.00911,8.49134],[-76.00848,8.49116],[-76.00802,8.49008],[-76.01047,8.48863],[-76.0112,8.48989],[-76.0122,8.49052],[-76.01184,8.4907],[-76.01175,8.49242],[-76.01093,8.49279],[-76.01139,8.49387],[-76.01057,8.49387],[-76.01076,8.49441],[-76.01057,8.49496],[-76.00994,8.49505],[-76.01021,8.49586],[-76.00985,8.49623],[-76.00876,8.49605],[-76.00821,8.49478],[-76.00848,8.49442]]],[[[-76.01221,8.49459],[-76.01049,8.49577],[-76.01067,8.49496],[-76.01221,8.49459]]],[[[-76.0162,8.49395],[-76.01711,8.49413],[-76.01702,8.4934],[-76.01757,8.49349],[-76.01821,8.49503],[-76.01676,8.49892],[-76.01585,8.49901],[-76.01539,8.49675],[-76.0162,8.49395]]],[[[-76.01222,8.49966],[-76.01304,8.49866],[-76.01367,8.49866],[-76.01313,8.49929],[-76.01368,8.50038],[-76.01368,8.50182],[-76.01305,8.50237],[-76.01222,8.49966]]],[[[-76.01568,8.50245],[-76.01641,8.502],[-76.01695,8.50019],[-76.01795,8.50244],[-76.01723,8.50353],[-76.01659,8.5029],[-76.01587,8.50326],[-76.01568,8.50245]]],[[[-76.01868,8.50181],[-76.01959,8.50181],[-76.02068,8.50289],[-76.02014,8.50352],[-76.01805,8.50317],[-76.01868,8.50181]]],[[[-76.02096,8.50696],[-76.0206,8.50777],[-76.01951,8.50732],[-76.02005,8.50687],[-76.02096,8.50696]]],[[[-76.02061,8.51103],[-76.0187,8.51085],[-76.01879,8.51167],[-76.01798,8.51149],[-76.0178,8.51203],[-76.01725,8.51113],[-76.01761,8.51049],[-76.01861,8.51085],[-76.01861,8.50923],[-76.02079,8.51021],[-76.02024,8.5085],[-76.02078,8.50823],[-76.02206,8.51084],[-76.02088,8.51121],[-76.02098,8.51275],[-76.02007,8.51311],[-76.01952,8.51275],[-76.02061,8.51103]]],[[[-76.01262,8.5134],[-76.01426,8.51521],[-76.01199,8.51512],[-76.01135,8.51476],[-76.01135,8.51422],[-76.01262,8.5134]]],[[[-76.00811,8.52436],[-76.00902,8.52472],[-76.0092,8.52571],[-76.00811,8.52436]]],[[[-76.01202,8.52697],[-76.01148,8.52688],[-76.01121,8.52742],[-76.01093,8.52598],[-76.01202,8.52697]]],[[[-76.01212,8.52905],[-76.01248,8.53013],[-76.01194,8.53059],[-76.01103,8.53041],[-76.01075,8.52887],[-76.01212,8.52905]]],[[[-76.00996,8.53737],[-76.00987,8.53846],[-76.00942,8.53864],[-76.00769,8.53829],[-76.00742,8.53765],[-76.00669,8.53856],[-76.00596,8.53739],[-76.00605,8.53603],[-76.00687,8.53566],[-76.00623,8.5344],[-76.00759,8.53295],[-76.00986,8.53285],[-76.01013,8.53222],[-76.0094,8.53213],[-76.00931,8.53168],[-76.00994,8.53104],[-76.01149,8.53194],[-76.01067,8.53213],[-76.01113,8.53321],[-76.01176,8.53303],[-76.01167,8.53222],[-76.01222,8.53249],[-76.0125,8.53583],[-76.01295,8.53628],[-76.01214,8.53683],[-76.01241,8.53737],[-76.01178,8.53773],[-76.01187,8.53864],[-76.01151,8.53882],[-76.01023,8.53855],[-76.01032,8.53746],[-76.00996,8.53737]],[[-76.00877,8.53457],[-76.00759,8.53358],[-76.00786,8.53485],[-76.00932,8.53701],[-76.01014,8.5371],[-76.00877,8.53457]]],[[[-76.01006,8.54036],[-76.01015,8.53918],[-76.01069,8.53936],[-76.01006,8.54036]]],[[[-76.00897,8.5419],[-76.00906,8.54081],[-76.00951,8.5409],[-76.00924,8.54208],[-76.00897,8.5419]]],[[[-76.01016,8.54361],[-76.01025,8.54416],[-76.00898,8.54398],[-76.00898,8.54353],[-76.01016,8.54361]]],[[[-76.00798,8.54443],[-76.00961,8.54443],[-76.00935,8.54588],[-76.00898,8.54588],[-76.0088,8.54488],[-76.00825,8.54543],[-76.00798,8.54443]]],[[[-76.00944,8.54886],[-76.00981,8.54823],[-76.00899,8.54832],[-76.00944,8.5476],[-76.0088,8.54733],[-76.0088,8.54633],[-76.01026,8.54687],[-76.0099,8.54778],[-76.01053,8.54777],[-76.0108,8.54605],[-76.01025,8.54588],[-76.01007,8.54515],[-76.01061,8.54479],[-76.01116,8.54596],[-76.0118,8.54479],[-76.01143,8.54379],[-76.0107,8.54416],[-76.0107,8.54334],[-76.01116,8.54334],[-76.01234,8.54415],[-76.01225,8.54488],[-76.01271,8.54524],[-76.01244,8.54686],[-76.01099,8.54786],[-76.01126,8.54931],[-76.01081,8.54931],[-76.01053,8.54859],[-76.00981,8.54913],[-76.00944,8.54886]]],[[[-76.01989,8.54847],[-76.01907,8.54811],[-76.01925,8.54757],[-76.01989,8.54847]]],[[[-76.01617,8.5483],[-76.01653,8.54984],[-76.0159,8.54957],[-76.01617,8.5483]]],[[[-76.02136,8.55227],[-76.02044,8.55128],[-76.02017,8.55182],[-76.01926,8.55155],[-76.01836,8.55191],[-76.01817,8.5511],[-76.01727,8.55174],[-76.0159,8.55047],[-76.01644,8.54993],[-76.01744,8.55038],[-76.01744,8.55083],[-76.01835,8.55029],[-76.01853,8.55074],[-76.01953,8.55083],[-76.01962,8.55019],[-76.01871,8.54974],[-76.0188,8.54902],[-76.01953,8.54938],[-76.02071,8.54802],[-76.02071,8.54883],[-76.02171,8.54883],[-76.02225,8.54756],[-76.02325,8.54738],[-76.02307,8.54801],[-76.02225,8.5481],[-76.02271,8.54937],[-76.02162,8.54955],[-76.02308,8.55073],[-76.02362,8.55072],[-76.02362,8.54991],[-76.02417,8.54991],[-76.02362,8.55118],[-76.02444,8.55154],[-76.02508,8.55117],[-76.02526,8.5519],[-76.02245,8.55245],[-76.02199,8.55127],[-76.02136,8.55227]]],[[[-76.00846,8.55366],[-76.009,8.55284],[-76.00818,8.55294],[-76.00782,8.55131],[-76.00891,8.55221],[-76.00982,8.5523],[-76.00982,8.55338],[-76.01073,8.55447],[-76.01064,8.55501],[-76.00955,8.55474],[-76.0091,8.5551],[-76.00909,8.55366],[-76.00846,8.55366]]],[[[-76.02123,8.57488],[-76.01978,8.57506],[-76.02005,8.57452],[-76.02096,8.57443],[-76.02123,8.57488]]],[[[-76.0206,8.57569],[-76.02006,8.57642],[-76.01906,8.57597],[-76.01915,8.57534],[-76.0206,8.57569]]],[[[-76.01526,8.5833],[-76.01617,8.5833],[-76.01581,8.58493],[-76.0149,8.58457],[-76.01526,8.5833]]],[[[-76.01363,8.5853],[-76.01399,8.58466],[-76.01427,8.58566],[-76.01481,8.58566],[-76.01536,8.58638],[-76.01627,8.58629],[-76.01618,8.58701],[-76.01363,8.5853]]],[[[-76.01745,8.5871],[-76.017,8.58764],[-76.0169,8.58656],[-76.01745,8.5871]]],[[[-76.01564,8.59009],[-76.01464,8.59],[-76.01518,8.58918],[-76.01564,8.59009]]],[[[-76.01828,8.59198],[-76.0181,8.59361],[-76.01765,8.5927],[-76.01783,8.59189],[-76.01828,8.59198]]],[[[-76.01701,8.5928],[-76.01738,8.59379],[-76.0162,8.59379],[-76.01701,8.5928]]],[[[-76.01883,8.59415],[-76.02046,8.59252],[-76.02119,8.59251],[-76.02119,8.59297],[-76.02056,8.59288],[-76.02047,8.59333],[-76.02192,8.59414],[-76.0231,8.59405],[-76.0231,8.59486],[-76.02256,8.59522],[-76.02111,8.59496],[-76.02119,8.59405],[-76.01883,8.59415]]],[[[-76.0122,8.59561],[-76.01139,8.59616],[-76.01084,8.59553],[-76.00948,8.59553],[-76.0073,8.59599],[-76.00766,8.59517],[-76.00702,8.59581],[-76.00657,8.59463],[-76.00702,8.59391],[-76.00683,8.593],[-76.00802,8.59264],[-76.00856,8.59309],[-76.00865,8.59164],[-76.0091,8.59137],[-76.00965,8.59155],[-76.00956,8.59209],[-76.01047,8.59227],[-76.01074,8.59317],[-76.01011,8.59299],[-76.01011,8.59345],[-76.01092,8.59335],[-76.01156,8.59281],[-76.01292,8.59308],[-76.01383,8.59244],[-76.01456,8.59344],[-76.01329,8.59308],[-76.01302,8.59489],[-76.01348,8.59588],[-76.01466,8.59561],[-76.01466,8.59597],[-76.01357,8.59696],[-76.01221,8.59742],[-76.01348,8.5966],[-76.01302,8.59579],[-76.0122,8.59561]]],[[[-76.01938,8.5965],[-76.01911,8.59704],[-76.01847,8.59623],[-76.01856,8.59569],[-76.01938,8.5965]]],[[[-76.01075,8.59607],[-76.01084,8.59697],[-76.00975,8.59688],[-76.00884,8.59625],[-76.01075,8.59607]]],[[[-76.01841,8.60428],[-76.01741,8.60437],[-76.01686,8.60356],[-76.01731,8.60247],[-76.01667,8.60256],[-76.01658,8.60193],[-76.01613,8.60202],[-76.01604,8.60284],[-76.01567,8.60275],[-76.01567,8.60166],[-76.01513,8.60148],[-76.01531,8.60058],[-76.01376,8.5985],[-76.01176,8.5986],[-76.01176,8.59806],[-76.01375,8.59814],[-76.01402,8.59687],[-76.01475,8.59741],[-76.01611,8.59732],[-76.01611,8.59623],[-76.01675,8.59641],[-76.01765,8.59505],[-76.01775,8.59605],[-76.0172,8.59614],[-76.01757,8.59686],[-76.01621,8.59732],[-76.01566,8.59886],[-76.0163,8.59913],[-76.01603,8.60012],[-76.01667,8.59958],[-76.01739,8.59967],[-76.01703,8.60012],[-76.01721,8.60048],[-76.01803,8.59994],[-76.01657,8.59877],[-76.01639,8.5975],[-76.01784,8.59741],[-76.01803,8.59849],[-76.01939,8.59867],[-76.01939,8.59912],[-76.01876,8.5993],[-76.01894,8.60048],[-76.01749,8.60157],[-76.01667,8.60148],[-76.01713,8.6022],[-76.01867,8.60265],[-76.01877,8.60446],[-76.02041,8.60463],[-76.01959,8.60599],[-76.01914,8.60563],[-76.01932,8.605],[-76.01841,8.60428]]],[[[-76.02076,8.59984],[-76.02112,8.60192],[-76.02031,8.60201],[-76.0204,8.60093],[-76.01985,8.60039],[-76.02076,8.59984]]],[[[-76.00967,8.59969],[-76.0104,8.60014],[-76.01004,8.60222],[-76.0094,8.60204],[-76.00967,8.59969]]],[[[-76.01132,8.60674],[-76.01196,8.60574],[-76.01159,8.6052],[-76.01078,8.60665],[-76.00941,8.60611],[-76.0095,8.60566],[-76.01068,8.60547],[-76.01023,8.60412],[-76.00923,8.60367],[-76.01049,8.6024],[-76.01278,8.60583],[-76.0126,8.60646],[-76.01314,8.60637],[-76.0136,8.60727],[-76.01132,8.60674]]],[[[-76.01097,8.60873],[-76.01078,8.60819],[-76.01006,8.60819],[-76.00942,8.60683],[-76.01069,8.60692],[-76.01187,8.60791],[-76.01233,8.60764],[-76.01314,8.60809],[-76.01324,8.60872],[-76.01269,8.60891],[-76.01315,8.60981],[-76.01224,8.60954],[-76.0116,8.6099],[-76.01142,8.609],[-76.01206,8.60909],[-76.01206,8.60855],[-76.01097,8.60873]]],[[[-76.00934,8.61118],[-76.00933,8.61018],[-76.01024,8.60927],[-76.01024,8.61027],[-76.01152,8.61072],[-76.01224,8.61044],[-76.01279,8.6118],[-76.00934,8.61118]]],[[[-76.01361,8.61089],[-76.01406,8.61053],[-76.01369,8.60999],[-76.01396,8.60809],[-76.01496,8.60854],[-76.01533,8.61016],[-76.01461,8.61143],[-76.01497,8.61179],[-76.01579,8.61089],[-76.01542,8.61025],[-76.0156,8.60881],[-76.01751,8.60971],[-76.01733,8.61124],[-76.01525,8.61234],[-76.01498,8.61297],[-76.01379,8.61288],[-76.01389,8.61388],[-76.01325,8.61297],[-76.01361,8.61089]]],[[[-76.01514,8.63902],[-76.01568,8.63956],[-76.01595,8.63928],[-76.01531,8.63802],[-76.0165,8.63829],[-76.01668,8.63774],[-76.01568,8.63766],[-76.01476,8.63621],[-76.01422,8.6363],[-76.01449,8.63703],[-76.01322,8.63604],[-76.01222,8.63622],[-76.0123,8.63387],[-76.0134,8.63486],[-76.01394,8.6345],[-76.01421,8.63323],[-76.01412,8.63169],[-76.0133,8.6307],[-76.0132,8.62943],[-76.01538,8.62735],[-76.01583,8.62744],[-76.01592,8.6268],[-76.01801,8.62499],[-76.01764,8.62481],[-76.0161,8.62599],[-76.01528,8.62608],[-76.01465,8.62744],[-76.01365,8.62753],[-76.01274,8.62862],[-76.01155,8.62302],[-76.00982,8.62284],[-76.00964,8.62356],[-76.0101,8.62411],[-76.01046,8.6242],[-76.01055,8.62356],[-76.01128,8.62428],[-76.01165,8.62736],[-76.01211,8.62781],[-76.01184,8.6288],[-76.00993,8.62863],[-76.00874,8.62737],[-76.00865,8.62492],[-76.00792,8.62465],[-76.00738,8.62556],[-76.00646,8.62457],[-76.00701,8.6242],[-76.00664,8.62357],[-76.00709,8.62221],[-76.00619,8.62294],[-76.00655,8.62366],[-76.00601,8.62366],[-76.00555,8.62276],[-76.00464,8.62303],[-76.00418,8.62177],[-76.005,8.62204],[-76.00509,8.62122],[-76.00655,8.62149],[-76.00591,8.62077],[-76.00636,8.61996],[-76.00463,8.6196],[-76.00508,8.6186],[-76.00599,8.61797],[-76.00726,8.61796],[-76.00763,8.61896],[-76.00835,8.61642],[-76.00944,8.6166],[-76.00971,8.61624],[-76.00844,8.61552],[-76.00871,8.6138],[-76.00798,8.61471],[-76.00743,8.61326],[-76.00698,8.61317],[-76.0077,8.61245],[-76.00625,8.61209],[-76.00625,8.61064],[-76.00706,8.61001],[-76.00697,8.60964],[-76.00624,8.60983],[-76.00542,8.60938],[-76.0056,8.60838],[-76.00651,8.60811],[-76.00551,8.60766],[-76.00778,8.60666],[-76.00587,8.60666],[-76.00641,8.60594],[-76.00769,8.60602],[-76.00896,8.60711],[-76.00888,8.60946],[-76.00806,8.60991],[-76.00843,8.61036],[-76.00734,8.61064],[-76.00752,8.61154],[-76.0087,8.61136],[-76.00862,8.61362],[-76.00925,8.61163],[-76.01225,8.61261],[-76.01116,8.61524],[-76.01044,8.6156],[-76.01053,8.61651],[-76.01099,8.61614],[-76.01208,8.61641],[-76.01135,8.61542],[-76.01261,8.61334],[-76.01325,8.6146],[-76.01471,8.61424],[-76.01507,8.6146],[-76.01561,8.61324],[-76.01743,8.61414],[-76.01761,8.61341],[-76.01661,8.61296],[-76.01661,8.61224],[-76.01842,8.61115],[-76.01934,8.6126],[-76.01898,8.61422],[-76.01934,8.61531],[-76.0197,8.61404],[-76.02061,8.61368],[-76.0207,8.61268],[-76.01997,8.6125],[-76.01969,8.61088],[-76.01888,8.61061],[-76.02006,8.6097],[-76.01978,8.60934],[-76.01842,8.60943],[-76.01814,8.60889],[-76.01715,8.60907],[-76.01523,8.60772],[-76.01414,8.60764],[-76.0146,8.60673],[-76.01378,8.60664],[-76.01241,8.60357],[-76.01331,8.60275],[-76.0144,8.60257],[-76.01531,8.60347],[-76.01395,8.60357],[-76.01423,8.60465],[-76.01477,8.60402],[-76.01713,8.60455],[-76.01832,8.605],[-76.01841,8.60591],[-76.0195,8.60654],[-76.0205,8.60581],[-76.02159,8.60626],[-76.02258,8.6039],[-76.02358,8.603],[-76.02295,8.60372],[-76.0234,8.60499],[-76.02232,8.60553],[-76.02277,8.60644],[-76.02341,8.60571],[-76.02323,8.60625],[-76.02359,8.60643],[-76.02368,8.60562],[-76.02459,8.60535],[-76.02467,8.60381],[-76.02558,8.60399],[-76.02531,8.60471],[-76.0264,8.60444],[-76.02641,8.60616],[-76.02713,8.60615],[-76.02795,8.60525],[-76.02822,8.60561],[-76.02832,8.60642],[-76.02695,8.60652],[-76.02587,8.60815],[-76.02496,8.60833],[-76.02487,8.60779],[-76.02396,8.60761],[-76.02414,8.60833],[-76.02505,8.60851],[-76.02523,8.60932],[-76.02587,8.60887],[-76.0266,8.60905],[-76.02651,8.60977],[-76.02778,8.61158],[-76.02733,8.6123],[-76.02824,8.61203],[-76.02888,8.61266],[-76.02833,8.61275],[-76.02879,8.61366],[-76.03052,8.61383],[-76.03061,8.61419],[-76.03124,8.61392],[-76.03179,8.615],[-76.03352,8.615],[-76.03379,8.61464],[-76.03443,8.615],[-76.03397,8.61364],[-76.03524,8.61418],[-76.03525,8.61671],[-76.03443,8.61635],[-76.03353,8.61753],[-76.03353,8.6188],[-76.03426,8.61961],[-76.03354,8.62115],[-76.03372,8.62251],[-76.03308,8.62187],[-76.03326,8.62133],[-76.03244,8.62097],[-76.03181,8.62124],[-76.03218,8.62242],[-76.03182,8.62405],[-76.03309,8.62305],[-76.03345,8.62395],[-76.03381,8.62341],[-76.03463,8.62359],[-76.03473,8.62467],[-76.03437,8.62567],[-76.03327,8.62504],[-76.03255,8.62604],[-76.03282,8.62658],[-76.03201,8.62676],[-76.03209,8.62586],[-76.03127,8.6245],[-76.02991,8.62387],[-76.03018,8.62333],[-76.03118,8.62333],[-76.03136,8.6226],[-76.02981,8.62297],[-76.03017,8.62116],[-76.02826,8.6208],[-76.02754,8.62144],[-76.02717,8.62035],[-76.02672,8.62099],[-76.02699,8.6218],[-76.02809,8.62216],[-76.02763,8.62306],[-76.02827,8.62397],[-76.02782,8.62352],[-76.02745,8.62406],[-76.02682,8.62397],[-76.02627,8.62298],[-76.02645,8.62216],[-76.02609,8.62298],[-76.02527,8.62307],[-76.02545,8.62153],[-76.02454,8.62117],[-76.02472,8.62045],[-76.02372,8.61973],[-76.02317,8.62036],[-76.02381,8.62109],[-76.02364,8.62317],[-76.024,8.62335],[-76.02454,8.62235],[-76.02491,8.62325],[-76.02591,8.62379],[-76.02564,8.62416],[-76.02391,8.62389],[-76.02382,8.62344],[-76.02346,8.6238],[-76.02146,8.62371],[-76.02245,8.6229],[-76.02145,8.62281],[-76.02109,8.622],[-76.02054,8.62182],[-76.02045,8.62218],[-76.021,8.62236],[-76.02037,8.6239],[-76.02055,8.62489],[-76.02146,8.62516],[-76.02192,8.62606],[-76.02237,8.6257],[-76.02146,8.62507],[-76.021,8.62399],[-76.02364,8.62407],[-76.02337,8.62507],[-76.024,8.62443],[-76.02546,8.62452],[-76.025,8.62542],[-76.02382,8.62561],[-76.02365,8.62696],[-76.02283,8.62715],[-76.0221,8.62805],[-76.02238,8.62878],[-76.02193,8.62941],[-76.02292,8.62914],[-76.02283,8.62823],[-76.02528,8.62569],[-76.02546,8.62759],[-76.02501,8.62777],[-76.02483,8.62723],[-76.02392,8.62823],[-76.02392,8.62877],[-76.02456,8.62913],[-76.0232,8.62886],[-76.02311,8.62923],[-76.02393,8.63112],[-76.02484,8.63121],[-76.02502,8.63031],[-76.02538,8.63112],[-76.0262,8.63148],[-76.02648,8.63247],[-76.02557,8.63347],[-76.02575,8.63238],[-76.02466,8.63275],[-76.02411,8.63194],[-76.02357,8.63284],[-76.02421,8.63284],[-76.02457,8.63374],[-76.02403,8.63384],[-76.02375,8.63311],[-76.02303,8.63321],[-76.02239,8.63185],[-76.02266,8.63131],[-76.0233,8.63185],[-76.02338,8.63112],[-76.02238,8.62995],[-76.02175,8.63004],[-76.02174,8.6295],[-76.02056,8.62842],[-76.01983,8.62824],[-76.01993,8.62933],[-76.02102,8.62932],[-76.02084,8.63032],[-76.02138,8.6305],[-76.02057,8.63149],[-76.02048,8.63267],[-76.02121,8.63321],[-76.0213,8.63411],[-76.02157,8.63303],[-76.02257,8.63384],[-76.02221,8.63447],[-76.02148,8.63439],[-76.02203,8.63556],[-76.02149,8.63737],[-76.02086,8.63755],[-76.02013,8.639],[-76.0215,8.63963],[-76.02322,8.63908],[-76.02368,8.63972],[-76.02159,8.64026],[-76.02141,8.6409],[-76.02032,8.63963],[-76.0185,8.63892],[-76.01723,8.63955],[-76.01687,8.64055],[-76.01614,8.64091],[-76.01496,8.63974],[-76.01514,8.63902]],[[-76.02103,8.63466],[-76.02076,8.63385],[-76.02012,8.63484],[-76.02003,8.63394],[-76.01958,8.63403],[-76.02012,8.63285],[-76.01966,8.63276],[-76.01957,8.63177],[-76.02021,8.63168],[-76.01957,8.63077],[-76.01902,8.63041],[-76.01857,8.63105],[-76.0193,8.63159],[-76.01912,8.63304],[-76.0173,8.6325],[-76.0173,8.63141],[-76.01648,8.63169],[-76.01639,8.63232],[-76.01684,8.6325],[-76.01657,8.63313],[-76.01821,8.63349],[-76.01803,8.63439],[-76.01885,8.63512],[-76.01885,8.63584],[-76.0194,8.63566],[-76.01894,8.63412],[-76.01948,8.63403],[-76.01949,8.63692],[-76.01995,8.63683],[-76.02103,8.63466]],[[-76.01731,8.63575],[-76.01804,8.63593],[-76.01794,8.63494],[-76.01703,8.63476],[-76.01731,8.63575]],[[-76.0191,8.62752],[-76.01829,8.6277],[-76.01856,8.62707],[-76.0181,8.62671],[-76.01765,8.62861],[-76.0191,8.62752]],[[-76.02282,8.6257],[-76.02283,8.62688],[-76.02355,8.62651],[-76.02346,8.62588],[-76.02282,8.6257]],[[-76.01909,8.62417],[-76.02018,8.62381],[-76.01891,8.6239],[-76.01882,8.623],[-76.01782,8.62273],[-76.01819,8.62526],[-76.0191,8.62598],[-76.01855,8.6249],[-76.01909,8.62417]],[[-76.00791,8.62158],[-76.00818,8.62086],[-76.00891,8.62094],[-76.009,8.61986],[-76.00754,8.62013],[-76.00745,8.61914],[-76.00709,8.6205],[-76.00773,8.62086],[-76.00718,8.62122],[-76.00691,8.62068],[-76.00673,8.62167],[-76.00709,8.62203],[-76.008,8.62167],[-76.00837,8.62284],[-76.00773,8.62303],[-76.00737,8.62466],[-76.00864,8.62393],[-76.00837,8.62293],[-76.00891,8.62293],[-76.00855,8.62122],[-76.00791,8.62158]],[[-76.01082,8.6222],[-76.01127,8.62238],[-76.01072,8.61895],[-76.0119,8.61877],[-76.01099,8.61886],[-76.01054,8.61841],[-76.01108,8.61795],[-76.01071,8.61669],[-76.01017,8.61796],[-76.00954,8.61823],[-76.01026,8.61841],[-76.01027,8.6194],[-76.00927,8.61922],[-76.00945,8.61977],[-76.01036,8.61976],[-76.01082,8.6222]],[[-76.0277,8.61583],[-76.02652,8.61565],[-76.02616,8.61701],[-76.0277,8.61583]],[[-76.02061,8.61485],[-76.02034,8.61585],[-76.02143,8.61557],[-76.02061,8.61485]],[[-76.03253,8.61772],[-76.03289,8.6178],[-76.03325,8.61699],[-76.03271,8.61699],[-76.03253,8.61772]],[[-76.02744,8.61791],[-76.02853,8.61773],[-76.02789,8.61709],[-76.02744,8.61791]],[[-76.01918,8.62055],[-76.01963,8.62046],[-76.01799,8.61983],[-76.01799,8.62029],[-76.01872,8.62047],[-76.01891,8.62155],[-76.01918,8.62055]],[[-76.01545,8.62138],[-76.01518,8.62075],[-76.01481,8.62084],[-76.01473,8.62165],[-76.01545,8.62138]],[[-76.02252,8.61268],[-76.02333,8.61231],[-76.02315,8.61177],[-76.02252,8.61204],[-76.02252,8.61268]],[[-76.02287,8.60707],[-76.0205,8.60717],[-76.02105,8.60798],[-76.02042,8.60879],[-76.02105,8.60934],[-76.02214,8.60897],[-76.02187,8.60969],[-76.0236,8.61005],[-76.02378,8.60942],[-76.02314,8.60906],[-76.02287,8.60707]],[[-76.01686,8.60564],[-76.01668,8.60654],[-76.01778,8.60699],[-76.01823,8.60563],[-76.01686,8.60564]],[[-76.0145,8.6051],[-76.01477,8.60555],[-76.01568,8.60564],[-76.01559,8.60465],[-76.0145,8.6051]],[[-76.00998,8.61425],[-76.01107,8.61415],[-76.01043,8.61334],[-76.0098,8.61362],[-76.00998,8.61425]]],[[[-76.0082,8.62963],[-76.00848,8.62999],[-76.0092,8.62972],[-76.0093,8.6308],[-76.00993,8.63071],[-76.01003,8.63125],[-76.00912,8.63125],[-76.00912,8.63089],[-76.00757,8.63026],[-76.0082,8.62963]]],[[[-76.01012,8.6308],[-76.01011,8.62935],[-76.01093,8.62935],[-76.01093,8.63043],[-76.0112,8.62989],[-76.0122,8.63016],[-76.0113,8.63125],[-76.01193,8.63152],[-76.01257,8.63097],[-76.01275,8.63233],[-76.01157,8.6326],[-76.01093,8.63125],[-76.01012,8.6308]]],[[[-76.00912,8.63424],[-76.00831,8.63415],[-76.00858,8.63352],[-76.00912,8.63424]]],[[[-76.01031,8.63496],[-76.01049,8.63541],[-76.00967,8.63604],[-76.00904,8.63514],[-76.01031,8.63496]]],[[[-76.03084,8.66556],[-76.03093,8.6661],[-76.03284,8.66529],[-76.03375,8.66574],[-76.03339,8.66628],[-76.03339,8.66899],[-76.03285,8.66908],[-76.03184,8.66755],[-76.02948,8.66692],[-76.02857,8.66747],[-76.02866,8.66801],[-76.02803,8.66801],[-76.0284,8.66982],[-76.02703,8.6691],[-76.02604,8.67209],[-76.02613,8.67254],[-76.02677,8.67263],[-76.02668,8.67326],[-76.02831,8.67317],[-76.02823,8.67416],[-76.02741,8.67425],[-76.02878,8.6757],[-76.02751,8.6766],[-76.02778,8.67841],[-76.02878,8.67886],[-76.02879,8.67959],[-76.02978,8.67895],[-76.03006,8.67949],[-76.02843,8.68067],[-76.02833,8.67995],[-76.02715,8.67878],[-76.02742,8.67814],[-76.02642,8.67796],[-76.02415,8.67851],[-76.0256,8.67923],[-76.0247,8.67951],[-76.02452,8.68041],[-76.02361,8.6805],[-76.02288,8.67969],[-76.02242,8.67978],[-76.02225,8.68105],[-76.0217,8.68105],[-76.02188,8.68033],[-76.02133,8.67979],[-76.02088,8.67997],[-76.0207,8.67934],[-76.01915,8.68024],[-76.01761,8.67989],[-76.01697,8.68052],[-76.01625,8.68333],[-76.01744,8.68423],[-76.01708,8.68559],[-76.01771,8.6854],[-76.01799,8.68576],[-76.01717,8.68676],[-76.01663,8.68676],[-76.01672,8.68613],[-76.01608,8.68622],[-76.01517,8.6855],[-76.0149,8.68568],[-76.01672,8.68721],[-76.01726,8.6873],[-76.01772,8.68676],[-76.01808,8.6873],[-76.01926,8.6873],[-76.01945,8.68793],[-76.01863,8.6882],[-76.01818,8.68947],[-76.01745,8.6892],[-76.01809,8.69001],[-76.01746,8.69083],[-76.01418,8.68785],[-76.01327,8.68768],[-76.01391,8.68885],[-76.01454,8.68885],[-76.01646,8.69047],[-76.01573,8.69074],[-76.01518,8.68975],[-76.01163,8.68741],[-76.00972,8.68542],[-76.0078,8.68462],[-76.00744,8.68353],[-76.00662,8.68353],[-76.0038,8.68119],[-76.00352,8.67956],[-76.00051,8.67722],[-76.0006,8.67668],[-76.00233,8.67721],[-76.0026,8.67676],[-75.99978,8.67623],[-76.00024,8.67559],[-76.0036,8.67567],[-76.00396,8.67612],[-76.00469,8.67567],[-76.00605,8.67594],[-76.00769,8.67711],[-76.00724,8.6782],[-76.00779,8.67774],[-76.00861,8.67792],[-76.00861,8.67874],[-76.00943,8.67937],[-76.00744,8.68281],[-76.00743,8.68172],[-76.0068,8.68218],[-76.00589,8.68146],[-76.00697,8.67937],[-76.00697,8.67883],[-76.00606,8.67892],[-76.00643,8.67946],[-76.00543,8.68119],[-76.0058,8.68209],[-76.00789,8.68353],[-76.0078,8.6829],[-76.00907,8.68136],[-76.01025,8.68217],[-76.01062,8.68334],[-76.01253,8.68397],[-76.01244,8.68487],[-76.01317,8.6846],[-76.01417,8.68541],[-76.01462,8.68532],[-76.01453,8.68487],[-76.01307,8.68379],[-76.01398,8.68406],[-76.01371,8.68324],[-76.01416,8.68216],[-76.01298,8.68216],[-76.01289,8.68162],[-76.01398,8.68152],[-76.01534,8.68252],[-76.01398,8.68098],[-76.01497,8.68035],[-76.01452,8.67962],[-76.01588,8.67998],[-76.0157,8.67944],[-76.01624,8.67935],[-76.0157,8.67854],[-76.01615,8.67718],[-76.01569,8.67682],[-76.01642,8.67654],[-76.0166,8.67799],[-76.01779,8.67808],[-76.0186,8.67726],[-76.02033,8.67798],[-76.02015,8.67744],[-76.01915,8.67735],[-76.01914,8.67654],[-76.02051,8.67653],[-76.02051,8.67617],[-76.01814,8.67582],[-76.01442,8.67583],[-76.0136,8.67501],[-76.01323,8.67565],[-76.01251,8.67565],[-76.01205,8.67466],[-76.01123,8.6743],[-76.01123,8.67556],[-76.00996,8.67529],[-76.00942,8.67575],[-76.00687,8.67512],[-76.00696,8.67467],[-76.00551,8.67549],[-76.00542,8.67485],[-76.00305,8.67513],[-76.00223,8.67459],[-76.00114,8.67468],[-76.00086,8.67116],[-76.00149,8.66998],[-76.00086,8.66872],[-76.00066,8.66392],[-76.00211,8.66211],[-76.00129,8.66184],[-76.00229,8.66094],[-76.00238,8.65922],[-76.00428,8.65912],[-76.00437,8.65876],[-76.00083,8.6585],[-76.00091,8.65569],[-76.00137,8.6556],[-76.00073,8.65551],[-75.99991,8.65334],[-76.00009,8.6528],[-75.99954,8.65244],[-75.99963,8.65136],[-75.99908,8.651],[-75.99944,8.65009],[-75.99862,8.64973],[-75.99753,8.6472],[-75.99752,8.64557],[-75.99916,8.64439],[-75.99843,8.64358],[-75.99743,8.64349],[-75.99752,8.64277],[-75.99833,8.6425],[-75.99833,8.64168],[-75.99951,8.64132],[-75.99978,8.6405],[-76.00105,8.64104],[-76.00015,8.64168],[-76.0006,8.6424],[-75.99924,8.64295],[-75.99988,8.64367],[-76.0017,8.64276],[-76.00115,8.64222],[-76.00115,8.64131],[-76.00215,8.64167],[-76.00205,8.64023],[-76.00032,8.63951],[-75.99996,8.64014],[-75.99923,8.63942],[-76.00068,8.6386],[-76.00141,8.63887],[-76.00186,8.63787],[-76.00304,8.63733],[-76.00713,8.6375],[-76.00959,8.63695],[-76.00959,8.63731],[-76.01113,8.63731],[-76.01113,8.63803],[-76.01032,8.63839],[-76.01032,8.63921],[-76.00978,8.63966],[-76.00942,8.6412],[-76.00978,8.64165],[-76.01042,8.64147],[-76.00996,8.64093],[-76.01041,8.63975],[-76.01096,8.63993],[-76.0115,8.63921],[-76.01259,8.64002],[-76.01241,8.64101],[-76.01178,8.64092],[-76.01142,8.64147],[-76.0116,8.64183],[-76.01251,8.64119],[-76.01323,8.64128],[-76.01387,8.6401],[-76.01523,8.64073],[-76.01478,8.64101],[-76.01532,8.64155],[-76.01496,8.64218],[-76.01524,8.64263],[-76.01632,8.64182],[-76.01696,8.64227],[-76.01696,8.64127],[-76.0176,8.64217],[-76.01805,8.64208],[-76.01814,8.64145],[-76.01923,8.64136],[-76.01951,8.64217],[-76.01869,8.64226],[-76.01842,8.64353],[-76.01969,8.6447],[-76.01924,8.64524],[-76.01997,8.64542],[-76.02015,8.64624],[-76.02061,8.64615],[-76.02006,8.64714],[-76.02116,8.64741],[-76.02152,8.64632],[-76.02089,8.64831],[-76.01979,8.64805],[-76.01897,8.64696],[-76.01697,8.64688],[-76.01633,8.6457],[-76.01552,8.64607],[-76.01479,8.64544],[-76.01388,8.64562],[-76.01288,8.64472],[-76.01279,8.644],[-76.01379,8.64444],[-76.01406,8.64381],[-76.01269,8.64309],[-76.01197,8.64364],[-76.01169,8.64246],[-76.01115,8.64282],[-76.01124,8.64355],[-76.01042,8.64346],[-76.00996,8.64256],[-76.00942,8.64247],[-76.00924,8.64337],[-76.00869,8.64319],[-76.00824,8.64365],[-76.00815,8.64274],[-76.00715,8.64302],[-76.00578,8.64202],[-76.00578,8.6413],[-76.00678,8.64157],[-76.00669,8.64103],[-76.00533,8.64067],[-76.00424,8.64194],[-76.00342,8.64167],[-76.00333,8.64095],[-76.00278,8.64104],[-76.0026,8.64248],[-76.00461,8.64393],[-76.00434,8.64456],[-76.00516,8.64601],[-76.00371,8.64728],[-76.00489,8.64772],[-76.00462,8.64845],[-76.00507,8.64899],[-76.00625,8.64853],[-76.00634,8.64763],[-76.00589,8.64727],[-76.00625,8.64673],[-76.00698,8.6469],[-76.0068,8.64763],[-76.00725,8.64772],[-76.00734,8.6469],[-76.00762,8.64754],[-76.00834,8.64735],[-76.00871,8.64808],[-76.00943,8.64717],[-76.01125,8.64626],[-76.01406,8.64625],[-76.0147,8.64761],[-76.0138,8.64797],[-76.01507,8.64815],[-76.01617,8.65059],[-76.01771,8.65122],[-76.01917,8.65121],[-76.01953,8.65049],[-76.02017,8.65076],[-76.01926,8.6513],[-76.01899,8.65212],[-76.01772,8.65266],[-76.01772,8.6533],[-76.01654,8.65294],[-76.01617,8.65222],[-76.01554,8.65258],[-76.0159,8.6543],[-76.01654,8.65366],[-76.01781,8.65357],[-76.01918,8.65474],[-76.01999,8.65447],[-76.01981,8.65365],[-76.02036,8.65429],[-76.02117,8.65428],[-76.02126,8.65374],[-76.02054,8.65374],[-76.02063,8.65275],[-76.02153,8.65284],[-76.02217,8.65229],[-76.02235,8.65283],[-76.02399,8.65256],[-76.02381,8.654],[-76.02517,8.65382],[-76.02472,8.65482],[-76.02563,8.65518],[-76.02608,8.65463],[-76.02554,8.65445],[-76.02553,8.65346],[-76.0268,8.65237],[-76.02753,8.65273],[-76.0278,8.65182],[-76.02844,8.65218],[-76.02871,8.65182],[-76.02689,8.65065],[-76.0258,8.65092],[-76.02589,8.64975],[-76.02525,8.64984],[-76.02525,8.65075],[-76.02462,8.65066],[-76.0238,8.65165],[-76.02235,8.65102],[-76.02189,8.65012],[-76.02216,8.64922],[-76.02298,8.64939],[-76.0237,8.64885],[-76.02379,8.6474],[-76.02488,8.64713],[-76.02461,8.64613],[-76.0237,8.64614],[-76.0247,8.64541],[-76.02424,8.6446],[-76.02442,8.64342],[-76.02505,8.64324],[-76.02568,8.64134],[-76.02668,8.64115],[-76.02777,8.63871],[-76.02686,8.63944],[-76.02622,8.63935],[-76.0254,8.63808],[-76.02459,8.63971],[-76.02395,8.63953],[-76.02377,8.63854],[-76.02477,8.63863],[-76.02531,8.63781],[-76.02613,8.6379],[-76.02676,8.63645],[-76.02677,8.63808],[-76.02749,8.63708],[-76.02785,8.63726],[-76.02832,8.64043],[-76.02896,8.64151],[-76.02723,8.64206],[-76.02614,8.64161],[-76.02587,8.64242],[-76.02632,8.64296],[-76.02841,8.64251],[-76.0286,8.64323],[-76.02942,8.64332],[-76.02933,8.64413],[-76.02997,8.64503],[-76.03169,8.64449],[-76.03014,8.64286],[-76.0316,8.64313],[-76.03168,8.64168],[-76.03205,8.64277],[-76.03341,8.64331],[-76.03277,8.64168],[-76.03386,8.64159],[-76.03432,8.64095],[-76.03423,8.64168],[-76.03523,8.6424],[-76.03452,8.64973],[-76.03043,8.64974],[-76.03097,8.64874],[-76.03034,8.64892],[-76.02961,8.64703],[-76.03006,8.64666],[-76.03034,8.64748],[-76.03097,8.64738],[-76.03051,8.64594],[-76.02915,8.64558],[-76.02906,8.64504],[-76.02688,8.6464],[-76.02688,8.6473],[-76.0277,8.6473],[-76.02761,8.64812],[-76.02634,8.6483],[-76.02707,8.64947],[-76.0278,8.64974],[-76.02825,8.64875],[-76.0297,8.6482],[-76.02889,8.64974],[-76.02908,8.65281],[-76.02753,8.65291],[-76.02726,8.65354],[-76.02644,8.65327],[-76.02626,8.65373],[-76.02681,8.65463],[-76.02726,8.65463],[-76.02681,8.65526],[-76.02736,8.6558],[-76.02799,8.65535],[-76.02753,8.65372],[-76.02844,8.65372],[-76.02899,8.65444],[-76.03099,8.65426],[-76.03027,8.65543],[-76.02945,8.6558],[-76.02972,8.65616],[-76.03036,8.65598],[-76.03045,8.6567],[-76.02945,8.65679],[-76.02809,8.65589],[-76.02781,8.65635],[-76.02836,8.65716],[-76.02745,8.65779],[-76.02891,8.65869],[-76.02837,8.65942],[-76.02837,8.66078],[-76.02956,8.66177],[-76.02956,8.6624],[-76.03065,8.66276],[-76.02983,8.66339],[-76.02956,8.66475],[-76.03093,8.66529],[-76.03183,8.66393],[-76.03138,8.66529],[-76.03084,8.66556]],[[-76.02911,8.66312],[-76.02847,8.66304],[-76.02847,8.66222],[-76.02756,8.66159],[-76.02692,8.66268],[-76.0262,8.66241],[-76.02674,8.66295],[-76.02629,8.66349],[-76.0252,8.66304],[-76.02456,8.66214],[-76.02347,8.66341],[-76.02274,8.6635],[-76.02174,8.66333],[-76.02111,8.66224],[-76.01929,8.66261],[-76.01938,8.66387],[-76.01875,8.66433],[-76.01984,8.6646],[-76.01993,8.66514],[-76.02175,8.66486],[-76.0222,8.66522],[-76.02221,8.66613],[-76.02402,8.6663],[-76.02475,8.66458],[-76.02602,8.66512],[-76.02784,8.6643],[-76.02802,8.66521],[-76.02848,8.66539],[-76.02847,8.66367],[-76.02911,8.66312]],[[-76.02602,8.66621],[-76.02475,8.66594],[-76.02484,8.66684],[-76.02602,8.66621]],[[-76.02857,8.66674],[-76.02775,8.66693],[-76.02766,8.66629],[-76.02648,8.66684],[-76.02648,8.6672],[-76.02757,8.66756],[-76.02857,8.66674]],[[-76.0203,8.66595],[-76.02048,8.66695],[-76.02103,8.66658],[-76.02093,8.66523],[-76.0203,8.66595]],[[-76.01648,8.66524],[-76.0182,8.66523],[-76.01811,8.66442],[-76.01666,8.66442],[-76.01648,8.66524]],[[-76.00221,8.66437],[-76.00239,8.66356],[-76.00148,8.66347],[-76.00221,8.66437]],[[-76.01156,8.66191],[-76.01138,8.66281],[-76.01066,8.66317],[-76.01084,8.66372],[-76.01166,8.66353],[-76.01156,8.66191]],[[-76.00947,8.65965],[-76.01028,8.65901],[-76.01028,8.65847],[-76.0091,8.65775],[-76.00819,8.65857],[-76.00919,8.65956],[-76.00838,8.66001],[-76.0091,8.66074],[-76.0082,8.66164],[-76.00893,8.66182],[-76.00875,8.66246],[-76.00965,8.66254],[-76.00993,8.66309],[-76.01038,8.66137],[-76.0101,8.661],[-76.00974,8.66128],[-76.00947,8.65965]],[[-76.00293,8.66148],[-76.00302,8.66202],[-76.00365,8.66202],[-76.00438,8.6612],[-76.00429,8.66084],[-76.00347,8.66084],[-76.00293,8.66148]],[[-76.01174,8.6601],[-76.01301,8.66055],[-76.01282,8.65856],[-76.01401,8.65973],[-76.01437,8.65864],[-76.01655,8.65873],[-76.01682,8.65827],[-76.01609,8.65764],[-76.01564,8.65792],[-76.01527,8.65692],[-76.01482,8.65756],[-76.01409,8.6572],[-76.01382,8.65765],[-76.01209,8.65747],[-76.01137,8.65802],[-76.01101,8.65784],[-76.01109,8.65648],[-76.01027,8.65621],[-76.01,8.65757],[-76.01073,8.65793],[-76.01083,8.65865],[-76.01192,8.65901],[-76.01174,8.6601]],[[-76.01273,8.65557],[-76.01181,8.65449],[-76.01173,8.65684],[-76.01246,8.65702],[-76.01273,8.6562],[-76.01218,8.65612],[-76.01273,8.65557]],[[-76.00945,8.65504],[-76.00954,8.65341],[-76.00908,8.65332],[-76.009,8.65413],[-76.00863,8.65405],[-76.00944,8.65187],[-76.00799,8.6516],[-76.00745,8.65215],[-76.00799,8.6535],[-76.00754,8.65468],[-76.00791,8.6554],[-76.00873,8.65567],[-76.00854,8.65477],[-76.00945,8.65504]],[[-76.00372,8.65297],[-76.00436,8.6527],[-76.0039,8.65225],[-76.00336,8.65252],[-76.00372,8.65297]],[[-76.00617,8.65161],[-76.00599,8.65224],[-76.00536,8.65243],[-76.0069,8.6526],[-76.00617,8.65161]],[[-76.01471,8.65095],[-76.01381,8.65141],[-76.01417,8.65222],[-76.01481,8.65204],[-76.01471,8.65095]],[[-76.00772,8.65115],[-76.00881,8.65106],[-76.00898,8.64997],[-76.00835,8.64989],[-76.00772,8.65115]],[[-76.02391,8.6569],[-76.02573,8.65735],[-76.02564,8.6578],[-76.02482,8.65789],[-76.02482,8.65834],[-76.02528,8.65834],[-76.025,8.65861],[-76.02436,8.65771],[-76.02209,8.65654],[-76.02182,8.65772],[-76.02146,8.6579],[-76.02155,8.65718],[-76.02109,8.65709],[-76.01901,8.65926],[-76.02174,8.66007],[-76.02201,8.66088],[-76.0241,8.66088],[-76.02428,8.65979],[-76.02537,8.65897],[-76.02574,8.66078],[-76.02683,8.66033],[-76.02737,8.65915],[-76.02627,8.6568],[-76.02554,8.65617],[-76.02391,8.65636],[-76.02391,8.6569]],[[-76.01891,8.65791],[-76.01927,8.65736],[-76.01855,8.657],[-76.01891,8.65791]],[[-76.02715,8.64522],[-76.02624,8.64514],[-76.02588,8.64559],[-76.02751,8.64567],[-76.02733,8.64486],[-76.02715,8.64522]],[[-76.02533,8.64523],[-76.02569,8.64505],[-76.02569,8.64432],[-76.0246,8.64414],[-76.02533,8.64523]],[[-76.03161,8.64738],[-76.03261,8.64765],[-76.03224,8.64485],[-76.03333,8.64457],[-76.03305,8.64403],[-76.03214,8.64394],[-76.03196,8.64503],[-76.03142,8.64512],[-76.03133,8.64621],[-76.03179,8.64666],[-76.03161,8.64738]],[[-76.03252,8.64937],[-76.03352,8.64873],[-76.03261,8.6481],[-76.03179,8.64838],[-76.03252,8.64937]],[[-76.00962,8.64871],[-76.00853,8.64817],[-76.00771,8.64871],[-76.00826,8.64952],[-76.00862,8.64907],[-76.00962,8.64925],[-76.00962,8.64871]],[[-76.01234,8.64734],[-76.01262,8.64825],[-76.01352,8.64788],[-76.01298,8.64725],[-76.01234,8.64734]],[[-76.01407,8.64869],[-76.01362,8.6487],[-76.01362,8.64924],[-76.01453,8.64933],[-76.01407,8.64869]],[[-76.00025,8.64728],[-76.00062,8.64728],[-76.00098,8.64611],[-76.00034,8.64575],[-76.00025,8.64728]],[[-76.00016,8.64575],[-76.00016,8.64502],[-75.99925,8.6453],[-75.99943,8.64575],[-76.00016,8.64575]],[[-76.00333,8.64384],[-76.0027,8.64484],[-76.0037,8.64465],[-76.00406,8.64402],[-76.00333,8.64384]],[[-76.00833,8.64229],[-76.00924,8.64256],[-76.00933,8.64174],[-76.00833,8.64229]],[[-76.00469,8.63931],[-76.00541,8.63895],[-76.00532,8.63823],[-76.00432,8.63814],[-76.00469,8.63931]],[[-76.02585,8.66874],[-76.02694,8.66856],[-76.0263,8.66784],[-76.02603,8.66838],[-76.02548,8.66811],[-76.02585,8.66874]],[[-76.00332,8.67124],[-76.00395,8.6697],[-76.00277,8.66934],[-76.00186,8.67007],[-76.00222,8.67079],[-76.00332,8.67124]],[[-76.00495,8.67133],[-76.00441,8.67133],[-76.00414,8.67196],[-76.00495,8.67178],[-76.00495,8.67133]],[[-76.02714,8.67661],[-76.02578,8.6767],[-76.02596,8.67697],[-76.02687,8.67724],[-76.02714,8.67661]],[[-76.02505,8.67652],[-76.02323,8.67653],[-76.02369,8.67725],[-76.02542,8.67688],[-76.02505,8.67652]],[[-76.02224,8.67834],[-76.02133,8.67762],[-76.02079,8.67834],[-76.02169,8.6787],[-76.02224,8.67834]],[[-76.02342,8.67815],[-76.02288,8.67834],[-76.02306,8.67879],[-76.02397,8.67869],[-76.02342,8.67815]],[[-76.00926,8.68452],[-76.01062,8.68551],[-76.00999,8.68479],[-76.00926,8.68452]],[[-76.0037,8.6801],[-76.00516,8.68137],[-76.00525,8.68091],[-76.0037,8.6801]],[[-76.00797,8.68],[-76.00707,8.68001],[-76.0077,8.681],[-76.00816,8.68073],[-76.00797,8.68]],[[-76.01245,8.68705],[-76.01235,8.68632],[-76.01099,8.68578],[-76.01245,8.68705]]],[[[-76.00988,8.67774],[-76.00915,8.67792],[-76.00797,8.67657],[-76.00751,8.67675],[-76.00669,8.67594],[-76.01196,8.67619],[-76.01115,8.67782],[-76.01143,8.67891],[-76.01006,8.67855],[-76.00988,8.67774]]],[[[-76.00907,8.68072],[-76.00979,8.68018],[-76.00979,8.67927],[-76.01034,8.67918],[-76.01097,8.67963],[-76.01089,8.68153],[-76.01034,8.68199],[-76.00907,8.68072]]],[[[-76.02118,8.6882],[-76.02072,8.68892],[-76.01945,8.68884],[-76.01972,8.6882],[-76.02118,8.6882]]],[[[-76.00374,8.69385],[-76.00581,8.68806],[-76.01119,8.69184],[-76.00947,8.69483],[-76.0101,8.69456],[-76.01128,8.69238],[-76.01219,8.69247],[-76.01055,8.69103],[-76.01136,8.69021],[-76.01109,8.68958],[-76.01055,8.68994],[-76.01036,8.68886],[-76.01,8.68904],[-76.01018,8.69022],[-76.01,8.6904],[-76.00627,8.68779],[-76.00735,8.68489],[-76.00771,8.68489],[-76.00799,8.68642],[-76.00945,8.68615],[-76.01646,8.69183],[-76.01647,8.69517],[-76.01493,8.6978],[-76.01375,8.69916],[-76.0123,8.69871],[-76.01248,8.69934],[-76.01203,8.69971],[-76.01148,8.69935],[-76.01193,8.69844],[-76.00374,8.69385]]],[[[-76.01702,8.69707],[-76.0162,8.6978],[-76.01593,8.69698],[-76.01702,8.69707]]],[[[-76.01866,8.70014],[-76.01903,8.70105],[-76.01757,8.70078],[-76.01803,8.70014],[-76.01866,8.70014]]],[[[-76.00948,8.70089],[-76.01003,8.70098],[-76.0114,8.70188],[-76.01149,8.70296],[-76.01104,8.70351],[-76.01022,8.70288],[-76.00958,8.70297],[-76.00949,8.70198],[-76.00903,8.70261],[-76.00849,8.70252],[-76.00794,8.70071],[-76.00894,8.70171],[-76.00948,8.70089]]],[[[-76.01785,8.70159],[-76.02085,8.70195],[-76.01967,8.70267],[-76.01949,8.7034],[-76.01921,8.70249],[-76.01867,8.70267],[-76.01785,8.70159]]],[[[-76.02149,8.70393],[-76.02113,8.7052],[-76.02031,8.70457],[-76.02067,8.70375],[-76.02149,8.70393]]],[[[-76.0124,8.70495],[-76.01186,8.70541],[-76.01158,8.70396],[-76.0124,8.70495]]],[[[-76.0075,8.70533],[-76.00759,8.70632],[-76.00804,8.70551],[-76.00931,8.70532],[-76.00968,8.70478],[-76.00958,8.70406],[-76.00895,8.70451],[-76.00777,8.70406],[-76.00795,8.70306],[-76.0074,8.70225],[-76.01058,8.70396],[-76.00923,8.70623],[-76.00814,8.70704],[-76.00695,8.70669],[-76.00695,8.70578],[-76.0075,8.70533]]],[[[-76.01668,8.70729],[-76.01714,8.70747],[-76.01696,8.70856],[-76.01605,8.70865],[-76.01587,8.70829],[-76.0165,8.70829],[-76.01668,8.70729]]],[[[-76.01848,9.25299],[-76.01775,9.25272],[-76.01811,9.25217],[-76.01884,9.25235],[-76.01848,9.25299]]],[[[-76.01593,9.25372],[-76.01657,9.25372],[-76.01684,9.25308],[-76.01784,9.25353],[-76.01666,9.25507],[-76.01676,9.2557],[-76.01566,9.25498],[-76.01593,9.25372]]],[[[-76.02012,9.25506],[-76.01985,9.25533],[-76.01894,9.25516],[-76.01884,9.25425],[-76.01948,9.25425],[-76.02012,9.25506]]],[[[-76.01548,9.25544],[-76.01566,9.25607],[-76.01648,9.25625],[-76.01649,9.25697],[-76.01594,9.25715],[-76.01512,9.25607],[-76.01548,9.25544]]],[[[-76.01949,9.25687],[-76.01931,9.25723],[-76.01876,9.25733],[-76.01821,9.2557],[-76.01949,9.25687]]],[[[-76.01067,9.26015],[-76.0113,9.2597],[-76.01267,9.26096],[-76.01286,9.26186],[-76.01149,9.26196],[-76.01131,9.26133],[-76.01058,9.26124],[-76.01067,9.26015]]],[[[-76.02024,9.26519],[-76.01978,9.26438],[-76.02042,9.26447],[-76.02106,9.26356],[-76.02197,9.26347],[-76.02233,9.26247],[-76.02287,9.26265],[-76.02324,9.26419],[-76.02197,9.26582],[-76.02134,9.26582],[-76.02115,9.26528],[-76.02033,9.26537],[-76.02052,9.26627],[-76.01961,9.267],[-76.01906,9.26655],[-76.02024,9.26519]]],[[[-76.01815,9.26529],[-76.01851,9.26465],[-76.01887,9.26465],[-76.01869,9.26528],[-76.01815,9.26529]]],[[[-76.01606,9.26638],[-76.0156,9.26556],[-76.01688,9.26665],[-76.01561,9.26755],[-76.01533,9.2671],[-76.01606,9.26638]]],[[[-76.01451,9.26638],[-76.01469,9.2672],[-76.01415,9.26738],[-76.01442,9.26566],[-76.01505,9.26566],[-76.01451,9.26638]]],[[[-76.00933,9.2683],[-76.00878,9.26848],[-76.00869,9.26785],[-76.00932,9.26757],[-76.00933,9.2683]]],[[[-76.01497,9.26927],[-76.01406,9.26946],[-76.0137,9.26865],[-76.01488,9.26882],[-76.01497,9.26927]]],[[[-76.01225,9.27091],[-76.01125,9.27073],[-76.01152,9.27037],[-76.01206,9.27028],[-76.01225,9.27091]]],[[[-76.01015,9.27128],[-76.0107,9.27191],[-76.01025,9.27191],[-76.00979,9.27083],[-76.0107,9.27091],[-76.01015,9.27128]]],[[[-76.00989,9.27264],[-76.00925,9.27363],[-76.0077,9.274],[-76.0087,9.27291],[-76.0087,9.27201],[-76.00934,9.272],[-76.00989,9.27264]]],[[[-76.01118,9.2814],[-76.01064,9.28195],[-76.01073,9.28122],[-76.01282,9.28013],[-76.01337,9.28049],[-76.01328,9.28149],[-76.01437,9.28167],[-76.01437,9.28248],[-76.01319,9.28321],[-76.01118,9.2814]]],[[[-76.01093,9.28674],[-76.01056,9.28728],[-76.00983,9.28683],[-76.01002,9.28629],[-76.01093,9.28674]]],[[[-76.01078,9.29814],[-76.01023,9.29868],[-76.00996,9.29832],[-76.01014,9.29778],[-76.01087,9.29777],[-76.01077,9.2966],[-76.01205,9.29723],[-76.01224,9.29895],[-76.01306,9.2994],[-76.01297,9.30003],[-76.0126,9.29949],[-76.01224,9.29967],[-76.01261,9.30093],[-76.01106,9.30049],[-76.01078,9.29814]]],[[[-76.00923,9.29895],[-76.00914,9.30013],[-76.00851,9.29968],[-76.00841,9.29887],[-76.00923,9.29895]]],[[[-76.01279,9.30057],[-76.01351,9.30021],[-76.01333,9.29777],[-76.01369,9.29758],[-76.01488,9.29984],[-76.0147,9.30066],[-76.01561,9.30093],[-76.01589,9.30174],[-76.01379,9.30165],[-76.01279,9.30057]]],[[[-76.00969,9.30139],[-76.01106,9.30157],[-76.01097,9.30184],[-76.00979,9.30194],[-76.00969,9.30139]]],[[[-76.01707,9.30228],[-76.01634,9.30219],[-76.01616,9.30092],[-76.01707,9.30065],[-76.01871,9.30273],[-76.01725,9.30173],[-76.01707,9.30228]]],[[[-76.01562,9.30472],[-76.01572,9.30572],[-76.01644,9.30599],[-76.01627,9.30698],[-76.0149,9.30599],[-76.01562,9.30472]]],[[[-76.01426,9.3059],[-76.01454,9.30699],[-76.01299,9.30654],[-76.01426,9.3059]]],[[[-76.01244,9.30699],[-76.0129,9.30699],[-76.01417,9.30735],[-76.01417,9.3078],[-76.01336,9.30853],[-76.01317,9.3079],[-76.01235,9.3079],[-76.01244,9.30699]]],[[[-76.01718,9.30779],[-76.01691,9.30888],[-76.01563,9.30825],[-76.01718,9.30779]]],[[[-76.01847,9.31358],[-76.01783,9.31367],[-76.01747,9.31268],[-76.01683,9.31322],[-76.0172,9.31458],[-76.01611,9.31458],[-76.01601,9.31313],[-76.01537,9.31259],[-76.01619,9.31232],[-76.01491,9.31124],[-76.01509,9.3106],[-76.01664,9.31051],[-76.0171,9.31223],[-76.01783,9.31213],[-76.01728,9.31096],[-76.01837,9.30933],[-76.01754,9.30852],[-76.01782,9.30806],[-76.01718,9.3077],[-76.01717,9.30589],[-76.01772,9.30616],[-76.01754,9.30734],[-76.01991,9.30733],[-76.02019,9.3086],[-76.02118,9.30787],[-76.02192,9.30859],[-76.02137,9.30896],[-76.02083,9.31095],[-76.02138,9.31122],[-76.02165,9.31049],[-76.0221,9.31049],[-76.0222,9.31122],[-76.02074,9.31194],[-76.02266,9.31393],[-76.02239,9.31547],[-76.02166,9.31574],[-76.02157,9.31456],[-76.02038,9.31448],[-76.02002,9.31556],[-76.02112,9.31628],[-76.02066,9.31656],[-76.01884,9.31584],[-76.01847,9.31358]],[[-76.01929,9.31394],[-76.01929,9.31303],[-76.01865,9.31349],[-76.01884,9.31412],[-76.01929,9.31394]],[[-76.02029,9.31213],[-76.01938,9.31213],[-76.01937,9.31168],[-76.01974,9.31113],[-76.02056,9.31113],[-76.01992,9.31068],[-76.02037,9.31059],[-76.02037,9.30959],[-76.02092,9.30959],[-76.02073,9.30878],[-76.02,9.30887],[-76.02001,9.30959],[-76.01819,9.31204],[-76.01829,9.31304],[-76.01883,9.3124],[-76.02029,9.31213]]],[[[-76.00992,9.31713],[-76.00937,9.31668],[-76.00901,9.31722],[-76.00846,9.31704],[-76.00855,9.31632],[-76.0101,9.31641],[-76.00992,9.31713]]],[[[-76.01466,9.31712],[-76.01557,9.31693],[-76.01648,9.31847],[-76.01539,9.31856],[-76.01466,9.31712]]],[[[-76.0184,9.32009],[-76.01831,9.32063],[-76.01749,9.32],[-76.01739,9.31955],[-76.01785,9.31937],[-76.0184,9.32009]]],[[[-76.01303,9.32101],[-76.01312,9.32155],[-76.01212,9.32092],[-76.01303,9.32101]]],[[[-76.02015,9.32723],[-76.01987,9.32642],[-76.02024,9.32623],[-76.02124,9.32714],[-76.02061,9.32786],[-76.02043,9.32958],[-76.0197,9.3285],[-76.02015,9.32723]]],[[[-76.00551,9.33523],[-76.00542,9.33451],[-76.00606,9.33441],[-76.00615,9.33396],[-76.00441,9.33333],[-76.00405,9.3327],[-76.00505,9.33279],[-76.00568,9.33179],[-76.00787,9.3326],[-76.00778,9.3317],[-76.00841,9.33133],[-76.00942,9.33142],[-76.01069,9.33078],[-76.01196,9.33096],[-76.01305,9.32924],[-76.01478,9.32923],[-76.01542,9.32996],[-76.0137,9.3315],[-76.01151,9.3315],[-76.01088,9.33467],[-76.0086,9.33414],[-76.00842,9.33468],[-76.00943,9.3354],[-76.00916,9.33576],[-76.00861,9.33567],[-76.00779,9.3345],[-76.00551,9.33523]],[[-76.00951,9.33395],[-76.00951,9.33359],[-76.00815,9.33332],[-76.00824,9.33377],[-76.00951,9.33395]]],[[[-76.00498,8.22627],[-76.00498,8.22573],[-76.00543,8.22573],[-76.00517,8.22745],[-76.00408,8.22718],[-76.00407,8.22628],[-76.00498,8.22627]]],[[[-76.00716,8.22699],[-76.00707,8.22753],[-76.00616,8.22781],[-76.0058,8.22736],[-76.00607,8.22627],[-76.00716,8.22699]]],[[[-76.00362,8.22591],[-76.00389,8.22646],[-76.00299,8.22854],[-76.00317,8.22628],[-76.00362,8.22591]]],[[[-75.99591,8.22919],[-75.99464,8.22883],[-75.99473,8.22847],[-75.99591,8.22865],[-75.99591,8.22919]]],[[[-76.00753,8.23106],[-76.00762,8.22988],[-76.0088,8.22925],[-76.00844,8.2288],[-76.00871,8.22807],[-76.00943,8.22798],[-76.00998,8.23006],[-76.00808,8.23115],[-76.00799,8.23205],[-76.00736,8.23224],[-76.00663,8.23151],[-76.00753,8.23106]]],[[[-75.996,8.23091],[-75.99583,8.23181],[-75.99492,8.23145],[-75.99501,8.23064],[-75.99528,8.23109],[-75.996,8.23091]]],[[[-75.99211,8.23345],[-75.99283,8.23245],[-75.99383,8.23254],[-75.99356,8.23327],[-75.99211,8.23354],[-75.99211,8.23481],[-75.99102,8.23445],[-75.99084,8.23381],[-75.99211,8.23345]]],[[[-76.00102,8.24021],[-76.00048,8.24066],[-76.00048,8.23994],[-76.00156,8.23967],[-76.00166,8.24003],[-76.00102,8.24021]]],[[[-75.99866,8.24121],[-76.00039,8.24066],[-75.99994,8.24148],[-75.99921,8.24148],[-75.99921,8.24193],[-75.99694,8.24158],[-75.99685,8.24113],[-75.99866,8.24121]]],[[[-75.99649,8.24447],[-75.99722,8.24447],[-75.99695,8.24565],[-75.99732,8.24664],[-75.99641,8.24701],[-75.99623,8.24637],[-75.99677,8.24538],[-75.99649,8.24447]]],[[[-76.00443,8.26137],[-76.00444,8.26281],[-76.00353,8.26291],[-76.00353,8.26209],[-76.00443,8.26137]]],[[[-76.00092,8.27286],[-76.00192,8.27349],[-76.00256,8.27448],[-76.00092,8.27286]]],[[[-76.00175,8.27666],[-76.00084,8.27657],[-76.00066,8.27738],[-76.00021,8.27729],[-76.00057,8.27621],[-76.00166,8.2762],[-76.00175,8.27666]]],[[[-76.00747,8.27709],[-76.00765,8.27764],[-76.00647,8.27791],[-76.00574,8.27701],[-76.00747,8.27709]]],[[[-76.00411,8.27656],[-76.00529,8.27638],[-76.00538,8.27719],[-76.00439,8.2781],[-76.00475,8.27864],[-76.00457,8.28],[-76.00357,8.27982],[-76.00412,8.27927],[-76.00411,8.27882],[-76.00366,8.27882],[-76.00411,8.27656]]],[[[-76.00196,8.28878],[-76.00168,8.28715],[-76.00304,8.28353],[-76.00385,8.28362],[-76.0044,8.28271],[-76.0033,8.28145],[-76.00476,8.2809],[-76.00494,8.28352],[-76.00358,8.28407],[-76.00395,8.2857],[-76.00287,8.28823],[-76.00115,8.29022],[-76.0006,8.29023],[-76.00196,8.28878]]],[[[-76.00469,8.29094],[-76.00478,8.29012],[-76.00587,8.28976],[-76.00668,8.28858],[-76.00759,8.28858],[-76.00741,8.2875],[-76.00822,8.28659],[-76.00822,8.28813],[-76.00941,8.28948],[-76.00923,8.29029],[-76.00987,8.29138],[-76.00778,8.29165],[-76.00732,8.2912],[-76.00469,8.29094]]],[[[-76.00296,8.28886],[-76.00378,8.28814],[-76.00378,8.29103],[-76.00269,8.29013],[-76.00296,8.28886]]],[[[-75.99897,8.2924],[-75.9987,8.29331],[-75.99798,8.29295],[-75.99897,8.2924]]],[[[-76.00288,8.29402],[-76.00143,8.29285],[-76.00197,8.29158],[-76.00351,8.29203],[-76.00361,8.29284],[-76.00415,8.29284],[-76.00443,8.29383],[-76.00543,8.29428],[-76.00552,8.29483],[-76.0047,8.29483],[-76.00343,8.29366],[-76.00288,8.29402]]],[[[-76.0066,8.29265],[-76.00851,8.29301],[-76.00906,8.29445],[-76.00842,8.29409],[-76.00833,8.29518],[-76.00752,8.29554],[-76.00643,8.29482],[-76.0066,8.29265]]],[[[-75.99698,8.29503],[-75.99653,8.29431],[-75.99707,8.29367],[-75.99798,8.29376],[-75.99744,8.29566],[-75.9978,8.29638],[-75.99726,8.29656],[-75.9968,8.29611],[-75.99626,8.2972],[-75.99581,8.29603],[-75.99671,8.29566],[-75.99698,8.29503]]],[[[-75.99309,8.29875],[-75.99399,8.29784],[-75.99427,8.29892],[-75.99608,8.29865],[-75.99609,8.29955],[-75.99309,8.29875]]],[[[-75.99754,8.29864],[-75.99709,8.29964],[-75.99672,8.29964],[-75.9969,8.29883],[-75.99754,8.29864]]],[[[-75.99763,8.30063],[-75.99854,8.30036],[-75.99909,8.30262],[-75.99818,8.30344],[-75.997,8.30371],[-75.99755,8.30416],[-75.99728,8.30461],[-75.99628,8.30435],[-75.99763,8.30063]]],[[[-75.99427,8.30064],[-75.99618,8.30073],[-75.99591,8.3029],[-75.99464,8.30381],[-75.99437,8.30471],[-75.99391,8.302],[-75.99427,8.30064]]],[[[-76.00183,8.30723],[-76.00282,8.30695],[-76.00428,8.30812],[-76.00446,8.30695],[-76.00537,8.30658],[-76.0051,8.30785],[-76.00446,8.30803],[-76.00446,8.30885],[-76.00365,8.30876],[-76.00337,8.30794],[-76.00256,8.30858],[-76.00183,8.30723]]],[[[-75.99396,8.35599],[-75.99514,8.35644],[-75.99424,8.35771],[-75.99305,8.35744],[-75.99396,8.35599]]],[[[-75.99891,8.37271],[-75.99936,8.37235],[-75.99936,8.3728],[-75.99782,8.37308],[-75.99718,8.37263],[-75.99718,8.37199],[-75.99872,8.37217],[-75.99891,8.37271]]],[[[-75.9933,8.38195],[-75.99421,8.38168],[-75.99421,8.38258],[-75.99357,8.38222],[-75.99321,8.38295],[-75.99285,8.38268],[-75.99266,8.38168],[-75.99321,8.38141],[-75.9933,8.38195]]],[[[-75.99575,8.3833],[-75.99793,8.38311],[-75.99639,8.38502],[-75.99576,8.38466],[-75.99575,8.3833]]],[[[-75.99412,8.38511],[-75.99349,8.38512],[-75.9933,8.38412],[-75.9943,8.38376],[-75.99412,8.38511]]],[[[-75.99839,8.3832],[-75.99875,8.3832],[-75.99893,8.3842],[-75.9993,8.38402],[-75.9992,8.38302],[-75.99957,8.38284],[-75.99993,8.38401],[-75.99939,8.38474],[-76.00094,8.38636],[-75.99949,8.38664],[-75.99858,8.38601],[-75.9984,8.38664],[-75.99731,8.38682],[-75.9964,8.38647],[-75.99839,8.3832]]],[[[-76.00472,8.40851],[-76.00535,8.40842],[-76.00699,8.40977],[-76.00518,8.41005],[-76.00445,8.40924],[-76.00472,8.40851]]],[[[-75.99283,8.44969],[-75.99338,8.44978],[-75.99357,8.45123],[-75.99247,8.45087],[-75.99283,8.44969]]],[[[-76.00846,8.45119],[-76.00783,8.4511],[-76.00782,8.45038],[-76.00846,8.45119]]],[[[-76.00592,8.453],[-76.00656,8.45373],[-76.00547,8.45301],[-76.00547,8.45264],[-76.0062,8.45264],[-76.00592,8.453]]],[[[-75.99303,8.4562],[-75.9934,8.45711],[-75.99394,8.45683],[-75.99385,8.45783],[-75.99286,8.45928],[-75.99316,8.4577],[-75.99267,8.45684],[-75.99303,8.4562]]],[[[-76.00476,8.45789],[-76.00375,8.45744],[-76.00394,8.45708],[-76.00521,8.4569],[-76.00539,8.45753],[-76.0063,8.45716],[-76.0063,8.45834],[-76.00531,8.45997],[-76.00476,8.45997],[-76.00494,8.45889],[-76.0043,8.45862],[-76.00476,8.45789]]],[[[-76.00376,8.45916],[-76.00403,8.45997],[-76.00367,8.46016],[-76.0024,8.45944],[-76.00376,8.45916]]],[[[-76.00685,8.46033],[-76.00776,8.4606],[-76.00731,8.4615],[-76.00676,8.46123],[-76.00676,8.46196],[-76.00576,8.46151],[-76.00685,8.46033]]],[[[-76.00467,8.46106],[-76.00422,8.46088],[-76.00413,8.46124],[-76.00395,8.46088],[-76.00485,8.4606],[-76.00522,8.46169],[-76.00431,8.46214],[-76.00395,8.4616],[-76.00467,8.46106]]],[[[-76.00713,8.46295],[-76.00722,8.46232],[-76.00812,8.46096],[-76.00912,8.46086],[-76.00904,8.46222],[-76.00786,8.46232],[-76.00877,8.46313],[-76.00877,8.46367],[-76.00713,8.46295]]],[[[-76.00799,8.47977],[-76.00744,8.47869],[-76.00799,8.47868],[-76.00808,8.47805],[-76.00699,8.47869],[-76.00699,8.47914],[-76.00617,8.47914],[-76.00626,8.47851],[-76.00572,8.47815],[-76.00762,8.47715],[-76.0088,8.4776],[-76.00935,8.47841],[-76.00872,8.47913],[-76.00926,8.47977],[-76.00899,8.48121],[-76.00854,8.48131],[-76.00863,8.48067],[-76.00781,8.4804],[-76.00799,8.47977]]],[[[-76.00455,8.4824],[-76.00464,8.48177],[-76.00246,8.48186],[-76.00082,8.48096],[-75.99909,8.4807],[-75.99873,8.4797],[-75.998,8.48034],[-75.99727,8.47998],[-75.99691,8.4788],[-75.99845,8.47916],[-75.99927,8.4788],[-75.99818,8.47826],[-75.99826,8.47708],[-75.99872,8.47753],[-75.99972,8.47735],[-75.9999,8.47807],[-76.0019,8.47789],[-76.00171,8.47644],[-76.00244,8.47662],[-76.00353,8.47499],[-76.00444,8.47562],[-76.00517,8.47715],[-76.00435,8.47761],[-76.00526,8.47797],[-76.00363,8.47788],[-76.00336,8.4787],[-76.00454,8.47942],[-76.00463,8.48041],[-76.00572,8.47987],[-76.00654,8.48213],[-76.00836,8.48203],[-76.00827,8.48284],[-76.00882,8.48348],[-76.007,8.48348],[-76.00582,8.48258],[-76.00455,8.4824]],[[-76.00227,8.47978],[-76.00345,8.48051],[-76.00309,8.47942],[-76.00227,8.47978]]],[[[-75.99737,8.48369],[-75.99692,8.4845],[-75.9961,8.48378],[-75.99737,8.48369]]],[[[-76.00674,8.48737],[-76.00601,8.48737],[-76.00601,8.48565],[-76.00973,8.48592],[-76.00946,8.48736],[-76.00865,8.48737],[-76.00738,8.48936],[-76.00674,8.48873],[-76.00674,8.48737]]],[[[-76.00766,8.49071],[-76.00648,8.49063],[-76.00638,8.4899],[-76.0072,8.48972],[-76.00766,8.49071]]],[[[-76.00023,8.49869],[-75.99987,8.49969],[-76.00041,8.50023],[-75.9996,8.50023],[-75.99896,8.49924],[-75.99832,8.49933],[-75.99905,8.50077],[-75.99824,8.50123],[-75.9986,8.50168],[-75.99806,8.50259],[-75.9976,8.50223],[-75.99506,8.5025],[-75.99415,8.50133],[-75.99452,8.50278],[-75.99315,8.50287],[-75.99233,8.50242],[-75.99151,8.49908],[-75.99287,8.49907],[-75.99314,8.49853],[-75.99114,8.49817],[-75.98996,8.49845],[-75.98869,8.49782],[-75.98796,8.49809],[-75.98805,8.49619],[-75.9895,8.49664],[-75.98969,8.49818],[-75.99023,8.49772],[-75.99014,8.49664],[-75.99087,8.49645],[-75.99123,8.497],[-75.99168,8.49374],[-75.99258,8.49365],[-75.99276,8.49193],[-75.99367,8.49156],[-75.9943,8.48984],[-75.99548,8.48876],[-75.99829,8.48875],[-75.9982,8.48839],[-75.99575,8.48776],[-75.99547,8.48677],[-75.99583,8.48595],[-75.99692,8.48595],[-75.99702,8.48658],[-75.99629,8.48658],[-75.99684,8.4874],[-75.99783,8.4864],[-75.99847,8.48676],[-75.99793,8.48694],[-75.99829,8.48757],[-75.99947,8.48712],[-75.99929,8.48648],[-75.99983,8.48603],[-75.99792,8.48558],[-75.99765,8.48387],[-75.99855,8.4835],[-75.9991,8.48395],[-75.99846,8.48432],[-75.9991,8.48468],[-75.99928,8.48386],[-76.00092,8.48413],[-76.0011,8.48377],[-76.00046,8.48314],[-75.99846,8.48341],[-75.99701,8.48269],[-75.99746,8.48097],[-76.004,8.48267],[-76.00373,8.48394],[-76.00555,8.48339],[-76.00428,8.48493],[-76.00337,8.48494],[-76.00356,8.48584],[-76.0031,8.48638],[-76.00038,8.48612],[-76.00101,8.48675],[-76.00301,8.48666],[-76.00329,8.48711],[-76.0022,8.48883],[-76.00011,8.48874],[-76.00048,8.48929],[-76.00238,8.48946],[-76.00166,8.49073],[-76.00184,8.49154],[-76.00103,8.49254],[-76.0014,8.49371],[-76.00094,8.49417],[-76.00131,8.49489],[-76.00076,8.49489],[-76.00113,8.49534],[-76.00095,8.49634],[-75.99941,8.49661],[-75.99886,8.49725],[-76.00023,8.49869]],[[-75.99568,8.49626],[-75.9955,8.49599],[-75.99631,8.49554],[-75.99595,8.49436],[-75.99486,8.49427],[-75.99468,8.49599],[-75.99386,8.49618],[-75.99777,8.49716],[-75.99913,8.4967],[-75.99568,8.49626]],[[-75.99867,8.49426],[-76.00058,8.4948],[-76.00013,8.49399],[-75.99858,8.49381],[-75.99867,8.49426]],[[-75.99531,8.49337],[-75.99476,8.49382],[-75.99831,8.49399],[-75.99822,8.49363],[-75.99531,8.49337]],[[-75.9983,8.49137],[-76.00076,8.49173],[-76.00066,8.49137],[-75.9983,8.49137]],[[-75.99485,8.49002],[-75.99512,8.49066],[-75.99612,8.48948],[-75.99557,8.48912],[-75.99485,8.49002]],[[-76.00273,8.48412],[-76.0031,8.48421],[-76.00346,8.48358],[-76.00318,8.48259],[-76.00273,8.48268],[-76.00273,8.48412]],[[-75.99532,8.49879],[-75.99469,8.49898],[-75.99533,8.49988],[-75.99532,8.49879]]],[[[-76.00222,8.49688],[-76.00168,8.49679],[-76.00168,8.49625],[-76.0024,8.49606],[-76.00222,8.49688]]],[[[-76.00086,8.49842],[-76.00032,8.49842],[-76.00041,8.49733],[-76.00086,8.49842]]],[[[-76.00159,8.4995],[-76.00169,8.50095],[-76.00123,8.50104],[-76.00078,8.50032],[-76.00105,8.49959],[-76.00159,8.4995]]],[[[-76.00796,8.50428],[-76.00778,8.50491],[-76.00742,8.50482],[-76.00706,8.50419],[-76.00778,8.50392],[-76.00642,8.50338],[-76.0056,8.50239],[-76.00414,8.50266],[-76.00487,8.50194],[-76.00478,8.50139],[-76.00332,8.50076],[-76.0026,8.50122],[-76.00205,8.50095],[-76.00259,8.49941],[-76.00323,8.49896],[-76.00432,8.49868],[-76.00377,8.49923],[-76.00423,8.49968],[-76.00441,8.49904],[-76.0055,8.4994],[-76.00632,8.49895],[-76.0065,8.49831],[-76.00613,8.49813],[-76.00459,8.49859],[-76.00377,8.49832],[-76.00368,8.49787],[-76.00459,8.49805],[-76.00486,8.49714],[-76.00577,8.49696],[-76.00668,8.49768],[-76.00767,8.49732],[-76.00795,8.49831],[-76.00686,8.49858],[-76.00723,8.4994],[-76.00795,8.49949],[-76.00831,8.49903],[-76.00841,8.49985],[-76.00895,8.49994],[-76.00922,8.49939],[-76.00968,8.49975],[-76.00868,8.50048],[-76.00896,8.50165],[-76.0086,8.50283],[-76.00923,8.50328],[-76.00979,8.50572],[-76.00897,8.50581],[-76.00806,8.50518],[-76.00796,8.50428]],[[-76.00841,8.50138],[-76.00796,8.50093],[-76.00778,8.50175],[-76.00823,8.50202],[-76.00841,8.50138]],[[-76.00514,8.50121],[-76.00614,8.50112],[-76.00596,8.50021],[-76.00523,8.50049],[-76.00514,8.50121]]],[[[-75.99933,8.50195],[-76.00015,8.50222],[-75.99969,8.50276],[-76.00006,8.50349],[-75.99933,8.50313],[-75.99933,8.50195]]],[[[-76.00269,8.50294],[-76.00333,8.50257],[-76.0046,8.50311],[-76.00388,8.50429],[-76.00351,8.5042],[-76.0036,8.50321],[-76.00269,8.50294]]],[[[-75.99709,8.51561],[-75.99691,8.51471],[-75.99736,8.51444],[-75.99673,8.51435],[-75.99599,8.512],[-75.99599,8.51145],[-75.99672,8.51136],[-75.99726,8.51037],[-75.99662,8.51028],[-75.99608,8.51082],[-75.99535,8.50974],[-75.99516,8.50802],[-75.9958,8.50684],[-75.99671,8.50639],[-75.99643,8.50585],[-75.99707,8.50548],[-75.99688,8.50458],[-75.99879,8.50358],[-75.99952,8.50394],[-75.99952,8.50475],[-76.00034,8.50556],[-75.99998,8.5062],[-75.99925,8.50629],[-75.99934,8.50683],[-76.00007,8.50665],[-76.00034,8.50701],[-75.99971,8.50964],[-76.00026,8.5119],[-75.99981,8.51343],[-76.00027,8.51452],[-75.99982,8.51488],[-75.99881,8.51317],[-75.99836,8.51371],[-75.99909,8.51425],[-75.99927,8.51633],[-76.00045,8.51587],[-76.00072,8.51461],[-76.00145,8.5147],[-76.00218,8.51551],[-76.00154,8.51515],[-76.001,8.51542],[-76.00255,8.51723],[-76.00173,8.51641],[-76.00018,8.51678],[-75.99955,8.51769],[-75.99709,8.51561]],[[-75.99789,8.50955],[-75.99835,8.50883],[-75.9968,8.50847],[-75.9968,8.5091],[-75.99789,8.50955]]],[[[-75.99518,8.51218],[-75.99563,8.51209],[-75.99591,8.51426],[-75.99518,8.51435],[-75.99491,8.51327],[-75.99527,8.51308],[-75.99518,8.51218]]],[[[-76.01011,8.5239],[-76.01037,8.52263],[-76.00956,8.52236],[-76.00865,8.52273],[-76.00946,8.52173],[-76.00937,8.52046],[-76.00982,8.52028],[-76.00955,8.51911],[-76.01,8.51847],[-76.00918,8.51884],[-76.00891,8.51839],[-76.00837,8.51884],[-76.00737,8.51857],[-76.00746,8.5192],[-76.00864,8.5192],[-76.00873,8.52092],[-76.00801,8.52119],[-76.00792,8.52191],[-76.00829,8.52345],[-76.00892,8.52381],[-76.00829,8.5239],[-76.00738,8.52327],[-76.00765,8.52237],[-76.00728,8.52074],[-76.00582,8.51903],[-76.00637,8.51821],[-76.00518,8.51821],[-76.00527,8.51749],[-76.00455,8.51758],[-76.004,8.51686],[-76.00482,8.51668],[-76.00482,8.51595],[-76.00573,8.51649],[-76.00654,8.51586],[-76.00608,8.51487],[-76.00545,8.51496],[-76.00554,8.51378],[-76.00663,8.51423],[-76.01207,8.5115],[-76.01226,8.51223],[-76.0118,8.51268],[-76.01235,8.51313],[-76.01108,8.51277],[-76.01054,8.51476],[-76.01145,8.51548],[-76.0119,8.51675],[-76.01281,8.51711],[-76.01236,8.51847],[-76.01118,8.5182],[-76.012,8.51892],[-76.01128,8.52118],[-76.01173,8.52163],[-76.01202,8.52498],[-76.01256,8.52543],[-76.01184,8.52607],[-76.01184,8.52552],[-76.01065,8.52507],[-76.01011,8.5239]],[[-76.007,8.51649],[-76.00654,8.51703],[-76.00664,8.51794],[-76.00836,8.51667],[-76.007,8.51649]]],[[[-75.99529,8.51987],[-75.99619,8.51932],[-75.99574,8.52014],[-75.99429,8.52041],[-75.99529,8.51987]]],[[[-76.00483,8.51975],[-76.00628,8.52138],[-76.00574,8.52183],[-76.00474,8.52174],[-76.0041,8.52057],[-76.00483,8.51975]]],[[[-76.00366,8.52428],[-76.00447,8.52409],[-76.00411,8.52355],[-76.00347,8.5241],[-76.00329,8.52346],[-76.00502,8.52346],[-76.00602,8.52536],[-76.00457,8.52563],[-76.00366,8.52428]]],[[[-76.00704,8.53214],[-76.0064,8.53277],[-76.00594,8.53096],[-76.00704,8.53214]]],[[[-76.0035,8.53549],[-76.00314,8.53721],[-76.00233,8.53703],[-76.00287,8.53577],[-76.0035,8.53549]]],[[[-76.00496,8.53612],[-76.00478,8.53685],[-76.00387,8.53631],[-76.0045,8.53585],[-76.00496,8.53612]]],[[[-76.00514,8.53748],[-76.00551,8.53892],[-76.00433,8.53775],[-76.00514,8.53748]]],[[[-76.00224,8.53767],[-76.00306,8.53803],[-76.00233,8.53857],[-76.0026,8.53902],[-76.00179,8.53993],[-76.00115,8.53975],[-76.00224,8.53767]]],[[[-76.00379,8.53893],[-76.00397,8.53974],[-76.00315,8.54056],[-76.00252,8.54029],[-76.00379,8.53893]]],[[[-76.00724,8.54037],[-76.00679,8.53992],[-76.00669,8.53874],[-76.00787,8.5391],[-76.00879,8.54],[-76.00824,8.5419],[-76.0076,8.53991],[-76.00724,8.54037]]],[[[-76.00107,8.5421],[-76.0017,8.54174],[-76.00161,8.54074],[-76.00297,8.5411],[-76.00198,8.54201],[-76.00307,8.54264],[-76.00298,8.54363],[-76.00262,8.54372],[-76.00271,8.54309],[-76.00216,8.54291],[-76.00189,8.54418],[-76.00107,8.5421]]],[[[-75.99952,8.54201],[-76.00061,8.54264],[-76.00107,8.54454],[-75.99998,8.54373],[-75.99952,8.54201]]],[[[-76.00671,8.54507],[-76.00635,8.54715],[-76.0049,8.54697],[-76.00571,8.54679],[-76.00526,8.54616],[-76.00553,8.5448],[-76.00607,8.54516],[-76.00616,8.54444],[-76.00707,8.54435],[-76.00616,8.54326],[-76.00561,8.54336],[-76.00516,8.54507],[-76.00343,8.54372],[-76.00343,8.54291],[-76.00425,8.54336],[-76.00543,8.54218],[-76.00552,8.541],[-76.00506,8.54101],[-76.00506,8.54146],[-76.00434,8.54128],[-76.00461,8.54209],[-76.00343,8.54173],[-76.00425,8.54137],[-76.00352,8.54038],[-76.00461,8.54037],[-76.00515,8.5392],[-76.00624,8.54073],[-76.00625,8.54245],[-76.00752,8.5429],[-76.00735,8.54615],[-76.00789,8.54633],[-76.0079,8.54742],[-76.0069,8.54715],[-76.00671,8.54507]]],[[[-75.99299,8.54502],[-75.99362,8.54447],[-75.9948,8.54447],[-75.99454,8.54682],[-75.99299,8.54502]]],[[[-76.00298,8.54472],[-76.00308,8.54562],[-76.00226,8.54644],[-76.00208,8.54553],[-76.00298,8.54472]]],[[[-76.00454,8.54797],[-76.00454,8.54833],[-76.00408,8.54851],[-76.00308,8.54779],[-76.00454,8.54797]]],[[[-76.00672,8.54778],[-76.00735,8.54778],[-76.00753,8.54832],[-76.00835,8.54814],[-76.00863,8.54941],[-76.00745,8.54905],[-76.00699,8.54968],[-76.00672,8.54778]]],[[[-76.00554,8.55023],[-76.00545,8.54969],[-76.00663,8.55059],[-76.00691,8.55276],[-76.00646,8.55249],[-76.00645,8.5514],[-76.00554,8.55023]]],[[[-76.00464,8.55258],[-76.00446,8.55267],[-76.00382,8.55195],[-76.00391,8.55132],[-76.00464,8.55132],[-76.00464,8.55258]]],[[[-76.00564,8.55195],[-76.00609,8.55258],[-76.00564,8.55357],[-76.005,8.55331],[-76.00564,8.55195]]],[[[-76.00792,8.55682],[-76.00801,8.55592],[-76.0071,8.55565],[-76.00637,8.55611],[-76.0061,8.55529],[-76.0051,8.55493],[-76.00528,8.55385],[-76.00573,8.55439],[-76.00719,8.55393],[-76.00801,8.55465],[-76.00801,8.55565],[-76.00883,8.55574],[-76.0091,8.55682],[-76.00847,8.55719],[-76.00874,8.55845],[-76.0082,8.55863],[-76.00774,8.558],[-76.00692,8.55809],[-76.00792,8.55682]]],[[[-76.0027,8.57465],[-76.00161,8.57448],[-76.00197,8.57393],[-76.0027,8.57465]]],[[[-75.99799,8.58181],[-75.99726,8.58145],[-75.99744,8.581],[-75.99817,8.58109],[-75.99799,8.58181]]],[[[-76.00109,8.58642],[-76.00055,8.58786],[-76.0,8.58732],[-76.00028,8.5866],[-75.99991,8.58615],[-76.00109,8.58642]]],[[[-75.99647,8.59267],[-75.99666,8.59448],[-75.99584,8.59439],[-75.99647,8.59267]]],[[[-75.99512,8.59728],[-75.99649,8.59773],[-75.9964,8.599],[-75.99494,8.59792],[-75.99512,8.59728]]],[[[-75.99477,8.60054],[-75.9955,8.60045],[-75.99523,8.60126],[-75.99468,8.60108],[-75.99477,8.60054]]],[[[-75.99396,8.60299],[-75.99432,8.60208],[-75.9945,8.60344],[-75.99396,8.60299]]],[[[-76.0045,8.60196],[-76.00504,8.60187],[-76.00586,8.60259],[-76.00731,8.60223],[-76.00768,8.60286],[-76.00877,8.60249],[-76.00813,8.60331],[-76.0085,8.60367],[-76.00823,8.60421],[-76.00896,8.60494],[-76.00814,8.60575],[-76.00777,8.60476],[-76.0065,8.60576],[-76.00569,8.60531],[-76.00496,8.60576],[-76.0046,8.60522],[-76.00423,8.60576],[-76.00359,8.60468],[-76.0045,8.60196]]],[[[-75.99568,8.63626],[-75.99568,8.63545],[-75.99604,8.63563],[-75.99613,8.63527],[-75.9955,8.63509],[-75.99512,8.6321],[-75.99576,8.63165],[-75.99494,8.63138],[-75.99402,8.62813],[-75.99457,8.62704],[-75.99384,8.62695],[-75.99329,8.62542],[-75.99175,8.62678],[-75.99211,8.62551],[-75.99138,8.62542],[-75.99183,8.62433],[-75.99119,8.62352],[-75.99137,8.62289],[-75.99228,8.62289],[-75.99283,8.62478],[-75.9932,8.62424],[-75.99182,8.61909],[-75.992,8.61782],[-75.99245,8.61755],[-75.9919,8.61683],[-75.99236,8.61692],[-75.99245,8.61646],[-75.99145,8.61656],[-75.9908,8.61213],[-75.99116,8.60968],[-75.9917,8.6095],[-75.99134,8.60878],[-75.99251,8.60724],[-75.99369,8.60678],[-75.99497,8.60732],[-75.99542,8.60669],[-75.99515,8.60615],[-75.99378,8.60642],[-75.99351,8.60606],[-75.99541,8.60316],[-75.99641,8.60343],[-75.99632,8.60189],[-75.99595,8.6018],[-75.99659,8.60144],[-75.99631,8.60036],[-75.99776,8.59782],[-75.99785,8.5961],[-75.99848,8.59628],[-75.99921,8.5951],[-75.99875,8.59429],[-75.99975,8.59384],[-75.99985,8.59601],[-76.00112,8.59627],[-76.00194,8.59718],[-76.00049,8.59745],[-76.00039,8.59655],[-75.99957,8.59592],[-75.99912,8.5961],[-75.99903,8.59718],[-76.00094,8.59863],[-76.00104,8.59971],[-76.00013,8.6008],[-75.99968,8.60071],[-76.00013,8.5998],[-75.99958,8.59917],[-75.99867,8.59972],[-75.99922,8.60071],[-75.99896,8.60306],[-76.00014,8.60378],[-76.00005,8.60469],[-75.99905,8.60541],[-75.99997,8.60722],[-75.99779,8.60777],[-75.99842,8.60831],[-75.99815,8.60903],[-75.99915,8.60849],[-75.99979,8.60867],[-76.0006,8.6074],[-76.00151,8.60821],[-76.00151,8.60875],[-76.00061,8.60984],[-75.99952,8.60975],[-75.99888,8.60912],[-75.99788,8.60985],[-75.99843,8.61057],[-76.00079,8.61075],[-76.00098,8.61237],[-76.00016,8.61301],[-76.00062,8.61482],[-75.9999,8.61491],[-76.00044,8.61554],[-75.99981,8.61645],[-76.00181,8.61707],[-76.0009,8.61726],[-76.00072,8.61816],[-76.00136,8.61789],[-76.00227,8.61825],[-76.00127,8.61852],[-76.00164,8.62205],[-76.00228,8.62214],[-76.00155,8.62368],[-76.00237,8.6244],[-76.00174,8.62458],[-76.00192,8.62566],[-76.0012,8.62603],[-76.00284,8.6272],[-76.00238,8.62829],[-76.00411,8.62864],[-76.00384,8.63],[-76.00439,8.63163],[-76.00521,8.63244],[-76.00685,8.63289],[-76.00703,8.63361],[-76.00549,8.63325],[-76.00404,8.63425],[-76.00303,8.6329],[-76.00295,8.63697],[-76.00159,8.63688],[-76.00132,8.63769],[-75.99905,8.63906],[-75.99568,8.63626]],[[-76.00122,8.63444],[-76.00022,8.63354],[-76.00049,8.63308],[-76.00122,8.63344],[-76.00231,8.63308],[-76.00176,8.63308],[-76.0014,8.63236],[-75.99985,8.63245],[-75.99886,8.63616],[-75.99977,8.63661],[-76.00113,8.6358],[-76.00122,8.63444]],[[-76.00321,8.63163],[-76.00394,8.63154],[-76.00357,8.63054],[-76.00312,8.63091],[-76.00321,8.63163]],[[-76.00012,8.63146],[-76.00048,8.63155],[-76.00057,8.63091],[-76.00121,8.63082],[-76.0003,8.63037],[-76.00012,8.63146]],[[-75.99712,8.63029],[-75.99803,8.63065],[-75.99766,8.62929],[-75.99703,8.62939],[-75.99712,8.63029]],[[-75.99657,8.62921],[-75.99648,8.62857],[-75.99584,8.62839],[-75.99548,8.62885],[-75.99657,8.62921]],[[-75.99793,8.62757],[-75.99675,8.62703],[-75.99693,8.62649],[-75.99775,8.62703],[-75.99847,8.62631],[-75.99829,8.62531],[-75.99756,8.62522],[-75.99702,8.6255],[-75.9962,8.6274],[-75.99657,8.62821],[-75.9972,8.62812],[-75.99702,8.62884],[-75.99802,8.6292],[-75.99793,8.62757]],[[-75.99902,8.62811],[-76.00011,8.6282],[-76.0002,8.62748],[-75.99948,8.62793],[-75.99866,8.62766],[-75.99902,8.62811]],[[-76.00248,8.63019],[-76.00139,8.62983],[-76.0013,8.63046],[-76.00185,8.63082],[-76.00248,8.63019]],[[-75.99792,8.62278],[-75.99719,8.62333],[-75.99701,8.62441],[-75.99783,8.62459],[-75.99865,8.6235],[-75.99792,8.62278]],[[-75.99446,8.62297],[-75.99555,8.62279],[-75.99546,8.62234],[-75.99437,8.62261],[-75.99446,8.62297]],[[-75.99955,8.62088],[-75.99882,8.6207],[-75.99873,8.62115],[-76.00109,8.62169],[-76.00082,8.62033],[-75.99955,8.62088]],[[-75.99755,8.62115],[-75.99773,8.6207],[-75.99682,8.62061],[-75.99691,8.62107],[-75.99755,8.62115]],[[-75.99282,8.6209],[-75.99364,8.62053],[-75.99337,8.61981],[-75.99273,8.62026],[-75.99282,8.6209]],[[-75.99646,8.61989],[-75.99573,8.61917],[-75.99618,8.61881],[-75.997,8.61926],[-75.99681,8.61835],[-75.99527,8.61854],[-75.99464,8.61999],[-75.99546,8.62053],[-75.99555,8.61989],[-75.99646,8.61989]],[[-75.99527,8.61763],[-75.99545,8.617],[-75.99399,8.61655],[-75.99273,8.61845],[-75.99382,8.61917],[-75.99327,8.61782],[-75.99527,8.61763]],[[-75.99617,8.61627],[-75.99627,8.61664],[-75.99699,8.61645],[-75.99708,8.61555],[-75.99617,8.61627]],[[-75.99935,8.61437],[-75.99753,8.61464],[-75.99753,8.61555],[-75.99799,8.61582],[-75.9989,8.61536],[-75.99935,8.61437]],[[-75.99635,8.61392],[-75.9968,8.6141],[-75.99771,8.61365],[-75.99753,8.6132],[-75.99635,8.61392]],[[-75.99598,8.61311],[-75.99707,8.61202],[-75.99643,8.61184],[-75.99598,8.61311]],[[-75.99734,8.61121],[-75.99643,8.61039],[-75.99607,8.61112],[-75.99807,8.61157],[-75.99807,8.61093],[-75.99734,8.61121]],[[-75.99516,8.61085],[-75.99488,8.60986],[-75.99434,8.61004],[-75.99452,8.61067],[-75.99516,8.61085]],[[-75.99343,8.60905],[-75.99243,8.6095],[-75.99334,8.61085],[-75.99398,8.61031],[-75.99343,8.60905]],[[-75.99588,8.60768],[-75.99497,8.6075],[-75.9947,8.60904],[-75.99515,8.60913],[-75.99506,8.60832],[-75.99588,8.60768]],[[-75.99625,8.6103],[-75.99652,8.60949],[-75.99588,8.60949],[-75.99534,8.61013],[-75.99625,8.6103]],[[-75.99678,8.60542],[-75.99642,8.60578],[-75.9976,8.60605],[-75.9976,8.60668],[-75.99815,8.60668],[-75.99805,8.60587],[-75.99678,8.60542]]],[[[-76.00808,8.61543],[-76.00763,8.6176],[-76.00717,8.61787],[-76.00635,8.61751],[-76.00653,8.61625],[-76.00808,8.61543]]],[[[-76.00428,8.62385],[-76.00337,8.62485],[-76.00283,8.62476],[-76.00292,8.62403],[-76.00428,8.62385]]],[[[-76.00492,8.6234],[-76.00546,8.62339],[-76.00537,8.62394],[-76.00619,8.62439],[-76.00592,8.62538],[-76.00519,8.62538],[-76.00474,8.62593],[-76.00447,8.6253],[-76.0051,8.62502],[-76.00492,8.6234]]],[[[-76.0041,8.62494],[-76.00447,8.62512],[-76.00374,8.62575],[-76.00329,8.62539],[-76.0041,8.62494]]],[[[-76.00566,8.6281],[-76.00502,8.62837],[-76.0052,8.62918],[-76.00466,8.629],[-76.00475,8.6281],[-76.0052,8.6271],[-76.00593,8.62701],[-76.00529,8.62611],[-76.00583,8.62556],[-76.00692,8.62547],[-76.00683,8.6271],[-76.00801,8.62691],[-76.00756,8.62764],[-76.00884,8.62881],[-76.00784,8.62936],[-76.00693,8.62873],[-76.0062,8.62882],[-76.00566,8.6281]],[[-76.00566,8.62801],[-76.00647,8.62782],[-76.00611,8.62728],[-76.00556,8.62737],[-76.00566,8.62801]]],[[[-76.00667,8.63424],[-76.0074,8.63415],[-76.00895,8.63587],[-76.00831,8.6365],[-76.00813,8.63587],[-76.00722,8.63587],[-76.00667,8.63424]]],[[[-76.00522,8.63569],[-76.00468,8.63624],[-76.00504,8.63669],[-76.00441,8.63678],[-76.0045,8.63624],[-76.00368,8.63588],[-76.00404,8.63543],[-76.00522,8.63569]]],[[[-75.99408,8.64848],[-75.9959,8.64901],[-75.99553,8.64974],[-75.99599,8.64992],[-75.99445,8.65074],[-75.99326,8.65047],[-75.99317,8.64983],[-75.99408,8.64848]]],[[[-75.99909,8.65262],[-75.99918,8.65434],[-75.99855,8.65452],[-75.99818,8.65272],[-75.99909,8.65262]]],[[[-75.99573,8.65381],[-75.99591,8.65435],[-75.99655,8.65408],[-75.99655,8.65525],[-75.99528,8.65571],[-75.99573,8.65381]]],[[[-76.0,8.65515],[-75.99909,8.65534],[-75.99918,8.65443],[-76.0,8.65515]]],[[[-75.99864,8.6547],[-75.99864,8.65534],[-75.99828,8.65552],[-75.998,8.65507],[-75.99728,8.6557],[-75.99727,8.65489],[-75.99864,8.6547]]],[[[-75.99782,8.6567],[-75.99855,8.65669],[-75.99837,8.65597],[-75.99882,8.65588],[-75.99865,8.65778],[-75.99765,8.65814],[-75.99782,8.6567]]],[[[-76.00416,8.68191],[-76.00453,8.68263],[-76.00326,8.68336],[-76.00416,8.68191]]],[[[-76.00526,8.68399],[-76.00671,8.68426],[-76.00653,8.68489],[-76.00608,8.68471],[-76.00581,8.6858],[-76.00472,8.68526],[-76.00526,8.68399]]],[[[-75.99363,8.68574],[-75.99436,8.68637],[-75.99527,8.68601],[-75.99545,8.68646],[-75.99309,8.68746],[-75.99227,8.68692],[-75.99245,8.68619],[-75.99363,8.68574]]],[[[-75.99527,8.68763],[-75.99427,8.68791],[-75.99427,8.68755],[-75.99645,8.68673],[-75.99645,8.68799],[-75.99709,8.68871],[-75.99655,8.68899],[-75.99545,8.68845],[-75.99527,8.68763]]],[[[-76.00375,8.69702],[-76.00339,8.69765],[-76.0022,8.69747],[-76.0022,8.69711],[-76.00375,8.69702]]],[[[-76.00648,8.69954],[-76.00621,8.70063],[-76.00558,8.70081],[-76.00212,8.69892],[-76.00284,8.69847],[-76.00575,8.69918],[-76.00457,8.69837],[-76.00557,8.69819],[-76.00493,8.69765],[-76.00474,8.69575],[-76.00383,8.69539],[-76.00284,8.69575],[-76.00338,8.69458],[-76.00793,8.69673],[-76.00893,8.6989],[-76.01194,8.70061],[-76.0113,8.70107],[-76.01094,8.70062],[-76.00794,8.70017],[-76.00785,8.70071],[-76.0073,8.69972],[-76.00648,8.69954]]],[[[-75.9994,8.70426],[-75.99922,8.70336],[-76.00012,8.70137],[-76.00076,8.70146],[-76.00039,8.70082],[-76.0013,8.69928],[-76.00239,8.7],[-76.00203,8.70154],[-76.00294,8.70036],[-76.00376,8.70045],[-76.00521,8.70117],[-76.00467,8.70154],[-76.00394,8.70081],[-76.00294,8.70217],[-76.00368,8.70389],[-76.00322,8.70434],[-76.00341,8.70489],[-76.00277,8.70462],[-76.00295,8.70516],[-76.00259,8.70525],[-75.9994,8.70426]]],[[[-76.00558,8.70352],[-76.00531,8.70398],[-76.00568,8.7047],[-76.00477,8.70362],[-76.00558,8.70352]]],[[[-75.99515,8.70979],[-75.99524,8.71015],[-75.99424,8.70988],[-75.99451,8.70925],[-75.99515,8.70979]]],[[[-76.00233,8.71239],[-76.00215,8.71285],[-76.00124,8.71231],[-76.00133,8.71195],[-76.00233,8.71239]]],[[[-75.99234,8.71215],[-75.99334,8.71323],[-75.99179,8.71342],[-75.99234,8.71215]]],[[[-75.99434,8.71359],[-75.99324,8.71242],[-75.99306,8.71106],[-75.99443,8.71187],[-75.9947,8.71323],[-75.99543,8.71377],[-75.99507,8.71467],[-75.9937,8.71432],[-75.99379,8.71341],[-75.99434,8.71359]]],[[[-76.00608,8.71799],[-76.00581,8.71872],[-76.00617,8.71899],[-76.00535,8.71881],[-76.00535,8.71772],[-76.00608,8.71799]]],[[[-76.00363,8.71954],[-76.00426,8.71926],[-76.00381,8.71881],[-76.00408,8.71845],[-76.00481,8.71899],[-76.0039,8.71972],[-76.00408,8.72035],[-76.00463,8.72044],[-76.00418,8.72116],[-76.00363,8.72107],[-76.00399,8.72071],[-76.00363,8.71954]]],[[[-76.00618,8.72125],[-76.00581,8.72134],[-76.00536,8.72062],[-76.00554,8.71998],[-76.00599,8.72007],[-76.00618,8.72125]]],[[[-76.00291,8.72288],[-76.00263,8.72171],[-76.00354,8.72198],[-76.00363,8.72279],[-76.006,8.7227],[-76.00609,8.72423],[-76.00537,8.72451],[-76.0061,8.72523],[-76.00583,8.72622],[-76.00519,8.72613],[-76.0051,8.72496],[-76.00473,8.72487],[-76.00491,8.72342],[-76.00291,8.72288]]],[[[-75.99946,8.72524],[-75.99891,8.72425],[-75.99973,8.72362],[-76.0011,8.7256],[-76.00028,8.72669],[-75.9991,8.72588],[-75.99946,8.72524]]],[[[-76.0031,8.72496],[-76.00374,8.7265],[-76.00301,8.72704],[-76.00228,8.72578],[-76.0031,8.72496]]],[[[-75.9921,8.72644],[-75.99264,8.72508],[-75.99473,8.72553],[-75.99474,8.72761],[-75.99319,8.72761],[-75.99283,8.72662],[-75.9921,8.72644]]],[[[-75.99283,8.72888],[-75.99265,8.72924],[-75.99202,8.72906],[-75.99229,8.72807],[-75.99283,8.72888]]],[[[-75.99584,8.73023],[-75.99574,8.72951],[-75.99638,8.72923],[-75.99793,8.73004],[-75.99739,8.73131],[-75.99584,8.73095],[-75.99539,8.7315],[-75.99493,8.73123],[-75.99465,8.72978],[-75.99584,8.73023]]],[[[-75.99838,8.73013],[-75.9992,8.7295],[-76.00011,8.73049],[-75.99957,8.73167],[-75.99984,8.73248],[-75.99912,8.73275],[-75.99875,8.73357],[-75.99802,8.73203],[-75.99838,8.73013]]],[[[-75.99311,8.73078],[-75.99339,8.73186],[-75.99303,8.7325],[-75.99193,8.73096],[-75.99311,8.73078]]],[[[-75.99466,8.7334],[-75.99476,8.73403],[-75.99367,8.73394],[-75.99384,8.7324],[-75.99466,8.7334]]],[[[-76.00039,8.73474],[-76.00048,8.73392],[-75.99966,8.73347],[-76.00039,8.73221],[-76.00184,8.73265],[-76.0013,8.73293],[-76.00139,8.73356],[-76.00031,8.73555],[-75.9993,8.7351],[-76.00039,8.73474]]],[[[-75.99857,8.7342],[-75.99858,8.73474],[-75.99794,8.73474],[-75.99757,8.7342],[-75.99857,8.7342]]],[[[-75.99476,8.73593],[-75.99403,8.73602],[-75.99421,8.73466],[-75.99585,8.7352],[-75.99504,8.73638],[-75.99567,8.73593],[-75.99631,8.73683],[-75.99604,8.73819],[-75.99495,8.73738],[-75.99476,8.73593]]],[[[-75.99714,8.74044],[-75.99823,8.7399],[-75.9975,8.73936],[-76.00023,8.73998],[-76.00005,8.74188],[-75.99878,8.74125],[-75.9975,8.74135],[-75.99714,8.74044]]],[[[-75.99668,8.74135],[-75.99723,8.7418],[-75.99669,8.74253],[-75.99551,8.74271],[-75.99551,8.74217],[-75.99668,8.74135]]],[[[-76.00359,8.74178],[-76.00423,8.74169],[-76.00396,8.74115],[-76.00441,8.7407],[-76.00505,8.74169],[-76.00451,8.74251],[-76.00496,8.7435],[-76.00415,8.74377],[-76.00341,8.74242],[-76.00359,8.74178]]],[[[-75.9966,8.74325],[-75.99778,8.74243],[-75.99741,8.74189],[-75.9986,8.74198],[-75.99842,8.7427],[-75.99887,8.74297],[-75.99906,8.74415],[-75.99869,8.74406],[-75.99842,8.74514],[-75.9966,8.74325]]],[[[-76.00324,8.74595],[-76.00288,8.74604],[-76.00251,8.74513],[-76.00315,8.74531],[-76.00324,8.74595]]],[[[-76.00415,8.74468],[-76.00515,8.74467],[-76.00506,8.74594],[-76.00561,8.74585],[-76.0057,8.7463],[-76.00506,8.74703],[-76.00497,8.7463],[-76.00388,8.74585],[-76.00415,8.74468]]],[[[-75.99234,8.74697],[-75.99197,8.74498],[-75.99233,8.7448],[-75.99324,8.74525],[-75.99397,8.74669],[-75.99297,8.74706],[-75.9937,8.74814],[-75.99316,8.74959],[-75.99262,8.74977],[-75.99271,8.7505],[-75.99171,8.75005],[-75.99234,8.74697]]],[[[-75.99716,8.7484],[-75.99743,8.74732],[-75.99806,8.7475],[-75.99716,8.74922],[-75.9968,8.74922],[-75.99698,8.7484],[-75.99625,8.74804],[-75.99634,8.7475],[-75.99716,8.7484]]],[[[-76.00143,8.74767],[-76.00234,8.74884],[-76.00043,8.7493],[-76.00007,8.74785],[-76.00143,8.74767]]],[[[-76.00516,8.74802],[-76.00516,8.74829],[-76.00398,8.7482],[-76.0037,8.74893],[-76.00316,8.74875],[-76.00398,8.74811],[-76.00516,8.74802]]],[[[-75.99816,8.74858],[-75.99879,8.74749],[-75.99989,8.74957],[-75.9998,8.75039],[-75.99916,8.75057],[-75.99816,8.75003],[-75.99816,8.74858]]],[[[-75.99353,8.75113],[-75.99308,8.75294],[-75.99253,8.75267],[-75.99298,8.75131],[-75.99353,8.75113]]],[[[-75.99609,8.756],[-75.99545,8.75546],[-75.99545,8.75483],[-75.99645,8.75419],[-75.99572,8.75311],[-75.99499,8.75356],[-75.99544,8.7523],[-75.99599,8.75257],[-75.99662,8.75211],[-75.99735,8.75265],[-75.99826,8.75238],[-76.00008,8.75319],[-75.99963,8.75428],[-75.99781,8.75527],[-75.99827,8.75609],[-75.99709,8.75591],[-75.99727,8.755],[-75.99672,8.75455],[-75.99618,8.75763],[-75.99691,8.75763],[-75.99664,8.75844],[-75.99509,8.7579],[-75.99527,8.75655],[-75.99609,8.756]]],[[[-75.99454,8.75673],[-75.99426,8.75203],[-75.99534,8.74986],[-75.99662,8.74931],[-75.99535,8.75076],[-75.99508,8.75248],[-75.99444,8.7532],[-75.9949,8.75465],[-75.99473,8.75881],[-75.99401,8.76143],[-75.99329,8.76252],[-75.99454,8.75673]]],[[[-76.00046,8.75816],[-76.0,8.7578],[-76.00045,8.75717],[-76.00209,8.75707],[-76.00264,8.75725],[-76.00282,8.75779],[-76.00173,8.75825],[-76.00182,8.75743],[-76.00127,8.75716],[-76.001,8.75888],[-76.0,8.75898],[-75.99955,8.75844],[-75.99991,8.75825],[-75.99991,8.7588],[-76.00046,8.75816]]],[[[-75.99722,8.77237],[-75.99741,8.77282],[-75.99686,8.77318],[-75.99522,8.77301],[-75.99722,8.77237]]],[[[-75.99468,8.77328],[-75.99304,8.77383],[-75.99313,8.77347],[-75.99468,8.77328]]],[[[-75.99232,8.7741],[-75.99395,8.77437],[-75.99441,8.77509],[-75.99205,8.77473],[-75.99232,8.7741]]],[[[-75.99805,8.7777],[-75.99805,8.77698],[-75.99842,8.77707],[-75.99896,8.77761],[-75.99805,8.7777]]],[[[-75.99936,8.79072],[-75.99827,8.79036],[-75.99845,8.78982],[-75.99936,8.78991],[-75.99936,8.79072]]],[[[-76.00019,8.79606],[-75.99947,8.79606],[-75.99992,8.79497],[-76.00065,8.79506],[-76.00019,8.79606]]],[[[-75.99896,8.81017],[-76.00024,8.8117],[-75.99914,8.81143],[-75.9986,8.8108],[-75.99896,8.81017]]],[[[-76.00491,9.25176],[-76.005,9.25302],[-76.00373,9.25267],[-76.00409,9.25158],[-76.00491,9.25176]]],[[[-76.00451,9.27048],[-76.00433,9.27184],[-76.00351,9.27148],[-76.00341,9.27021],[-76.00451,9.27048]]],[[[-76.00679,9.27129],[-76.00715,9.27201],[-76.00552,9.27301],[-76.00533,9.2722],[-76.00588,9.27138],[-76.00679,9.27129]]],[[[-76.00342,9.27374],[-76.0026,9.27347],[-76.0016,9.27392],[-76.00297,9.27311],[-76.00342,9.27374]]],[[[-76.00007,9.27809],[-75.99879,9.27746],[-76.00033,9.27538],[-76.00024,9.27483],[-76.00152,9.27501],[-76.00197,9.27591],[-76.00143,9.27573],[-76.00116,9.27619],[-76.00234,9.27645],[-76.00171,9.27845],[-76.00134,9.27809],[-76.0017,9.27691],[-76.00007,9.27809]]],[[[-75.99443,9.28109],[-75.99416,9.28046],[-75.99479,9.27874],[-75.99451,9.27783],[-75.99542,9.27756],[-75.99497,9.27666],[-75.99624,9.27484],[-75.99724,9.27538],[-75.99788,9.2752],[-75.99678,9.2743],[-75.99714,9.27285],[-75.99814,9.27249],[-76.00033,9.27411],[-75.99942,9.27483],[-75.9986,9.27484],[-75.99815,9.27556],[-75.99852,9.27692],[-75.99806,9.27737],[-75.99743,9.2771],[-75.99716,9.27792],[-75.99943,9.27845],[-75.99843,9.27945],[-75.99761,9.27909],[-75.9968,9.27982],[-75.99662,9.28181],[-75.99571,9.28154],[-75.99525,9.28072],[-75.99443,9.28109]]],[[[-75.99936,9.28352],[-76.00072,9.28333],[-75.99981,9.28415],[-76.00027,9.28496],[-75.99927,9.28614],[-75.99827,9.28659],[-75.99854,9.28578],[-75.998,9.28533],[-75.99936,9.28352]]],[[[-75.99362,9.28435],[-75.99735,9.28425],[-75.99754,9.28678],[-75.99618,9.28723],[-75.99563,9.28597],[-75.99572,9.28687],[-75.99418,9.28751],[-75.99362,9.28435]],[[-75.99508,9.28516],[-75.99517,9.28579],[-75.99672,9.28597],[-75.99654,9.2847],[-75.99563,9.28461],[-75.99508,9.28516]]],[[[-75.99701,9.28994],[-75.99664,9.28931],[-75.997,9.28877],[-75.99782,9.28877],[-75.99792,9.29067],[-75.99674,9.29112],[-75.99701,9.29003],[-75.99746,9.29021],[-75.99746,9.28985],[-75.99701,9.28994]]],[[[-75.99364,9.29212],[-75.99346,9.29095],[-75.9941,9.29059],[-75.99337,9.28995],[-75.99364,9.28914],[-75.99491,9.2885],[-75.99527,9.28859],[-75.99528,9.28941],[-75.99609,9.28895],[-75.9961,9.29121],[-75.9941,9.29176],[-75.99474,9.29239],[-75.99546,9.29194],[-75.9952,9.29474],[-75.99466,9.29538],[-75.99284,9.29565],[-75.99274,9.29267],[-75.99364,9.29212]]],[[[-75.99703,9.29763],[-75.99666,9.29691],[-75.99894,9.29582],[-76.00067,9.29617],[-76.00031,9.29771],[-75.99785,9.29718],[-75.99703,9.29763]]],[[[-76.00722,9.2967],[-76.00786,9.29661],[-76.00741,9.29724],[-76.00804,9.2976],[-76.00723,9.29787],[-76.00723,9.29905],[-76.00659,9.29887],[-76.00722,9.2967]]],[[[-75.9903,9.29892],[-75.98938,9.2982],[-75.98975,9.29765],[-75.9912,9.29747],[-75.99047,9.29611],[-75.99129,9.2962],[-75.99275,9.29828],[-75.99321,9.298],[-75.99284,9.29683],[-75.99329,9.29656],[-75.99393,9.29755],[-75.99394,9.29864],[-75.99448,9.29746],[-75.99439,9.29655],[-75.99375,9.29619],[-75.99511,9.29583],[-75.9963,9.29619],[-75.99612,9.29691],[-75.99584,9.29646],[-75.99521,9.29673],[-75.99557,9.29718],[-75.99603,9.297],[-75.99621,9.29763],[-75.99594,9.29863],[-75.99539,9.29881],[-75.99585,9.29962],[-75.99504,9.30116],[-75.99403,9.30099],[-75.99367,9.30044],[-75.99258,9.30054],[-75.99267,9.30126],[-75.99176,9.30081],[-75.99103,9.30244],[-75.9903,9.29892]]],[[[-75.99776,9.29917],[-75.99831,9.29889],[-75.99867,9.29772],[-76.00022,9.29835],[-75.9994,9.29989],[-76.00004,9.3007],[-75.99758,9.3008],[-75.99868,9.30034],[-75.99877,9.29998],[-75.99813,9.29998],[-75.99776,9.29917]]],[[[-76.00742,9.30041],[-76.00887,9.3014],[-76.00751,9.3014],[-76.00705,9.30059],[-76.00742,9.30041]]],[[[-76.00478,9.30286],[-76.00542,9.30285],[-76.00587,9.30195],[-76.00587,9.30086],[-76.00523,9.30068],[-76.00578,9.29987],[-76.0066,9.30122],[-76.00679,9.30348],[-76.00615,9.30448],[-76.00506,9.30376],[-76.00478,9.30286]]],[[[-76.00952,9.30474],[-76.00971,9.30519],[-76.00907,9.30574],[-76.00707,9.30538],[-76.00634,9.3062],[-76.00624,9.30493],[-76.00761,9.30438],[-76.00952,9.30474]]],[[[-76.00298,9.30774],[-76.00216,9.30883],[-76.00152,9.30874],[-76.00143,9.3082],[-76.00225,9.30811],[-76.00261,9.30585],[-76.00333,9.30557],[-76.00324,9.30494],[-76.00451,9.30385],[-76.00543,9.30511],[-76.00397,9.30638],[-76.00452,9.30656],[-76.00425,9.30747],[-76.00553,9.30828],[-76.00507,9.30828],[-76.00444,9.30928],[-76.00325,9.30955],[-76.00325,9.30901],[-76.00407,9.30865],[-76.00298,9.30774]]],[[[-75.9956,9.30686],[-75.9966,9.30722],[-75.99597,9.30803],[-75.99478,9.30786],[-75.9946,9.30849],[-75.99342,9.30822],[-75.99342,9.30786],[-75.9956,9.30686]]],[[[-75.99278,9.30732],[-75.99305,9.30904],[-75.99196,9.30868],[-75.99187,9.30777],[-75.99278,9.30732]]],[[[-76.0008,9.31073],[-76.00062,9.31191],[-75.99962,9.31191],[-75.99989,9.31092],[-76.0008,9.31073]]],[[[-75.9967,9.31165],[-75.99625,9.31237],[-75.99579,9.31102],[-75.9967,9.31165]]],[[[-76.00299,9.31154],[-76.00272,9.31272],[-76.00308,9.31299],[-76.00154,9.31363],[-76.00299,9.31154]]],[[[-75.99826,9.31364],[-75.99953,9.31436],[-76.00026,9.31408],[-76.00045,9.31499],[-75.99926,9.31454],[-75.9989,9.31499],[-75.99799,9.31427],[-75.99826,9.31364]]],[[[-75.98424,9.31512],[-75.98733,9.31358],[-75.9887,9.31366],[-75.98879,9.31402],[-75.98797,9.31439],[-75.98861,9.31475],[-75.98852,9.31538],[-75.9877,9.31493],[-75.98788,9.31466],[-75.98752,9.31502],[-75.98834,9.31601],[-75.98698,9.31783],[-75.98643,9.31792],[-75.98698,9.31819],[-75.98798,9.31764],[-75.98799,9.31954],[-75.98853,9.31972],[-75.9888,9.31818],[-75.98926,9.31827],[-75.98925,9.31628],[-75.99034,9.31619],[-75.99243,9.31447],[-75.99325,9.31528],[-75.99335,9.31609],[-75.99253,9.31682],[-75.99326,9.31691],[-75.99299,9.31772],[-75.99336,9.31862],[-75.9939,9.31772],[-75.99362,9.31654],[-75.99444,9.31627],[-75.99362,9.31591],[-75.9948,9.31527],[-75.99544,9.31545],[-75.99499,9.316],[-75.99563,9.31672],[-75.99499,9.31726],[-75.99508,9.31817],[-75.99654,9.31735],[-75.99608,9.31626],[-75.99717,9.31536],[-75.99781,9.31535],[-75.99808,9.31608],[-75.99963,9.31562],[-76.00163,9.31607],[-76.00218,9.3167],[-76.00291,9.31643],[-76.00355,9.31688],[-76.00328,9.3176],[-76.00456,9.31904],[-76.00501,9.31895],[-76.0051,9.31796],[-76.00555,9.31796],[-76.00647,9.31904],[-76.00729,9.31913],[-76.0072,9.31976],[-76.00483,9.3195],[-76.00501,9.32022],[-76.00793,9.32075],[-76.00984,9.32183],[-76.01012,9.32355],[-76.01113,9.32463],[-76.01113,9.32536],[-76.0053,9.32447],[-76.00466,9.32357],[-76.00566,9.32302],[-76.00493,9.32257],[-76.00475,9.32176],[-76.00348,9.32339],[-76.00274,9.32249],[-76.00056,9.32285],[-76.0001,9.32231],[-76.00101,9.3215],[-76.00101,9.32068],[-76.00028,9.32014],[-75.99928,9.32032],[-75.99874,9.3215],[-75.99782,9.32069],[-75.99745,9.31924],[-75.99836,9.31825],[-75.99836,9.31752],[-75.99754,9.31789],[-75.99736,9.31861],[-75.99654,9.3187],[-75.99609,9.32042],[-75.99555,9.32043],[-75.99527,9.31979],[-75.99473,9.32088],[-75.99418,9.32079],[-75.99463,9.3197],[-75.99381,9.31962],[-75.99345,9.3188],[-75.99272,9.31989],[-75.99045,9.32098],[-75.99036,9.32143],[-75.99091,9.3217],[-75.98973,9.32316],[-75.98763,9.32153],[-75.98817,9.3199],[-75.98744,9.32027],[-75.98699,9.3219],[-75.98626,9.3219],[-75.98662,9.32108],[-75.9859,9.321],[-75.98607,9.31991],[-75.98553,9.31973],[-75.9858,9.31901],[-75.98516,9.31901],[-75.98516,9.3181],[-75.9847,9.31801],[-75.98453,9.32009],[-75.98362,9.32182],[-75.98262,9.322],[-75.98226,9.32146],[-75.98089,9.3211],[-75.98052,9.32029],[-75.98116,9.31983],[-75.98307,9.32091],[-75.98107,9.3192],[-75.98143,9.31875],[-75.98188,9.31929],[-75.9827,9.31883],[-75.98143,9.31811],[-75.98133,9.31685],[-75.98215,9.31585],[-75.98288,9.31603],[-75.98315,9.31666],[-75.98388,9.31657],[-75.98424,9.31512]],[[-75.98343,9.31847],[-75.98379,9.31829],[-75.98388,9.31747],[-75.98215,9.31712],[-75.98343,9.31847]],[[-75.98298,9.31938],[-75.98343,9.31992],[-75.98361,9.31883],[-75.98298,9.31938]],[[-75.99171,9.31664],[-75.99089,9.31619],[-75.99089,9.31691],[-75.99007,9.31682],[-75.98971,9.318],[-75.99108,9.31782],[-75.99171,9.31664]]],[[[-76.00276,9.32665],[-76.00221,9.3261],[-76.0013,9.32665],[-76.00166,9.32583],[-76.00102,9.32511],[-75.99948,9.32584],[-75.99775,9.32566],[-75.9962,9.3263],[-75.99565,9.32621],[-75.99556,9.32567],[-75.99674,9.32503],[-76.00211,9.32475],[-76.00284,9.32511],[-76.00294,9.32574],[-76.00467,9.32592],[-76.00512,9.32646],[-76.0064,9.32654],[-76.00658,9.327],[-76.00594,9.32727],[-76.00276,9.32665]]],[[[-75.99401,9.32622],[-75.9941,9.32586],[-75.99501,9.32576],[-75.99401,9.32622]]],[[[-75.99302,9.32884],[-75.99329,9.3292],[-75.99384,9.33065],[-75.99302,9.32993],[-75.99302,9.32884]]],[[[-76.00167,9.32918],[-76.00258,9.32927],[-76.00277,9.33053],[-76.00167,9.32918]]],[[[-75.99603,9.33019],[-75.99575,9.32947],[-75.99484,9.32938],[-75.99448,9.32884],[-75.99621,9.32856],[-75.99666,9.3291],[-75.99648,9.32974],[-75.99758,9.33055],[-75.99731,9.33145],[-75.99667,9.33127],[-75.99712,9.33082],[-75.99603,9.33019]]],[[[-75.99995,9.33389],[-75.99996,9.33425],[-75.99895,9.33416],[-75.9975,9.3348],[-75.99731,9.33408],[-75.99786,9.33344],[-75.99995,9.33389]]],[[[-76.00023,9.33561],[-75.99914,9.33552],[-75.99996,9.3347],[-76.00023,9.33561]]],[[[-75.99577,9.33526],[-75.99568,9.33453],[-75.99686,9.33435],[-75.99759,9.33552],[-75.99677,9.33616],[-75.99714,9.33543],[-75.99577,9.33526]]],[[[-76.00014,9.33642],[-76.00069,9.33597],[-76.00142,9.33877],[-76.00197,9.3384],[-76.0027,9.33904],[-76.00115,9.33904],[-76.00033,9.33814],[-76.00014,9.33642]]],[[[-76.00061,9.33895],[-76.00061,9.3394],[-76.00015,9.33949],[-75.99978,9.33841],[-76.00061,9.33895]]],[[[-75.98165,8.22705],[-75.98211,8.22714],[-75.98156,8.22841],[-75.98075,8.22886],[-75.98165,8.22705]]],[[[-75.97939,8.23032],[-75.97994,8.23086],[-75.97967,8.2323],[-75.97966,8.23113],[-75.97921,8.23086],[-75.97939,8.23032]]],[[[-75.98712,8.23491],[-75.98757,8.23437],[-75.98712,8.23391],[-75.98866,8.23246],[-75.98866,8.23337],[-75.98966,8.23436],[-75.98857,8.23436],[-75.9883,8.23518],[-75.98884,8.23518],[-75.98911,8.23463],[-75.98948,8.2349],[-75.98894,8.23617],[-75.98957,8.23716],[-75.98949,8.23789],[-75.98867,8.23689],[-75.98858,8.23807],[-75.98785,8.23807],[-75.98677,8.23898],[-75.98794,8.23644],[-75.98712,8.23491]]],[[[-75.97731,8.23511],[-75.97822,8.23574],[-75.9784,8.23529],[-75.97786,8.23466],[-75.9784,8.23385],[-75.97913,8.23375],[-75.97859,8.23547],[-75.97877,8.23647],[-75.97795,8.23674],[-75.97832,8.23764],[-75.97877,8.23746],[-75.97859,8.23819],[-75.97823,8.23764],[-75.97768,8.23774],[-75.97731,8.23511]]],[[[-75.97796,8.23828],[-75.97787,8.23882],[-75.97678,8.23846],[-75.97669,8.23801],[-75.97796,8.23828]]],[[[-75.97625,8.24525],[-75.97589,8.24651],[-75.97507,8.24651],[-75.97534,8.24579],[-75.97625,8.24525]]],[[[-75.97462,8.24643],[-75.9738,8.24652],[-75.9738,8.24552],[-75.97462,8.24597],[-75.97462,8.24643]]],[[[-75.98669,8.24685],[-75.98706,8.24739],[-75.98642,8.24775],[-75.98624,8.24649],[-75.98678,8.24594],[-75.98669,8.24685]]],[[[-75.98606,8.24884],[-75.98642,8.2483],[-75.98797,8.24802],[-75.9877,8.24938],[-75.98679,8.24857],[-75.98606,8.24884]]],[[[-75.97608,8.24895],[-75.97726,8.24913],[-75.9759,8.24941],[-75.97517,8.24887],[-75.97544,8.24814],[-75.97608,8.24895]]],[[[-75.97472,8.25131],[-75.97526,8.25067],[-75.97508,8.25013],[-75.9759,8.24977],[-75.97644,8.25022],[-75.97717,8.24995],[-75.9769,8.25085],[-75.97717,8.25085],[-75.9779,8.25031],[-75.97762,8.24995],[-75.97817,8.24904],[-75.97898,8.24886],[-75.97889,8.2494],[-75.97935,8.24949],[-75.97908,8.25048],[-75.97835,8.25012],[-75.9779,8.2504],[-75.9779,8.25148],[-75.97708,8.2523],[-75.9759,8.25248],[-75.97545,8.25104],[-75.97472,8.25131]]],[[[-75.97908,8.25211],[-75.98008,8.25229],[-75.98008,8.25157],[-75.98099,8.25138],[-75.98153,8.25012],[-75.98244,8.25039],[-75.9828,8.24948],[-75.98479,8.24839],[-75.98343,8.25038],[-75.98443,8.2511],[-75.98335,8.2512],[-75.98298,8.25201],[-75.98235,8.25192],[-75.98144,8.25274],[-75.98035,8.25247],[-75.98144,8.25346],[-75.98117,8.25437],[-75.98072,8.25428],[-75.98063,8.25365],[-75.97917,8.25356],[-75.97908,8.25211]]],[[[-75.98943,8.252],[-75.9887,8.25227],[-75.98888,8.25064],[-75.98943,8.25118],[-75.98943,8.252]]],[[[-75.972,8.25159],[-75.97309,8.2514],[-75.97472,8.25248],[-75.97236,8.25204],[-75.972,8.25159]]],[[[-75.97873,8.25655],[-75.97764,8.25664],[-75.978,8.25564],[-75.97854,8.25582],[-75.97873,8.25655]]],[[[-75.97764,8.25682],[-75.97891,8.25754],[-75.97846,8.25835],[-75.97937,8.25889],[-75.97801,8.25899],[-75.97719,8.25791],[-75.97764,8.25682]]],[[[-75.98464,8.26006],[-75.98491,8.25888],[-75.98663,8.25734],[-75.98699,8.25833],[-75.9879,8.25878],[-75.98791,8.26068],[-75.98709,8.26023],[-75.98573,8.2606],[-75.98464,8.26006]]],[[[-75.97792,8.25917],[-75.97819,8.2598],[-75.97701,8.25999],[-75.97665,8.25926],[-75.97792,8.25917]]],[[[-75.97475,8.26243],[-75.97466,8.26298],[-75.97384,8.26225],[-75.9742,8.26171],[-75.97475,8.26243]]],[[[-75.98412,8.26974],[-75.98493,8.26973],[-75.98475,8.26919],[-75.9853,8.26928],[-75.98566,8.26874],[-75.98712,8.27072],[-75.98675,8.27136],[-75.9853,8.27145],[-75.98385,8.27118],[-75.98412,8.26974]]],[[[-75.9813,8.26965],[-75.98122,8.27119],[-75.98049,8.27101],[-75.9813,8.26965]]],[[[-75.97384,8.30114],[-75.97339,8.30178],[-75.97311,8.29843],[-75.97366,8.29825],[-75.9732,8.29753],[-75.97456,8.29734],[-75.97529,8.29942],[-75.97511,8.30033],[-75.97584,8.30087],[-75.97603,8.30204],[-75.97512,8.30241],[-75.97384,8.30114]]],[[[-75.98683,8.30193],[-75.98828,8.30039],[-75.98819,8.30084],[-75.98683,8.30193]]],[[[-75.9862,8.30509],[-75.98502,8.30383],[-75.98583,8.30193],[-75.98638,8.3022],[-75.98593,8.30356],[-75.98711,8.30437],[-75.98739,8.30645],[-75.98712,8.30681],[-75.98603,8.30654],[-75.9862,8.30509]]],[[[-75.98412,8.30917],[-75.98421,8.30826],[-75.9853,8.30781],[-75.98557,8.30709],[-75.98693,8.3069],[-75.98712,8.30735],[-75.98567,8.30935],[-75.98531,8.31143],[-75.98477,8.31143],[-75.9844,8.31062],[-75.98504,8.31007],[-75.98412,8.30917]]],[[[-75.98848,8.30907],[-75.98867,8.31015],[-75.98758,8.31006],[-75.9873,8.30943],[-75.98848,8.30907]]],[[[-75.98663,8.36524],[-75.98726,8.3646],[-75.98799,8.36587],[-75.98799,8.36731],[-75.98681,8.36623],[-75.98663,8.36524]]],[[[-75.98881,8.36822],[-75.98853,8.3655],[-75.99026,8.36505],[-75.98998,8.36342],[-75.99053,8.36278],[-75.99107,8.36351],[-75.99071,8.36514],[-75.99135,8.36577],[-75.99118,8.36993],[-75.99045,8.36912],[-75.98991,8.3693],[-75.98881,8.36822]]],[[[-75.99055,8.44526],[-75.99164,8.44436],[-75.9905,8.44671],[-75.99055,8.44526]]],[[[-75.98138,8.44502],[-75.98038,8.44701],[-75.9802,8.44611],[-75.98138,8.44502]]],[[[-75.98048,8.44719],[-75.98266,8.4489],[-75.98638,8.44718],[-75.98584,8.4479],[-75.98456,8.44808],[-75.98321,8.44926],[-75.98175,8.44909],[-75.98048,8.44719]]],[[[-75.9894,8.45449],[-75.98931,8.45486],[-75.98867,8.45441],[-75.98894,8.45332],[-75.9894,8.45449]]],[[[-75.98658,8.45495],[-75.98703,8.45486],[-75.98813,8.45603],[-75.98667,8.45559],[-75.98658,8.45495]]],[[[-75.98115,8.46094],[-75.98151,8.46003],[-75.9826,8.45994],[-75.98323,8.4593],[-75.9846,8.46093],[-75.98451,8.46174],[-75.9836,8.46211],[-75.98369,8.46247],[-75.9846,8.46219],[-75.9856,8.46355],[-75.98533,8.46382],[-75.98488,8.46337],[-75.98433,8.46391],[-75.98415,8.46292],[-75.98333,8.46283],[-75.98115,8.46094]]],[[[-75.97807,8.46438],[-75.97661,8.46239],[-75.9777,8.46266],[-75.97788,8.46131],[-75.9786,8.46076],[-75.98078,8.46094],[-75.98115,8.46193],[-75.98042,8.4622],[-75.98042,8.46266],[-75.98197,8.46301],[-75.98297,8.46401],[-75.98161,8.46383],[-75.98179,8.46446],[-75.98097,8.46428],[-75.98079,8.4651],[-75.98152,8.46482],[-75.98388,8.46599],[-75.98116,8.46573],[-75.97807,8.46438]]],[[[-75.97373,8.47506],[-75.97264,8.47489],[-75.9731,8.47443],[-75.97373,8.47506]]],[[[-75.98519,8.47974],[-75.98592,8.48001],[-75.98465,8.48046],[-75.98501,8.48146],[-75.9841,8.48101],[-75.98419,8.48037],[-75.98519,8.47974]]],[[[-75.98512,8.48815],[-75.98576,8.48887],[-75.98531,8.48941],[-75.9834,8.48915],[-75.98367,8.48842],[-75.98512,8.48815]]],[[[-75.9835,8.49177],[-75.98358,8.4905],[-75.9824,8.49141],[-75.98249,8.49024],[-75.98304,8.48978],[-75.98422,8.48978],[-75.98431,8.49041],[-75.9854,8.48996],[-75.98604,8.49077],[-75.98713,8.49059],[-75.98713,8.4914],[-75.98913,8.49148],[-75.98886,8.4923],[-75.98831,8.49248],[-75.9835,8.49177]]],[[[-75.98286,8.49231],[-75.98395,8.49231],[-75.98459,8.49285],[-75.98414,8.49484],[-75.98286,8.49231]]],[[[-75.98843,8.5027],[-75.9877,8.50243],[-75.98761,8.50153],[-75.99033,8.50179],[-75.98988,8.50315],[-75.98906,8.50216],[-75.98843,8.5027]]],[[[-75.97255,8.51233],[-75.97383,8.51269],[-75.97383,8.51395],[-75.97319,8.51404],[-75.9732,8.51495],[-75.97265,8.51522],[-75.97292,8.51405],[-75.97256,8.51368],[-75.97292,8.51332],[-75.97255,8.51233]]],[[[-75.97604,8.5257],[-75.97513,8.5258],[-75.97322,8.52499],[-75.97322,8.52399],[-75.97249,8.5239],[-75.97185,8.51938],[-75.97293,8.51703],[-75.97211,8.51685],[-75.97184,8.51631],[-75.97256,8.51549],[-75.97293,8.51631],[-75.97393,8.51594],[-75.97384,8.51748],[-75.97303,8.51938],[-75.9733,8.52028],[-75.97449,8.52137],[-75.97458,8.52218],[-75.97394,8.52236],[-75.97413,8.52336],[-75.97476,8.52327],[-75.9744,8.52281],[-75.97476,8.52245],[-75.97531,8.52335],[-75.97622,8.52344],[-75.97749,8.52534],[-75.97949,8.52588],[-75.97941,8.52723],[-75.9785,8.52687],[-75.97859,8.5276],[-75.97704,8.52688],[-75.97604,8.5257]],[[-75.97486,8.5248],[-75.97531,8.52489],[-75.97504,8.52363],[-75.97449,8.52372],[-75.97486,8.5248]]],[[[-75.98159,8.5275],[-75.98132,8.52795],[-75.98068,8.5275],[-75.98077,8.52705],[-75.98159,8.5275]]],[[[-75.97391,8.53657],[-75.97406,8.53679],[-75.9732,8.53747],[-75.97271,8.53702],[-75.97391,8.53657]]],[[[-75.97235,8.54027],[-75.97281,8.54082],[-75.97208,8.54208],[-75.97172,8.54199],[-75.97172,8.54046],[-75.97235,8.54027]]],[[[-75.98981,8.54647],[-75.98991,8.54756],[-75.98909,8.54665],[-75.98981,8.54647]]],[[[-75.97292,8.54941],[-75.97165,8.54986],[-75.97183,8.54941],[-75.97292,8.54941]]],[[[-75.97389,8.57391],[-75.97371,8.57301],[-75.97471,8.57256],[-75.97525,8.57274],[-75.97534,8.57337],[-75.97616,8.57328],[-75.9768,8.574],[-75.97607,8.57355],[-75.97389,8.57391]]],[[[-75.97599,8.57572],[-75.97581,8.57644],[-75.97463,8.57645],[-75.97599,8.57572]]],[[[-75.97418,8.58088],[-75.97482,8.5806],[-75.97472,8.57961],[-75.97572,8.57934],[-75.97645,8.57979],[-75.97545,8.5806],[-75.97482,8.58259],[-75.97418,8.58088]]],[[[-75.99179,8.6067],[-75.99078,8.6058],[-75.99106,8.60571],[-75.99233,8.60597],[-75.99179,8.6067]]],[[[-75.99106,8.60679],[-75.99179,8.60724],[-75.99152,8.6076],[-75.99088,8.60742],[-75.99061,8.60833],[-75.98997,8.60743],[-75.99106,8.60679]]],[[[-75.99025,8.61159],[-75.9898,8.61159],[-75.99007,8.60969],[-75.99052,8.60969],[-75.99025,8.61159]]],[[[-75.98799,8.61295],[-75.98808,8.6134],[-75.98708,8.61349],[-75.9868,8.61295],[-75.98799,8.61295]]],[[[-75.98572,8.61675],[-75.98564,8.61775],[-75.98445,8.61766],[-75.98463,8.61685],[-75.98572,8.61675]]],[[[-75.98801,8.62055],[-75.98601,8.62118],[-75.98673,8.61992],[-75.98773,8.61991],[-75.987,8.61883],[-75.98646,8.61965],[-75.98519,8.61992],[-75.98501,8.62128],[-75.98401,8.62083],[-75.98482,8.61983],[-75.98518,8.61829],[-75.98682,8.61747],[-75.98727,8.61639],[-75.98472,8.61603],[-75.98463,8.61495],[-75.98354,8.61468],[-75.98326,8.61387],[-75.9819,8.6136],[-75.9819,8.61324],[-75.98426,8.61332],[-75.98499,8.61431],[-75.98644,8.61413],[-75.98654,8.61485],[-75.98563,8.61504],[-75.98627,8.61576],[-75.98663,8.6153],[-75.98754,8.61539],[-75.98781,8.61458],[-75.98844,8.61458],[-75.98763,8.61548],[-75.98745,8.61666],[-75.9889,8.61684],[-75.98854,8.61756],[-75.98945,8.61837],[-75.98964,8.61964],[-75.991,8.61981],[-75.99109,8.62036],[-75.98846,8.62009],[-75.98828,8.62055],[-75.98919,8.62072],[-75.98955,8.62154],[-75.98737,8.62245],[-75.98719,8.6219],[-75.98801,8.62055]],[[-75.98764,8.61801],[-75.98709,8.61793],[-75.98673,8.61865],[-75.98764,8.61801]]],[[[-75.98428,8.622],[-75.98474,8.62191],[-75.98492,8.62245],[-75.9841,8.62282],[-75.98428,8.622]]],[[[-75.98657,8.62923],[-75.98748,8.62968],[-75.98676,8.62995],[-75.98576,8.62951],[-75.98585,8.6286],[-75.98657,8.62923]]],[[[-75.99316,8.64595],[-75.99371,8.64576],[-75.99361,8.64486],[-75.99407,8.64477],[-75.99434,8.64386],[-75.99261,8.64233],[-75.99388,8.64169],[-75.99369,8.64115],[-75.99288,8.64133],[-75.99142,8.64052],[-75.99115,8.6398],[-75.99187,8.6389],[-75.99123,8.63817],[-75.99078,8.63881],[-75.9896,8.63827],[-75.98923,8.63773],[-75.98978,8.63727],[-75.98832,8.63691],[-75.98796,8.63637],[-75.98814,8.63583],[-75.98868,8.63583],[-75.98832,8.63511],[-75.98995,8.63528],[-75.98995,8.63465],[-75.98759,8.63429],[-75.98586,8.63484],[-75.98541,8.63394],[-75.98658,8.63294],[-75.98586,8.63258],[-75.98631,8.63158],[-75.98503,8.63123],[-75.98458,8.62987],[-75.98394,8.6296],[-75.98503,8.62851],[-75.98339,8.62879],[-75.98303,8.62843],[-75.9833,8.62734],[-75.98248,8.62725],[-75.98248,8.62635],[-75.98357,8.62607],[-75.98565,8.62417],[-75.9862,8.62426],[-75.98547,8.62544],[-75.98593,8.6267],[-75.98684,8.6267],[-75.98675,8.62598],[-75.98729,8.62534],[-75.98847,8.62498],[-75.99011,8.62579],[-75.98939,8.62696],[-75.98838,8.62606],[-75.98793,8.62651],[-75.98848,8.62706],[-75.98821,8.62742],[-75.98603,8.62833],[-75.98548,8.62815],[-75.9854,8.63023],[-75.98685,8.63004],[-75.9883,8.63076],[-75.98821,8.62959],[-75.9893,8.62868],[-75.98884,8.62787],[-75.99021,8.62814],[-75.99093,8.62741],[-75.99157,8.62786],[-75.99348,8.62777],[-75.99366,8.62876],[-75.99221,8.62849],[-75.99185,8.63121],[-75.99331,8.63211],[-75.9944,8.63183],[-75.99486,8.63626],[-75.99632,8.63825],[-75.99723,8.63834],[-75.99778,8.63897],[-75.99669,8.63906],[-75.99687,8.63952],[-75.99651,8.63961],[-75.99678,8.64078],[-75.99687,8.64015],[-75.99742,8.64033],[-75.99742,8.64114],[-75.9966,8.6416],[-75.99524,8.64151],[-75.9967,8.64205],[-75.99597,8.64232],[-75.99661,8.64322],[-75.99552,8.64368],[-75.99661,8.64485],[-75.99652,8.6453],[-75.99534,8.64621],[-75.99498,8.64549],[-75.9958,8.64549],[-75.99579,8.64503],[-75.99407,8.64513],[-75.99443,8.64621],[-75.99653,8.64729],[-75.99653,8.64811],[-75.99253,8.64821],[-75.99244,8.64712],[-75.99334,8.64676],[-75.99316,8.64595]],[[-75.99278,8.63817],[-75.99296,8.6388],[-75.99432,8.63862],[-75.99359,8.6379],[-75.99278,8.63817]],[[-75.98939,8.62931],[-75.98858,8.63049],[-75.98976,8.63112],[-75.99058,8.63094],[-75.99067,8.63031],[-75.98985,8.63022],[-75.98994,8.6294],[-75.98939,8.62931]]],[[[-75.99234,8.64287],[-75.99243,8.64323],[-75.99052,8.64324],[-75.99234,8.64287]]],[[[-75.98853,8.6484],[-75.98926,8.64722],[-75.98989,8.64704],[-75.99053,8.6483],[-75.99135,8.64785],[-75.99126,8.64912],[-75.9919,8.64975],[-75.98853,8.6484]]],[[[-75.985,8.65121],[-75.98517,8.64904],[-75.98635,8.6485],[-75.99108,8.6502],[-75.99072,8.65056],[-75.98954,8.64984],[-75.98908,8.65084],[-75.98754,8.6513],[-75.98572,8.65085],[-75.985,8.65121]]],[[[-75.97105,8.67033],[-75.97268,8.67015],[-75.97323,8.6706],[-75.97314,8.67141],[-75.97223,8.6715],[-75.97105,8.67033]]],[[[-75.97324,8.67512],[-75.97397,8.67439],[-75.9747,8.67521],[-75.97488,8.67729],[-75.97398,8.67792],[-75.97288,8.6772],[-75.97324,8.67512]],[[-75.97352,8.67702],[-75.97397,8.67702],[-75.97433,8.67584],[-75.97334,8.67638],[-75.97352,8.67702]]],[[[-75.97198,8.67937],[-75.97271,8.6791],[-75.97298,8.67991],[-75.9738,8.68009],[-75.97344,8.68045],[-75.97307,8.68018],[-75.97289,8.68091],[-75.97198,8.67937]]],[[[-75.98871,8.68304],[-75.98817,8.68304],[-75.9888,8.68259],[-75.98871,8.68168],[-75.98926,8.68222],[-75.98871,8.68304]]],[[[-75.98817,8.68421],[-75.98899,8.68457],[-75.9889,8.68539],[-75.9879,8.68611],[-75.98817,8.68421]]],[[[-75.97882,8.68641],[-75.97918,8.68578],[-75.98145,8.68622],[-75.98127,8.68785],[-75.98055,8.68876],[-75.98018,8.68731],[-75.97882,8.68641]]],[[[-75.98568,8.70593],[-75.9855,8.70502],[-75.98277,8.7044],[-75.98204,8.7016],[-75.97904,8.70142],[-75.97758,8.70043],[-75.98057,8.69771],[-75.98157,8.69599],[-75.98248,8.69635],[-75.98447,8.6949],[-75.98629,8.69471],[-75.98711,8.69507],[-75.98765,8.69444],[-75.98847,8.69489],[-75.98947,8.69443],[-75.99065,8.6947],[-75.99147,8.69379],[-75.99292,8.6937],[-75.99411,8.69478],[-75.99393,8.69768],[-75.99212,8.69858],[-75.99185,8.70039],[-75.99103,8.70139],[-75.98958,8.70212],[-75.98941,8.70393],[-75.9885,8.70529],[-75.98768,8.70556],[-75.9875,8.70674],[-75.98568,8.70593]],[[-75.98668,8.70538],[-75.98705,8.70529],[-75.98686,8.7043],[-75.98623,8.70466],[-75.98668,8.70538]],[[-75.9913,8.69777],[-75.9903,8.69741],[-75.9912,8.69678],[-75.99084,8.69597],[-75.98993,8.69642],[-75.98875,8.69615],[-75.98903,8.69769],[-75.98794,8.6985],[-75.98667,8.70185],[-75.98731,8.70221],[-75.98976,8.7013],[-75.9913,8.69777]],[[-75.98394,8.69978],[-75.98357,8.69897],[-75.98312,8.69915],[-75.98321,8.69996],[-75.98394,8.69978]],[[-75.99257,8.69714],[-75.99302,8.6965],[-75.9922,8.69515],[-75.99129,8.69497],[-75.99111,8.6956],[-75.99257,8.69714]]],[[[-75.99197,8.71134],[-75.99134,8.71279],[-75.99079,8.71279],[-75.99097,8.71224],[-75.99043,8.71206],[-75.99097,8.71107],[-75.99197,8.71134]]],[[[-75.98961,8.71351],[-75.99034,8.71324],[-75.99125,8.71378],[-75.99107,8.71441],[-75.99152,8.71396],[-75.99198,8.71441],[-75.99116,8.71496],[-75.9897,8.71424],[-75.98961,8.71351]]],[[[-75.98964,8.72337],[-75.991,8.72301],[-75.992,8.72364],[-75.99201,8.72499],[-75.99028,8.72464],[-75.98973,8.72545],[-75.9891,8.72509],[-75.98964,8.72337]]],[[[-75.98256,8.72619],[-75.98174,8.72592],[-75.98246,8.72565],[-75.98346,8.72646],[-75.98383,8.7261],[-75.98419,8.72746],[-75.98374,8.72746],[-75.98347,8.72655],[-75.98292,8.72764],[-75.98228,8.7271],[-75.98256,8.72619]]],[[[-75.98256,8.72845],[-75.9832,8.72836],[-75.98474,8.72881],[-75.98529,8.72953],[-75.9842,8.73044],[-75.98366,8.72972],[-75.98247,8.7299],[-75.98238,8.73044],[-75.98311,8.7308],[-75.9823,8.73108],[-75.98202,8.72936],[-75.98256,8.72845]]],[[[-75.98221,8.73451],[-75.98475,8.73297],[-75.98484,8.73152],[-75.98611,8.73071],[-75.9862,8.73134],[-75.98539,8.73197],[-75.98539,8.73333],[-75.98494,8.73387],[-75.98522,8.7365],[-75.98476,8.73677],[-75.98221,8.73451]]],[[[-75.98996,8.74073],[-75.98714,8.73957],[-75.98704,8.73911],[-75.98922,8.73585],[-75.99031,8.7354],[-75.98985,8.7344],[-75.98921,8.73495],[-75.98821,8.73441],[-75.98776,8.73332],[-75.9873,8.73342],[-75.98676,8.73514],[-75.98594,8.73541],[-75.98576,8.73351],[-75.98621,8.7327],[-75.98712,8.73233],[-75.98648,8.73188],[-75.98675,8.73061],[-75.98866,8.73061],[-75.98975,8.73196],[-75.98903,8.73305],[-75.98939,8.73323],[-75.99048,8.73241],[-75.99066,8.73314],[-75.99194,8.73386],[-75.99586,8.739],[-75.99495,8.74],[-75.99505,8.74045],[-75.99432,8.74081],[-75.99441,8.74181],[-75.98996,8.74073]],[[-75.9894,8.73802],[-75.98804,8.73803],[-75.98877,8.7392],[-75.98995,8.73902],[-75.9894,8.73802]],[[-75.99304,8.73765],[-75.99295,8.73819],[-75.99331,8.73783],[-75.99413,8.73801],[-75.99422,8.73756],[-75.99304,8.73765]],[[-75.9904,8.73612],[-75.99004,8.73703],[-75.99149,8.73675],[-75.99149,8.73612],[-75.9904,8.73612]]],[[[-75.98576,8.73631],[-75.98713,8.73577],[-75.98776,8.73495],[-75.98822,8.7354],[-75.98876,8.73513],[-75.98849,8.73649],[-75.98668,8.73884],[-75.98568,8.73785],[-75.98576,8.73631]]],[[[-75.98104,8.73823],[-75.98168,8.73723],[-75.98122,8.73633],[-75.97913,8.73678],[-75.97913,8.73624],[-75.98022,8.73579],[-75.98294,8.73605],[-75.98431,8.73804],[-75.98341,8.7384],[-75.98277,8.73768],[-75.98268,8.73822],[-75.98104,8.73823]]],[[[-75.98223,8.73976],[-75.9815,8.73949],[-75.98141,8.74148],[-75.98078,8.74148],[-75.98059,8.74121],[-75.98132,8.74085],[-75.98059,8.74049],[-75.98095,8.73976],[-75.98032,8.73922],[-75.98277,8.73922],[-75.98305,8.74148],[-75.98205,8.74148],[-75.98223,8.73976]]],[[[-75.98023,8.74076],[-75.97932,8.74049],[-75.97887,8.74113],[-75.97914,8.74004],[-75.98004,8.73958],[-75.98023,8.74076]]],[[[-75.98341,8.74066],[-75.98341,8.74021],[-75.98532,8.74048],[-75.9856,8.74192],[-75.98487,8.74174],[-75.98514,8.74111],[-75.98341,8.74066]]],[[[-75.98332,8.74166],[-75.98323,8.74111],[-75.98405,8.74111],[-75.98414,8.74165],[-75.98332,8.74166]]],[[[-75.98278,8.74256],[-75.98051,8.7423],[-75.98069,8.74203],[-75.98278,8.74211],[-75.98278,8.74256]]],[[[-75.97932,8.74167],[-75.97996,8.74148],[-75.98033,8.74266],[-75.98124,8.74356],[-75.98069,8.7432],[-75.97924,8.74339],[-75.97932,8.74167]]],[[[-75.97742,8.74285],[-75.97796,8.74285],[-75.97823,8.74158],[-75.97887,8.74158],[-75.97833,8.74357],[-75.9786,8.74429],[-75.97806,8.74438],[-75.97742,8.74285]]],[[[-75.97924,8.74402],[-75.98006,8.74393],[-75.98033,8.74465],[-75.97924,8.74438],[-75.97924,8.74402]]],[[[-75.9807,8.74519],[-75.98078,8.7441],[-75.98142,8.74392],[-75.9816,8.74465],[-75.9807,8.74519]]],[[[-75.98233,8.7441],[-75.98306,8.74428],[-75.98306,8.74555],[-75.9826,8.74519],[-75.98233,8.7441]]],[[[-75.98388,8.745],[-75.98351,8.7441],[-75.98406,8.74401],[-75.9836,8.74319],[-75.98433,8.74319],[-75.98433,8.74391],[-75.98506,8.74427],[-75.98542,8.744],[-75.98496,8.74328],[-75.98569,8.74328],[-75.98588,8.74581],[-75.98506,8.74563],[-75.98488,8.74455],[-75.98424,8.74491],[-75.98452,8.74726],[-75.98379,8.7469],[-75.98388,8.74618],[-75.98343,8.746],[-75.98388,8.745]]],[[[-75.98642,8.74436],[-75.98724,8.74454],[-75.98733,8.74544],[-75.98788,8.74535],[-75.98788,8.74454],[-75.98869,8.74463],[-75.9887,8.74517],[-75.98652,8.74698],[-75.98633,8.74617],[-75.98688,8.74517],[-75.98642,8.74436]]],[[[-75.98006,8.74519],[-75.98015,8.74555],[-75.97906,8.74628],[-75.97833,8.74583],[-75.98006,8.74519]]],[[[-75.98133,8.74555],[-75.98224,8.74519],[-75.98224,8.74618],[-75.98306,8.74609],[-75.98325,8.74708],[-75.98152,8.74627],[-75.98133,8.74555]]],[[[-75.98597,8.74699],[-75.98506,8.74699],[-75.98515,8.74635],[-75.98597,8.74626],[-75.98597,8.74699]]],[[[-75.9807,8.746],[-75.98088,8.74718],[-75.98025,8.74718],[-75.97979,8.74673],[-75.9807,8.746]]],[[[-75.98616,8.75033],[-75.98544,8.75015],[-75.98507,8.74889],[-75.9838,8.74871],[-75.98416,8.74771],[-75.98543,8.74762],[-75.98598,8.74807],[-75.98797,8.74626],[-75.98925,8.74716],[-75.98943,8.74643],[-75.98852,8.74598],[-75.99042,8.74589],[-75.99033,8.74544],[-75.98915,8.74517],[-75.98933,8.74417],[-75.99124,8.74408],[-75.99151,8.74444],[-75.99115,8.74498],[-75.9916,8.74534],[-75.99124,8.74607],[-75.99179,8.74643],[-75.99179,8.74715],[-75.99107,8.74941],[-75.98962,8.74933],[-75.98907,8.74978],[-75.9888,8.74915],[-75.99007,8.74788],[-75.98897,8.74734],[-75.98779,8.74825],[-75.98835,8.75042],[-75.98698,8.7497],[-75.98616,8.75033]],[[-75.99097,8.7467],[-75.98988,8.74707],[-75.99025,8.74788],[-75.99116,8.74761],[-75.99097,8.7467]]],[[[-75.97535,8.75072],[-75.97489,8.75099],[-75.97435,8.75027],[-75.97516,8.75],[-75.97535,8.75072]]],[[[-75.99053,8.7515],[-75.99062,8.74996],[-75.99253,8.75086],[-75.99226,8.75203],[-75.9918,8.75131],[-75.99053,8.75168],[-75.99081,8.75249],[-75.99026,8.75285],[-75.99008,8.75394],[-75.99008,8.75312],[-75.98953,8.75285],[-75.99053,8.7515]]],[[[-75.98081,8.75432],[-75.98127,8.75514],[-75.97981,8.75541],[-75.97972,8.75451],[-75.98081,8.75432]]],[[[-75.98018,8.75731],[-75.97991,8.75659],[-75.98154,8.7564],[-75.98155,8.75722],[-75.98236,8.75658],[-75.98355,8.75712],[-75.98227,8.75694],[-75.98273,8.75785],[-75.98127,8.75794],[-75.98082,8.75767],[-75.98109,8.75704],[-75.98018,8.75731]]],[[[-75.97782,8.75786],[-75.97928,8.75813],[-75.97937,8.7593],[-75.97873,8.75939],[-75.97782,8.75786]]],[[[-75.98928,8.75973],[-75.99037,8.76054],[-75.98947,8.76136],[-75.98856,8.76127],[-75.98846,8.76064],[-75.98928,8.75973]]],[[[-75.97211,8.76285],[-75.97265,8.76239],[-75.97256,8.76294],[-75.97329,8.76339],[-75.97265,8.76429],[-75.97211,8.76285]]],[[[-75.97583,8.76248],[-75.97629,8.76229],[-75.97693,8.76338],[-75.97865,8.7631],[-75.97884,8.76374],[-75.97956,8.76355],[-75.97956,8.764],[-75.97847,8.76437],[-75.97829,8.76383],[-75.97711,8.76365],[-75.97602,8.76447],[-75.97583,8.76248]]],[[[-75.9882,8.76362],[-75.98702,8.76371],[-75.98738,8.76317],[-75.98829,8.76317],[-75.9882,8.76362]]],[[[-75.9902,8.76389],[-75.98865,8.76344],[-75.99147,8.76352],[-75.9902,8.76389]]],[[[-75.98511,8.76453],[-75.98584,8.76363],[-75.98674,8.76353],[-75.98511,8.76453]]],[[[-75.98229,8.76427],[-75.98356,8.76372],[-75.98384,8.76445],[-75.98302,8.7649],[-75.98339,8.76553],[-75.98293,8.76599],[-75.98093,8.76572],[-75.98111,8.76518],[-75.98229,8.76526],[-75.98229,8.76427]]],[[[-75.98839,8.76615],[-75.98884,8.76588],[-75.98939,8.76678],[-75.98894,8.76742],[-75.9883,8.76697],[-75.98884,8.76678],[-75.98839,8.76615]]],[[[-75.97648,8.76618],[-75.97757,8.76672],[-75.97666,8.76691],[-75.9763,8.76754],[-75.97557,8.76727],[-75.97575,8.76655],[-75.97639,8.76682],[-75.97648,8.76618]]],[[[-75.97457,8.76709],[-75.97494,8.76745],[-75.97376,8.76791],[-75.97357,8.76755],[-75.97457,8.76709]]],[[[-75.97748,8.76781],[-75.97712,8.76862],[-75.97585,8.76926],[-75.97576,8.7689],[-75.97748,8.76781]]],[[[-75.98239,8.76888],[-75.98339,8.76788],[-75.98249,8.76924],[-75.98058,8.76997],[-75.97967,8.76979],[-75.98239,8.76888]]],[[[-75.98512,8.76924],[-75.98503,8.76851],[-75.98594,8.76842],[-75.98603,8.76905],[-75.98694,8.76923],[-75.98549,8.76933],[-75.98494,8.77014],[-75.98394,8.77023],[-75.98403,8.76906],[-75.98512,8.76924]]],[[[-75.97467,8.76999],[-75.97485,8.76944],[-75.97521,8.76953],[-75.97422,8.77107],[-75.97331,8.77062],[-75.97467,8.76999]]],[[[-75.98103,8.77024],[-75.98222,8.76997],[-75.98313,8.77042],[-75.98258,8.77187],[-75.98103,8.77024]]],[[[-75.98504,8.77059],[-75.98504,8.77159],[-75.98413,8.77195],[-75.98376,8.77078],[-75.98504,8.77059]]],[[[-75.97322,8.77089],[-75.97258,8.77099],[-75.9724,8.77189],[-75.97204,8.77189],[-75.97204,8.77117],[-75.97267,8.77072],[-75.97322,8.77089]]],[[[-75.98831,8.77095],[-75.98913,8.77103],[-75.9894,8.77049],[-75.9924,8.77094],[-75.99376,8.77066],[-75.99385,8.77102],[-75.9934,8.77274],[-75.99213,8.77184],[-75.9905,8.77275],[-75.99013,8.7723],[-75.99058,8.77157],[-75.99013,8.7713],[-75.99004,8.7723],[-75.98931,8.77257],[-75.98913,8.7733],[-75.98832,8.77339],[-75.98795,8.77303],[-75.98831,8.77095]]],[[[-75.98386,8.77331],[-75.98413,8.7724],[-75.98531,8.7724],[-75.98531,8.77195],[-75.98604,8.77158],[-75.98658,8.77185],[-75.98659,8.77231],[-75.98568,8.77231],[-75.98613,8.77385],[-75.98541,8.77349],[-75.98532,8.7743],[-75.98423,8.77385],[-75.98295,8.77458],[-75.98268,8.77404],[-75.98313,8.77295],[-75.98386,8.77331]]],[[[-75.97878,8.77585],[-75.97805,8.77658],[-75.97678,8.77631],[-75.97686,8.77495],[-75.97613,8.77387],[-75.9765,8.77333],[-75.9755,8.77351],[-75.97567,8.77143],[-75.97631,8.77179],[-75.97595,8.77279],[-75.97713,8.77251],[-75.97831,8.77296],[-75.97905,8.77441],[-75.98013,8.77278],[-75.98168,8.77241],[-75.9815,8.77368],[-75.97941,8.7754],[-75.97951,8.77703],[-75.9786,8.77676],[-75.97914,8.77622],[-75.97878,8.77585]],[[-75.97714,8.77486],[-75.9775,8.77504],[-75.97713,8.77378],[-75.97714,8.77486]]],[[[-75.98914,8.77474],[-75.98741,8.77556],[-75.98641,8.77529],[-75.98605,8.77466],[-75.98677,8.77457],[-75.9865,8.77403],[-75.9875,8.77357],[-75.98841,8.77348],[-75.98868,8.77411],[-75.98941,8.77375],[-75.98977,8.77447],[-75.98941,8.77628],[-75.98823,8.77628],[-75.98805,8.77565],[-75.98878,8.77556],[-75.98914,8.77474]]],[[[-75.99077,8.77447],[-75.99177,8.77492],[-75.99187,8.77564],[-75.99159,8.77582],[-75.99077,8.77465],[-75.99059,8.77528],[-75.99114,8.77591],[-75.99014,8.77601],[-75.99077,8.77447]]],[[[-75.97778,8.77748],[-75.97869,8.77748],[-75.97851,8.77893],[-75.97787,8.77866],[-75.97788,8.77938],[-75.97733,8.77902],[-75.97778,8.77748]]],[[[-75.97742,8.77993],[-75.97788,8.7811],[-75.97852,8.78137],[-75.97788,8.78164],[-75.97715,8.78119],[-75.97706,8.78011],[-75.97742,8.77993]]],[[[-75.97588,8.78183],[-75.97616,8.78264],[-75.97552,8.78274],[-75.97561,8.7812],[-75.97661,8.78129],[-75.97588,8.78183]]],[[[-75.98307,8.78498],[-75.9838,8.78525],[-75.98425,8.78479],[-75.98517,8.78533],[-75.98517,8.78615],[-75.98426,8.78642],[-75.98307,8.78498]]],[[[-75.97371,8.78627],[-75.97462,8.78599],[-75.97472,8.78744],[-75.97362,8.7869],[-75.97371,8.78627]]],[[[-75.9879,8.78849],[-75.98617,8.78786],[-75.98653,8.78696],[-75.98853,8.78722],[-75.98963,8.7884],[-75.99054,8.78858],[-75.99,8.7902],[-75.9879,8.78849]]],[[[-75.99073,8.79111],[-75.99173,8.79129],[-75.99254,8.79056],[-75.99191,8.79192],[-75.99255,8.79183],[-75.993,8.79273],[-75.992,8.793],[-75.99073,8.79111]]],[[[-75.97202,8.79812],[-75.97338,8.79884],[-75.97429,8.79784],[-75.97484,8.79866],[-75.97438,8.7992],[-75.97475,8.79956],[-75.97347,8.79956],[-75.97211,8.79884],[-75.97202,8.79812]]],[[[-75.98521,8.80062],[-75.98557,8.80016],[-75.9873,8.80052],[-75.98748,8.80097],[-75.98393,8.80098],[-75.98521,8.80062]]],[[[-75.97458,8.80652],[-75.97331,8.80635],[-75.97286,8.80689],[-75.97377,8.80734],[-75.97368,8.80797],[-75.97477,8.80842],[-75.97341,8.80825],[-75.97277,8.80752],[-75.9715,8.80825],[-75.97149,8.80753],[-75.97268,8.80698],[-75.97258,8.80626],[-75.97431,8.80544],[-75.97695,8.80643],[-75.97822,8.80805],[-75.9775,8.80878],[-75.97586,8.80833],[-75.97604,8.80887],[-75.97559,8.80887],[-75.97458,8.80652]]],[[[-75.97932,8.81131],[-75.97814,8.80995],[-75.97896,8.80959],[-75.98159,8.80994],[-75.98214,8.81094],[-75.98169,8.81148],[-75.98087,8.81067],[-75.97932,8.81131]]],[[[-75.9816,8.8132],[-75.98151,8.81347],[-75.98178,8.81238],[-75.98242,8.81238],[-75.9816,8.8132]]],[[[-75.98482,8.82694],[-75.98509,8.82558],[-75.98463,8.82486],[-75.98563,8.82214],[-75.98663,8.82196],[-75.98627,8.82395],[-75.98572,8.82404],[-75.98691,8.82521],[-75.98664,8.82567],[-75.986,8.82467],[-75.98563,8.8254],[-75.98628,8.82838],[-75.9861,8.82965],[-75.98546,8.82938],[-75.98482,8.82694]]],[[[-75.98664,8.82775],[-75.98718,8.82603],[-75.98755,8.82666],[-75.98737,8.82792],[-75.9881,8.82892],[-75.98956,8.82964],[-75.9891,8.831],[-75.98865,8.83018],[-75.98783,8.83],[-75.98664,8.82775]]],[[[-75.9851,8.83001],[-75.98583,8.82983],[-75.98619,8.8301],[-75.9862,8.83218],[-75.98584,8.83263],[-75.9851,8.83128],[-75.9851,8.83001]]],[[[-75.98511,8.8339],[-75.98502,8.83272],[-75.98565,8.83272],[-75.98648,8.83399],[-75.98757,8.83435],[-75.98803,8.83552],[-75.98511,8.8339]]],[[[-75.97612,8.83835],[-75.9763,8.83691],[-75.97739,8.83727],[-75.97913,8.84178],[-75.97612,8.83835]]],[[[-75.9892,8.85831],[-75.98886,8.85921],[-75.98845,8.85786],[-75.98872,8.8574],[-75.9892,8.85831]]],[[[-75.98309,8.86004],[-75.981,8.85932],[-75.98081,8.85824],[-75.98008,8.85806],[-75.98035,8.85643],[-75.98126,8.85661],[-75.98118,8.85815],[-75.98209,8.85959],[-75.98309,8.85869],[-75.98427,8.85913],[-75.98427,8.85995],[-75.98355,8.8604],[-75.98418,8.86121],[-75.98282,8.86113],[-75.98309,8.86004]]],[[[-75.98564,8.86248],[-75.98555,8.86356],[-75.98446,8.86329],[-75.98464,8.86248],[-75.98564,8.86248]]],[[[-75.97277,9.24805],[-75.97259,9.24904],[-75.97195,9.24923],[-75.97168,9.24878],[-75.97277,9.24805]]],[[[-75.97341,9.24958],[-75.97405,9.25076],[-75.97323,9.25058],[-75.97286,9.25013],[-75.97341,9.24958]]],[[[-75.97753,9.25826],[-75.97726,9.25952],[-75.97635,9.25971],[-75.97598,9.25844],[-75.97753,9.25826]]],[[[-75.97273,9.2665],[-75.974,9.2664],[-75.97428,9.26749],[-75.97382,9.2683],[-75.97273,9.2665]]],[[[-75.97577,9.28223],[-75.97659,9.28177],[-75.9756,9.28403],[-75.97577,9.28223]]],[[[-75.98078,9.28357],[-75.97951,9.28393],[-75.98006,9.28339],[-75.97978,9.2824],[-75.98078,9.28357]]],[[[-75.98843,9.28364],[-75.98852,9.28309],[-75.99043,9.282],[-75.99143,9.28191],[-75.99225,9.28336],[-75.99262,9.2829],[-75.99189,9.28245],[-75.99243,9.282],[-75.99289,9.28272],[-75.9938,9.28281],[-75.99353,9.28362],[-75.99162,9.28399],[-75.99162,9.28444],[-75.9928,9.28453],[-75.99253,9.2858],[-75.98898,9.28617],[-75.98871,9.28526],[-75.98907,9.28418],[-75.98843,9.28364]]],[[[-75.97751,9.28358],[-75.97869,9.28421],[-75.97796,9.28466],[-75.97669,9.28394],[-75.97751,9.28358]]],[[[-75.98953,9.2868],[-75.98899,9.28789],[-75.98826,9.28762],[-75.98871,9.28626],[-75.98953,9.2868]]],[[[-75.98944,9.28752],[-75.99044,9.28716],[-75.99063,9.28779],[-75.99017,9.28806],[-75.99127,9.28779],[-75.99117,9.28661],[-75.99172,9.28616],[-75.99336,9.2867],[-75.99427,9.28796],[-75.99327,9.28769],[-75.99281,9.28842],[-75.99136,9.28906],[-75.99008,9.28852],[-75.98944,9.28752]]],[[[-75.98772,9.28898],[-75.98744,9.28834],[-75.9879,9.28798],[-75.99054,9.28951],[-75.99,9.29024],[-75.98872,9.28897],[-75.98772,9.28898]]],[[[-75.99009,9.2906],[-75.99082,9.29069],[-75.99291,9.28932],[-75.99283,9.29222],[-75.992,9.29132],[-75.9911,9.2924],[-75.99064,9.29177],[-75.99,9.29204],[-75.99009,9.2906]]],[[[-75.99128,9.29294],[-75.99219,9.29348],[-75.99137,9.29412],[-75.99019,9.29403],[-75.99073,9.29304],[-75.99128,9.29294]]],[[[-75.99201,9.29439],[-75.99211,9.29538],[-75.99019,9.29566],[-75.99028,9.29476],[-75.99201,9.29439]]],[[[-75.98848,9.29946],[-75.9873,9.30046],[-75.98684,9.29983],[-75.98848,9.29946]]],[[[-75.98985,9.30136],[-75.98912,9.30208],[-75.98976,9.3029],[-75.98903,9.30308],[-75.98866,9.30181],[-75.98985,9.30136]]],[[[-75.99325,9.31374],[-75.99443,9.31365],[-75.99434,9.3131],[-75.99279,9.3132],[-75.99279,9.31184],[-75.99233,9.3113],[-75.99197,9.31166],[-75.99233,9.31175],[-75.99206,9.31275],[-75.99243,9.31329],[-75.99152,9.31329],[-75.9906,9.30959],[-75.98723,9.30942],[-75.98559,9.30987],[-75.98468,9.30915],[-75.98595,9.30924],[-75.98668,9.3086],[-75.98459,9.30879],[-75.98386,9.30843],[-75.98531,9.3068],[-75.98595,9.30671],[-75.98631,9.30698],[-75.9854,9.30734],[-75.9864,9.30752],[-75.98668,9.30851],[-75.98741,9.3086],[-75.98768,9.30715],[-75.98822,9.3067],[-75.98704,9.30679],[-75.98731,9.30562],[-75.98576,9.30553],[-75.98576,9.30517],[-75.98785,9.30435],[-75.9874,9.30526],[-75.98786,9.30543],[-75.98858,9.3048],[-75.98822,9.30399],[-75.99022,9.30335],[-75.99103,9.30253],[-75.99213,9.30271],[-75.99177,9.30407],[-75.99222,9.30443],[-75.99049,9.30398],[-75.99077,9.30497],[-75.98922,9.30634],[-75.99259,9.30515],[-75.99277,9.30316],[-75.99431,9.30307],[-75.99504,9.30243],[-75.99659,9.30306],[-75.99759,9.30215],[-75.99832,9.30233],[-75.99822,9.30152],[-76.00023,9.30142],[-76.00059,9.30178],[-76.00023,9.30296],[-75.9985,9.30287],[-75.99796,9.30369],[-75.99704,9.30315],[-75.99768,9.30414],[-75.99678,9.30469],[-75.99678,9.30559],[-75.99542,9.30668],[-75.99323,9.30669],[-75.99277,9.30569],[-75.9925,9.30687],[-75.99114,9.30723],[-75.99141,9.30796],[-75.99087,9.30977],[-75.99233,9.31049],[-75.99242,9.30976],[-75.99342,9.30967],[-75.99388,9.31238],[-75.99443,9.31157],[-75.99379,9.31093],[-75.99379,9.30967],[-75.9946,9.3093],[-75.99533,9.30994],[-75.99525,9.3112],[-75.99479,9.31147],[-75.9958,9.31256],[-75.99525,9.31283],[-75.99507,9.3141],[-75.99616,9.31355],[-75.99653,9.31464],[-75.9938,9.31528],[-75.9938,9.31464],[-75.99444,9.31437],[-75.99371,9.31446],[-75.99325,9.31374]]],[[[-75.98632,9.31087],[-75.98723,9.31077],[-75.98723,9.31023],[-75.98796,9.31086],[-75.98733,9.31122],[-75.98651,9.31096],[-75.98687,9.31204],[-75.98587,9.31177],[-75.98615,9.31249],[-75.98587,9.31249],[-75.9856,9.3115],[-75.98632,9.31087]]],[[[-75.99051,9.31176],[-75.99042,9.31239],[-75.98951,9.31176],[-75.98933,9.31086],[-75.98996,9.31076],[-75.99051,9.31176]]],[[[-75.98924,9.31258],[-75.98751,9.31312],[-75.98815,9.31167],[-75.98897,9.31158],[-75.98924,9.31258]]],[[[-75.98542,9.31259],[-75.98615,9.31358],[-75.98478,9.31376],[-75.98478,9.31313],[-75.98423,9.31277],[-75.98469,9.31214],[-75.98542,9.31259]]],[[[-75.98278,9.31395],[-75.9826,9.31314],[-75.98278,9.31305],[-75.98415,9.31494],[-75.98296,9.31413],[-75.98306,9.31558],[-75.98242,9.31549],[-75.98196,9.31395],[-75.98278,9.31395]]],[[[-75.98952,9.31502],[-75.98916,9.31493],[-75.98943,9.31411],[-75.99034,9.31438],[-75.98952,9.31502]]],[[[-75.98032,9.31441],[-75.97987,9.3164],[-75.97932,9.31504],[-75.98032,9.31441]]],[[[-75.98187,9.31531],[-75.98215,9.31585],[-75.98078,9.31594],[-75.98114,9.31504],[-75.98187,9.31531]]],[[[-75.97851,9.31667],[-75.97933,9.31703],[-75.97997,9.31676],[-75.98051,9.3173],[-75.98043,9.31857],[-75.97915,9.31776],[-75.97851,9.31667]]],[[[-75.97724,9.32011],[-75.97734,9.32066],[-75.97861,9.32111],[-75.9777,9.32174],[-75.97615,9.32048],[-75.97724,9.32011]]],[[[-75.97251,9.32031],[-75.97324,9.32049],[-75.97324,9.32112],[-75.97406,9.32058],[-75.97379,9.32193],[-75.97324,9.32139],[-75.97215,9.32176],[-75.97251,9.32031]]],[[[-75.97888,9.32074],[-75.97897,9.3202],[-75.98135,9.32182],[-75.98071,9.32209],[-75.98053,9.323],[-75.9798,9.32273],[-75.97961,9.32119],[-75.97888,9.32074]]],[[[-75.98636,9.32344],[-75.98708,9.32217],[-75.98772,9.32208],[-75.98845,9.32325],[-75.98918,9.32343],[-75.98882,9.32442],[-75.98773,9.32506],[-75.98636,9.32344]]],[[[-75.98454,9.32534],[-75.98527,9.32534],[-75.986,9.32651],[-75.98454,9.32534]]],[[[-75.98337,9.32769],[-75.98364,9.32905],[-75.98228,9.32869],[-75.98173,9.32933],[-75.98173,9.32752],[-75.98254,9.32661],[-75.9829,9.32525],[-75.98409,9.32561],[-75.98337,9.32769]]],[[[-75.97448,9.33161],[-75.975,9.33152],[-75.97563,9.32889],[-75.97544,9.32808],[-75.97581,9.32808],[-75.976,9.33016],[-75.97545,9.33097],[-75.97537,9.33269],[-75.97446,9.33305],[-75.97409,9.33263],[-75.97455,9.33242],[-75.97448,9.33161]]],[[[-75.96242,9.32585],[-75.96324,9.32657],[-75.96397,9.32594],[-75.96342,9.32458],[-75.96478,9.32295],[-75.96459,9.31997],[-75.96304,9.31934],[-75.96285,9.31853],[-75.96431,9.31717],[-75.96303,9.31717],[-75.96257,9.31636],[-75.96512,9.31644],[-75.96476,9.31554],[-75.96558,9.31572],[-75.96613,9.31698],[-75.96494,9.31671],[-75.96485,9.31753],[-75.96631,9.31752],[-75.96668,9.31806],[-75.96641,9.31951],[-75.96695,9.31933],[-75.96759,9.31996],[-75.96769,9.32204],[-75.96924,9.32285],[-75.9706,9.32248],[-75.97079,9.32303],[-75.97188,9.32194],[-75.97352,9.32257],[-75.97352,9.32383],[-75.97443,9.3232],[-75.97489,9.326],[-75.9758,9.32564],[-75.97507,9.32519],[-75.97489,9.3241],[-75.97489,9.32329],[-75.97552,9.32328],[-75.97507,9.32256],[-75.9757,9.32256],[-75.97524,9.32166],[-75.97561,9.32111],[-75.97953,9.32309],[-75.97853,9.3249],[-75.97971,9.32472],[-75.9798,9.32373],[-75.98089,9.32336],[-75.9818,9.32218],[-75.98335,9.32236],[-75.98299,9.32344],[-75.98326,9.32435],[-75.9859,9.32271],[-75.98427,9.32516],[-75.98336,9.3248],[-75.9829,9.32525],[-75.98199,9.32508],[-75.9819,9.32381],[-75.98117,9.32417],[-75.9809,9.32499],[-75.98035,9.32499],[-75.98027,9.32662],[-75.98082,9.32761],[-75.98,9.33015],[-75.97909,9.33033],[-75.97828,9.33277],[-75.97701,9.33368],[-75.9771,9.33468],[-75.97838,9.33476],[-75.97765,9.33603],[-75.97838,9.33711],[-75.97957,9.33639],[-75.98185,9.33855],[-75.98149,9.34163],[-75.98095,9.34154],[-75.98003,9.34018],[-75.97903,9.34055],[-75.9783,9.3401],[-75.97812,9.33947],[-75.97994,9.33901],[-75.97957,9.33865],[-75.97984,9.3381],[-75.97866,9.33838],[-75.97784,9.3392],[-75.9772,9.33856],[-75.9772,9.33757],[-75.97611,9.33649],[-75.97483,9.33631],[-75.97465,9.33812],[-75.97566,9.3402],[-75.97493,9.34074],[-75.97548,9.34119],[-75.97503,9.34192],[-75.97622,9.34318],[-75.97613,9.34408],[-75.97531,9.34472],[-75.97622,9.34553],[-75.97695,9.34526],[-75.97795,9.34634],[-75.97651,9.34915],[-75.97532,9.34879],[-75.97514,9.34797],[-75.97441,9.34852],[-75.9755,9.34954],[-75.97405,9.34933],[-75.97432,9.34762],[-75.97532,9.34707],[-75.97504,9.3459],[-75.97458,9.34608],[-75.97477,9.34662],[-75.97431,9.34635],[-75.97467,9.34409],[-75.97376,9.34364],[-75.97393,9.3412],[-75.97484,9.3411],[-75.97366,9.34056],[-75.97338,9.33803],[-75.97411,9.33776],[-75.9742,9.33713],[-75.97374,9.33704],[-75.97265,9.33812],[-75.97265,9.33731],[-75.97183,9.33695],[-75.97155,9.33614],[-75.9711,9.33641],[-75.97092,9.33713],[-75.97146,9.33677],[-75.97165,9.33695],[-75.97138,9.33894],[-75.97065,9.33921],[-75.97102,9.33994],[-75.97056,9.34093],[-75.97084,9.34166],[-75.97038,9.34193],[-75.97066,9.3431],[-75.96903,9.34446],[-75.96721,9.34474],[-75.96657,9.34375],[-75.96765,9.34257],[-75.9662,9.34266],[-75.9672,9.34158],[-75.96683,9.34094],[-75.9671,9.33868],[-75.96637,9.3376],[-75.96645,9.33678],[-75.96573,9.33733],[-75.9618,9.33454],[-75.96135,9.33354],[-75.96025,9.33355],[-75.96116,9.33273],[-75.96043,9.33264],[-75.95952,9.33102],[-75.96034,9.3311],[-75.96015,9.32957],[-75.96115,9.32984],[-75.96133,9.32821],[-75.96242,9.32585]],[[-75.96143,9.33137],[-75.96098,9.33164],[-75.96225,9.33218],[-75.96179,9.3302],[-75.96115,9.32993],[-75.96143,9.33137]],[[-75.96708,9.33172],[-75.96653,9.33163],[-75.9659,9.33272],[-75.96635,9.3329],[-75.96708,9.33172]],[[-75.97018,9.33216],[-75.971,9.33478],[-75.97164,9.33469],[-75.97173,9.33415],[-75.97118,9.33406],[-75.97027,9.33198],[-75.97036,9.33135],[-75.9689,9.33063],[-75.96871,9.32972],[-75.96944,9.32828],[-75.96889,9.32837],[-75.96807,9.32737],[-75.96734,9.32873],[-75.96744,9.3309],[-75.96808,9.33135],[-75.96808,9.33208],[-75.96908,9.33171],[-75.97018,9.33216]],[[-75.96453,9.33109],[-75.9648,9.33154],[-75.96562,9.33037],[-75.96453,9.33109]],[[-75.96561,9.32829],[-75.96579,9.32838],[-75.96615,9.32693],[-75.96561,9.32684],[-75.96561,9.32829]],[[-75.96333,9.32802],[-75.9637,9.32802],[-75.96324,9.32694],[-75.96279,9.32757],[-75.96333,9.32802]],[[-75.96861,9.32737],[-75.97026,9.32873],[-75.96962,9.32927],[-75.97053,9.32972],[-75.97035,9.33026],[-75.97072,9.33035],[-75.97135,9.32954],[-75.97098,9.32755],[-75.97153,9.32791],[-75.97198,9.32709],[-75.97098,9.32719],[-75.97062,9.32664],[-75.9727,9.32501],[-75.97215,9.32338],[-75.9717,9.32302],[-75.97097,9.32339],[-75.97097,9.32402],[-75.97207,9.32501],[-75.97143,9.32492],[-75.97089,9.32592],[-75.97016,9.32556],[-75.9687,9.32584],[-75.9697,9.32493],[-75.97025,9.32511],[-75.96979,9.32375],[-75.96906,9.32403],[-75.96843,9.32566],[-75.96733,9.32566],[-75.96734,9.3262],[-75.96797,9.32611],[-75.96861,9.32737]],[[-75.96742,9.32512],[-75.96642,9.3243],[-75.96542,9.32503],[-75.96542,9.32539],[-75.96624,9.32494],[-75.96688,9.32566],[-75.96742,9.32512]],[[-75.96596,9.32123],[-75.96532,9.32168],[-75.96523,9.32277],[-75.96587,9.32268],[-75.96615,9.32367],[-75.96705,9.32258],[-75.96678,9.32141],[-75.96596,9.32123]],[[-75.97699,9.3259],[-75.97826,9.3259],[-75.97808,9.32527],[-75.97699,9.3259]],[[-75.97227,9.3317],[-75.97154,9.33234],[-75.972,9.33297],[-75.97145,9.33352],[-75.97263,9.3336],[-75.9725,9.33481],[-75.97373,9.33454],[-75.97428,9.3355],[-75.97537,9.33567],[-75.97645,9.32871],[-75.97526,9.32654],[-75.97462,9.32736],[-75.97389,9.32609],[-75.97289,9.32682],[-75.97235,9.32809],[-75.97227,9.3317]],[[-75.96354,9.33544],[-75.96427,9.33571],[-75.96399,9.33417],[-75.96353,9.33444],[-75.96354,9.33544]],[[-75.96973,9.33488],[-75.96954,9.33379],[-75.96918,9.33397],[-75.96918,9.33461],[-75.96973,9.33488]],[[-75.96808,9.33253],[-75.96772,9.33244],[-75.96681,9.33326],[-75.96827,9.33389],[-75.96836,9.33334],[-75.96763,9.33325],[-75.96808,9.33253]],[[-75.96838,9.34184],[-75.96902,9.34211],[-75.97011,9.34157],[-75.96983,9.34012],[-75.96938,9.34021],[-75.96911,9.34148],[-75.96883,9.34112],[-75.96838,9.34184]],[[-75.9818,9.32309],[-75.9819,9.32363],[-75.98262,9.32308],[-75.98262,9.32263],[-75.9818,9.32309]],[[-75.96586,9.32042],[-75.96632,9.32096],[-75.96632,9.31969],[-75.96595,9.31942],[-75.96586,9.32042]]],[[[-75.98521,9.33719],[-75.98512,9.33646],[-75.98567,9.33628],[-75.98521,9.33719]]],[[[-75.98786,9.33817],[-75.98722,9.33817],[-75.98749,9.33745],[-75.9894,9.33735],[-75.99058,9.33627],[-75.99195,9.33608],[-75.99213,9.33644],[-75.99258,9.33563],[-75.99359,9.33581],[-75.99468,9.33517],[-75.99577,9.33589],[-75.99386,9.33752],[-75.99332,9.33734],[-75.99386,9.33653],[-75.99268,9.33626],[-75.99222,9.33735],[-75.99122,9.33753],[-75.99132,9.33825],[-75.9905,9.33862],[-75.98958,9.33763],[-75.9895,9.33826],[-75.98831,9.33835],[-75.98904,9.33844],[-75.98913,9.33898],[-75.98786,9.33953],[-75.98722,9.33872],[-75.98804,9.33871],[-75.98786,9.33817]]],[[[-75.98658,9.33917],[-75.98604,9.33926],[-75.98594,9.33827],[-75.98658,9.33917]]],[[[-75.97931,9.34263],[-75.9784,9.34182],[-75.97803,9.34191],[-75.97858,9.34245],[-75.97831,9.34417],[-75.97795,9.34345],[-75.97713,9.34327],[-75.97712,9.34209],[-75.97803,9.34055],[-75.97885,9.34182],[-75.97949,9.34181],[-75.98004,9.34326],[-75.98059,9.34317],[-75.98067,9.34244],[-75.98104,9.34217],[-75.9805,9.34479],[-75.97931,9.34353],[-75.97931,9.34263]]],[[[-75.97823,9.34842],[-75.97796,9.34833],[-75.97814,9.34742],[-75.97878,9.34733],[-75.97823,9.34842]]],[[[-75.97969,9.34805],[-75.98005,9.34787],[-75.98033,9.34905],[-75.97988,9.34954],[-75.97896,9.34932],[-75.97969,9.34805]]],[[[-75.97208,8.24788],[-75.97108,8.24815],[-75.97117,8.24734],[-75.97181,8.24725],[-75.97208,8.24788]]],[[[-75.95801,8.24855],[-75.95801,8.24836],[-75.95992,8.24845],[-75.96073,8.248],[-75.96056,8.25035],[-75.95964,8.24908],[-75.95801,8.24855]]],[[[-75.96592,8.25178],[-75.96755,8.25115],[-75.96764,8.2506],[-75.96673,8.24943],[-75.96591,8.24961],[-75.96645,8.24853],[-75.96709,8.24861],[-75.96709,8.24825],[-75.96363,8.24718],[-75.96082,8.24763],[-75.96064,8.24673],[-75.96173,8.24682],[-75.9619,8.24528],[-75.96254,8.24546],[-75.9629,8.24492],[-75.96309,8.24591],[-75.96381,8.24618],[-75.96417,8.24518],[-75.96563,8.245],[-75.96699,8.24762],[-75.96799,8.24717],[-75.96836,8.24825],[-75.96927,8.24834],[-75.96918,8.24888],[-75.96818,8.24861],[-75.96818,8.24897],[-75.96945,8.24987],[-75.97081,8.24978],[-75.97081,8.24924],[-75.96981,8.24933],[-75.9699,8.24888],[-75.97063,8.24852],[-75.97154,8.24878],[-75.97145,8.25141],[-75.96982,8.25123],[-75.96864,8.25042],[-75.96827,8.25096],[-75.96891,8.25169],[-75.96864,8.2525],[-75.96728,8.25223],[-75.96719,8.25169],[-75.96719,8.25296],[-75.96656,8.2535],[-75.96447,8.25387],[-75.96592,8.25178]]],[[[-75.96437,8.25152],[-75.96383,8.25188],[-75.96428,8.25088],[-75.96546,8.25115],[-75.96528,8.25169],[-75.96437,8.25152]]],[[[-75.96539,8.25839],[-75.96575,8.25866],[-75.96457,8.25848],[-75.96484,8.25775],[-75.96557,8.25766],[-75.96539,8.25839]]],[[[-75.96376,8.2611],[-75.96403,8.26237],[-75.96303,8.26201],[-75.96376,8.2611]]],[[[-75.95731,8.26193],[-75.95922,8.26265],[-75.95923,8.2641],[-75.95841,8.26401],[-75.95731,8.26193]]],[[[-75.96331,8.26346],[-75.96404,8.26282],[-75.96467,8.26291],[-75.96476,8.26146],[-75.96531,8.26282],[-75.96594,8.26245],[-75.96594,8.26182],[-75.96685,8.26227],[-75.96712,8.26173],[-75.96739,8.26173],[-75.96649,8.26318],[-75.96658,8.26363],[-75.96722,8.26363],[-75.96694,8.26417],[-75.96577,8.26472],[-75.9654,8.26408],[-75.96467,8.264],[-75.96477,8.26508],[-75.96331,8.26346]]],[[[-75.96813,8.26679],[-75.97076,8.26552],[-75.97149,8.26561],[-75.97185,8.26506],[-75.9723,8.26533],[-75.9723,8.26488],[-75.96939,8.26389],[-75.96758,8.26399],[-75.96785,8.26272],[-75.96894,8.26254],[-75.96939,8.26317],[-75.96948,8.26263],[-75.96894,8.26218],[-75.97057,8.26244],[-75.97103,8.26407],[-75.97139,8.26398],[-75.9713,8.26307],[-75.97203,8.2628],[-75.97375,8.26361],[-75.97375,8.26406],[-75.97294,8.26416],[-75.97348,8.2647],[-75.9733,8.26515],[-75.97203,8.26606],[-75.97213,8.26669],[-75.97104,8.26814],[-75.96995,8.26814],[-75.97059,8.26868],[-75.96977,8.26923],[-75.96913,8.26842],[-75.96931,8.26751],[-75.96813,8.26679]]],[[[-75.96297,8.27223],[-75.96006,8.27079],[-75.9586,8.26871],[-75.95742,8.26863],[-75.95769,8.26763],[-75.96105,8.26663],[-75.96178,8.2669],[-75.96232,8.26635],[-75.96286,8.26653],[-75.96305,8.26816],[-75.9645,8.26743],[-75.96495,8.26644],[-75.96532,8.26716],[-75.96595,8.26689],[-75.96923,8.27022],[-75.96832,8.27131],[-75.96987,8.27131],[-75.96887,8.27258],[-75.96297,8.27223]]],[[[-75.95752,8.27143],[-75.95834,8.27134],[-75.95788,8.27215],[-75.95752,8.27224],[-75.95752,8.27143]]],[[[-75.96752,8.27783],[-75.96643,8.27738],[-75.96661,8.27692],[-75.96752,8.27701],[-75.96752,8.27783]]],[[[-75.96562,8.27919],[-75.96626,8.27964],[-75.96617,8.28018],[-75.9658,8.28036],[-75.96507,8.27955],[-75.96562,8.27919]]],[[[-75.95906,8.27115],[-75.95943,8.27179],[-75.96124,8.27187],[-75.96125,8.27639],[-75.96234,8.27612],[-75.96225,8.27549],[-75.96307,8.27539],[-75.96361,8.27304],[-75.96424,8.27385],[-75.9647,8.27286],[-75.96506,8.27358],[-75.96642,8.27313],[-75.96679,8.27457],[-75.96724,8.27421],[-75.9676,8.27448],[-75.96733,8.27493],[-75.96661,8.27484],[-75.96634,8.27557],[-75.96515,8.27467],[-75.96361,8.27503],[-75.96352,8.27657],[-75.9648,8.27675],[-75.96289,8.27739],[-75.9638,8.27802],[-75.96344,8.27937],[-75.96426,8.27892],[-75.9648,8.27937],[-75.96462,8.28018],[-75.96544,8.28091],[-75.96508,8.28136],[-75.96435,8.28127],[-75.96463,8.28217],[-75.96545,8.28262],[-75.96536,8.28326],[-75.96418,8.28362],[-75.96354,8.282],[-75.9629,8.28227],[-75.9629,8.28299],[-75.96363,8.28326],[-75.964,8.28426],[-75.96336,8.28516],[-75.964,8.28534],[-75.96463,8.28489],[-75.96554,8.28579],[-75.96491,8.28633],[-75.96491,8.28796],[-75.96419,8.28941],[-75.96256,8.28905],[-75.96174,8.28951],[-75.95947,8.28933],[-75.95974,8.28843],[-75.95928,8.28698],[-75.9601,8.28734],[-75.95992,8.28635],[-75.96091,8.28625],[-75.96155,8.28526],[-75.96082,8.28399],[-75.961,8.283],[-75.96154,8.28318],[-75.96181,8.28263],[-75.96054,8.28128],[-75.95963,8.28146],[-75.95945,8.28038],[-75.95899,8.28047],[-75.95909,8.28128],[-75.95863,8.28101],[-75.95872,8.27866],[-75.95772,8.27758],[-75.95789,8.27595],[-75.95671,8.27496],[-75.95716,8.27387],[-75.95625,8.27396],[-75.9558,8.27315],[-75.95698,8.27288],[-75.95716,8.27224],[-75.95752,8.27224],[-75.95725,8.27351],[-75.95906,8.27115]]],[[[-75.96582,8.28787],[-75.96673,8.28732],[-75.96728,8.28895],[-75.96555,8.2895],[-75.96528,8.28896],[-75.96582,8.28787]]],[[[-75.96712,8.297],[-75.96712,8.29763],[-75.96557,8.29728],[-75.96712,8.297]]],[[[-75.97194,8.30359],[-75.97267,8.30458],[-75.97186,8.30504],[-75.96986,8.30423],[-75.97194,8.30359]]],[[[-75.96691,8.32486],[-75.96691,8.3245],[-75.96791,8.32422],[-75.96809,8.32476],[-75.96691,8.32486]]],[[[-75.96782,8.3254],[-75.96764,8.32612],[-75.9661,8.32594],[-75.96682,8.32495],[-75.96782,8.3254]]],[[[-75.95838,8.32642],[-75.95829,8.32723],[-75.95738,8.32741],[-75.95684,8.32696],[-75.95683,8.32624],[-75.95838,8.32642]]],[[[-75.961,8.35834],[-75.95946,8.35888],[-75.95828,8.3587],[-75.95946,8.35843],[-75.96,8.35734],[-75.96045,8.35779],[-75.96127,8.3577],[-75.96209,8.35878],[-75.96291,8.35878],[-75.96291,8.35942],[-75.96355,8.3595],[-75.96364,8.36068],[-75.96255,8.36095],[-75.96245,8.35915],[-75.96173,8.35915],[-75.961,8.35834]]],[[[-75.96809,8.36221],[-75.96746,8.36366],[-75.96692,8.36348],[-75.96673,8.3623],[-75.96809,8.36221]]],[[[-75.96428,8.36231],[-75.96501,8.3623],[-75.9651,8.3633],[-75.96437,8.36412],[-75.96283,8.36321],[-75.96428,8.36231]]],[[[-75.97128,8.36437],[-75.97128,8.36491],[-75.97064,8.36446],[-75.97082,8.36338],[-75.97128,8.36437]]],[[[-75.97021,8.37188],[-75.9702,8.37088],[-75.96929,8.36971],[-75.96856,8.36727],[-75.97147,8.3679],[-75.97147,8.3688],[-75.97247,8.36979],[-75.97257,8.3716],[-75.97175,8.37115],[-75.9712,8.37215],[-75.97157,8.37359],[-75.97075,8.37332],[-75.97093,8.37269],[-75.97021,8.37188]],[[-75.97066,8.3707],[-75.97111,8.37115],[-75.97156,8.3707],[-75.97084,8.37034],[-75.97066,8.3707]]],[[[-75.9691,8.47399],[-75.97001,8.47435],[-75.96992,8.47543],[-75.96919,8.47526],[-75.9691,8.4758],[-75.96801,8.47652],[-75.9691,8.47399]]],[[[-75.9503,8.47838],[-75.95148,8.47837],[-75.95157,8.47756],[-75.95094,8.47729],[-75.95085,8.47693],[-75.95284,8.47701],[-75.95221,8.47928],[-75.95021,8.47901],[-75.9503,8.47838]]],[[[-75.96158,8.48206],[-75.96212,8.48178],[-75.96203,8.48269],[-75.96158,8.48269],[-75.96112,8.48152],[-75.96185,8.48115],[-75.96158,8.48206]]],[[[-75.96085,8.48206],[-75.96103,8.48269],[-75.96013,8.48297],[-75.95985,8.48251],[-75.96085,8.48206]]],[[[-75.96161,8.49454],[-75.96297,8.49399],[-75.9627,8.49508],[-75.96315,8.49526],[-75.9637,8.49471],[-75.96316,8.49544],[-75.96352,8.49607],[-75.96279,8.49625],[-75.96161,8.49454]]],[[[-75.96144,8.50331],[-75.9609,8.5034],[-75.96072,8.50259],[-75.96136,8.50232],[-75.96144,8.50331]]],[[[-75.95146,8.50415],[-75.95364,8.50405],[-75.95518,8.50324],[-75.95527,8.50251],[-75.95782,8.5035],[-75.95727,8.50441],[-75.95636,8.50387],[-75.95655,8.50486],[-75.95573,8.50559],[-75.9531,8.50514],[-75.95146,8.50415]]],[[[-75.96036,8.50413],[-75.96027,8.50467],[-75.95927,8.50494],[-75.95918,8.50449],[-75.95991,8.50395],[-75.96036,8.50413]]],[[[-75.95937,8.50666],[-75.95891,8.50666],[-75.959,8.50558],[-75.95955,8.50567],[-75.95937,8.50666]]],[[[-75.95291,8.50559],[-75.95382,8.50631],[-75.95437,8.50595],[-75.95473,8.50622],[-75.95365,8.50722],[-75.95274,8.5065],[-75.95291,8.50559]]],[[[-75.95174,8.50731],[-75.95192,8.50677],[-75.95265,8.50713],[-75.95238,8.50813],[-75.95156,8.50795],[-75.95147,8.50876],[-75.95201,8.50912],[-75.95165,8.50958],[-75.95093,8.5094],[-75.9511,8.50804],[-75.95074,8.50741],[-75.95174,8.50731]]],[[[-75.97138,8.51333],[-75.97056,8.51351],[-75.97056,8.51215],[-75.96965,8.51143],[-75.96827,8.50809],[-75.96973,8.50763],[-75.97163,8.50591],[-75.97136,8.50745],[-75.97191,8.50726],[-75.97228,8.51016],[-75.97155,8.51016],[-75.97118,8.50754],[-75.97073,8.50853],[-75.97074,8.51143],[-75.97164,8.51152],[-75.97219,8.51088],[-75.97255,8.5116],[-75.97183,8.51215],[-75.97183,8.51477],[-75.97102,8.51568],[-75.97065,8.51432],[-75.97138,8.51441],[-75.97138,8.51333]]],[[[-75.96883,8.51161],[-75.97011,8.51414],[-75.97002,8.51532],[-75.96883,8.51161]]],[[[-75.96213,8.52212],[-75.96259,8.52212],[-75.96341,8.52302],[-75.96277,8.52465],[-75.96168,8.5242],[-75.96213,8.52212]]],[[[-75.95951,8.52638],[-75.95842,8.52656],[-75.95869,8.52548],[-75.95951,8.52638]]],[[[-75.9566,8.52621],[-75.95696,8.52666],[-75.95578,8.52702],[-75.95551,8.52594],[-75.9566,8.52621]]],[[[-75.96073,8.54175],[-75.96028,8.54284],[-75.95936,8.54203],[-75.95964,8.54148],[-75.96073,8.54175]]],[[[-75.96982,8.5458],[-75.97092,8.54715],[-75.97001,8.54706],[-75.9691,8.54652],[-75.96982,8.5458]]],[[[-75.96819,8.54824],[-75.96774,8.54834],[-75.96746,8.54734],[-75.96801,8.54725],[-75.96819,8.54824]]],[[[-75.9557,8.5679],[-75.95625,8.56745],[-75.95879,8.56771],[-75.95861,8.56889],[-75.95725,8.56916],[-75.95589,8.56853],[-75.9557,8.5679]]],[[[-75.97006,8.5694],[-75.97015,8.56832],[-75.97133,8.56859],[-75.97134,8.57067],[-75.97088,8.56904],[-75.97006,8.5694]]],[[[-75.95935,8.57133],[-75.95953,8.5725],[-75.95881,8.57332],[-75.95935,8.57133]]],[[[-75.96489,8.57321],[-75.96443,8.57023],[-75.9647,8.56896],[-75.96516,8.56923],[-75.96544,8.57249],[-75.96589,8.57267],[-75.96553,8.57321],[-75.96599,8.5733],[-75.96644,8.57448],[-75.96763,8.5752],[-75.96999,8.57474],[-75.9709,8.57645],[-75.97063,8.57709],[-75.96881,8.57745],[-75.96909,8.57818],[-75.96845,8.57872],[-75.96782,8.57872],[-75.96489,8.57321]]],[[[-75.96126,8.57458],[-75.96199,8.57584],[-75.96217,8.57548],[-75.96317,8.57566],[-75.96318,8.57611],[-75.96081,8.57639],[-75.96054,8.57576],[-75.96126,8.57458]]],[[[-75.97136,8.57736],[-75.97063,8.57754],[-75.97117,8.57636],[-75.97136,8.57736]]],[[[-75.96873,8.57899],[-75.9719,8.57763],[-75.97182,8.57971],[-75.97118,8.57971],[-75.97055,8.58062],[-75.96918,8.5799],[-75.96873,8.57899]]],[[[-75.96237,8.58018],[-75.96219,8.58272],[-75.96147,8.58362],[-75.96164,8.58136],[-75.96237,8.58018]]],[[[-75.96883,8.58369],[-75.96992,8.58487],[-75.96829,8.58632],[-75.96856,8.58532],[-75.96801,8.58532],[-75.96883,8.58369]]],[[[-75.96765,8.58668],[-75.96848,8.58822],[-75.96784,8.58795],[-75.96738,8.58732],[-75.96765,8.58668]]],[[[-75.95219,8.61557],[-75.95192,8.61611],[-75.95092,8.61594],[-75.95101,8.61539],[-75.95173,8.61512],[-75.95219,8.61557]]],[[[-75.95586,8.66784],[-75.95487,8.66902],[-75.95396,8.66875],[-75.95414,8.6682],[-75.95586,8.66784]]],[[[-75.9696,8.67269],[-75.96824,8.67242],[-75.96833,8.67206],[-75.9696,8.67269]]],[[[-75.96589,8.68047],[-75.9649,8.68102],[-75.96526,8.67948],[-75.96598,8.67948],[-75.96589,8.68047]]],[[[-75.96021,8.69586],[-75.95957,8.6955],[-75.95975,8.69433],[-75.96111,8.69423],[-75.96075,8.69505],[-75.96148,8.69595],[-75.9613,8.6964],[-75.95903,8.69677],[-75.95921,8.69614],[-75.96012,8.69632],[-75.96021,8.69586]]],[[[-75.9682,8.69548],[-75.9693,8.6953],[-75.96939,8.69665],[-75.96884,8.69675],[-75.9682,8.69548]]],[[[-75.96203,8.69785],[-75.96212,8.69812],[-75.96194,8.69848],[-75.96012,8.69821],[-75.96039,8.69785],[-75.96203,8.69785]]],[[[-75.96339,8.6973],[-75.96349,8.69857],[-75.96221,8.69902],[-75.96203,8.69857],[-75.96258,8.69839],[-75.96276,8.69757],[-75.96339,8.6973]]],[[[-75.95995,8.70066],[-75.95986,8.70039],[-75.95995,8.7002],[-75.96113,8.70111],[-75.96113,8.70183],[-75.95986,8.70174],[-75.95986,8.70256],[-75.95804,8.70247],[-75.95995,8.70066]]],[[[-75.95195,8.70285],[-75.95105,8.70321],[-75.95095,8.70285],[-75.9515,8.70222],[-75.95195,8.70285]]],[[[-75.96326,8.71485],[-75.96208,8.71548],[-75.96189,8.71512],[-75.96262,8.71503],[-75.96234,8.71413],[-75.96326,8.71485]]],[[[-75.96283,8.72516],[-75.96319,8.72606],[-75.96183,8.72634],[-75.96146,8.72552],[-75.96283,8.72516]]],[[[-75.95176,8.7345],[-75.95194,8.73324],[-75.95276,8.73359],[-75.95376,8.73504],[-75.95349,8.73603],[-75.95176,8.7345]]],[[[-75.97201,8.76212],[-75.9702,8.76285],[-75.97092,8.76195],[-75.97201,8.76212]]],[[[-75.95211,8.76625],[-75.95111,8.76616],[-75.95139,8.7657],[-75.95184,8.76561],[-75.95211,8.76625]]],[[[-75.96786,8.77136],[-75.96831,8.77082],[-75.96785,8.76973],[-75.96749,8.77091],[-75.96713,8.77091],[-75.96448,8.76848],[-75.96439,8.76748],[-75.96357,8.76712],[-75.96357,8.76649],[-75.96211,8.76523],[-75.96284,8.7645],[-75.96347,8.76477],[-75.96384,8.76441],[-75.96293,8.76378],[-75.96347,8.76341],[-75.9631,8.76224],[-75.96401,8.76287],[-75.96483,8.76178],[-75.96592,8.76205],[-75.96602,8.76359],[-75.96556,8.76422],[-75.96756,8.76431],[-75.96738,8.76367],[-75.96811,8.76385],[-75.96838,8.76503],[-75.96793,8.76512],[-75.96802,8.76566],[-75.96857,8.76512],[-75.96875,8.76566],[-75.96938,8.7653],[-75.96957,8.76611],[-75.97039,8.76575],[-75.96938,8.76439],[-75.96865,8.7643],[-75.96838,8.7634],[-75.97293,8.76511],[-75.97193,8.76574],[-75.97202,8.76629],[-75.97148,8.76629],[-75.97175,8.76674],[-75.97112,8.76674],[-75.97048,8.76801],[-75.96948,8.76837],[-75.96912,8.76783],[-75.96757,8.76829],[-75.96748,8.76774],[-75.96675,8.76766],[-75.96685,8.76811],[-75.96849,8.76892],[-75.96876,8.771],[-75.96985,8.77045],[-75.96921,8.76855],[-75.97103,8.76891],[-75.97149,8.76945],[-75.97158,8.77081],[-75.97113,8.77081],[-75.97095,8.77144],[-75.97004,8.77145],[-75.96959,8.77253],[-75.96886,8.77136],[-75.96786,8.77136]],[[-75.9653,8.76757],[-75.96502,8.76666],[-75.96457,8.76658],[-75.96494,8.76775],[-75.9663,8.76793],[-75.96594,8.76721],[-75.9653,8.76757]],[[-75.96538,8.7644],[-75.96475,8.7645],[-75.9652,8.76549],[-75.96639,8.76567],[-75.9673,8.76639],[-75.96784,8.76548],[-75.96684,8.76539],[-75.96538,8.7644]]],[[[-75.95594,8.76804],[-75.95612,8.76687],[-75.95575,8.76741],[-75.95512,8.76732],[-75.95439,8.76669],[-75.95466,8.76606],[-75.95302,8.76579],[-75.9522,8.76489],[-75.95584,8.76542],[-75.95566,8.76624],[-75.95639,8.76605],[-75.95666,8.76669],[-75.95784,8.76704],[-75.95739,8.76777],[-75.95749,8.76904],[-75.95848,8.76894],[-75.95858,8.76948],[-75.95785,8.76976],[-75.95594,8.76804]]],[[[-75.95921,8.76867],[-75.95903,8.76876],[-75.95885,8.76768],[-75.95948,8.76804],[-75.95921,8.76867]]],[[[-75.96058,8.76858],[-75.96176,8.76948],[-75.96113,8.77129],[-75.95985,8.77066],[-75.96058,8.76858]]],[[[-75.96604,8.77155],[-75.9664,8.77145],[-75.9664,8.77236],[-75.96595,8.77272],[-75.96604,8.77155]]],[[[-75.95686,8.77455],[-75.95677,8.77374],[-75.95614,8.77437],[-75.95641,8.77483],[-75.95314,8.77456],[-75.95368,8.77366],[-75.9545,8.77375],[-75.9544,8.77302],[-75.95577,8.77184],[-75.95567,8.77139],[-75.95313,8.77375],[-75.95286,8.77339],[-75.95322,8.77275],[-75.95277,8.77248],[-75.95467,8.77176],[-75.95494,8.77094],[-75.95585,8.77085],[-75.9574,8.77184],[-75.95677,8.77202],[-75.95704,8.77302],[-75.95922,8.77183],[-75.96004,8.7721],[-75.96004,8.77292],[-75.95841,8.77337],[-75.95804,8.77292],[-75.9575,8.77311],[-75.95786,8.77365],[-75.95732,8.77437],[-75.95904,8.77401],[-75.95887,8.77536],[-75.95805,8.77564],[-75.95741,8.77491],[-75.9565,8.77474],[-75.95686,8.77455]],[[-75.95531,8.77338],[-75.95441,8.77429],[-75.95541,8.77411],[-75.95586,8.77456],[-75.95577,8.77275],[-75.95495,8.77284],[-75.95531,8.77338]]],[[[-75.95223,8.77466],[-75.95141,8.77466],[-75.95132,8.77448],[-75.95204,8.77384],[-75.95223,8.77466]]],[[[-75.96713,8.77399],[-75.96722,8.77353],[-75.96804,8.77398],[-75.96768,8.77534],[-75.96714,8.77489],[-75.96759,8.77453],[-75.96713,8.77399]]],[[[-75.9635,8.77644],[-75.96268,8.77499],[-75.96186,8.77508],[-75.96086,8.77436],[-75.96168,8.77264],[-75.96349,8.77273],[-75.96286,8.77219],[-75.96313,8.77146],[-75.96467,8.77173],[-75.96486,8.77227],[-75.96395,8.77273],[-75.96641,8.77399],[-75.96614,8.77462],[-75.96432,8.77435],[-75.96432,8.77499],[-75.96514,8.77535],[-75.96496,8.7758],[-75.96587,8.77589],[-75.9656,8.77679],[-75.96623,8.77679],[-75.96678,8.77589],[-75.96614,8.7748],[-75.9675,8.77606],[-75.96705,8.77697],[-75.96623,8.77688],[-75.96578,8.77743],[-75.96569,8.77815],[-75.96624,8.77851],[-75.96542,8.77833],[-75.96542,8.77743],[-75.9635,8.77644]]],[[[-75.96059,8.77518],[-75.95987,8.77572],[-75.95987,8.77681],[-75.95923,8.77609],[-75.9595,8.77545],[-75.96059,8.77518]]],[[[-75.96869,8.77923],[-75.96751,8.77842],[-75.96796,8.77661],[-75.96896,8.77651],[-75.96932,8.77724],[-75.97051,8.77723],[-75.96941,8.77606],[-75.96968,8.77524],[-75.96877,8.77452],[-75.96877,8.77389],[-75.97041,8.77533],[-75.97032,8.77434],[-75.97104,8.77425],[-75.97113,8.77379],[-75.96977,8.77335],[-75.97086,8.77334],[-75.97113,8.77208],[-75.97222,8.77262],[-75.97331,8.77243],[-75.97322,8.77316],[-75.97413,8.77261],[-75.97431,8.77333],[-75.97377,8.7737],[-75.97477,8.77406],[-75.97387,8.77596],[-75.9745,8.77623],[-75.97487,8.77803],[-75.97315,8.7784],[-75.97315,8.77885],[-75.9736,8.77885],[-75.97333,8.77949],[-75.97115,8.77904],[-75.97133,8.77967],[-75.97079,8.7804],[-75.9686,8.77968],[-75.96869,8.77923]],[[-75.97215,8.77822],[-75.97296,8.7784],[-75.97278,8.77732],[-75.97205,8.77768],[-75.97215,8.77822]]],[[[-75.96241,8.77572],[-75.9635,8.77662],[-75.96214,8.77707],[-75.96178,8.77644],[-75.96241,8.77572]]],[[[-75.95142,8.78108],[-75.95024,8.78063],[-75.94906,8.78127],[-75.94879,8.781],[-75.94942,8.77801],[-75.94969,8.77765],[-75.95051,8.77783],[-75.94987,8.77719],[-75.94996,8.77584],[-75.95214,8.77592],[-75.95314,8.77701],[-75.95314,8.77773],[-75.95396,8.777],[-75.95341,8.77646],[-75.95368,8.77556],[-75.95459,8.77546],[-75.9565,8.77627],[-75.95705,8.777],[-75.95642,8.77754],[-75.95514,8.77745],[-75.95487,8.77926],[-75.95542,8.77944],[-75.95587,8.77899],[-75.95751,8.78034],[-75.95824,8.78025],[-75.95788,8.78115],[-75.95579,8.78342],[-75.9547,8.78288],[-75.95352,8.78334],[-75.95243,8.78207],[-75.95134,8.78271],[-75.94997,8.78172],[-75.95179,8.78207],[-75.95142,8.78108]],[[-75.95242,8.77854],[-75.95187,8.77891],[-75.95142,8.78054],[-75.95261,8.78171],[-75.9537,8.7818],[-75.95388,8.78044],[-75.95242,8.77854]]],[[[-75.96488,8.78023],[-75.96424,8.78069],[-75.96451,8.77987],[-75.96406,8.77933],[-75.96469,8.77933],[-75.96469,8.77897],[-75.96506,8.77924],[-75.96488,8.78023]]],[[[-75.96597,8.77923],[-75.96679,8.7795],[-75.9667,8.78095],[-75.96606,8.78077],[-75.96597,8.77923]]],[[[-75.96052,8.78277],[-75.96007,8.78269],[-75.95989,8.7835],[-75.95916,8.7835],[-75.95834,8.78206],[-75.95906,8.78034],[-75.95997,8.77988],[-75.9596,8.77943],[-75.96033,8.77907],[-75.96124,8.77979],[-75.96188,8.77924],[-75.96197,8.7797],[-75.96233,8.77942],[-75.96342,8.77987],[-75.96352,8.78204],[-75.96252,8.78331],[-75.96161,8.78368],[-75.96189,8.78431],[-75.96089,8.78404],[-75.96052,8.78277]]],[[[-75.96716,8.78194],[-75.96733,8.78077],[-75.96797,8.78113],[-75.96897,8.7804],[-75.97079,8.78085],[-75.96979,8.7823],[-75.97088,8.78266],[-75.97089,8.78374],[-75.9698,8.78429],[-75.96925,8.78411],[-75.96916,8.78348],[-75.96707,8.78466],[-75.96698,8.78294],[-75.96625,8.78258],[-75.96716,8.78194]]],[[[-75.96398,8.78476],[-75.96471,8.78557],[-75.96435,8.78647],[-75.96426,8.78548],[-75.96353,8.78539],[-75.96398,8.78476]]],[[[-75.95052,8.78416],[-75.95043,8.78361],[-75.95189,8.78406],[-75.95188,8.78316],[-75.95352,8.78442],[-75.95416,8.78379],[-75.9548,8.78415],[-75.95181,8.78831],[-75.95126,8.78804],[-75.95099,8.78705],[-75.95235,8.78614],[-75.95216,8.78578],[-75.95116,8.78542],[-75.95117,8.78624],[-75.94989,8.78678],[-75.94798,8.78516],[-75.94898,8.78416],[-75.9498,8.78452],[-75.95052,8.78416]]],[[[-75.96335,8.7872],[-75.96271,8.78756],[-75.96217,8.78648],[-75.9628,8.78639],[-75.96335,8.7872]]],[[[-75.96772,8.78891],[-75.96718,8.78981],[-75.96708,8.78927],[-75.9659,8.78927],[-75.96681,8.78855],[-75.97008,8.78754],[-75.96945,8.78854],[-75.97126,8.78826],[-75.97099,8.78926],[-75.97017,8.78926],[-75.9709,8.79044],[-75.96945,8.7908],[-75.96926,8.78872],[-75.96772,8.78891]]],[[[-75.9639,8.78982],[-75.96318,8.79027],[-75.96408,8.78937],[-75.96463,8.78946],[-75.9639,8.78982]]],[[[-75.96654,8.78972],[-75.96609,8.79054],[-75.96709,8.79108],[-75.96609,8.79189],[-75.96491,8.79099],[-75.96654,8.78972]]],[[[-75.96745,8.79053],[-75.96818,8.79071],[-75.96854,8.79026],[-75.969,8.79107],[-75.97027,8.79152],[-75.96873,8.79288],[-75.96818,8.7927],[-75.96745,8.79053]]],[[[-75.961,8.79372],[-75.96064,8.79408],[-75.96136,8.79209],[-75.961,8.79372]]],[[[-75.96201,8.79588],[-75.96119,8.79616],[-75.9611,8.79562],[-75.96236,8.79245],[-75.96355,8.79371],[-75.96364,8.79425],[-75.963,8.79407],[-75.96282,8.79444],[-75.96356,8.79624],[-75.96483,8.79579],[-75.96546,8.79606],[-75.96447,8.79705],[-75.96219,8.79634],[-75.96201,8.79588]],[[-75.96282,8.79398],[-75.96282,8.79335],[-75.962,8.7938],[-75.96237,8.79426],[-75.96282,8.79398]]],[[[-75.96701,8.79506],[-75.96664,8.79551],[-75.9661,8.79542],[-75.96646,8.79434],[-75.96701,8.79506]]],[[[-75.96047,8.79679],[-75.9601,8.79761],[-75.96037,8.7948],[-75.96047,8.79679]]],[[[-75.96202,8.79986],[-75.96057,8.80095],[-75.96084,8.79905],[-75.96229,8.79932],[-75.96311,8.79859],[-75.96411,8.80058],[-75.96339,8.80104],[-75.96202,8.79986]]],[[[-75.95939,8.80295],[-75.95866,8.80313],[-75.95848,8.80231],[-75.95948,8.80204],[-75.95939,8.80295]]],[[[-75.95694,8.80277],[-75.95803,8.80259],[-75.95775,8.80295],[-75.95694,8.80277]]],[[[-75.96057,8.80168],[-75.96394,8.80284],[-75.96248,8.8033],[-75.9613,8.80231],[-75.96103,8.80285],[-75.96203,8.80321],[-75.96176,8.80375],[-75.96248,8.80384],[-75.96167,8.80493],[-75.96058,8.80403],[-75.96057,8.80168]]],[[[-75.9583,8.8034],[-75.95794,8.8044],[-75.95603,8.80485],[-75.95621,8.80422],[-75.95703,8.8044],[-75.9583,8.8034]]],[[[-75.96394,8.8033],[-75.96503,8.8042],[-75.96385,8.80393],[-75.96367,8.80438],[-75.96503,8.80501],[-75.96458,8.80546],[-75.96349,8.80538],[-75.96339,8.8042],[-75.96394,8.8033]]],[[[-75.97213,8.80698],[-75.97086,8.80708],[-75.97095,8.80635],[-75.97231,8.80626],[-75.97213,8.80698]]],[[[-75.96022,8.80765],[-75.9594,8.80692],[-75.95958,8.8062],[-75.96031,8.80629],[-75.95976,8.80557],[-75.96021,8.80511],[-75.96149,8.80692],[-75.96095,8.8071],[-75.96095,8.80773],[-75.96013,8.80855],[-75.95931,8.80801],[-75.95922,8.80765],[-75.96022,8.80765]]],[[[-75.9685,8.80862],[-75.96741,8.80853],[-75.96704,8.80799],[-75.96813,8.80672],[-75.96877,8.80681],[-75.9695,8.8078],[-75.96986,8.80726],[-75.97022,8.80744],[-75.97022,8.80825],[-75.96977,8.80789],[-75.96932,8.80925],[-75.96986,8.80898],[-75.97059,8.80943],[-75.97086,8.80879],[-75.97141,8.80916],[-75.97005,8.81042],[-75.96968,8.80997],[-75.96914,8.81034],[-75.9685,8.80862]]],[[[-75.96149,8.80782],[-75.9625,8.80809],[-75.96241,8.80936],[-75.96168,8.80918],[-75.96149,8.80782]]],[[[-75.96823,8.80998],[-75.9685,8.81043],[-75.96796,8.81142],[-75.96732,8.81079],[-75.96823,8.80998]]],[[[-75.95485,8.84094],[-75.95403,8.84112],[-75.95412,8.84013],[-75.95503,8.84058],[-75.95485,8.84094]]],[[[-75.96477,8.84354],[-75.96541,8.84345],[-75.96541,8.84399],[-75.96477,8.84426],[-75.96477,8.84354]]],[[[-75.96859,8.84398],[-75.96868,8.8448],[-75.9695,8.84515],[-75.9686,8.84624],[-75.96796,8.84606],[-75.96795,8.84407],[-75.96859,8.84398]]],[[[-75.96359,8.84508],[-75.96523,8.84526],[-75.9646,8.8467],[-75.96296,8.8459],[-75.96359,8.84508]]],[[[-75.95932,8.84672],[-75.95959,8.84608],[-75.95896,8.84582],[-75.95995,8.84518],[-75.96078,8.84699],[-75.96214,8.84626],[-75.96423,8.84734],[-75.96405,8.84824],[-75.96333,8.84879],[-75.95932,8.84672]]],[[[-75.95414,8.84727],[-75.95523,8.84519],[-75.95596,8.84591],[-75.95659,8.84455],[-75.95677,8.84501],[-75.95823,8.84482],[-75.95615,8.84944],[-75.95542,8.84863],[-75.95442,8.84836],[-75.95414,8.84727]]],[[[-75.96678,8.84851],[-75.96624,8.84833],[-75.96642,8.84742],[-75.96533,8.8477],[-75.96523,8.8467],[-75.96632,8.84715],[-75.96732,8.84606],[-75.96796,8.84606],[-75.96678,8.84851]]],[[[-75.95724,8.84853],[-75.95732,8.84781],[-75.95841,8.84763],[-75.95878,8.84708],[-75.9606,8.84807],[-75.95987,8.84934],[-75.95724,8.84853]]],[[[-75.95078,8.84783],[-75.95187,8.84746],[-75.95069,8.84918],[-75.95023,8.84873],[-75.95078,8.84783]]],[[[-75.95287,8.84773],[-75.95242,8.84836],[-75.95269,8.84927],[-75.95087,8.84982],[-75.95105,8.84909],[-75.95187,8.84882],[-75.95287,8.84773]]],[[[-75.96588,8.84951],[-75.96497,8.84933],[-75.96479,8.84978],[-75.96388,8.84987],[-75.96469,8.84833],[-75.96524,8.84842],[-75.96588,8.84951]]],[[[-75.96125,8.85404],[-75.96025,8.85413],[-75.96043,8.85332],[-75.96125,8.85359],[-75.96125,8.85404]]],[[[-75.95673,8.86572],[-75.9561,8.86626],[-75.95564,8.86554],[-75.95646,8.86536],[-75.95673,8.86572]]],[[[-75.95455,8.86645],[-75.95519,8.86644],[-75.95419,8.8678],[-75.95337,8.86744],[-75.95455,8.86645]]],[[[-75.95361,9.19935],[-75.95443,9.19935],[-75.95507,9.19998],[-75.9547,9.20026],[-75.95352,9.19972],[-75.95361,9.19935]]],[[[-75.96071,9.19934],[-75.96253,9.19852],[-75.96108,9.2006],[-75.96035,9.2006],[-75.9598,9.20124],[-75.95889,9.20115],[-75.9588,9.2007],[-75.95753,9.20124],[-75.95816,9.20025],[-75.95998,9.20033],[-75.96071,9.19934]]],[[[-75.95653,9.20106],[-75.95571,9.2017],[-75.95552,9.20043],[-75.95634,9.20034],[-75.95653,9.20106]]],[[[-75.96236,9.20385],[-75.96326,9.20213],[-75.96436,9.20204],[-75.96327,9.20403],[-75.96182,9.20458],[-75.96145,9.2053],[-75.96172,9.20413],[-75.96236,9.20385]]],[[[-75.95662,9.20287],[-75.95735,9.20287],[-75.95745,9.2045],[-75.95544,9.20496],[-75.95662,9.20287]]],[[[-75.95324,9.23218],[-75.95306,9.23264],[-75.95179,9.23228],[-75.95333,9.23056],[-75.95524,9.23136],[-75.9547,9.232],[-75.95488,9.23254],[-75.95543,9.23254],[-75.95561,9.23164],[-75.95752,9.23235],[-75.95634,9.23389],[-75.95416,9.23318],[-75.95324,9.23218]]],[[[-75.95034,9.23445],[-75.95097,9.23391],[-75.95088,9.233],[-75.95288,9.23336],[-75.95307,9.23454],[-75.95434,9.23372],[-75.95452,9.23444],[-75.95534,9.23498],[-75.95489,9.23643],[-75.95334,9.2358],[-75.95262,9.23607],[-75.95252,9.23535],[-75.9517,9.23517],[-75.95171,9.23716],[-75.95052,9.23608],[-75.95034,9.23445]]],[[[-75.9613,9.25052],[-75.96067,9.25088],[-75.96039,9.24971],[-75.9613,9.24971],[-75.9613,9.25052]]],[[[-75.96869,9.25475],[-75.96869,9.25421],[-75.96968,9.25213],[-75.97042,9.25393],[-75.96987,9.25484],[-75.97042,9.25565],[-75.96978,9.25556],[-75.96951,9.25457],[-75.96869,9.25475]]],[[[-75.96733,9.25937],[-75.96688,9.25964],[-75.96734,9.26054],[-75.96515,9.26019],[-75.96496,9.25748],[-75.96442,9.25757],[-75.96441,9.25513],[-75.9625,9.2545],[-75.96195,9.25495],[-75.96058,9.25414],[-75.96004,9.25613],[-75.96068,9.25685],[-75.96014,9.25776],[-75.96096,9.25884],[-75.96005,9.25803],[-75.95841,9.25867],[-75.95777,9.25686],[-75.95959,9.25704],[-75.95968,9.25649],[-75.95859,9.25595],[-75.95722,9.25605],[-75.9575,9.25695],[-75.95559,9.25958],[-75.95605,9.26039],[-75.95477,9.25976],[-75.95404,9.25769],[-75.95477,9.25714],[-75.9544,9.25633],[-75.95576,9.25524],[-75.95558,9.25406],[-75.95639,9.25352],[-75.95648,9.25162],[-75.95703,9.25198],[-75.95775,9.25089],[-75.9583,9.25089],[-75.95967,9.25206],[-75.96176,9.25224],[-75.96204,9.25287],[-75.96742,9.25557],[-75.96888,9.25828],[-75.97052,9.25909],[-75.97007,9.25963],[-75.97089,9.26108],[-75.96871,9.26117],[-75.96733,9.25937]],[[-75.95785,9.25306],[-75.95739,9.25288],[-75.95767,9.25379],[-75.95704,9.25496],[-75.95776,9.2546],[-75.95804,9.25532],[-75.95886,9.25568],[-75.95849,9.25451],[-75.95895,9.25396],[-75.9584,9.25342],[-75.95776,9.25352],[-75.95785,9.25306]]],[[[-75.95359,9.26022],[-75.95414,9.25958],[-75.95477,9.25985],[-75.95496,9.26193],[-75.95423,9.26166],[-75.95359,9.26022]]],[[[-75.95315,9.26565],[-75.95369,9.26393],[-75.95424,9.26302],[-75.95533,9.26257],[-75.95524,9.26392],[-75.95615,9.26464],[-75.95552,9.26492],[-75.95561,9.26609],[-75.95325,9.26727],[-75.95279,9.26673],[-75.95343,9.26628],[-75.95315,9.26565]]],[[[-75.96099,9.26924],[-75.96126,9.27006],[-75.96008,9.26988],[-75.95999,9.26952],[-75.96099,9.26924]]],[[[-75.97258,9.28015],[-75.97139,9.27835],[-75.97185,9.27771],[-75.97139,9.27681],[-75.97039,9.27772],[-75.96984,9.27736],[-75.97048,9.27727],[-75.9702,9.27636],[-75.96893,9.27646],[-75.96802,9.27546],[-75.96519,9.27439],[-75.96573,9.27285],[-75.96774,9.27357],[-75.96692,9.27266],[-75.96764,9.27112],[-75.96691,9.26941],[-75.96736,9.26886],[-75.96699,9.26796],[-75.96781,9.2676],[-75.96763,9.26678],[-75.96817,9.2666],[-75.96963,9.26732],[-75.97027,9.26714],[-75.96981,9.26596],[-75.96926,9.26569],[-75.96854,9.26633],[-75.96844,9.2657],[-75.96862,9.26506],[-75.9699,9.26479],[-75.9688,9.26407],[-75.96871,9.26325],[-75.96935,9.26271],[-75.97008,9.26289],[-75.96962,9.26207],[-75.97062,9.26162],[-75.97099,9.26316],[-75.97172,9.26379],[-75.97226,9.26361],[-75.97199,9.26478],[-75.97135,9.2646],[-75.97117,9.26506],[-75.97273,9.2684],[-75.97219,9.26957],[-75.97083,9.27075],[-75.97037,9.27057],[-75.9701,9.27139],[-75.97074,9.27175],[-75.97137,9.2712],[-75.97128,9.2722],[-75.97256,9.27301],[-75.97275,9.27536],[-75.9722,9.27572],[-75.97284,9.27636],[-75.97239,9.27636],[-75.9723,9.2769],[-75.97385,9.27699],[-75.97403,9.27798],[-75.97467,9.27834],[-75.97449,9.27906],[-75.97567,9.27825],[-75.97649,9.27942],[-75.97641,9.28032],[-75.97522,9.28042],[-75.97495,9.28096],[-75.97331,9.28097],[-75.97277,9.28323],[-75.97258,9.28015]],[[-75.97239,9.27798],[-75.9723,9.27889],[-75.97321,9.27862],[-75.97357,9.27744],[-75.97312,9.27735],[-75.97239,9.27798]],[[-75.96783,9.27357],[-75.96765,9.27447],[-75.96883,9.27456],[-75.96929,9.2751],[-75.96947,9.27447],[-75.96783,9.27357]]],[[[-75.95663,9.27305],[-75.9559,9.27324],[-75.95572,9.27242],[-75.95635,9.27206],[-75.95663,9.27305]]],[[[-75.96138,9.2772],[-75.96155,9.27602],[-75.96246,9.27602],[-75.96329,9.27692],[-75.96383,9.27656],[-75.96483,9.27692],[-75.96356,9.279],[-75.96247,9.27937],[-75.96192,9.27738],[-75.96138,9.2772]]],[[[-75.95673,9.27766],[-75.9561,9.27785],[-75.95592,9.27875],[-75.95573,9.27785],[-75.95637,9.27721],[-75.95673,9.27766]]],[[[-75.95756,9.28101],[-75.95692,9.28101],[-75.95656,9.27956],[-75.95728,9.27965],[-75.95756,9.28101]]],[[[-75.96658,9.28388],[-75.96494,9.28388],[-75.96467,9.28307],[-75.96512,9.28234],[-75.96448,9.28108],[-75.96548,9.27963],[-75.96675,9.28017],[-75.96638,9.27791],[-75.96702,9.27728],[-75.96829,9.27709],[-75.96802,9.27791],[-75.96711,9.27773],[-75.96775,9.27845],[-75.96757,9.27908],[-75.96848,9.2789],[-75.96885,9.27998],[-75.96994,9.28016],[-75.96876,9.28035],[-75.96949,9.28107],[-75.97031,9.2807],[-75.97021,9.28016],[-75.97104,9.28088],[-75.96995,9.28206],[-75.97031,9.28269],[-75.96968,9.28477],[-75.96886,9.28432],[-75.9695,9.28369],[-75.96795,9.28415],[-75.96768,9.28469],[-75.9685,9.28487],[-75.96832,9.28523],[-75.96658,9.28388]]],[[[-75.96422,9.28398],[-75.9644,9.28524],[-75.96358,9.2847],[-75.96422,9.28398]]],[[[-75.95766,9.28374],[-75.95757,9.28255],[-75.95793,9.28255],[-75.95802,9.28381],[-75.95894,9.28526],[-75.95903,9.28634],[-75.95849,9.28716],[-75.95876,9.28634],[-75.95766,9.28374]]],[[[-75.95348,9.28735],[-75.95281,9.28799],[-75.95257,9.28618],[-75.95348,9.28735]]],[[[-75.9574,9.2887],[-75.9574,9.28969],[-75.95686,9.28996],[-75.9574,9.2887]]],[[[-75.96834,9.29409],[-75.96807,9.29355],[-75.96752,9.29373],[-75.96734,9.29464],[-75.96643,9.29428],[-75.96716,9.29373],[-75.9656,9.29247],[-75.96697,9.29238],[-75.96661,9.29283],[-75.96688,9.29328],[-75.96743,9.29265],[-75.96834,9.29301],[-75.96815,9.29247],[-75.96897,9.29237],[-75.96933,9.29065],[-75.97006,9.29056],[-75.96969,9.28939],[-75.97015,9.28957],[-75.97024,9.28911],[-75.96933,9.2883],[-75.96869,9.28849],[-75.96942,9.28993],[-75.96878,9.28984],[-75.96851,9.29057],[-75.96788,9.29066],[-75.96788,9.2912],[-75.96833,9.29129],[-75.96797,9.2921],[-75.96679,9.29193],[-75.96751,9.29111],[-75.96651,9.29111],[-75.96533,9.29184],[-75.96523,9.28958],[-75.96451,9.29049],[-75.96359,9.2894],[-75.96305,9.29004],[-75.96269,9.29239],[-75.96032,9.29258],[-75.96005,9.29194],[-75.96268,9.28968],[-75.96195,9.28932],[-75.96132,9.29068],[-75.96068,9.29059],[-75.96159,9.28796],[-75.96222,9.28787],[-75.96295,9.28651],[-75.96359,9.28669],[-75.96313,9.28597],[-75.96376,9.28542],[-75.96449,9.28578],[-75.9654,9.28551],[-75.96559,9.28723],[-75.96605,9.28723],[-75.96577,9.2865],[-75.9665,9.28569],[-75.96723,9.28587],[-75.96695,9.28641],[-75.9675,9.28695],[-75.96932,9.28749],[-75.97042,9.28712],[-75.96977,9.28604],[-75.97132,9.28567],[-75.97095,9.28477],[-75.97141,9.28441],[-75.97205,9.28468],[-75.97296,9.28413],[-75.97387,9.28467],[-75.97405,9.28567],[-75.9746,9.28567],[-75.97569,9.28422],[-75.97515,9.28612],[-75.97697,9.28566],[-75.97679,9.28629],[-75.97524,9.28693],[-75.97469,9.28657],[-75.97379,9.28784],[-75.97197,9.2882],[-75.97151,9.28974],[-75.97079,9.28984],[-75.96943,9.29129],[-75.96997,9.29147],[-75.97007,9.29409],[-75.96925,9.29499],[-75.96861,9.29463],[-75.96716,9.29527],[-75.96725,9.29473],[-75.96834,9.29409]],[[-75.96468,9.28877],[-75.96532,9.28922],[-75.96568,9.28768],[-75.96523,9.28759],[-75.96468,9.28877]]],[[[-75.95613,9.28988],[-75.95695,9.29014],[-75.9575,9.29123],[-75.95486,9.29105],[-75.95613,9.28988]]],[[[-75.95204,9.29151],[-75.95094,9.29134],[-75.95131,9.2907],[-75.95194,9.29084],[-75.95204,9.29151]]],[[[-75.95286,9.2916],[-75.95249,9.29106],[-75.95358,9.29108],[-75.95377,9.29142],[-75.95286,9.2916]]],[[[-75.97088,9.29065],[-75.97152,9.29056],[-75.97116,9.29282],[-75.97016,9.29246],[-75.97088,9.29201],[-75.97088,9.29065]]],[[[-75.96442,9.29139],[-75.96433,9.29239],[-75.96351,9.29157],[-75.96351,9.29112],[-75.96442,9.29139]]],[[[-75.95505,9.29512],[-75.95414,9.29504],[-75.95396,9.29458],[-75.95578,9.29358],[-75.95377,9.29359],[-75.9535,9.29287],[-75.95286,9.29278],[-75.95304,9.29214],[-75.95413,9.29232],[-75.95431,9.29142],[-75.95477,9.29151],[-75.95495,9.29223],[-75.95632,9.29277],[-75.95687,9.29476],[-75.95815,9.29521],[-75.95824,9.29611],[-75.95769,9.29638],[-75.95705,9.29539],[-75.95651,9.29539],[-75.95697,9.29629],[-75.95633,9.29666],[-75.95596,9.29594],[-75.95524,9.29621],[-75.95505,9.29512]]],[[[-75.9708,9.29508],[-75.97062,9.29562],[-75.96989,9.29644],[-75.96935,9.29635],[-75.96953,9.29518],[-75.9708,9.29508]]],[[[-75.95752,9.30036],[-75.95743,9.29937],[-75.95843,9.29918],[-75.95852,9.29837],[-75.95907,9.29846],[-75.95861,9.29756],[-75.95897,9.29529],[-75.95742,9.29421],[-75.95796,9.29367],[-75.95997,9.29475],[-75.95915,9.29593],[-75.95979,9.29656],[-75.9597,9.29746],[-75.96025,9.29764],[-75.96016,9.29918],[-75.96134,9.29863],[-75.96152,9.29682],[-75.96106,9.29637],[-75.96188,9.29583],[-75.96179,9.297],[-75.96261,9.29745],[-75.96271,9.29935],[-75.96253,9.29999],[-75.96035,9.30035],[-75.95989,9.29927],[-75.95962,9.30036],[-75.95789,9.30127],[-75.9567,9.30046],[-75.95752,9.30036]]],[[[-75.95724,9.29792],[-75.95724,9.2972],[-75.95788,9.29711],[-75.95797,9.29765],[-75.95724,9.29792]]],[[[-75.96462,9.29853],[-75.96417,9.30007],[-75.96308,9.29971],[-75.96325,9.29781],[-75.96462,9.29853]]],[[[-75.95461,9.30073],[-75.95534,9.301],[-75.95607,9.30046],[-75.95616,9.3019],[-75.9568,9.30244],[-75.95571,9.3029],[-75.95571,9.30172],[-75.95461,9.30073]]],[[[-75.95508,9.30507],[-75.95544,9.30453],[-75.95644,9.30516],[-75.95726,9.30507],[-75.95745,9.3057],[-75.95508,9.30507]]],[[[-75.96373,9.30785],[-75.96483,9.3074],[-75.96547,9.30875],[-75.96401,9.30885],[-75.96383,9.30839],[-75.96456,9.30821],[-75.96437,9.30776],[-75.96373,9.30785]]],[[[-75.9591,9.31031],[-75.95937,9.30958],[-75.95982,9.30967],[-75.95983,9.31085],[-75.95874,9.31112],[-75.95828,9.31004],[-75.9591,9.31031]]],[[[-75.95983,9.31184],[-75.96056,9.31184],[-75.9611,9.31121],[-75.96165,9.31256],[-75.96056,9.31311],[-75.95983,9.31184]]],[[[-75.96412,9.31463],[-75.96457,9.31481],[-75.9643,9.31581],[-75.96339,9.31581],[-75.96412,9.31463]]],[[[-75.96713,9.3158],[-75.96658,9.31607],[-75.96667,9.31571],[-75.96794,9.31535],[-75.96804,9.31598],[-75.96886,9.31589],[-75.97004,9.31796],[-75.9685,9.31815],[-75.9684,9.31679],[-75.96713,9.3158]]],[[[-75.96084,9.31618],[-75.96185,9.31618],[-75.96248,9.31681],[-75.96204,9.31907],[-75.96084,9.31618]]],[[[-75.95794,9.3189],[-75.95757,9.31854],[-75.95821,9.31809],[-75.95712,9.31818],[-75.95693,9.31782],[-75.9583,9.31709],[-75.9583,9.31655],[-75.95902,9.31655],[-75.95957,9.317],[-75.95912,9.31763],[-75.96021,9.31727],[-75.96131,9.31898],[-75.96094,9.31925],[-75.95921,9.31872],[-75.95794,9.3189]]],[[[-75.95047,9.31693],[-75.95101,9.31675],[-75.95211,9.31765],[-75.95157,9.31964],[-75.95147,9.31747],[-75.95047,9.31693]]],[[[-75.95441,9.3256],[-75.95367,9.32434],[-75.95249,9.32371],[-75.9523,9.32299],[-75.95321,9.32289],[-75.95339,9.32181],[-75.95412,9.3219],[-75.95412,9.32271],[-75.95504,9.32316],[-75.95558,9.32225],[-75.95604,9.32225],[-75.95649,9.32361],[-75.95804,9.3236],[-75.95795,9.32315],[-75.95831,9.32315],[-75.95905,9.32441],[-75.95878,9.32613],[-75.95959,9.32477],[-75.95996,9.32541],[-75.95987,9.32604],[-75.95896,9.32677],[-75.95441,9.3256]]],[[[-75.95203,9.32434],[-75.95285,9.32425],[-75.95304,9.32543],[-75.95432,9.32624],[-75.95368,9.32624],[-75.95432,9.32714],[-75.95222,9.32642],[-75.95203,9.32434]]],[[[-75.95459,9.32759],[-75.95477,9.3266],[-75.95769,9.32677],[-75.95851,9.32758],[-75.95824,9.32885],[-75.95742,9.32912],[-75.95715,9.33012],[-75.95459,9.32759]]],[[[-75.95715,9.33066],[-75.95715,9.33111],[-75.95624,9.33075],[-75.95606,9.33012],[-75.95715,9.33066]]],[[[-75.95397,9.33121],[-75.95387,9.33076],[-75.95533,9.3303],[-75.95642,9.33166],[-75.95506,9.33157],[-75.95469,9.33112],[-75.95397,9.33121]]],[[[-75.95078,9.33212],[-75.95051,9.33158],[-75.95132,9.33095],[-75.95196,9.33176],[-75.95315,9.33167],[-75.95415,9.3323],[-75.95415,9.33329],[-75.95379,9.33329],[-75.95388,9.33257],[-75.95078,9.33212]]],[[[-75.95343,9.33519],[-75.95352,9.33438],[-75.95425,9.33438],[-75.95398,9.3351],[-75.95343,9.33519]]],[[[-75.95142,9.33393],[-75.95224,9.33438],[-75.95279,9.33411],[-75.95252,9.33619],[-75.95143,9.33583],[-75.9517,9.33529],[-75.95134,9.33511],[-75.95097,9.33646],[-75.95015,9.33511],[-75.95142,9.33393]]],[[[-75.95635,9.33699],[-75.95544,9.33654],[-75.95553,9.33627],[-75.95635,9.33636],[-75.95635,9.33699]]],[[[-75.95817,9.33617],[-75.95817,9.33581],[-75.95908,9.33608],[-75.9589,9.33662],[-75.96017,9.33734],[-75.96009,9.33834],[-75.95954,9.33816],[-75.95945,9.33753],[-75.95881,9.33753],[-75.95817,9.33617]]],[[[-75.95199,9.34044],[-75.95226,9.34134],[-75.95144,9.34153],[-75.95099,9.34108],[-75.95126,9.34053],[-75.95199,9.34044]]],[[[-75.96319,9.34204],[-75.96283,9.34222],[-75.96237,9.34087],[-75.963,9.34032],[-75.96319,9.34204]]],[[[-75.95882,9.34142],[-75.95964,9.3416],[-75.96028,9.34304],[-75.95955,9.34341],[-75.95882,9.3425],[-75.95882,9.34142]]],[[[-75.95582,9.34323],[-75.95655,9.34441],[-75.95555,9.34405],[-75.95582,9.34323]]],[[[-75.96028,9.3444],[-75.96138,9.34503],[-75.96029,9.34503],[-75.96065,9.34621],[-75.95992,9.34594],[-75.96028,9.3444]]],[[[-75.96156,9.3453],[-75.96247,9.34503],[-75.96238,9.34575],[-75.96156,9.3453]]],[[[-75.95592,9.34568],[-75.95564,9.3445],[-75.95591,9.3445],[-75.95655,9.3454],[-75.95646,9.34613],[-75.95701,9.34649],[-75.95519,9.34622],[-75.95592,9.34568]]],[[[-75.96111,9.34657],[-75.96202,9.34647],[-75.96166,9.34729],[-75.96075,9.34729],[-75.96111,9.34657]]],[[[-75.95446,9.3464],[-75.95519,9.34767],[-75.9572,9.34712],[-75.95629,9.34866],[-75.95556,9.34848],[-75.95565,9.34794],[-75.95465,9.34776],[-75.95446,9.3464]]],[[[-75.94726,8.42349],[-75.94817,8.42339],[-75.94736,8.42448],[-75.9469,8.42448],[-75.94699,8.42331],[-75.94608,8.42286],[-75.94708,8.42313],[-75.94726,8.42349]]],[[[-75.94591,8.42747],[-75.94618,8.4281],[-75.94764,8.42765],[-75.94827,8.42801],[-75.94691,8.42846],[-75.947,8.42937],[-75.94619,8.43045],[-75.94555,8.42928],[-75.94591,8.42747]]],[[[-75.93929,8.43056],[-75.93765,8.42903],[-75.93855,8.42685],[-75.93901,8.42703],[-75.9391,8.42803],[-75.94028,8.42739],[-75.94083,8.42848],[-75.94164,8.42811],[-75.94183,8.42865],[-75.94264,8.42865],[-75.94273,8.42802],[-75.942,8.42757],[-75.94237,8.42712],[-75.94373,8.42829],[-75.94528,8.42847],[-75.9451,8.42946],[-75.94419,8.43037],[-75.94328,8.42983],[-75.9431,8.43082],[-75.94138,8.43046],[-75.94147,8.43191],[-75.94029,8.43074],[-75.93929,8.43056]]],[[[-75.94764,8.43018],[-75.94837,8.43027],[-75.94792,8.43181],[-75.94728,8.43072],[-75.94764,8.43018]]],[[[-75.93747,8.43201],[-75.93647,8.43192],[-75.93647,8.43102],[-75.93793,8.43147],[-75.93839,8.43319],[-75.93675,8.43292],[-75.93747,8.43201]]],[[[-75.94412,8.4745],[-75.94475,8.47441],[-75.94475,8.47468],[-75.94412,8.47559],[-75.94412,8.4745]]],[[[-75.94921,8.47621],[-75.9493,8.47648],[-75.94857,8.47657],[-75.94812,8.47585],[-75.94921,8.47621]]],[[[-75.94776,8.47694],[-75.94758,8.47775],[-75.94667,8.47712],[-75.94676,8.47649],[-75.94776,8.47694]]],[[[-75.94631,8.47784],[-75.94594,8.47839],[-75.94531,8.47821],[-75.94576,8.47757],[-75.94631,8.47784]]],[[[-75.94967,8.47919],[-75.95094,8.47991],[-75.94985,8.48046],[-75.94849,8.48001],[-75.94867,8.47938],[-75.94967,8.47919]]],[[[-75.92758,8.58696],[-75.92813,8.58669],[-75.92886,8.58759],[-75.92759,8.5885],[-75.92722,8.58778],[-75.92758,8.58696]]],[[[-75.93768,8.59236],[-75.93759,8.59146],[-75.93677,8.59056],[-75.93522,8.59056],[-75.93468,8.59101],[-75.93495,8.59156],[-75.93432,8.59156],[-75.93304,8.59048],[-75.93223,8.59075],[-75.93187,8.59238],[-75.93123,8.59256],[-75.93096,8.59356],[-75.93114,8.59229],[-75.93023,8.59211],[-75.92977,8.59085],[-75.93013,8.58976],[-75.93149,8.58858],[-75.93113,8.58759],[-75.93531,8.58785],[-75.93576,8.58703],[-75.93595,8.58794],[-75.93649,8.58821],[-75.93631,8.58929],[-75.93695,8.58911],[-75.9384,8.59019],[-75.94058,8.58982],[-75.94158,8.59027],[-75.94204,8.59127],[-75.94086,8.59154],[-75.94022,8.591],[-75.93986,8.59182],[-75.93995,8.59272],[-75.94068,8.59335],[-75.94123,8.59326],[-75.94123,8.59263],[-75.94459,8.59217],[-75.9445,8.5928],[-75.94368,8.59244],[-75.94105,8.59389],[-75.93768,8.59236]]],[[[-75.93051,8.5941],[-75.92969,8.59501],[-75.92942,8.59437],[-75.93051,8.5941]]],[[[-75.92679,8.597],[-75.92633,8.59655],[-75.92751,8.59492],[-75.92815,8.59474],[-75.92869,8.59537],[-75.92969,8.59555],[-75.92807,8.59863],[-75.92689,8.59908],[-75.92597,8.59827],[-75.92679,8.597]]],[[[-75.93845,8.59788],[-75.94006,8.59837],[-75.93825,8.59969],[-75.9378,8.60177],[-75.9379,8.60512],[-75.93776,8.60123],[-75.93845,8.59788]]],[[[-75.94011,8.61678],[-75.9391,8.61542],[-75.94101,8.61668],[-75.94165,8.6165],[-75.94111,8.61696],[-75.94156,8.61795],[-75.94111,8.61867],[-75.93984,8.61859],[-75.93965,8.61777],[-75.94011,8.61678]]],[[[-75.94224,8.66977],[-75.94296,8.66995],[-75.94296,8.66959],[-75.94424,8.67004],[-75.94333,8.67049],[-75.94324,8.67131],[-75.94224,8.66977]]],[[[-75.9311,8.68761],[-75.92938,8.68943],[-75.92874,8.68861],[-75.92874,8.68681],[-75.9311,8.68761]]],[[[-75.93156,8.68825],[-75.93183,8.68861],[-75.93065,8.6897],[-75.92938,8.68961],[-75.93001,8.68952],[-75.93065,8.68852],[-75.93156,8.68825]]],[[[-75.9472,8.72863],[-75.9472,8.72782],[-75.9482,8.72791],[-75.9472,8.72863]]],[[[-75.94838,8.72899],[-75.9473,8.73017],[-75.94711,8.72981],[-75.94838,8.72899]]],[[[-75.94604,8.73569],[-75.94658,8.73641],[-75.94531,8.73732],[-75.94459,8.73669],[-75.94477,8.73615],[-75.94604,8.73569]]],[[[-75.93238,8.7644],[-75.93156,8.76476],[-75.93138,8.7634],[-75.93238,8.7644]]],[[[-75.93485,8.76855],[-75.93594,8.76891],[-75.93548,8.76755],[-75.93693,8.76719],[-75.93757,8.76773],[-75.93603,8.76945],[-75.93467,8.769],[-75.93485,8.76855]]],[[[-75.93757,8.76863],[-75.93803,8.76981],[-75.93649,8.77063],[-75.93603,8.77017],[-75.93757,8.76863]]],[[[-75.94849,8.77123],[-75.94976,8.76951],[-75.9504,8.76942],[-75.94985,8.77068],[-75.95149,8.77276],[-75.9505,8.77475],[-75.94904,8.77358],[-75.94849,8.77123]]],[[[-75.94816,8.78389],[-75.94834,8.78443],[-75.94762,8.78471],[-75.94616,8.78362],[-75.94789,8.78389],[-75.94825,8.78362],[-75.94788,8.78317],[-75.94734,8.78344],[-75.94725,8.78281],[-75.94597,8.78299],[-75.94579,8.78245],[-75.94497,8.78218],[-75.9457,8.78118],[-75.94633,8.78118],[-75.94761,8.78245],[-75.94806,8.78235],[-75.9477,8.78163],[-75.94897,8.78208],[-75.9497,8.78154],[-75.94997,8.7819],[-75.94915,8.78226],[-75.94816,8.78389]]],[[[-75.93943,8.784],[-75.9377,8.78383],[-75.93807,8.78346],[-75.93943,8.784]]],[[[-75.94098,8.78499],[-75.94153,8.78572],[-75.94062,8.78599],[-75.94025,8.78536],[-75.94098,8.78499]]],[[[-75.94435,8.78897],[-75.94281,8.78806],[-75.94299,8.78743],[-75.94217,8.78752],[-75.94207,8.78644],[-75.94344,8.78644],[-75.9428,8.78598],[-75.9428,8.78436],[-75.94425,8.78499],[-75.94416,8.78399],[-75.94461,8.7839],[-75.9448,8.78489],[-75.94616,8.78607],[-75.94753,8.78624],[-75.94853,8.78805],[-75.95026,8.78777],[-75.95044,8.78814],[-75.94499,8.7896],[-75.94526,8.7886],[-75.94435,8.78897]],[[-75.94598,8.78661],[-75.94599,8.78797],[-75.94653,8.78824],[-75.94644,8.78769],[-75.94717,8.78706],[-75.94598,8.78661]],[[-75.9448,8.78652],[-75.94535,8.7867],[-75.94535,8.78607],[-75.94462,8.7858],[-75.9448,8.78652]]],[[[-75.92425,8.78639],[-75.92553,8.78702],[-75.92571,8.78784],[-75.92653,8.78747],[-75.92708,8.78828],[-75.92563,8.78937],[-75.92425,8.78639]]],[[[-75.93945,8.79024],[-75.93909,8.79088],[-75.93781,8.78971],[-75.93535,8.78899],[-75.93526,8.78727],[-75.93608,8.78727],[-75.93607,8.78627],[-75.93698,8.78609],[-75.93798,8.78491],[-75.93953,8.78563],[-75.94035,8.7868],[-75.94126,8.78707],[-75.94344,8.78906],[-75.9429,8.78942],[-75.9429,8.78888],[-75.94235,8.78879],[-75.94245,8.78942],[-75.94072,8.79069],[-75.941,8.7916],[-75.94063,8.79105],[-75.93981,8.79106],[-75.93945,8.79024]]],[[[-75.92672,8.79],[-75.92754,8.78973],[-75.92845,8.79036],[-75.92854,8.79099],[-75.92754,8.79118],[-75.92745,8.79036],[-75.92681,8.79055],[-75.92672,8.79]]],[[[-75.94345,8.79105],[-75.94409,8.79077],[-75.945,8.79249],[-75.94436,8.79331],[-75.94373,8.79277],[-75.94345,8.79105]]],[[[-75.93899,8.79106],[-75.93991,8.79187],[-75.93927,8.79341],[-75.93854,8.79269],[-75.93899,8.79106]]],[[[-75.93473,8.79586],[-75.93319,8.79587],[-75.93328,8.79451],[-75.93409,8.79387],[-75.93382,8.79333],[-75.93573,8.79387],[-75.93473,8.79279],[-75.93463,8.79143],[-75.93418,8.79152],[-75.93554,8.78962],[-75.93808,8.79061],[-75.93763,8.79215],[-75.93818,8.7926],[-75.93663,8.79188],[-75.93618,8.79233],[-75.93636,8.79296],[-75.93773,8.79332],[-75.93837,8.79468],[-75.9381,8.79712],[-75.93583,8.79667],[-75.93473,8.79586]]],[[[-75.94382,8.79466],[-75.94401,8.79512],[-75.94219,8.79512],[-75.943,8.7944],[-75.94382,8.79466]]],[[[-75.95472,8.79075],[-75.95372,8.79057],[-75.95372,8.7912],[-75.95463,8.79156],[-75.95446,8.79283],[-75.95509,8.79373],[-75.95473,8.794],[-75.955,8.79446],[-75.95582,8.79445],[-75.95618,8.79282],[-75.95728,8.79409],[-75.95782,8.79409],[-75.95782,8.79264],[-75.95854,8.79173],[-75.95945,8.79218],[-75.95891,8.79354],[-75.95919,8.79454],[-75.9581,8.79418],[-75.95728,8.79472],[-75.95892,8.79508],[-75.95756,8.79653],[-75.95583,8.79644],[-75.95556,8.79681],[-75.95501,8.79617],[-75.9551,8.7969],[-75.95247,8.79745],[-75.95301,8.79808],[-75.95692,8.79698],[-75.95801,8.79707],[-75.95874,8.79788],[-75.95811,8.79861],[-75.95865,8.79888],[-75.95838,8.80005],[-75.95766,8.79978],[-75.95802,8.79888],[-75.95747,8.79861],[-75.95584,8.79961],[-75.95775,8.80042],[-75.95739,8.80177],[-75.95394,8.80314],[-75.95348,8.80269],[-75.95384,8.80215],[-75.95357,8.80106],[-75.95166,8.80206],[-75.95093,8.80134],[-75.95111,8.80089],[-75.95029,8.80044],[-75.95102,8.7998],[-75.9502,8.79962],[-75.94966,8.80089],[-75.94775,8.80162],[-75.9473,8.80225],[-75.94684,8.80144],[-75.94784,8.7999],[-75.9472,8.79927],[-75.94684,8.80072],[-75.94484,8.80045],[-75.9442,8.80108],[-75.94475,8.80253],[-75.94412,8.80298],[-75.94403,8.80443],[-75.94285,8.80489],[-75.94257,8.80389],[-75.94221,8.80552],[-75.94176,8.80552],[-75.94102,8.80236],[-75.94175,8.80236],[-75.94239,8.80163],[-75.94166,8.80136],[-75.94102,8.80209],[-75.94101,8.79784],[-75.94228,8.79756],[-75.94247,8.79847],[-75.94356,8.79883],[-75.9431,8.79828],[-75.94319,8.79729],[-75.94819,8.79619],[-75.95001,8.79836],[-75.9522,8.79799],[-75.95174,8.79718],[-75.95065,8.79754],[-75.94974,8.79718],[-75.94946,8.79637],[-75.94837,8.79574],[-75.948,8.79447],[-75.94737,8.79447],[-75.94673,8.79366],[-75.94645,8.79222],[-75.94681,8.79149],[-75.94517,8.78996],[-75.95063,8.78859],[-75.95199,8.78904],[-75.95417,8.78632],[-75.95662,8.78685],[-75.95753,8.7864],[-75.95843,8.78468],[-75.95889,8.78522],[-75.95934,8.78495],[-75.95889,8.7845],[-75.95971,8.78477],[-75.95962,8.78567],[-75.95889,8.78631],[-75.95899,8.78811],[-75.95835,8.78839],[-75.95954,8.7892],[-75.95936,8.79019],[-75.95845,8.79092],[-75.95854,8.79164],[-75.95782,8.79192],[-75.9569,8.79092],[-75.95618,8.79083],[-75.95636,8.78966],[-75.95563,8.7893],[-75.95527,8.78975],[-75.95445,8.78966],[-75.95472,8.79075]],[[-75.9579,8.79029],[-75.95736,8.79038],[-75.95754,8.7911],[-75.95845,8.79074],[-75.9579,8.79029]],[[-75.95553,8.7883],[-75.95363,8.78885],[-75.95372,8.78939],[-75.95454,8.78885],[-75.95508,8.78948],[-75.95553,8.7883]],[[-75.95845,8.78965],[-75.95772,8.78875],[-75.95726,8.78893],[-75.95727,8.7902],[-75.95845,8.78965]],[[-75.95753,8.78785],[-75.95781,8.78857],[-75.95835,8.78757],[-75.95817,8.78721],[-75.95753,8.78785]],[[-75.95181,8.79067],[-75.95127,8.79085],[-75.95163,8.79148],[-75.95181,8.79067]],[[-75.95109,8.79392],[-75.95174,8.79591],[-75.95283,8.79663],[-75.95292,8.79564],[-75.95146,8.79356],[-75.95164,8.79275],[-75.95073,8.79311],[-75.95027,8.79365],[-75.95109,8.79392]],[[-75.95473,8.79554],[-75.95464,8.79518],[-75.95346,8.796],[-75.9541,8.79627],[-75.95473,8.79554]],[[-75.94882,8.79483],[-75.94882,8.79519],[-75.95009,8.79402],[-75.94882,8.79483]],[[-75.94874,8.79935],[-75.94956,8.79962],[-75.94974,8.79836],[-75.94847,8.79764],[-75.94874,8.79935]],[[-75.95529,8.80033],[-75.95502,8.79925],[-75.9542,8.79979],[-75.95466,8.8007],[-75.95529,8.80033]],[[-75.95593,8.80178],[-75.95611,8.80096],[-75.95666,8.80151],[-75.95702,8.80069],[-75.95602,8.80024],[-75.9552,8.80106],[-75.95466,8.80097],[-75.95593,8.80178]]],[[[-75.92983,8.79967],[-75.93074,8.79958],[-75.92992,8.79868],[-75.93019,8.79804],[-75.93165,8.79858],[-75.93255,8.79632],[-75.9331,8.79614],[-75.93129,8.80085],[-75.93066,8.80103],[-75.92983,8.79967]]],[[[-75.93329,8.80057],[-75.93329,8.80129],[-75.93248,8.80184],[-75.93202,8.80121],[-75.93229,8.80012],[-75.93329,8.80057]]],[[[-75.93184,8.80211],[-75.93212,8.8031],[-75.93166,8.80347],[-75.93048,8.8032],[-75.93066,8.80202],[-75.93184,8.80211]]],[[[-75.93575,8.80418],[-75.93584,8.80319],[-75.93639,8.80318],[-75.93702,8.80219],[-75.93639,8.80183],[-75.93657,8.80264],[-75.93621,8.80282],[-75.93566,8.80174],[-75.93947,8.80064],[-75.94066,8.80263],[-75.9403,8.80381],[-75.94085,8.80399],[-75.94048,8.80516],[-75.94094,8.80534],[-75.94103,8.80561],[-75.93575,8.80418]]],[[[-75.92757,8.80529],[-75.92676,8.80565],[-75.92575,8.80402],[-75.92402,8.80312],[-75.92429,8.8024],[-75.92593,8.80276],[-75.92721,8.80438],[-75.92794,8.80465],[-75.92776,8.80538],[-75.92839,8.80565],[-75.92831,8.80673],[-75.92758,8.80673],[-75.92767,8.8061],[-75.92721,8.8061],[-75.92757,8.80529]]],[[[-75.94603,8.80569],[-75.94603,8.80452],[-75.94667,8.80461],[-75.94603,8.80569]]],[[[-75.92976,8.80591],[-75.93076,8.806],[-75.93085,8.80555],[-75.92921,8.80474],[-75.92966,8.80383],[-75.93184,8.8041],[-75.93248,8.80518],[-75.93339,8.80536],[-75.93267,8.80627],[-75.93167,8.80546],[-75.93076,8.80754],[-75.92985,8.80664],[-75.92976,8.80591]]],[[[-75.94576,8.80587],[-75.94485,8.8066],[-75.94467,8.80552],[-75.94576,8.80587]]],[[[-75.93758,8.80626],[-75.94003,8.80598],[-75.9404,8.80724],[-75.93758,8.80626]]],[[[-75.93077,8.80862],[-75.93176,8.80736],[-75.93276,8.80726],[-75.9324,8.8079],[-75.93286,8.80862],[-75.93394,8.80762],[-75.93394,8.80663],[-75.93449,8.80699],[-75.93522,8.80671],[-75.9354,8.80599],[-75.93485,8.80581],[-75.93494,8.80536],[-75.93585,8.80581],[-75.93604,8.80744],[-75.93531,8.80744],[-75.93522,8.80943],[-75.93404,8.80988],[-75.93077,8.80862]]],[[[-75.93822,8.80743],[-75.93931,8.8077],[-75.93786,8.80933],[-75.93749,8.80852],[-75.93813,8.80824],[-75.93822,8.80743]]],[[[-75.92613,8.80809],[-75.9264,8.80873],[-75.92604,8.80927],[-75.92686,8.80999],[-75.92559,8.80972],[-75.9254,8.80873],[-75.92613,8.80809]]],[[[-75.92858,8.80836],[-75.92886,8.80971],[-75.92768,8.81026],[-75.92858,8.80836]]],[[[-75.93395,8.81097],[-75.93368,8.81061],[-75.93241,8.81097],[-75.9325,8.81142],[-75.93177,8.81134],[-75.93095,8.81052],[-75.93186,8.81025],[-75.93131,8.80935],[-75.9345,8.81079],[-75.93368,8.81196],[-75.93259,8.81188],[-75.93395,8.81097]]],[[[-75.94687,8.81274],[-75.94741,8.8122],[-75.94714,8.81084],[-75.94659,8.81157],[-75.9454,8.80922],[-75.94568,8.80841],[-75.9444,8.80805],[-75.9444,8.80751],[-75.94549,8.80732],[-75.94577,8.80795],[-75.94631,8.8075],[-75.94822,8.80813],[-75.94759,8.80976],[-75.94859,8.81048],[-75.94941,8.81048],[-75.94996,8.81346],[-75.94915,8.81428],[-75.94687,8.81274]]],[[[-75.92477,8.81],[-75.92704,8.81053],[-75.92714,8.81153],[-75.92759,8.8108],[-75.92868,8.81053],[-75.92768,8.81171],[-75.92623,8.81144],[-75.92604,8.81063],[-75.92541,8.81081],[-75.92477,8.81]]],[[[-75.94587,8.81519],[-75.94542,8.81429],[-75.9446,8.81438],[-75.94469,8.81365],[-75.94287,8.81321],[-75.94233,8.81375],[-75.94178,8.81339],[-75.94278,8.81221],[-75.94214,8.81149],[-75.94323,8.81113],[-75.94277,8.81058],[-75.94332,8.81013],[-75.94313,8.8095],[-75.94395,8.81013],[-75.94477,8.80986],[-75.94386,8.80913],[-75.94404,8.80886],[-75.94504,8.80949],[-75.94614,8.81139],[-75.94696,8.81365],[-75.94642,8.81428],[-75.94824,8.81455],[-75.94888,8.81518],[-75.94587,8.81519]]],[[[-75.9255,8.81307],[-75.92568,8.81235],[-75.92677,8.81198],[-75.92732,8.81297],[-75.92805,8.81225],[-75.92859,8.81315],[-75.92914,8.81297],[-75.92914,8.81342],[-75.92841,8.8137],[-75.9255,8.81307]]],[[[-75.94369,8.81438],[-75.94342,8.8151],[-75.94296,8.81483],[-75.94287,8.81411],[-75.94369,8.81438]]],[[[-75.92614,8.8137],[-75.92741,8.81406],[-75.92814,8.81505],[-75.92751,8.81505],[-75.92733,8.81569],[-75.92678,8.81497],[-75.92642,8.81515],[-75.92614,8.8137]]],[[[-75.92342,8.81642],[-75.92396,8.81524],[-75.92333,8.81588],[-75.92296,8.8157],[-75.92378,8.81425],[-75.92451,8.8156],[-75.92505,8.81578],[-75.92488,8.81669],[-75.92524,8.81714],[-75.92624,8.81587],[-75.92715,8.81623],[-75.92651,8.81786],[-75.9257,8.81759],[-75.9257,8.8185],[-75.92488,8.81859],[-75.92515,8.81732],[-75.92342,8.81642]]],[[[-75.93136,8.82662],[-75.92954,8.82672],[-75.92972,8.82635],[-75.93136,8.82662]]],[[[-75.93418,8.8277],[-75.93481,8.82679],[-75.93554,8.82751],[-75.9369,8.82769],[-75.93691,8.82824],[-75.93418,8.8277]]],[[[-75.93327,8.82743],[-75.93336,8.82779],[-75.93227,8.82807],[-75.93254,8.82879],[-75.93145,8.82897],[-75.93145,8.82762],[-75.93327,8.82743]]],[[[-75.928,8.82889],[-75.92673,8.8298],[-75.92609,8.82971],[-75.92636,8.82898],[-75.928,8.82889]]],[[[-75.933,8.82852],[-75.934,8.82815],[-75.93445,8.82869],[-75.93455,8.83032],[-75.93273,8.83033],[-75.93236,8.82969],[-75.933,8.82852]]],[[[-75.92982,8.82988],[-75.93027,8.82925],[-75.93218,8.8306],[-75.92982,8.82988]]],[[[-75.93683,8.83231],[-75.93837,8.8333],[-75.93946,8.83266],[-75.94056,8.83383],[-75.93856,8.83456],[-75.93765,8.83411],[-75.93683,8.83231]]],[[[-75.94175,8.836],[-75.94138,8.83682],[-75.93992,8.83492],[-75.9411,8.83419],[-75.94283,8.83428],[-75.9432,8.83455],[-75.94274,8.83509],[-75.94302,8.83573],[-75.94383,8.83518],[-75.94383,8.83464],[-75.9452,8.835],[-75.94456,8.83608],[-75.94347,8.83609],[-75.94338,8.83708],[-75.9422,8.83699],[-75.9422,8.83627],[-75.94175,8.836]]],[[[-75.94375,8.83817],[-75.94339,8.83735],[-75.9452,8.83626],[-75.94593,8.83617],[-75.9483,8.83825],[-75.9483,8.83879],[-75.94721,8.8396],[-75.94594,8.8397],[-75.94375,8.83817]]],[[[-75.94967,8.84032],[-75.9493,8.83942],[-75.9503,8.83987],[-75.9504,8.84113],[-75.94994,8.84159],[-75.94958,8.84168],[-75.94985,8.84114],[-75.94912,8.84069],[-75.94967,8.84032]]],[[[-75.9473,8.84087],[-75.94676,8.84114],[-75.94676,8.84033],[-75.94812,8.83942],[-75.94912,8.84041],[-75.94812,8.8415],[-75.94858,8.84204],[-75.94958,8.84168],[-75.94849,8.8425],[-75.9473,8.84087]]],[[[-75.94877,8.84376],[-75.94858,8.84331],[-75.94949,8.84322],[-75.9494,8.84231],[-75.95067,8.8424],[-75.95031,8.84168],[-75.95103,8.84122],[-75.9524,8.8424],[-75.95222,8.84384],[-75.95141,8.84457],[-75.95077,8.84466],[-75.95086,8.84403],[-75.95022,8.84331],[-75.94877,8.84376]]],[[[-75.92628,8.86905],[-75.92601,8.8695],[-75.92555,8.86923],[-75.92591,8.86797],[-75.92628,8.86905]]],[[[-75.92621,9.19771],[-75.92566,9.19762],[-75.92621,9.19716],[-75.9263,9.19617],[-75.92711,9.19626],[-75.92766,9.19571],[-75.92857,9.19598],[-75.92893,9.19553],[-75.92939,9.19652],[-75.93003,9.19634],[-75.9303,9.19679],[-75.93021,9.19797],[-75.92912,9.19761],[-75.92839,9.19833],[-75.92721,9.19807],[-75.92666,9.19743],[-75.92712,9.19852],[-75.92794,9.19879],[-75.9274,9.19924],[-75.9263,9.19888],[-75.92621,9.19771]]],[[[-75.95108,9.20587],[-75.95144,9.20678],[-75.95108,9.20632],[-75.95008,9.20642],[-75.95026,9.20578],[-75.95108,9.20587]]],[[[-75.94271,9.20716],[-75.94207,9.20707],[-75.94216,9.20562],[-75.94271,9.20716]]],[[[-75.94198,9.20752],[-75.94235,9.20834],[-75.94089,9.20906],[-75.94053,9.20852],[-75.94116,9.20771],[-75.94198,9.20752]]],[[[-75.94453,9.20878],[-75.9438,9.20869],[-75.94417,9.20806],[-75.94462,9.20824],[-75.94453,9.20878]]],[[[-75.93543,9.20826],[-75.93598,9.20835],[-75.9368,9.20944],[-75.93634,9.20953],[-75.93543,9.20826]]],[[[-75.94008,9.2097],[-75.93926,9.20952],[-75.93935,9.20907],[-75.94044,9.20925],[-75.94008,9.2097]]],[[[-75.92724,9.20946],[-75.92742,9.20991],[-75.92642,9.21046],[-75.92606,9.20992],[-75.92542,9.20992],[-75.92569,9.20947],[-75.92724,9.20946]]],[[[-75.93616,9.20989],[-75.93716,9.20962],[-75.93735,9.21034],[-75.93826,9.21025],[-75.93871,9.2116],[-75.93826,9.21187],[-75.93616,9.20989]]],[[[-75.92898,9.21199],[-75.92961,9.21226],[-75.92934,9.21362],[-75.92789,9.21299],[-75.92789,9.21235],[-75.92898,9.21199]]],[[[-75.94709,9.21357],[-75.94882,9.21284],[-75.94882,9.21212],[-75.95019,9.21356],[-75.94983,9.21492],[-75.94783,9.21502],[-75.94709,9.21357]]],[[[-75.92397,9.21345],[-75.92488,9.21327],[-75.92497,9.21236],[-75.92588,9.21245],[-75.92625,9.212],[-75.9267,9.21254],[-75.92689,9.21371],[-75.92571,9.21453],[-75.92562,9.21516],[-75.92401,9.21517],[-75.92334,9.21433],[-75.92397,9.21345]]],[[[-75.92825,9.21371],[-75.92825,9.21434],[-75.92744,9.2148],[-75.92707,9.21407],[-75.92825,9.21371]]],[[[-75.94591,9.21366],[-75.94692,9.2152],[-75.94491,9.21557],[-75.94455,9.21466],[-75.944,9.21457],[-75.944,9.21367],[-75.94591,9.21366]]],[[[-75.93253,9.2146],[-75.93244,9.21533],[-75.93153,9.21461],[-75.93217,9.21415],[-75.93253,9.2146]]],[[[-75.93418,9.21623],[-75.93299,9.21523],[-75.93335,9.21478],[-75.93472,9.21469],[-75.93472,9.21405],[-75.93381,9.21406],[-75.93344,9.21451],[-75.93335,9.2137],[-75.93253,9.2137],[-75.93298,9.21153],[-75.9339,9.21342],[-75.93508,9.21252],[-75.93535,9.21324],[-75.93481,9.21396],[-75.93553,9.21333],[-75.93608,9.21351],[-75.9359,9.21414],[-75.93663,9.2145],[-75.93663,9.21495],[-75.93563,9.21459],[-75.93499,9.21523],[-75.93545,9.21514],[-75.93581,9.21622],[-75.93718,9.21604],[-75.93718,9.2173],[-75.93764,9.2173],[-75.93773,9.21649],[-75.93855,9.21685],[-75.93973,9.21648],[-75.9411,9.21756],[-75.93755,9.21938],[-75.93691,9.21902],[-75.93591,9.21948],[-75.93509,9.21894],[-75.93509,9.21785],[-75.93418,9.21623]],[[-75.93928,9.21829],[-75.93937,9.21757],[-75.93809,9.2173],[-75.93837,9.21811],[-75.93928,9.21829]]],[[[-75.94601,9.21638],[-75.94701,9.21655],[-75.94728,9.21574],[-75.94783,9.21646],[-75.94883,9.21646],[-75.94956,9.21564],[-75.9492,9.21709],[-75.94601,9.21692],[-75.94601,9.21638]]],[[[-75.94255,9.21774],[-75.94237,9.21847],[-75.94119,9.21874],[-75.94255,9.21774]]],[[[-75.94902,9.22053],[-75.94884,9.22035],[-75.94911,9.2198],[-75.95011,9.21971],[-75.94902,9.22053]]],[[[-75.94639,9.2218],[-75.94666,9.22252],[-75.94611,9.22189],[-75.9453,9.22189],[-75.9452,9.22153],[-75.94639,9.2218]]],[[[-75.94576,9.22461],[-75.94676,9.22497],[-75.94622,9.22687],[-75.94567,9.22696],[-75.94521,9.22524],[-75.94576,9.22461]]],[[[-75.93894,9.22933],[-75.93921,9.22788],[-75.94067,9.22869],[-75.94022,9.22978],[-75.94077,9.23158],[-75.93894,9.22933]]],[[[-75.94778,9.23138],[-75.94887,9.23156],[-75.94887,9.23256],[-75.94842,9.23274],[-75.9476,9.23184],[-75.94778,9.23138]]],[[[-75.93258,9.23151],[-75.93303,9.23169],[-75.93303,9.23233],[-75.93222,9.23269],[-75.93149,9.23197],[-75.93258,9.23151]]],[[[-75.93177,9.23513],[-75.93122,9.23459],[-75.93059,9.23541],[-75.9304,9.23478],[-75.92849,9.23451],[-75.9283,9.23361],[-75.93058,9.23378],[-75.93003,9.23279],[-75.93103,9.23251],[-75.93167,9.23314],[-75.93186,9.23432],[-75.93332,9.23576],[-75.9335,9.23676],[-75.93177,9.23649],[-75.93177,9.23513]]],[[[-75.92849,9.2355],[-75.92786,9.23695],[-75.92704,9.23677],[-75.92777,9.23659],[-75.92767,9.23587],[-75.92849,9.2355]]],[[[-75.92503,9.23542],[-75.9253,9.23479],[-75.92649,9.23623],[-75.92649,9.23741],[-75.92722,9.23732],[-75.92777,9.23813],[-75.92677,9.23822],[-75.92577,9.2375],[-75.92503,9.23542]]],[[[-75.94898,9.23871],[-75.94843,9.23853],[-75.94898,9.23735],[-75.94971,9.23717],[-75.95044,9.23852],[-75.94971,9.23925],[-75.94971,9.23816],[-75.94898,9.23825],[-75.94898,9.23871]]],[[[-75.94134,9.24135],[-75.94034,9.24099],[-75.93915,9.23973],[-75.93851,9.2381],[-75.93851,9.23611],[-75.93741,9.23602],[-75.93614,9.23693],[-75.93441,9.23721],[-75.93432,9.23477],[-75.93723,9.23403],[-75.93877,9.2343],[-75.93914,9.23493],[-75.94096,9.23574],[-75.94215,9.23547],[-75.94233,9.23664],[-75.94324,9.23737],[-75.94324,9.238],[-75.94243,9.23818],[-75.94388,9.23881],[-75.94461,9.23836],[-75.94452,9.23944],[-75.94307,9.24062],[-75.94389,9.2408],[-75.94426,9.24188],[-75.94489,9.24152],[-75.9448,9.24098],[-75.94535,9.24107],[-75.94498,9.24152],[-75.94526,9.24206],[-75.94426,9.24261],[-75.94417,9.24207],[-75.94326,9.2418],[-75.94408,9.24324],[-75.94317,9.24315],[-75.9429,9.2437],[-75.94208,9.2437],[-75.94125,9.24207],[-75.94134,9.24135]],[[-75.94179,9.23927],[-75.94307,9.23945],[-75.94279,9.23863],[-75.94188,9.23882],[-75.94179,9.23927]],[[-75.94052,9.23855],[-75.94097,9.23882],[-75.94097,9.238],[-75.94033,9.23755],[-75.94052,9.23855]]],[[[-75.93378,9.2392],[-75.93278,9.24038],[-75.93087,9.23903],[-75.92832,9.23831],[-75.92959,9.23794],[-75.9295,9.2374],[-75.92995,9.23731],[-75.9305,9.2383],[-75.93068,9.23758],[-75.93223,9.23812],[-75.93223,9.23875],[-75.93378,9.23848],[-75.93506,9.23947],[-75.93524,9.23883],[-75.93642,9.23937],[-75.93497,9.24073],[-75.93506,9.24137],[-75.93451,9.24119],[-75.93469,9.24019],[-75.93378,9.2392]]],[[[-75.93797,9.24091],[-75.93734,9.241],[-75.93697,9.23991],[-75.9377,9.24018],[-75.93797,9.24091]]],[[[-75.93889,9.24235],[-75.93798,9.24235],[-75.93843,9.24072],[-75.9397,9.24126],[-75.94098,9.24271],[-75.94089,9.24316],[-75.94044,9.24307],[-75.94053,9.2437],[-75.93962,9.24361],[-75.93953,9.24307],[-75.93898,9.24298],[-75.93889,9.24235]]],[[[-75.944,9.24659],[-75.94418,9.24794],[-75.94309,9.24759],[-75.94281,9.24677],[-75.944,9.24659]]],[[[-75.92798,9.24934],[-75.9288,9.24925],[-75.9288,9.24744],[-75.92971,9.24753],[-75.92961,9.24699],[-75.93025,9.24708],[-75.93243,9.24562],[-75.9317,9.24409],[-75.93206,9.24354],[-75.93361,9.24363],[-75.93471,9.24498],[-75.93416,9.24634],[-75.93371,9.24643],[-75.93289,9.24526],[-75.93325,9.24417],[-75.9327,9.24427],[-75.93289,9.24635],[-75.93226,9.24752],[-75.93171,9.24734],[-75.93226,9.24906],[-75.93281,9.24897],[-75.93407,9.24707],[-75.9349,9.24752],[-75.9349,9.24815],[-75.93563,9.24833],[-75.93926,9.24606],[-75.94072,9.24605],[-75.94036,9.24967],[-75.93982,9.25013],[-75.93836,9.24914],[-75.93718,9.2504],[-75.93572,9.25032],[-75.93582,9.25213],[-75.93409,9.25322],[-75.934,9.25385],[-75.93373,9.25258],[-75.933,9.2525],[-75.93199,9.25105],[-75.93054,9.25124],[-75.93017,9.25069],[-75.92953,9.25106],[-75.92963,9.25169],[-75.92872,9.2516],[-75.92798,9.24934]],[[-75.93135,9.24915],[-75.93035,9.2487],[-75.9308,9.24925],[-75.93081,9.25051],[-75.93199,9.25042],[-75.93135,9.24915]]],[[[-75.94482,9.24749],[-75.9471,9.24848],[-75.94583,9.25038],[-75.9451,9.2502],[-75.94537,9.24866],[-75.94482,9.24749]]],[[[-75.943,9.24967],[-75.943,9.24876],[-75.94391,9.24876],[-75.94455,9.2493],[-75.94492,9.25129],[-75.94419,9.25138],[-75.94446,9.25057],[-75.943,9.24967]]],[[[-75.94901,9.25101],[-75.95029,9.25227],[-75.94956,9.25164],[-75.94883,9.25155],[-75.94901,9.25101]]],[[[-75.93837,9.25284],[-75.938,9.25203],[-75.93737,9.25257],[-75.93664,9.2524],[-75.93718,9.25131],[-75.93791,9.25185],[-75.93763,9.25067],[-75.93845,9.25103],[-75.93891,9.25058],[-75.93955,9.25121],[-75.93873,9.25239],[-75.93901,9.2542],[-75.93792,9.25402],[-75.93837,9.25284]]],[[[-75.94338,9.25446],[-75.94274,9.25446],[-75.94275,9.25564],[-75.94229,9.25518],[-75.94001,9.25519],[-75.94055,9.25284],[-75.94219,9.2531],[-75.94337,9.25183],[-75.94465,9.25228],[-75.94474,9.25301],[-75.94565,9.25328],[-75.9462,9.25291],[-75.94574,9.25255],[-75.94592,9.2512],[-75.94665,9.25074],[-75.94674,9.25011],[-75.94737,9.25002],[-75.94793,9.25264],[-75.94766,9.2549],[-75.94511,9.25599],[-75.94512,9.25662],[-75.94421,9.2569],[-75.94384,9.2569],[-75.9442,9.25617],[-75.94338,9.25446]]],[[[-75.93045,9.25485],[-75.93237,9.25557],[-75.9311,9.25666],[-75.93246,9.25639],[-75.93283,9.25693],[-75.93119,9.25838],[-75.93055,9.25793],[-75.9301,9.25838],[-75.92964,9.25811],[-75.92991,9.25748],[-75.92955,9.2563],[-75.9269,9.25351],[-75.92662,9.2517],[-75.92717,9.25088],[-75.92753,9.25142],[-75.92817,9.25142],[-75.92799,9.25242],[-75.92863,9.25178],[-75.9289,9.25232],[-75.92935,9.25223],[-75.92972,9.25169],[-75.93017,9.25223],[-75.9299,9.25332],[-75.93045,9.25485]],[[-75.92963,9.25467],[-75.92863,9.2545],[-75.92863,9.25495],[-75.92964,9.25513],[-75.92963,9.25467]]],[[[-75.93637,9.25511],[-75.93665,9.25565],[-75.93501,9.2552],[-75.93519,9.25484],[-75.93637,9.25511]]],[[[-75.93337,9.25466],[-75.93428,9.25502],[-75.93446,9.25566],[-75.93291,9.25566],[-75.93337,9.25466]]],[[[-75.93947,9.25555],[-75.9402,9.25618],[-75.93884,9.25727],[-75.93792,9.25637],[-75.93947,9.25555]]],[[[-75.92518,9.25848],[-75.92564,9.25785],[-75.92764,9.25911],[-75.92737,9.25938],[-75.92664,9.25893],[-75.92692,9.25993],[-75.92546,9.2593],[-75.92518,9.25848]]],[[[-75.93138,9.25964],[-75.93184,9.26073],[-75.93175,9.26127],[-75.93093,9.26109],[-75.93084,9.26191],[-75.93029,9.26164],[-75.93138,9.25964]]],[[[-75.93311,9.26045],[-75.93375,9.26145],[-75.93229,9.26208],[-75.93247,9.26136],[-75.93211,9.26118],[-75.93311,9.26045]]],[[[-75.94367,9.26242],[-75.94276,9.26224],[-75.94285,9.2616],[-75.94367,9.26242]]],[[[-75.94687,9.26539],[-75.94513,9.26404],[-75.94459,9.26413],[-75.94423,9.2654],[-75.94323,9.26522],[-75.94313,9.26468],[-75.9445,9.26395],[-75.94477,9.26232],[-75.9454,9.26178],[-75.94513,9.26115],[-75.94704,9.26069],[-75.94622,9.26033],[-75.94649,9.25933],[-75.9474,9.25942],[-75.94776,9.25915],[-75.94758,9.25834],[-75.94849,9.25833],[-75.94794,9.25888],[-75.94867,9.25924],[-75.94858,9.26023],[-75.94941,9.26132],[-75.94832,9.26475],[-75.94869,9.26692],[-75.94815,9.26738],[-75.94796,9.26675],[-75.94678,9.26648],[-75.94687,9.26539]]],[[[-75.93604,9.26623],[-75.93667,9.26632],[-75.93667,9.26497],[-75.93558,9.2647],[-75.93585,9.26406],[-75.9353,9.26117],[-75.93621,9.26198],[-75.93629,9.26026],[-75.9372,9.26008],[-75.93857,9.26189],[-75.93767,9.26225],[-75.93739,9.26297],[-75.93913,9.26351],[-75.9393,9.26243],[-75.93958,9.26315],[-75.94049,9.26315],[-75.94031,9.26414],[-75.94058,9.26459],[-75.94168,9.26468],[-75.94168,9.26531],[-75.94077,9.2655],[-75.93996,9.26749],[-75.93895,9.26722],[-75.93859,9.26623],[-75.93759,9.26659],[-75.93722,9.26768],[-75.93595,9.26705],[-75.93604,9.26623]],[[-75.93849,9.26388],[-75.93849,9.26442],[-75.93986,9.26442],[-75.93985,9.26369],[-75.93849,9.26388]]],[[[-75.93367,9.2657],[-75.93313,9.2666],[-75.93258,9.2657],[-75.93367,9.2657]]],[[[-75.94251,9.26839],[-75.94278,9.26712],[-75.94196,9.26685],[-75.9425,9.26595],[-75.94378,9.26658],[-75.94323,9.26712],[-75.94341,9.26748],[-75.94414,9.26703],[-75.94487,9.26739],[-75.94387,9.26866],[-75.94451,9.27001],[-75.94251,9.26839]]],[[[-75.94642,9.2672],[-75.94633,9.26774],[-75.94696,9.26729],[-75.94788,9.26801],[-75.94742,9.26883],[-75.94706,9.26819],[-75.94642,9.26829],[-75.9467,9.26991],[-75.94615,9.26982],[-75.94606,9.26892],[-75.94542,9.26883],[-75.94642,9.2672]]],[[[-75.93386,9.26841],[-75.93459,9.26918],[-75.93341,9.26927],[-75.93295,9.26886],[-75.9335,9.26913],[-75.93386,9.26841]]],[[[-75.92504,9.27169],[-75.92558,9.27105],[-75.92503,9.26988],[-75.92603,9.26843],[-75.92593,9.26716],[-75.92648,9.26698],[-75.92648,9.26635],[-75.92538,9.26572],[-75.92547,9.26527],[-75.92921,9.26462],[-75.93039,9.26534],[-75.93094,9.26498],[-75.93084,9.26399],[-75.93312,9.26398],[-75.9333,9.26488],[-75.93257,9.26462],[-75.9323,9.26525],[-75.93094,9.26552],[-75.92663,9.26987],[-75.92759,9.2744],[-75.92932,9.27502],[-75.92723,9.27548],[-75.92504,9.27169]],[[-75.92613,9.27268],[-75.92613,9.27295],[-75.92723,9.27376],[-75.92677,9.27259],[-75.92613,9.27268]]],[[[-75.93907,9.2759],[-75.93897,9.27545],[-75.9377,9.27536],[-75.93679,9.27464],[-75.93669,9.27392],[-75.93706,9.27356],[-75.93687,9.27166],[-75.93806,9.2722],[-75.9386,9.27183],[-75.93823,9.27102],[-75.93869,9.26984],[-75.9385,9.26867],[-75.94014,9.26794],[-75.9405,9.2683],[-75.9395,9.26876],[-75.9395,9.2693],[-75.94033,9.26984],[-75.94123,9.26948],[-75.94187,9.27002],[-75.9426,9.26974],[-75.94333,9.27065],[-75.94224,9.27038],[-75.94178,9.27083],[-75.94261,9.27119],[-75.94252,9.272],[-75.9437,9.27173],[-75.94325,9.27336],[-75.94179,9.27391],[-75.94097,9.27382],[-75.94124,9.27282],[-75.94188,9.27255],[-75.9417,9.27192],[-75.93988,9.27418],[-75.93933,9.27391],[-75.93915,9.27301],[-75.93969,9.27219],[-75.93951,9.27147],[-75.9386,9.27283],[-75.93806,9.27292],[-75.93915,9.27382],[-75.93897,9.27437],[-75.93952,9.27527],[-75.94034,9.275],[-75.94034,9.27581],[-75.94116,9.2749],[-75.94225,9.2749],[-75.94235,9.27662],[-75.94198,9.27707],[-75.93907,9.2759]],[[-75.94185,9.27602],[-75.94207,9.27603],[-75.94204,9.27587],[-75.94185,9.27602]]],[[[-75.9447,9.272],[-75.94598,9.27344],[-75.9438,9.27363],[-75.9437,9.27291],[-75.94443,9.27299],[-75.9447,9.272]]],[[[-75.92844,9.28606],[-75.92835,9.2857],[-75.92908,9.28542],[-75.92853,9.28497],[-75.92853,9.28389],[-75.93062,9.28415],[-75.93144,9.28334],[-75.93098,9.28253],[-75.93125,9.28216],[-75.93235,9.2827],[-75.93253,9.28207],[-75.93398,9.28134],[-75.9359,9.28179],[-75.93635,9.28134],[-75.93431,9.28088],[-75.93389,9.28134],[-75.93344,9.28098],[-75.93262,9.28135],[-75.93098,9.28117],[-75.93161,9.28072],[-75.93007,9.28027],[-75.93061,9.27945],[-75.9297,9.27891],[-75.93042,9.27773],[-75.92969,9.27737],[-75.9296,9.27566],[-75.93551,9.27465],[-75.93606,9.27564],[-75.9357,9.27754],[-75.93633,9.27772],[-75.9368,9.27935],[-75.93681,9.28233],[-75.93617,9.28296],[-75.93663,9.28369],[-75.93609,9.28477],[-75.93472,9.28487],[-75.93463,9.28523],[-75.93272,9.28478],[-75.93244,9.28334],[-75.9318,9.28361],[-75.93226,9.28442],[-75.93071,9.28434],[-75.93154,9.28533],[-75.93473,9.2865],[-75.93454,9.28695],[-75.93482,9.2865],[-75.93545,9.28676],[-75.93527,9.28722],[-75.93373,9.28713],[-75.93345,9.28641],[-75.93126,9.28578],[-75.93108,9.28614],[-75.9319,9.2865],[-75.93109,9.28741],[-75.93172,9.28759],[-75.93218,9.28659],[-75.93246,9.28885],[-75.93155,9.28886],[-75.93173,9.28813],[-75.92844,9.28606]]],[[[-75.92817,9.28525],[-75.92735,9.28525],[-75.92735,9.28425],[-75.92807,9.28461],[-75.92817,9.28525]]],[[[-75.94993,9.28573],[-75.95011,9.28483],[-75.94874,9.28492],[-75.94856,9.2842],[-75.9491,9.28365],[-75.94856,9.28347],[-75.94937,9.2832],[-75.95025,9.28387],[-75.95038,9.28519],[-75.95184,9.28602],[-75.95193,9.28708],[-75.94993,9.28573]]],[[[-75.94101,9.28747],[-75.94192,9.28639],[-75.94347,9.28729],[-75.94338,9.28792],[-75.94301,9.28747],[-75.94101,9.28747]]],[[[-75.92836,9.28868],[-75.92881,9.28796],[-75.92735,9.2876],[-75.92681,9.28697],[-75.92826,9.28715],[-75.92972,9.28805],[-75.93109,9.28967],[-75.92836,9.28868]]],[[[-75.94548,9.28945],[-75.9442,9.29018],[-75.94429,9.28756],[-75.94483,9.28764],[-75.94566,9.28918],[-75.94666,9.28981],[-75.94648,9.29153],[-75.94603,9.29117],[-75.94484,9.29144],[-75.94548,9.28945]]],[[[-75.93619,9.28984],[-75.93492,9.2902],[-75.93546,9.28921],[-75.93628,9.28911],[-75.93619,9.28984]]],[[[-75.93402,9.29554],[-75.9353,9.29617],[-75.93594,9.29707],[-75.93494,9.29735],[-75.93402,9.29554]]],[[[-75.94486,9.2975],[-75.94368,9.29741],[-75.94368,9.29696],[-75.94531,9.29669],[-75.94486,9.2975]]],[[[-75.93648,9.29698],[-75.93712,9.29707],[-75.93822,9.29824],[-75.93849,9.29815],[-75.93967,9.29824],[-75.93831,9.2987],[-75.93648,9.29698]]],[[[-75.92784,9.29872],[-75.92675,9.29845],[-75.92693,9.298],[-75.92747,9.298],[-75.92784,9.29872]]],[[[-75.94743,9.3041],[-75.94733,9.30229],[-75.95025,9.30337],[-75.95243,9.30309],[-75.9517,9.30273],[-75.95179,9.3021],[-75.95115,9.30192],[-75.95106,9.30137],[-75.94997,9.30102],[-75.95006,9.29957],[-75.94842,9.30002],[-75.94869,9.29885],[-75.94923,9.29858],[-75.94841,9.29813],[-75.94832,9.2974],[-75.94769,9.29849],[-75.94714,9.29777],[-75.9465,9.29786],[-75.94832,9.29659],[-75.94832,9.29577],[-75.94704,9.29596],[-75.94576,9.29524],[-75.94431,9.29569],[-75.94394,9.29452],[-75.94485,9.29461],[-75.94758,9.29297],[-75.94794,9.29297],[-75.94804,9.29397],[-75.94968,9.29369],[-75.94958,9.29315],[-75.95031,9.29269],[-75.95013,9.29197],[-75.95058,9.29197],[-75.95177,9.29323],[-75.95141,9.29387],[-75.95168,9.29468],[-75.95259,9.29522],[-75.95359,9.29495],[-75.95378,9.29648],[-75.95469,9.29666],[-75.95415,9.2973],[-75.95342,9.29639],[-75.95223,9.29649],[-75.95296,9.29775],[-75.95251,9.29866],[-75.95452,9.30073],[-75.95279,9.30137],[-75.95252,9.30038],[-75.95197,9.30038],[-75.95225,9.30173],[-75.95452,9.30227],[-75.95507,9.30281],[-75.95307,9.303],[-75.95262,9.30399],[-75.95143,9.30382],[-75.95025,9.30527],[-75.94998,9.30436],[-75.94879,9.30364],[-75.94743,9.3041]],[[-75.95215,9.29848],[-75.95196,9.29757],[-75.95142,9.29821],[-75.94951,9.29839],[-75.94932,9.29876],[-75.95024,9.29875],[-75.95051,9.29966],[-75.95097,9.29975],[-75.95151,9.29956],[-75.95142,9.29857],[-75.95215,9.29848]]],[[[-75.9405,9.30023],[-75.94122,9.2986],[-75.94004,9.29806],[-75.94086,9.29796],[-75.94213,9.29896],[-75.94232,9.29995],[-75.94195,9.2995],[-75.9405,9.30023]]],[[[-75.9476,9.30048],[-75.94678,9.30121],[-75.94679,9.30238],[-75.94614,9.30094],[-75.9476,9.30048]]],[[[-75.92785,9.30306],[-75.92876,9.30315],[-75.92803,9.30406],[-75.92703,9.30397],[-75.92794,9.30343],[-75.92785,9.30306]]],[[[-75.92494,9.30398],[-75.92576,9.30379],[-75.92649,9.30497],[-75.92549,9.30542],[-75.92549,9.30452],[-75.92503,9.30452],[-75.92494,9.30398]]],[[[-75.94861,9.30482],[-75.94934,9.30518],[-75.94843,9.30536],[-75.94816,9.304],[-75.94861,9.30482]]],[[[-75.93305,9.30875],[-75.93124,9.30957],[-75.93132,9.30839],[-75.93305,9.30875]]],[[[-75.94442,9.3013],[-75.94433,9.30184],[-75.94314,9.30212],[-75.94269,9.30321],[-75.94351,9.3032],[-75.94424,9.30212],[-75.94442,9.30248],[-75.94424,9.30302],[-75.9436,9.30311],[-75.94279,9.30465],[-75.94288,9.30547],[-75.94215,9.30565],[-75.94125,9.30746],[-75.9417,9.30854],[-75.9427,9.30673],[-75.94316,9.30664],[-75.94516,9.30781],[-75.94607,9.30763],[-75.94607,9.3069],[-75.94707,9.30672],[-75.94826,9.30862],[-75.94871,9.30834],[-75.94889,9.30699],[-75.94953,9.3069],[-75.95062,9.30545],[-75.95226,9.30544],[-75.95117,9.30626],[-75.95153,9.30662],[-75.95262,9.30616],[-75.95244,9.30562],[-75.95326,9.30526],[-75.95298,9.30444],[-75.95389,9.30435],[-75.95462,9.30516],[-75.95308,9.30616],[-75.95426,9.30661],[-75.95463,9.30751],[-75.95499,9.30697],[-75.95718,9.30687],[-75.95617,9.30588],[-75.95809,9.30615],[-75.95854,9.30678],[-75.95845,9.3075],[-75.95718,9.30787],[-75.95609,9.30932],[-75.95819,9.31112],[-75.95664,9.31113],[-75.95637,9.31176],[-75.95482,9.31249],[-75.95519,9.3133],[-75.95373,9.31321],[-75.95337,9.31385],[-75.9541,9.31376],[-75.95483,9.3143],[-75.95892,9.31239],[-75.95983,9.3132],[-75.95865,9.31275],[-75.95638,9.31393],[-75.95611,9.31538],[-75.95365,9.31692],[-75.95374,9.31575],[-75.95474,9.31583],[-75.95492,9.31484],[-75.95374,9.31502],[-75.95292,9.31593],[-75.95274,9.31539],[-75.95346,9.31439],[-75.95273,9.31403],[-75.95291,9.31313],[-75.95246,9.31286],[-75.9521,9.31358],[-75.95256,9.31485],[-75.95183,9.31512],[-75.95182,9.31394],[-75.94999,9.31015],[-75.94926,9.31024],[-75.94872,9.30961],[-75.94945,9.30979],[-75.94954,9.30943],[-75.94699,9.30889],[-75.94725,9.30726],[-75.94689,9.30735],[-75.94571,9.30998],[-75.94662,9.31025],[-75.94699,9.31206],[-75.94863,9.31178],[-75.94836,9.31232],[-75.94927,9.31286],[-75.94972,9.3116],[-75.95045,9.31214],[-75.94973,9.31304],[-75.95064,9.31395],[-75.94946,9.31404],[-75.94928,9.31504],[-75.94755,9.3145],[-75.94901,9.31576],[-75.94964,9.31576],[-75.95028,9.31693],[-75.94946,9.31666],[-75.94937,9.31612],[-75.94892,9.31694],[-75.94755,9.31667],[-75.94756,9.31811],[-75.94719,9.3183],[-75.94701,9.31757],[-75.94601,9.31767],[-75.94619,9.3192],[-75.94519,9.31975],[-75.94483,9.31894],[-75.94546,9.31866],[-75.9451,9.31803],[-75.94619,9.31649],[-75.94627,9.31531],[-75.94445,9.31523],[-75.94371,9.31125],[-75.94235,9.31225],[-75.94244,9.31288],[-75.94299,9.31261],[-75.94226,9.31424],[-75.94263,9.31532],[-75.94236,9.31569],[-75.94181,9.31515],[-75.94208,9.31451],[-75.94172,9.31379],[-75.94071,9.31298],[-75.94062,9.31207],[-75.9398,9.31208],[-75.93898,9.31135],[-75.93925,9.31009],[-75.9387,9.30946],[-75.93861,9.30819],[-75.93669,9.30783],[-75.93706,9.30702],[-75.93815,9.30738],[-75.93888,9.30638],[-75.93951,9.30656],[-75.93906,9.30692],[-75.93933,9.30728],[-75.94115,9.30692],[-75.94087,9.30502],[-75.94178,9.30447],[-75.94133,9.3033],[-75.94005,9.30267],[-75.93959,9.30285],[-75.93932,9.30394],[-75.93896,9.3043],[-75.93869,9.30358],[-75.93914,9.30321],[-75.93859,9.30304],[-75.9389,9.30225],[-75.93813,9.30168],[-75.93923,9.3015],[-75.93959,9.30068],[-75.94023,9.30176],[-75.94068,9.30086],[-75.94177,9.30095],[-75.94132,9.30203],[-75.9426,9.30203],[-75.94323,9.3013],[-75.94259,9.30113],[-75.94232,9.29995],[-75.94442,9.3013]],[[-75.9408,9.31099],[-75.94153,9.3109],[-75.94207,9.30945],[-75.94161,9.30945],[-75.9408,9.31099]],[[-75.95136,9.31042],[-75.95081,9.3106],[-75.95218,9.31159],[-75.95228,9.3124],[-75.95291,9.31231],[-75.95273,9.31177],[-75.95364,9.31104],[-75.95446,9.3114],[-75.95537,9.31113],[-75.95601,9.31176],[-75.95564,9.31086],[-75.95673,9.31086],[-75.95664,9.3104],[-75.95564,9.31013],[-75.95518,9.31059],[-75.954,9.31041],[-75.95482,9.30978],[-75.95472,9.30896],[-75.95281,9.30734],[-75.95226,9.30734],[-75.95199,9.30788],[-75.9519,9.30743],[-75.95126,9.30734],[-75.95135,9.30789],[-75.95081,9.30807],[-75.95026,9.30934],[-75.95136,9.31042]]],[[[-75.93388,9.30965],[-75.93379,9.3101],[-75.93242,9.31074],[-75.93233,9.31011],[-75.93388,9.30965]]],[[[-75.93808,9.31389],[-75.93789,9.31317],[-75.93917,9.31362],[-75.93944,9.31515],[-75.93808,9.31389]]],[[[-75.95028,9.31539],[-75.9511,9.31566],[-75.9511,9.31612],[-75.95037,9.31603],[-75.95028,9.31539]]],[[[-75.94992,9.31775],[-75.95029,9.31829],[-75.9492,9.31838],[-75.94901,9.31766],[-75.94992,9.31775]]],[[[-75.92708,9.32287],[-75.92681,9.32143],[-75.92772,9.32142],[-75.92817,9.32043],[-75.92744,9.31998],[-75.9268,9.32088],[-75.9268,9.31971],[-75.93044,9.32006],[-75.9309,9.32141],[-75.92963,9.32268],[-75.93073,9.32313],[-75.93073,9.32395],[-75.92708,9.32287]],[[-75.92981,9.32078],[-75.92999,9.32042],[-75.92862,9.32024],[-75.92981,9.32078]]],[[[-75.95012,9.32462],[-75.95031,9.32498],[-75.94967,9.3248],[-75.94957,9.32363],[-75.95012,9.32462]]],[[[-75.93118,9.3244],[-75.93137,9.32404],[-75.93155,9.32404],[-75.93173,9.32458],[-75.93292,9.32512],[-75.93246,9.32584],[-75.93146,9.32566],[-75.9311,9.32548],[-75.93118,9.3244]]],[[[-75.93375,9.3319],[-75.93421,9.33144],[-75.93503,9.33162],[-75.93503,9.33198],[-75.93375,9.3319]]],[[[-75.92756,9.33101],[-75.93066,9.33109],[-75.93066,9.33236],[-75.93011,9.33272],[-75.9282,9.33218],[-75.92756,9.33101]]],[[[-75.93212,9.3338],[-75.93266,9.33281],[-75.9313,9.33272],[-75.93139,9.33181],[-75.93211,9.33172],[-75.93303,9.33289],[-75.93494,9.33352],[-75.93513,9.33497],[-75.93367,9.33443],[-75.93294,9.33479],[-75.93212,9.3338]]],[[[-75.94641,9.33358],[-75.94714,9.33349],[-75.94778,9.33267],[-75.94815,9.33493],[-75.94687,9.33476],[-75.94742,9.33439],[-75.94641,9.33358]]],[[[-75.93103,9.33534],[-75.93149,9.33507],[-75.93258,9.33597],[-75.93204,9.33651],[-75.93103,9.33534]]],[[[-75.92694,9.33599],[-75.92675,9.33517],[-75.92857,9.33589],[-75.92876,9.33679],[-75.92994,9.3367],[-75.92949,9.33797],[-75.92903,9.33725],[-75.92849,9.33725],[-75.92721,9.33816],[-75.9263,9.33707],[-75.92694,9.33599]]],[[[-75.94934,9.33746],[-75.94998,9.33719],[-75.95107,9.33782],[-75.95107,9.33845],[-75.94934,9.33746]]],[[[-75.92549,9.34151],[-75.9255,9.34322],[-75.92449,9.34286],[-75.92458,9.34178],[-75.92549,9.34151]]],[[[-75.93907,9.34663],[-75.93971,9.34653],[-75.9409,9.34752],[-75.94044,9.34816],[-75.93907,9.34663]]],[[[-75.94199,9.34743],[-75.945,9.34896],[-75.94882,9.34922],[-75.94673,9.3495],[-75.944,9.34878],[-75.94199,9.34743]]],[[[-75.95037,9.34922],[-75.95046,9.34954],[-75.94992,9.34954],[-75.95037,9.34922]]],[[[-75.90955,8.49358],[-75.90882,8.49286],[-75.90919,8.4924],[-75.91028,8.49331],[-75.91001,8.49484],[-75.91146,8.49547],[-75.91119,8.4962],[-75.90937,8.49566],[-75.90955,8.49358]]],[[[-75.91588,8.63131],[-75.91524,8.6314],[-75.9156,8.6304],[-75.91615,8.63031],[-75.91588,8.63131]]],[[[-75.91688,8.63121],[-75.91824,8.63166],[-75.91688,8.6332],[-75.91643,8.63275],[-75.91688,8.63121]]],[[[-75.91842,8.63202],[-75.91906,8.63247],[-75.91906,8.63374],[-75.91852,8.6341],[-75.91725,8.6342],[-75.91697,8.63366],[-75.91842,8.63202]]],[[[-75.90562,8.63667],[-75.90571,8.63612],[-75.90716,8.63585],[-75.90562,8.63667]]],[[[-75.91662,8.63818],[-75.91807,8.63647],[-75.91753,8.63754],[-75.91762,8.63944],[-75.91662,8.63818]]],[[[-75.90881,8.64109],[-75.90954,8.64154],[-75.90954,8.64226],[-75.90881,8.64245],[-75.90745,8.64191],[-75.90881,8.64109]]],[[[-75.91109,8.64344],[-75.912,8.64289],[-75.91127,8.64244],[-75.91118,8.64172],[-75.91208,8.64126],[-75.91226,8.64045],[-75.91308,8.6418],[-75.91236,8.64325],[-75.91282,8.64416],[-75.91237,8.64551],[-75.91118,8.6447],[-75.91109,8.64344]]],[[[-75.91309,8.64334],[-75.91336,8.64244],[-75.91409,8.64216],[-75.91445,8.64307],[-75.91391,8.64325],[-75.91391,8.64379],[-75.91454,8.64379],[-75.915,8.64307],[-75.91545,8.64397],[-75.914,8.64433],[-75.91427,8.64524],[-75.91337,8.64569],[-75.91309,8.64434],[-75.91373,8.64406],[-75.91309,8.64334]]],[[[-75.9062,8.65168],[-75.90629,8.65014],[-75.90665,8.65005],[-75.90629,8.64942],[-75.90683,8.64842],[-75.90656,8.64779],[-75.90746,8.6477],[-75.90746,8.64724],[-75.90664,8.64688],[-75.90556,8.6487],[-75.90492,8.64897],[-75.90465,8.64861],[-75.9051,8.64815],[-75.90383,8.64743],[-75.90365,8.64798],[-75.90129,8.64907],[-75.89811,8.64944],[-75.89711,8.64935],[-75.89592,8.6479],[-75.89601,8.64736],[-75.89556,8.64781],[-75.89519,8.647],[-75.8981,8.64736],[-75.89892,8.64609],[-75.90065,8.64717],[-75.90264,8.64626],[-75.90301,8.64554],[-75.9041,8.6458],[-75.90464,8.64463],[-75.90564,8.6449],[-75.90682,8.64318],[-75.90918,8.64344],[-75.90954,8.6438],[-75.909,8.64417],[-75.90928,8.64543],[-75.90837,8.64715],[-75.90928,8.64706],[-75.90955,8.64652],[-75.91037,8.64678],[-75.91128,8.64597],[-75.91228,8.6466],[-75.91237,8.64732],[-75.91192,8.64769],[-75.90801,8.64779],[-75.90683,8.64914],[-75.90974,8.64959],[-75.91056,8.6504],[-75.91056,8.65104],[-75.90993,8.65095],[-75.91002,8.65149],[-75.90874,8.65122],[-75.90984,8.65185],[-75.90975,8.65221],[-75.9062,8.65168]]],[[[-75.90939,8.76906],[-75.91058,8.76978],[-75.90713,8.77368],[-75.90613,8.77305],[-75.90939,8.76906]]],[[[-75.9228,8.78558],[-75.92371,8.78603],[-75.92171,8.78766],[-75.9208,8.78694],[-75.9208,8.7864],[-75.9228,8.78558]]],[[[-75.92108,8.78803],[-75.91981,8.78875],[-75.92026,8.78776],[-75.92108,8.78803]]],[[[-75.92266,8.8015],[-75.9222,8.80078],[-75.92293,8.80087],[-75.92266,8.8015]]],[[[-75.9185,8.812],[-75.9185,8.81318],[-75.91714,8.81273],[-75.91741,8.812],[-75.9185,8.812]]],[[[-75.92459,8.81334],[-75.92377,8.8128],[-75.92396,8.81253],[-75.92477,8.81253],[-75.92459,8.81334]]],[[[-75.91614,8.813],[-75.91678,8.8139],[-75.91532,8.81364],[-75.91523,8.81328],[-75.91614,8.813]]],[[[-75.90823,8.81383],[-75.9075,8.81375],[-75.90823,8.81329],[-75.90932,8.81347],[-75.90823,8.81383]]],[[[-75.91505,8.81391],[-75.91596,8.81427],[-75.91605,8.8149],[-75.91378,8.81473],[-75.91378,8.81427],[-75.91505,8.81391]]],[[[-75.9196,8.81408],[-75.91996,8.8158],[-75.91905,8.81553],[-75.91896,8.81453],[-75.9196,8.81408]]],[[[-75.92033,8.81751],[-75.91951,8.8177],[-75.91951,8.81688],[-75.92069,8.81688],[-75.92033,8.81751]]],[[[-75.92133,8.81733],[-75.92224,8.81715],[-75.92251,8.81588],[-75.92306,8.81687],[-75.92406,8.81732],[-75.92333,8.81778],[-75.92315,8.81714],[-75.92269,8.81715],[-75.92297,8.8176],[-75.92188,8.81787],[-75.92143,8.8195],[-75.92052,8.81914],[-75.92133,8.81733]]],[[[-75.91379,8.8178],[-75.91424,8.81843],[-75.91379,8.81898],[-75.91279,8.81853],[-75.91288,8.81807],[-75.91379,8.8178]]],[[[-75.92425,8.82049],[-75.92288,8.82049],[-75.92352,8.8195],[-75.92443,8.8194],[-75.92425,8.82049]]],[[[-75.91661,8.82177],[-75.91589,8.82214],[-75.91561,8.82132],[-75.9147,8.82133],[-75.91461,8.82024],[-75.91397,8.81961],[-75.91488,8.81979],[-75.91633,8.81924],[-75.91624,8.81879],[-75.91515,8.81888],[-75.91488,8.81852],[-75.91542,8.81653],[-75.91715,8.81897],[-75.91679,8.8196],[-75.9157,8.81979],[-75.91561,8.82042],[-75.91616,8.8206],[-75.9167,8.82015],[-75.91716,8.82114],[-75.91798,8.82078],[-75.91861,8.82132],[-75.91807,8.82177],[-75.91834,8.82294],[-75.9188,8.82285],[-75.91862,8.82222],[-75.91998,8.82158],[-75.92044,8.82321],[-75.9198,8.82348],[-75.91916,8.82231],[-75.91898,8.82331],[-75.91807,8.8234],[-75.91752,8.82213],[-75.91661,8.82177]]],[[[-75.91953,8.82484],[-75.91844,8.82566],[-75.91835,8.82512],[-75.91671,8.82394],[-75.91589,8.82422],[-75.91607,8.82313],[-75.91534,8.82259],[-75.91807,8.8234],[-75.91953,8.82484]]],[[[-75.90653,8.82569],[-75.90735,8.82415],[-75.9049,8.8265],[-75.90543,8.82361],[-75.90752,8.82125],[-75.90816,8.82143],[-75.90825,8.82197],[-75.90943,8.82107],[-75.91016,8.82161],[-75.90962,8.82306],[-75.90998,8.82405],[-75.90916,8.82396],[-75.90934,8.82279],[-75.90753,8.82351],[-75.90753,8.82397],[-75.90853,8.8236],[-75.90962,8.82496],[-75.90917,8.82514],[-75.90862,8.82695],[-75.90908,8.82839],[-75.90653,8.82569]]],[[[-75.91571,8.82485],[-75.91644,8.82512],[-75.91672,8.82602],[-75.91553,8.82521],[-75.91571,8.82485]]],[[[-75.90563,8.82723],[-75.90571,8.8265],[-75.90635,8.82614],[-75.90744,8.82767],[-75.90644,8.8275],[-75.90653,8.82668],[-75.90563,8.82723]]],[[[-75.91181,8.82884],[-75.912,8.82983],[-75.91072,8.82993],[-75.91009,8.83138],[-75.90954,8.83047],[-75.90999,8.82939],[-75.91181,8.82884]]],[[[-75.92127,8.83117],[-75.92155,8.83171],[-75.92182,8.83062],[-75.92291,8.83098],[-75.92518,8.82989],[-75.92409,8.8317],[-75.92173,8.83189],[-75.92173,8.83234],[-75.92128,8.83234],[-75.92119,8.83189],[-75.92064,8.83198],[-75.92082,8.83126],[-75.92127,8.83117]]],[[[-75.91055,8.83183],[-75.91327,8.83164],[-75.91272,8.82965],[-75.91409,8.8301],[-75.914,8.83146],[-75.91355,8.83245],[-75.91282,8.83273],[-75.91264,8.83372],[-75.91192,8.83381],[-75.91055,8.83183]]],[[[-75.90445,8.83202],[-75.905,8.83175],[-75.90527,8.83238],[-75.90491,8.83284],[-75.90573,8.83464],[-75.90473,8.83446],[-75.90445,8.83202]]],[[[-75.91884,8.83769],[-75.91847,8.83678],[-75.91874,8.83579],[-75.91801,8.8357],[-75.91865,8.83542],[-75.91865,8.83479],[-75.91792,8.8338],[-75.91918,8.83108],[-75.92064,8.83244],[-75.92046,8.83361],[-75.92137,8.83261],[-75.92201,8.83388],[-75.9231,8.83433],[-75.92447,8.83632],[-75.92647,8.8364],[-75.92429,8.83704],[-75.92484,8.83848],[-75.92429,8.8384],[-75.92411,8.83885],[-75.92484,8.83993],[-75.92239,8.8394],[-75.92348,8.8403],[-75.92293,8.84057],[-75.92275,8.84003],[-75.91884,8.83769]],[[-75.92084,8.83768],[-75.92211,8.83795],[-75.92211,8.83759],[-75.92138,8.83759],[-75.92138,8.83705],[-75.92065,8.83696],[-75.92084,8.83768]],[[-75.91983,8.83714],[-75.92056,8.83696],[-75.91992,8.83615],[-75.91956,8.83651],[-75.91983,8.83714]],[[-75.91928,8.83416],[-75.91974,8.83434],[-75.92019,8.83325],[-75.91928,8.83325],[-75.91928,8.83416]]],[[[-75.91565,8.83607],[-75.91529,8.83715],[-75.91438,8.83652],[-75.91428,8.83598],[-75.91565,8.83607]]],[[[-75.90174,8.83791],[-75.90301,8.83809],[-75.90274,8.83754],[-75.90356,8.83655],[-75.90465,8.83636],[-75.90356,8.83926],[-75.90211,8.83863],[-75.90174,8.83791]]],[[[-75.90566,8.8398],[-75.90456,8.83953],[-75.90465,8.83853],[-75.90547,8.83889],[-75.90566,8.8398]]],[[[-75.91302,8.83906],[-75.91202,8.83933],[-75.91293,8.84068],[-75.91193,8.84014],[-75.91066,8.84078],[-75.91066,8.83997],[-75.91129,8.83933],[-75.91302,8.83906]]],[[[-75.91375,8.84005],[-75.91566,8.84004],[-75.91557,8.84086],[-75.91493,8.84077],[-75.9143,8.84159],[-75.91348,8.84077],[-75.91375,8.84005]]],[[[-75.91575,8.84203],[-75.91521,8.8414],[-75.91593,8.84059],[-75.91575,8.83986],[-75.9172,8.83914],[-75.91839,8.84022],[-75.91812,8.84121],[-75.91739,8.84131],[-75.91785,8.84311],[-75.91612,8.84429],[-75.91575,8.84203]]],[[[-75.92457,8.84156],[-75.92421,8.84256],[-75.92358,8.84256],[-75.92376,8.8422],[-75.92321,8.84202],[-75.92321,8.8412],[-75.92457,8.84156]]],[[[-75.91721,8.84429],[-75.91713,8.84538],[-75.91658,8.84511],[-75.91667,8.84429],[-75.91776,8.84411],[-75.91867,8.84329],[-75.91839,8.84266],[-75.9193,8.84157],[-75.92039,8.84275],[-75.9203,8.84338],[-75.9184,8.84411],[-75.91894,8.84456],[-75.91876,8.84583],[-75.91804,8.84565],[-75.91721,8.84429]]],[[[-75.91704,8.84637],[-75.91786,8.84727],[-75.91722,8.84728],[-75.91677,8.84655],[-75.91704,8.84637]]],[[[-75.90495,8.8502],[-75.90577,8.85011],[-75.90568,8.84947],[-75.90668,8.84866],[-75.90759,8.84848],[-75.90832,8.8492],[-75.90832,8.84983],[-75.90687,8.85182],[-75.90423,8.85111],[-75.90495,8.8502]]],[[[-75.91032,8.85118],[-75.91087,8.85227],[-75.91032,8.85272],[-75.90896,8.85254],[-75.90878,8.852],[-75.91032,8.85118]]],[[[-75.90487,8.85364],[-75.90396,8.85454],[-75.90314,8.85418],[-75.90323,8.85364],[-75.90487,8.85364]]],[[[-75.91936,8.86554],[-75.91954,8.8659],[-75.91863,8.8659],[-75.91809,8.86645],[-75.91772,8.86563],[-75.91936,8.86554]]],[[[-75.91536,8.86799],[-75.91572,8.86654],[-75.91672,8.86555],[-75.91746,8.86817],[-75.91673,8.86808],[-75.91673,8.86736],[-75.91536,8.86799]]],[[[-75.92028,8.86825],[-75.91955,8.8678],[-75.92,8.86898],[-75.91973,8.8697],[-75.91855,8.86907],[-75.91918,8.86862],[-75.91918,8.86798],[-75.91864,8.8678],[-75.91827,8.86826],[-75.91827,8.86744],[-75.91864,8.86699],[-75.91927,8.86753],[-75.91918,8.86626],[-75.91973,8.86717],[-75.92045,8.86717],[-75.92073,8.86771],[-75.92136,8.86752],[-75.92155,8.86843],[-75.923,8.86788],[-75.92528,8.86842],[-75.92519,8.86932],[-75.92383,8.86978],[-75.9231,8.8706],[-75.92219,8.87078],[-75.92028,8.86825]]],[[[-75.90555,8.87145],[-75.90619,8.87263],[-75.90546,8.8729],[-75.90574,8.87236],[-75.90519,8.872],[-75.90555,8.87145]]],[[[-75.90459,8.88891],[-75.90587,8.88882],[-75.90551,8.88963],[-75.90596,8.88972],[-75.90587,8.89053],[-75.90514,8.89081],[-75.90469,8.8918],[-75.90387,8.89144],[-75.90433,8.89108],[-75.90459,8.88891]]],[[[-75.90315,8.8928],[-75.90333,8.89163],[-75.90387,8.89217],[-75.90315,8.8928]]],[[[-75.91181,8.90372],[-75.91182,8.90454],[-75.91082,8.90445],[-75.91181,8.90372]]],[[[-75.91228,8.90644],[-75.91246,8.9077],[-75.91173,8.90716],[-75.91164,8.90653],[-75.91228,8.90644]]],[[[-75.9083,8.91667],[-75.90776,8.91757],[-75.90712,8.91721],[-75.90748,8.91631],[-75.9083,8.91667]]],[[[-75.90651,8.92752],[-75.90678,8.92834],[-75.90578,8.92789],[-75.90651,8.92752]]],[[[-75.91227,9.19223],[-75.91191,9.19268],[-75.91199,9.19196],[-75.91127,9.19187],[-75.9119,9.19024],[-75.91071,9.18925],[-75.90989,9.18769],[-75.91007,9.18662],[-75.91089,9.18644],[-75.91016,9.18554],[-75.91116,9.184],[-75.91088,9.18309],[-75.91216,9.18372],[-75.9128,9.18626],[-75.91335,9.18671],[-75.91271,9.18707],[-75.91143,9.18644],[-75.91235,9.18752],[-75.91217,9.18825],[-75.91317,9.18833],[-75.91272,9.18942],[-75.91208,9.18906],[-75.91272,9.19033],[-75.91381,9.18942],[-75.91472,9.1896],[-75.91453,9.18851],[-75.91563,9.18878],[-75.91499,9.19032],[-75.91545,9.19104],[-75.917,9.19004],[-75.91618,9.19086],[-75.91654,9.19113],[-75.91637,9.19285],[-75.91445,9.1924],[-75.91464,9.19321],[-75.91418,9.19322],[-75.91227,9.19223]],[[-75.91354,9.19204],[-75.91454,9.19222],[-75.91463,9.19141],[-75.91336,9.19123],[-75.91354,9.19204]],[[-75.91053,9.18708],[-75.91044,9.1878],[-75.91153,9.1878],[-75.91171,9.18725],[-75.91053,9.18708]]],[[[-75.90273,9.1993],[-75.90136,9.19949],[-75.90091,9.19913],[-75.901,9.19877],[-75.90246,9.19894],[-75.90245,9.19813],[-75.90027,9.1985],[-75.90186,9.1956],[-75.90336,9.1955],[-75.90235,9.19505],[-75.90263,9.19406],[-75.90199,9.19324],[-75.90299,9.19288],[-75.90234,9.19089],[-75.90325,9.19053],[-75.90307,9.19134],[-75.90389,9.19125],[-75.90444,9.19252],[-75.9048,9.19197],[-75.90571,9.19188],[-75.90544,9.19107],[-75.90589,9.19007],[-75.90525,9.19016],[-75.90526,9.1908],[-75.90453,9.19035],[-75.90407,9.1908],[-75.90443,9.18899],[-75.90361,9.1889],[-75.90316,9.18827],[-75.90188,9.18845],[-75.90224,9.18655],[-75.90243,9.18701],[-75.90324,9.187],[-75.9027,9.18773],[-75.90361,9.18818],[-75.90443,9.18772],[-75.90434,9.18827],[-75.90543,9.18844],[-75.90553,9.18908],[-75.90726,9.19069],[-75.9059,9.19242],[-75.90636,9.19342],[-75.90554,9.1945],[-75.90573,9.19695],[-75.90473,9.19776],[-75.90491,9.19876],[-75.90418,9.19876],[-75.90455,9.19957],[-75.90491,9.19885],[-75.90555,9.19875],[-75.90564,9.19812],[-75.90719,9.1992],[-75.90628,9.1993],[-75.90555,9.20011],[-75.90428,9.19975],[-75.90328,9.2003],[-75.90328,9.19948],[-75.903,9.20003],[-75.90273,9.1993]],[[-75.90518,9.19695],[-75.90518,9.19631],[-75.90436,9.19686],[-75.90464,9.19731],[-75.90518,9.19695]],[[-75.90363,9.1965],[-75.90418,9.19659],[-75.90454,9.19514],[-75.9039,9.19496],[-75.90363,9.1965]]],[[[-75.9031,9.20093],[-75.90428,9.20039],[-75.90464,9.20084],[-75.9041,9.20129],[-75.90428,9.20165],[-75.90465,9.20165],[-75.90465,9.20093],[-75.90537,9.20111],[-75.90665,9.19993],[-75.90719,9.20065],[-75.9081,9.20056],[-75.90747,9.2011],[-75.90646,9.20038],[-75.90674,9.20201],[-75.90556,9.20228],[-75.90529,9.20319],[-75.90465,9.20301],[-75.90474,9.20246],[-75.90356,9.20211],[-75.9031,9.20093]]],[[[-75.90666,9.20517],[-75.90593,9.20463],[-75.90766,9.20454],[-75.90775,9.2049],[-75.90666,9.20517]]],[[[-75.90565,9.204],[-75.90556,9.20328],[-75.90711,9.20246],[-75.9072,9.20155],[-75.90856,9.20291],[-75.90802,9.20372],[-75.90884,9.20354],[-75.90838,9.2039],[-75.90857,9.20453],[-75.9093,9.20417],[-75.90911,9.20327],[-75.90978,9.20345],[-75.91094,9.20525],[-75.91021,9.20516],[-75.91021,9.20616],[-75.9093,9.20652],[-75.90948,9.20706],[-75.9103,9.20733],[-75.91031,9.20842],[-75.90912,9.20851],[-75.9083,9.20779],[-75.90848,9.20716],[-75.90748,9.20752],[-75.90748,9.20689],[-75.90639,9.20653],[-75.90702,9.20571],[-75.9083,9.20607],[-75.90921,9.20571],[-75.90857,9.20463],[-75.90693,9.20382],[-75.90538,9.20463],[-75.90547,9.20409],[-75.90484,9.20427],[-75.90493,9.20391],[-75.90565,9.204]]],[[[-75.90338,9.20554],[-75.90402,9.20572],[-75.90357,9.20636],[-75.90411,9.20699],[-75.90293,9.20744],[-75.90229,9.20618],[-75.90338,9.20554]]],[[[-75.9033,9.2088],[-75.90294,9.20871],[-75.90293,9.20808],[-75.90366,9.20771],[-75.9033,9.2088]]],[[[-75.91313,9.20895],[-75.91413,9.20922],[-75.9135,9.2095],[-75.9135,9.21094],[-75.91259,9.21022],[-75.91313,9.20895]]],[[[-75.91204,9.21031],[-75.91223,9.21077],[-75.91141,9.21068],[-75.91095,9.21014],[-75.91131,9.20968],[-75.91204,9.21031]]],[[[-75.90631,9.21078],[-75.90685,9.2106],[-75.90704,9.21105],[-75.90531,9.21069],[-75.90613,9.21042],[-75.90631,9.21078]]],[[[-75.90467,9.21196],[-75.90477,9.21241],[-75.90349,9.21196],[-75.9034,9.21151],[-75.90431,9.21151],[-75.90467,9.21196]]],[[[-75.90585,9.21123],[-75.90622,9.2115],[-75.90559,9.21268],[-75.90585,9.21123]]],[[[-75.91605,9.21175],[-75.91669,9.21211],[-75.91796,9.21102],[-75.9186,9.21142],[-75.9166,9.21256],[-75.91615,9.21329],[-75.91523,9.21239],[-75.91605,9.21175]]],[[[-75.91223,9.21176],[-75.91259,9.2114],[-75.91259,9.21185],[-75.91314,9.21185],[-75.91396,9.21438],[-75.91333,9.21456],[-75.91314,9.21384],[-75.91232,9.21348],[-75.91223,9.21176]]],[[[-75.91487,9.21383],[-75.91405,9.21366],[-75.91405,9.21275],[-75.91496,9.21293],[-75.91496,9.21338],[-75.91596,9.21338],[-75.91642,9.2151],[-75.91524,9.216],[-75.91442,9.21447],[-75.91487,9.21383]]],[[[-75.91115,9.21556],[-75.9126,9.21619],[-75.91215,9.21692],[-75.91124,9.2171],[-75.91188,9.21791],[-75.9117,9.21836],[-75.9106,9.21728],[-75.91115,9.21556]]],[[[-75.9168,9.2188],[-75.91707,9.21772],[-75.91634,9.21772],[-75.9157,9.21709],[-75.9157,9.21844],[-75.91534,9.21863],[-75.91461,9.21827],[-75.91424,9.21736],[-75.91361,9.21764],[-75.9137,9.21691],[-75.91461,9.21637],[-75.91543,9.21673],[-75.91561,9.21618],[-75.91652,9.21636],[-75.9167,9.21555],[-75.91679,9.21709],[-75.91771,9.21799],[-75.91753,9.21898],[-75.91807,9.21817],[-75.91907,9.2188],[-75.9198,9.21843],[-75.91953,9.21997],[-75.9188,9.21952],[-75.91826,9.21979],[-75.9168,9.2188]]],[[[-75.91206,9.219],[-75.91224,9.21845],[-75.91252,9.21845],[-75.91279,9.21963],[-75.91161,9.2199],[-75.91107,9.22081],[-75.91097,9.21936],[-75.91161,9.21873],[-75.91206,9.219]]],[[[-75.92237,9.22648],[-75.92164,9.22603],[-75.92127,9.22503],[-75.92082,9.22503],[-75.92072,9.22422],[-75.92009,9.22368],[-75.91981,9.22422],[-75.91872,9.22332],[-75.91872,9.22278],[-75.91917,9.22323],[-75.91936,9.22305],[-75.91863,9.22196],[-75.91962,9.22051],[-75.92099,9.22033],[-75.92135,9.22141],[-75.92017,9.22115],[-75.92008,9.22214],[-75.92141,9.2216],[-75.92273,9.22449],[-75.92446,9.2262],[-75.92419,9.22674],[-75.92528,9.22692],[-75.92501,9.22586],[-75.92618,9.22339],[-75.92672,9.22077],[-75.92572,9.21978],[-75.92553,9.2186],[-75.92493,9.21838],[-75.92462,9.2158],[-75.92507,9.21589],[-75.92517,9.21688],[-75.92571,9.21715],[-75.92553,9.21815],[-75.92626,9.21778],[-75.9269,9.21914],[-75.92788,9.21959],[-75.92798,9.22271],[-75.92719,9.22357],[-75.92674,9.22601],[-75.92729,9.2271],[-75.92656,9.22764],[-75.92556,9.22728],[-75.92474,9.22783],[-75.92319,9.22693],[-75.92347,9.22783],[-75.92292,9.22792],[-75.92192,9.22747],[-75.92237,9.22648]]],[[[-75.90215,9.22173],[-75.90324,9.22155],[-75.90315,9.22236],[-75.90242,9.22237],[-75.90215,9.22173]]],[[[-75.91282,9.22876],[-75.91291,9.23021],[-75.91255,9.23021],[-75.91154,9.22913],[-75.91327,9.22804],[-75.91281,9.22686],[-75.9109,9.22714],[-75.91072,9.22614],[-75.91017,9.22651],[-75.90899,9.22615],[-75.90808,9.22733],[-75.90735,9.22534],[-75.9058,9.22552],[-75.90498,9.22643],[-75.90362,9.22562],[-75.90316,9.22571],[-75.90307,9.22643],[-75.90262,9.22626],[-75.9028,9.2258],[-75.90098,9.22662],[-75.90034,9.22635],[-75.90043,9.22536],[-75.90161,9.22409],[-75.90043,9.22409],[-75.90006,9.225],[-75.89997,9.2221],[-75.90051,9.22183],[-75.9006,9.22237],[-75.9016,9.22237],[-75.90051,9.22273],[-75.90124,9.22309],[-75.90106,9.22364],[-75.90288,9.22363],[-75.90261,9.22517],[-75.90407,9.22553],[-75.90389,9.22471],[-75.90425,9.22462],[-75.90443,9.22553],[-75.90662,9.22498],[-75.90752,9.22344],[-75.9068,9.22326],[-75.90634,9.22426],[-75.90525,9.22363],[-75.90389,9.22417],[-75.90325,9.22372],[-75.9037,9.22336],[-75.90343,9.22282],[-75.90388,9.22191],[-75.90515,9.22227],[-75.90652,9.22073],[-75.90797,9.22063],[-75.90843,9.22271],[-75.91025,9.22189],[-75.90989,9.2237],[-75.91108,9.22443],[-75.91126,9.22587],[-75.91172,9.22578],[-75.91199,9.22415],[-75.91335,9.22406],[-75.91308,9.22478],[-75.91253,9.2246],[-75.91254,9.22614],[-75.91354,9.22641],[-75.91381,9.22596],[-75.91554,9.22595],[-75.91636,9.2264],[-75.91546,9.22848],[-75.91482,9.22758],[-75.91509,9.22695],[-75.91472,9.22632],[-75.91354,9.22668],[-75.91409,9.22858],[-75.91464,9.22867],[-75.91446,9.23002],[-75.91391,9.2303],[-75.913,9.22958],[-75.91336,9.22921],[-75.91282,9.22876]],[[-75.90816,9.22371],[-75.90889,9.22552],[-75.90962,9.2247],[-75.90916,9.2238],[-75.90816,9.22371]]],[[[-75.90389,9.22779],[-75.90581,9.22778],[-75.90663,9.22823],[-75.9059,9.22896],[-75.9059,9.22833],[-75.90389,9.22779]]],[[[-75.90454,9.23041],[-75.90435,9.22969],[-75.90672,9.22968],[-75.90809,9.23049],[-75.90718,9.23167],[-75.90454,9.23041]]],[[[-75.91574,9.23147],[-75.91592,9.23038],[-75.91655,9.23047],[-75.91574,9.23147]]],[[[-75.92274,9.23091],[-75.92357,9.23172],[-75.92275,9.23326],[-75.92184,9.23308],[-75.9222,9.23118],[-75.92274,9.23091]]],[[[-75.90855,9.23284],[-75.90773,9.23158],[-75.90864,9.23094],[-75.90818,9.22968],[-75.90881,9.22959],[-75.90973,9.23085],[-75.90874,9.23465],[-75.90764,9.23411],[-75.90855,9.23284]]],[[[-75.91019,9.23193],[-75.91173,9.23193],[-75.91155,9.23283],[-75.91019,9.23374],[-75.90955,9.23347],[-75.91019,9.23193]]],[[[-75.90701,9.23637],[-75.90628,9.23647],[-75.90655,9.23583],[-75.90537,9.23556],[-75.9051,9.23493],[-75.90464,9.23547],[-75.90528,9.23629],[-75.9041,9.23629],[-75.90427,9.23312],[-75.90318,9.23286],[-75.90345,9.23186],[-75.90619,9.23375],[-75.90719,9.23592],[-75.90893,9.23763],[-75.90701,9.23637]]],[[[-75.90985,9.24116],[-75.91039,9.24197],[-75.90912,9.24179],[-75.90903,9.24098],[-75.90985,9.24116]]],[[[-75.91541,9.24657],[-75.91541,9.2473],[-75.91469,9.24766],[-75.91432,9.24721],[-75.91541,9.24657]]],[[[-75.91696,9.24765],[-75.9156,9.24757],[-75.9156,9.24739],[-75.9166,9.24702],[-75.91696,9.24765]]],[[[-75.90467,9.24597],[-75.90503,9.24587],[-75.90522,9.24723],[-75.9044,9.24904],[-75.90359,9.24941],[-75.90349,9.24886],[-75.90276,9.24886],[-75.90467,9.24597]]],[[[-75.91132,9.2483],[-75.91032,9.24921],[-75.91059,9.24658],[-75.91104,9.24649],[-75.91132,9.2483]]],[[[-75.90568,9.24859],[-75.90574,9.24777],[-75.90622,9.24904],[-75.90522,9.24949],[-75.90504,9.25067],[-75.90441,9.24995],[-75.90568,9.24859]]],[[[-75.9258,9.24899],[-75.92517,9.25152],[-75.9238,9.25189],[-75.92362,9.25116],[-75.92407,9.25098],[-75.92416,9.2499],[-75.9258,9.24899]]],[[[-75.91361,9.25553],[-75.91362,9.25643],[-75.91325,9.25643],[-75.91288,9.25463],[-75.91252,9.25463],[-75.91189,9.25662],[-75.91027,9.25662],[-75.9087,9.25519],[-75.90879,9.25455],[-75.90952,9.25436],[-75.9107,9.2549],[-75.91106,9.254],[-75.91306,9.25399],[-75.9137,9.25462],[-75.91361,9.25345],[-75.91434,9.25354],[-75.91443,9.25309],[-75.91743,9.25344],[-75.91816,9.25416],[-75.91807,9.2547],[-75.91643,9.25462],[-75.91707,9.25552],[-75.91617,9.25616],[-75.91589,9.25715],[-75.91361,9.25553]],[[-75.91188,9.25508],[-75.91143,9.25481],[-75.91125,9.2559],[-75.91188,9.25508]]],[[[-75.91817,9.25706],[-75.91744,9.25769],[-75.91717,9.25652],[-75.91799,9.25624],[-75.91817,9.25706]]],[[[-75.9047,9.25727],[-75.90625,9.25754],[-75.90689,9.25871],[-75.90579,9.2579],[-75.90497,9.2579],[-75.9047,9.25727]]],[[[-75.92209,9.26048],[-75.92209,9.25813],[-75.92172,9.2575],[-75.92099,9.2575],[-75.92081,9.25633],[-75.92363,9.25731],[-75.92282,9.25876],[-75.92391,9.25822],[-75.92327,9.25957],[-75.92236,9.25894],[-75.92246,9.26039],[-75.92155,9.26112],[-75.92146,9.2622],[-75.92046,9.26184],[-75.92209,9.26048]]],[[[-75.91699,9.25932],[-75.91827,9.25904],[-75.91845,9.25968],[-75.91918,9.2585],[-75.92045,9.25886],[-75.92027,9.26076],[-75.91927,9.26121],[-75.91699,9.25932]]],[[[-75.90252,9.25963],[-75.90471,9.26062],[-75.90343,9.26098],[-75.90225,9.25999],[-75.90252,9.25963]]],[[[-75.90917,9.26097],[-75.90981,9.26124],[-75.9099,9.26268],[-75.9089,9.26142],[-75.90917,9.26097]]],[[[-75.90826,9.26242],[-75.90744,9.26233],[-75.90753,9.26188],[-75.90817,9.26187],[-75.90826,9.26242]]],[[[-75.91754,9.26158],[-75.91782,9.26149],[-75.91919,9.26347],[-75.91846,9.26411],[-75.91764,9.26348],[-75.91754,9.26158]]],[[[-75.90399,9.26342],[-75.90253,9.26397],[-75.90235,9.26325],[-75.90308,9.26361],[-75.90408,9.26306],[-75.9038,9.26207],[-75.90416,9.26179],[-75.90508,9.26242],[-75.90562,9.26107],[-75.9048,9.26053],[-75.90635,9.2607],[-75.90535,9.26378],[-75.90554,9.26496],[-75.90435,9.26532],[-75.90499,9.2646],[-75.90399,9.26342]]],[[[-75.90781,9.26377],[-75.90708,9.26432],[-75.90726,9.26296],[-75.90781,9.26377]]],[[[-75.90727,9.26495],[-75.90818,9.26513],[-75.90844,9.2626],[-75.90854,9.26432],[-75.90927,9.26504],[-75.90872,9.26522],[-75.90791,9.26685],[-75.90636,9.26622],[-75.90727,9.26495]]],[[[-75.92311,9.26482],[-75.92393,9.26581],[-75.92266,9.26636],[-75.9232,9.26554],[-75.9222,9.26573],[-75.92229,9.26518],[-75.92311,9.26482]]],[[[-75.91191,9.26602],[-75.91082,9.26666],[-75.91036,9.26549],[-75.91191,9.26602]]],[[[-75.92102,9.26636],[-75.92175,9.2669],[-75.91984,9.26763],[-75.91956,9.26655],[-75.92102,9.26636]]],[[[-75.91601,9.26764],[-75.91774,9.26818],[-75.91747,9.26719],[-75.91656,9.26665],[-75.9181,9.26565],[-75.91874,9.26736],[-75.91857,9.26953],[-75.91811,9.26972],[-75.91793,9.26908],[-75.91684,9.26936],[-75.91683,9.26863],[-75.91601,9.26764]]],[[[-75.90509,9.26848],[-75.90528,9.26975],[-75.90455,9.26903],[-75.90509,9.26848]]],[[[-75.91292,9.26964],[-75.91392,9.26937],[-75.91456,9.26774],[-75.91519,9.2681],[-75.91447,9.26837],[-75.91438,9.26891],[-75.9152,9.26918],[-75.91465,9.26982],[-75.91383,9.26991],[-75.91393,9.27036],[-75.91475,9.27027],[-75.91456,9.27081],[-75.91256,9.27064],[-75.91292,9.26964]]],[[[-75.91721,9.27135],[-75.91711,9.27017],[-75.91757,9.27017],[-75.91721,9.27135]]],[[[-75.92258,9.27242],[-75.92194,9.27206],[-75.92258,9.2717],[-75.92322,9.27196],[-75.92294,9.27142],[-75.92358,9.27043],[-75.92212,9.27016],[-75.92176,9.2717],[-75.92094,9.27161],[-75.92039,9.27098],[-75.92103,9.27007],[-75.92057,9.26881],[-75.92221,9.26889],[-75.92366,9.2678],[-75.92338,9.26681],[-75.92393,9.26681],[-75.92439,9.26735],[-75.92348,9.26934],[-75.92421,9.27024],[-75.92431,9.27133],[-75.92376,9.27278],[-75.92468,9.27368],[-75.92468,9.27486],[-75.92423,9.27504],[-75.92258,9.27242]]],[[[-75.90883,9.27128],[-75.90774,9.27128],[-75.90819,9.27065],[-75.90928,9.27092],[-75.90883,9.27128]]],[[[-75.9152,9.27171],[-75.91384,9.2719],[-75.91375,9.27136],[-75.91493,9.27117],[-75.9152,9.27171]]],[[[-75.91238,9.27118],[-75.91266,9.2719],[-75.91147,9.27209],[-75.91056,9.27154],[-75.91238,9.27118]]],[[[-75.90365,9.27283],[-75.90428,9.27192],[-75.90556,9.2721],[-75.90655,9.2711],[-75.90737,9.27137],[-75.9071,9.27219],[-75.90601,9.27264],[-75.9062,9.27364],[-75.90547,9.27373],[-75.90574,9.27463],[-75.90374,9.27364],[-75.90365,9.27283]]],[[[-75.91002,9.27435],[-75.90929,9.2748],[-75.90847,9.27435],[-75.91002,9.27435]]],[[[-75.90656,9.27409],[-75.90802,9.27426],[-75.90839,9.27562],[-75.90639,9.27626],[-75.90629,9.27581],[-75.90702,9.27544],[-75.90656,9.27409]]],[[[-75.91931,9.27469],[-75.91995,9.27451],[-75.92122,9.27595],[-75.92232,9.27604],[-75.92177,9.27468],[-75.92286,9.27558],[-75.92322,9.27531],[-75.92295,9.27468],[-75.92222,9.27468],[-75.9224,9.27396],[-75.92304,9.27414],[-75.92359,9.27531],[-75.92332,9.27612],[-75.92059,9.27649],[-75.92004,9.27586],[-75.92013,9.27668],[-75.91895,9.27686],[-75.91949,9.27604],[-75.91931,9.27469]]],[[[-75.91622,9.27614],[-75.91612,9.27542],[-75.91667,9.27542],[-75.91704,9.27587],[-75.91622,9.27614]]],[[[-75.91194,9.27823],[-75.91122,9.27833],[-75.91112,9.27697],[-75.91203,9.27724],[-75.91194,9.27823]]],[[[-75.92479,9.28345],[-75.92425,9.28462],[-75.9237,9.28417],[-75.92479,9.28345]]],[[[-75.91353,9.29487],[-75.91536,9.29622],[-75.91436,9.29641],[-75.91353,9.29487]]],[[[-75.90525,9.29634],[-75.9058,9.29543],[-75.90634,9.29552],[-75.90635,9.29679],[-75.90544,9.29661],[-75.90526,9.29715],[-75.90471,9.2967],[-75.90525,9.29634]]],[[[-75.91891,9.29775],[-75.91872,9.29495],[-75.92009,9.29431],[-75.92173,9.29494],[-75.92046,9.2954],[-75.91991,9.29739],[-75.91828,9.29911],[-75.91755,9.29929],[-75.91691,9.29875],[-75.91691,9.2983],[-75.91891,9.29775]]],[[[-75.90545,9.30068],[-75.90636,9.30095],[-75.90609,9.30149],[-75.90445,9.30177],[-75.90545,9.30068]]],[[[-75.90637,9.30656],[-75.90701,9.30628],[-75.90656,9.30782],[-75.90501,9.30792],[-75.90637,9.30656]]],[[[-75.91603,9.30961],[-75.91621,9.30879],[-75.91676,9.30834],[-75.91603,9.30961]]],[[[-75.91895,9.30996],[-75.91667,9.31087],[-75.91822,9.30942],[-75.91895,9.30996]]],[[[-75.91967,9.31032],[-75.92095,9.31158],[-75.92032,9.31186],[-75.92013,9.3114],[-75.91931,9.3115],[-75.91967,9.31032]]],[[[-75.92233,9.31538],[-75.92232,9.3133],[-75.92305,9.31339],[-75.92278,9.3142],[-75.92342,9.31664],[-75.92489,9.31926],[-75.92388,9.31836],[-75.92233,9.31538]]],[[[-75.92279,9.31728],[-75.92297,9.31872],[-75.9237,9.31845],[-75.9237,9.31899],[-75.92297,9.3189],[-75.92234,9.31836],[-75.92279,9.31728]]],[[[-75.9156,9.31829],[-75.91614,9.31765],[-75.9166,9.31783],[-75.91596,9.31874],[-75.91514,9.31865],[-75.91514,9.31802],[-75.9156,9.31829]]],[[[-75.92107,9.32343],[-75.92216,9.32162],[-75.92217,9.3227],[-75.92107,9.32343]]],[[[-75.90031,9.32176],[-75.90423,9.32184],[-75.90423,9.32356],[-75.90378,9.32375],[-75.90223,9.32366],[-75.90177,9.32294],[-75.90068,9.32285],[-75.90031,9.32176]]],[[[-75.92263,9.32442],[-75.92153,9.3246],[-75.92471,9.3227],[-75.92408,9.32369],[-75.92263,9.32442]]],[[[-75.90834,9.32654],[-75.9097,9.32608],[-75.90915,9.32572],[-75.90896,9.32328],[-75.90824,9.32382],[-75.90878,9.32428],[-75.90833,9.32581],[-75.90487,9.32582],[-75.90514,9.32392],[-75.90478,9.32365],[-75.90477,9.32003],[-75.90714,9.32012],[-75.90705,9.32148],[-75.90559,9.32148],[-75.9055,9.32184],[-75.91124,9.3221],[-75.91151,9.32336],[-75.91106,9.32327],[-75.91106,9.32427],[-75.91161,9.32571],[-75.91125,9.32771],[-75.90934,9.32807],[-75.90898,9.32735],[-75.90806,9.32699],[-75.90798,9.32817],[-75.90479,9.32808],[-75.90478,9.32646],[-75.90834,9.32654]]],[[[-75.9127,9.32481],[-75.91298,9.32526],[-75.91379,9.32499],[-75.91407,9.32589],[-75.91334,9.32607],[-75.91234,9.32517],[-75.9127,9.32481]]],[[[-75.9036,9.32782],[-75.90242,9.32809],[-75.90251,9.32628],[-75.90424,9.32637],[-75.9036,9.32782]]],[[[-75.91781,9.32877],[-75.91881,9.32904],[-75.91845,9.33013],[-75.9179,9.32977],[-75.91781,9.32877]]],[[[-75.92218,9.32885],[-75.92291,9.32994],[-75.92209,9.33048],[-75.92118,9.33039],[-75.92073,9.33003],[-75.92218,9.32885]]],[[[-75.91035,9.33169],[-75.90944,9.33178],[-75.90944,9.33097],[-75.91017,9.33114],[-75.91035,9.33169]]],[[[-75.91591,9.33158],[-75.91663,9.33104],[-75.91864,9.3313],[-75.91736,9.33212],[-75.91755,9.33275],[-75.91591,9.33158]]],[[[-75.91309,9.33313],[-75.91382,9.33394],[-75.91454,9.33321],[-75.91473,9.33394],[-75.91245,9.33449],[-75.91191,9.33422],[-75.91309,9.33313]]],[[[-75.91864,9.33357],[-75.91883,9.33501],[-75.91655,9.33502],[-75.91655,9.33312],[-75.91864,9.33357]]],[[[-75.90354,9.33686],[-75.90335,9.33686],[-75.90308,9.33614],[-75.90335,9.33541],[-75.90381,9.33532],[-75.90354,9.33686]]],[[[-75.91847,9.33556],[-75.91865,9.33682],[-75.91756,9.33628],[-75.91665,9.3371],[-75.91628,9.3361],[-75.91674,9.33556],[-75.91847,9.33556]]],[[[-75.91046,9.33693],[-75.91055,9.3363],[-75.91173,9.33539],[-75.91164,9.33801],[-75.91046,9.33693]]],[[[-75.9121,9.33756],[-75.91255,9.33629],[-75.913,9.3362],[-75.91337,9.33756],[-75.91392,9.33738],[-75.91356,9.33955],[-75.91219,9.33874],[-75.9121,9.33756]]],[[[-75.91046,9.33757],[-75.90973,9.3391],[-75.90901,9.33893],[-75.90882,9.33811],[-75.91046,9.33757]]],[[[-75.91502,9.34018],[-75.91629,9.33891],[-75.91593,9.33963],[-75.91502,9.34018]]],[[[-75.91993,9.33854],[-75.92093,9.33917],[-75.92121,9.34025],[-75.92167,9.34043],[-75.92021,9.3417],[-75.91939,9.34098],[-75.91938,9.33872],[-75.91993,9.33854]]],[[[-75.9102,9.34136],[-75.90983,9.34218],[-75.90901,9.34182],[-75.90947,9.34091],[-75.9102,9.34136]]],[[[-75.9224,9.34242],[-75.9234,9.34205],[-75.92431,9.34287],[-75.92431,9.34341],[-75.92249,9.34287],[-75.9224,9.34242]]],[[[-75.91895,9.34731],[-75.92041,9.34704],[-75.9205,9.34839],[-75.91895,9.34731]]],[[[-75.91732,9.34949],[-75.91732,9.34954],[-75.91714,9.34954],[-75.91732,9.34949]]],[[[-75.91759,9.34948],[-75.91759,9.34954],[-75.91741,9.34954],[-75.91759,9.34948]]],[[[-75.91914,9.3493],[-75.91941,9.34954],[-75.91768,9.34954],[-75.91914,9.3493]]],[[[-75.88735,8.55694],[-75.8878,8.55739],[-75.88499,8.55803],[-75.88471,8.55695],[-75.88735,8.55694]]],[[[-75.89101,8.60622],[-75.89119,8.60821],[-75.88983,8.60794],[-75.88965,8.60695],[-75.89101,8.60622]]],[[[-75.89404,8.6196],[-75.89376,8.61897],[-75.89531,8.61933],[-75.89558,8.61978],[-75.89686,8.61959],[-75.89704,8.62104],[-75.89404,8.6196]]],[[[-75.89877,8.6223],[-75.89759,8.62285],[-75.8975,8.6214],[-75.89877,8.6223]]],[[[-75.90077,8.62347],[-75.90005,8.62384],[-75.90023,8.62429],[-75.89941,8.62384],[-75.89932,8.62321],[-75.90077,8.62347]]],[[[-75.9015,8.6251],[-75.90168,8.62438],[-75.90214,8.62437],[-75.90196,8.62546],[-75.90123,8.62573],[-75.9005,8.62492],[-75.90077,8.62456],[-75.9015,8.6251]]],[[[-75.89791,8.64202],[-75.89808,8.63967],[-75.90026,8.63939],[-75.90209,8.6412],[-75.90191,8.64165],[-75.90072,8.64084],[-75.90218,8.64246],[-75.90127,8.64292],[-75.90064,8.644],[-75.89791,8.64202]],[[-75.89918,8.64211],[-75.89973,8.64328],[-75.90073,8.64328],[-75.89918,8.64211]]],[[[-75.90002,8.65034],[-75.89974,8.64979],[-75.90102,8.64979],[-75.90184,8.65051],[-75.9022,8.65214],[-75.90175,8.65115],[-75.90002,8.65034]]],[[[-75.89493,8.6508],[-75.89538,8.6499],[-75.89838,8.65025],[-75.89956,8.64979],[-75.89875,8.6517],[-75.89548,8.65252],[-75.89511,8.65198],[-75.89548,8.65125],[-75.89493,8.6508]]],[[[-75.89758,8.77108],[-75.89758,8.77045],[-75.90013,8.77153],[-75.89949,8.77189],[-75.89986,8.77316],[-75.89758,8.77108]]],[[[-75.90158,8.77324],[-75.90104,8.77324],[-75.90086,8.77243],[-75.90176,8.77243],[-75.90158,8.77324]]],[[[-75.90056,8.79938],[-75.89965,8.80074],[-75.89919,8.79975],[-75.90056,8.79938]]],[[[-75.90047,8.83782],[-75.90102,8.83845],[-75.89993,8.83936],[-75.89956,8.83837],[-75.90047,8.83782]]],[[[-75.89429,8.87817],[-75.89383,8.87691],[-75.89557,8.87898],[-75.89621,8.88124],[-75.89429,8.87817]]],[[[-75.89676,8.88341],[-75.89613,8.88468],[-75.89386,8.88649],[-75.89603,8.88432],[-75.89649,8.88332],[-75.8963,8.88197],[-75.89676,8.88215],[-75.89676,8.88341]]],[[[-75.89268,8.88776],[-75.89168,8.88831],[-75.89204,8.88749],[-75.89367,8.88649],[-75.89268,8.88776]]],[[[-75.8985,8.88802],[-75.89859,8.88901],[-75.89777,8.8882],[-75.8985,8.88802]]],[[[-75.89306,8.89346],[-75.89224,8.89292],[-75.8926,8.89201],[-75.89487,8.89228],[-75.89405,8.89201],[-75.89405,8.89129],[-75.89314,8.89138],[-75.89377,8.89011],[-75.8985,8.89001],[-75.89778,8.89064],[-75.89724,8.89291],[-75.89624,8.89327],[-75.89606,8.89381],[-75.89542,8.89327],[-75.89533,8.894],[-75.89378,8.894],[-75.89424,8.89508],[-75.89269,8.89418],[-75.89306,8.89346]]],[[[-75.8996,8.89227],[-75.89851,8.89182],[-75.89851,8.89155],[-75.89942,8.89154],[-75.89996,8.89209],[-75.89888,8.89372],[-75.89878,8.89272],[-75.89951,8.89272],[-75.8996,8.89227]]],[[[-75.89933,8.89453],[-75.89997,8.89371],[-75.90106,8.89389],[-75.9016,8.89344],[-75.90224,8.89398],[-75.90224,8.89308],[-75.90142,8.89272],[-75.90206,8.89208],[-75.90306,8.89271],[-75.9027,8.89389],[-75.90079,8.89624],[-75.90016,8.89625],[-75.90007,8.89697],[-75.90006,8.89561],[-75.89933,8.89453]]],[[[-75.89124,8.89509],[-75.89179,8.89482],[-75.89206,8.89627],[-75.89152,8.89672],[-75.8907,8.89636],[-75.89124,8.89509]]],[[[-75.8928,8.89934],[-75.89216,8.89952],[-75.89216,8.89871],[-75.89261,8.89871],[-75.8928,8.89934]]],[[[-75.88825,8.90134],[-75.88744,8.90152],[-75.88743,8.90062],[-75.88698,8.90098],[-75.88662,8.90062],[-75.88743,8.90044],[-75.88716,8.89962],[-75.8877,8.8989],[-75.88761,8.89799],[-75.88861,8.89808],[-75.88843,8.8989],[-75.88879,8.89908],[-75.88934,8.89844],[-75.8907,8.89826],[-75.89125,8.90097],[-75.89016,8.90124],[-75.89053,8.90161],[-75.88989,8.90197],[-75.88953,8.90061],[-75.88998,8.89944],[-75.88952,8.89935],[-75.88889,8.90016],[-75.88916,8.90098],[-75.88853,8.90215],[-75.88962,8.90305],[-75.89035,8.90296],[-75.89035,8.90341],[-75.88908,8.9036],[-75.8889,8.90306],[-75.88753,8.90288],[-75.88825,8.90134]]],[[[-75.88853,8.90405],[-75.88908,8.9036],[-75.88926,8.90459],[-75.88881,8.90477],[-75.88853,8.90405]]],[[[-75.88981,8.90468],[-75.88962,8.90396],[-75.89063,8.90405],[-75.88981,8.90468]]],[[[-75.89154,8.90441],[-75.89199,8.90404],[-75.89226,8.90477],[-75.89154,8.90576],[-75.89108,8.90531],[-75.89135,8.90405],[-75.89154,8.90441]]],[[[-75.8859,8.9065],[-75.88663,8.9065],[-75.88736,8.90577],[-75.88781,8.90758],[-75.8859,8.9065]]],[[[-75.89145,8.90821],[-75.89127,8.90929],[-75.89018,8.90902],[-75.89009,8.90866],[-75.89145,8.90821]]],[[[-75.88527,8.90985],[-75.88436,8.90931],[-75.88445,8.90895],[-75.88527,8.90903],[-75.88527,8.90985]]],[[[-75.88437,8.91103],[-75.88382,8.91094],[-75.884,8.90994],[-75.88455,8.91012],[-75.88437,8.91103]]],[[[-75.88673,8.9112],[-75.887,8.90984],[-75.88737,8.9103],[-75.88719,8.91111],[-75.88673,8.9112]]],[[[-75.89119,8.91038],[-75.89101,8.91092],[-75.89037,8.91083],[-75.89074,8.91192],[-75.88955,8.91065],[-75.88964,8.91002],[-75.89119,8.91038]]],[[[-75.8891,8.91156],[-75.88974,8.91228],[-75.88974,8.91355],[-75.8891,8.91355],[-75.88901,8.913],[-75.88801,8.91255],[-75.8891,8.91156]]],[[[-75.88238,8.9151],[-75.88392,8.916],[-75.88492,8.91482],[-75.88683,8.91464],[-75.88674,8.91509],[-75.88438,8.91582],[-75.88474,8.9169],[-75.8842,8.91781],[-75.88356,8.9179],[-75.88402,8.917],[-75.88274,8.91637],[-75.88238,8.9151]]],[[[-75.89584,8.91597],[-75.8962,8.91588],[-75.8962,8.9167],[-75.89557,8.91679],[-75.89584,8.91597]]],[[[-75.90166,8.91695],[-75.90112,8.91732],[-75.90102,8.91659],[-75.90166,8.91623],[-75.90166,8.91695]]],[[[-75.89302,8.91661],[-75.89274,8.91544],[-75.89511,8.91507],[-75.89547,8.91543],[-75.89357,8.91697],[-75.89393,8.91724],[-75.89448,8.91661],[-75.89502,8.9176],[-75.89602,8.91778],[-75.89512,8.91814],[-75.89475,8.91887],[-75.89203,8.91906],[-75.89257,8.91851],[-75.89248,8.91707],[-75.89302,8.91661]]],[[[-75.88248,8.92053],[-75.88202,8.91908],[-75.88302,8.91944],[-75.88384,8.91826],[-75.88493,8.91817],[-75.8852,8.9188],[-75.88393,8.91908],[-75.88448,8.91971],[-75.88493,8.91925],[-75.88584,8.91934],[-75.88593,8.91808],[-75.88657,8.91817],[-75.88666,8.92061],[-75.88557,8.92043],[-75.88557,8.92124],[-75.88521,8.9207],[-75.88248,8.92053]]],[[[-75.90094,8.92021],[-75.90148,8.91858],[-75.9023,8.91939],[-75.90158,8.92021],[-75.90158,8.92111],[-75.9004,8.92075],[-75.90021,8.91976],[-75.90094,8.92021]]],[[[-75.89412,8.91923],[-75.89448,8.91996],[-75.89276,8.92068],[-75.89176,8.92014],[-75.89194,8.91969],[-75.89412,8.91923]]],[[[-75.88839,8.9197],[-75.88975,8.91924],[-75.88966,8.91979],[-75.88848,8.92024],[-75.88894,8.92105],[-75.88812,8.92223],[-75.88739,8.9216],[-75.88839,8.9197]]],[[[-75.88421,8.92125],[-75.88466,8.92143],[-75.88339,8.92269],[-75.88303,8.92197],[-75.88421,8.92125]]],[[[-75.88258,8.92279],[-75.88403,8.92306],[-75.88403,8.9236],[-75.8834,8.92405],[-75.88258,8.92279]]],[[[-75.8914,8.92494],[-75.89195,8.92512],[-75.89231,8.92466],[-75.89086,8.92394],[-75.89113,8.92467],[-75.89049,8.92485],[-75.89049,8.92376],[-75.89131,8.9234],[-75.89131,8.92403],[-75.89195,8.92394],[-75.89267,8.92303],[-75.89258,8.92204],[-75.89322,8.92204],[-75.89249,8.92349],[-75.89286,8.9262],[-75.89213,8.9262],[-75.8914,8.92494]]],[[[-75.88682,8.94747],[-75.88691,8.9481],[-75.88637,8.94819],[-75.88628,8.94874],[-75.88573,8.94865],[-75.88682,8.94747]]],[[[-75.88419,8.952],[-75.88401,8.95118],[-75.88455,8.95082],[-75.88501,8.94937],[-75.88692,8.94973],[-75.88701,8.95009],[-75.88583,8.95009],[-75.88628,8.95091],[-75.88574,8.95281],[-75.88419,8.952]]],[[[-75.88769,8.96736],[-75.8865,8.96737],[-75.88687,8.96682],[-75.88796,8.96664],[-75.88769,8.96736]]],[[[-75.88988,8.97206],[-75.89124,8.97179],[-75.89043,8.97332],[-75.89062,8.97486],[-75.88979,8.97405],[-75.88988,8.97206]]],[[[-75.89217,8.98019],[-75.89345,8.98001],[-75.89336,8.98037],[-75.89072,8.98038],[-75.8909,8.97984],[-75.89217,8.98019]]],[[[-75.88272,8.9842],[-75.88273,8.98528],[-75.88182,8.98519],[-75.88154,8.98375],[-75.88272,8.9842]]],[[[-75.88329,9.03032],[-75.88302,9.03104],[-75.88247,9.03068],[-75.88284,9.03014],[-75.88329,9.03032]]],[[[-75.88294,9.03385],[-75.88285,9.0343],[-75.88212,9.03412],[-75.88202,9.03331],[-75.88294,9.03385]]],[[[-75.88667,9.03456],[-75.8864,9.03511],[-75.88521,9.03457],[-75.88576,9.03411],[-75.88667,9.03456]]],[[[-75.88995,9.03591],[-75.88995,9.03745],[-75.8894,9.03682],[-75.8894,9.03591],[-75.88995,9.03591]]],[[[-75.8864,9.03619],[-75.88767,9.03601],[-75.88786,9.03664],[-75.88858,9.03655],[-75.88868,9.03718],[-75.8895,9.03763],[-75.88932,9.03835],[-75.88813,9.0389],[-75.88877,9.03845],[-75.88859,9.03772],[-75.88804,9.03772],[-75.88786,9.03673],[-75.88722,9.03691],[-75.8864,9.03619]]],[[[-75.88522,9.03891],[-75.88522,9.03773],[-75.88595,9.038],[-75.88586,9.03863],[-75.88522,9.03891]]],[[[-75.89441,9.03843],[-75.89432,9.03898],[-75.8935,9.03843],[-75.89341,9.03789],[-75.89441,9.03843]]],[[[-75.8915,9.03844],[-75.89077,9.03889],[-75.89068,9.03799],[-75.8915,9.03844]]],[[[-75.88795,9.03827],[-75.88659,9.03927],[-75.88649,9.03818],[-75.88795,9.03827]]],[[[-75.89223,9.03835],[-75.89304,9.03762],[-75.89286,9.03816],[-75.89341,9.03853],[-75.89305,9.03916],[-75.8935,9.0397],[-75.89259,9.03934],[-75.89223,9.03835]]],[[[-75.88696,9.04243],[-75.88569,9.0427],[-75.88578,9.04207],[-75.88714,9.04189],[-75.88696,9.04243]]],[[[-75.8835,9.04208],[-75.88487,9.04243],[-75.88478,9.04352],[-75.88351,9.04443],[-75.88341,9.04361],[-75.88214,9.04307],[-75.8835,9.04208]]],[[[-75.89068,9.0398],[-75.88942,9.04197],[-75.88942,9.0427],[-75.89024,9.04306],[-75.88905,9.04333],[-75.8896,9.04423],[-75.88888,9.04451],[-75.88906,9.04514],[-75.88951,9.04487],[-75.88942,9.0455],[-75.88897,9.04523],[-75.88851,9.04559],[-75.8887,9.04785],[-75.88679,9.04867],[-75.88697,9.04704],[-75.88615,9.04632],[-75.88669,9.04532],[-75.88633,9.04334],[-75.88751,9.04225],[-75.88805,9.04288],[-75.88814,9.04225],[-75.88696,9.04062],[-75.88495,9.04045],[-75.88495,9.04008],[-75.88577,9.03936],[-75.8865,9.04053],[-75.88786,9.03917],[-75.88886,9.04007],[-75.88895,9.03917],[-75.89068,9.0398]],[[-75.88814,9.0398],[-75.88768,9.04035],[-75.88814,9.04152],[-75.88914,9.04107],[-75.88814,9.0398]]],[[[-75.88478,9.04551],[-75.88496,9.04442],[-75.8856,9.04451],[-75.88542,9.04551],[-75.88478,9.04551]]],[[[-75.89661,9.04539],[-75.89706,9.04376],[-75.89716,9.04503],[-75.8987,9.04548],[-75.89771,9.04684],[-75.89725,9.04657],[-75.89734,9.04566],[-75.89661,9.04539]]],[[[-75.89415,9.04513],[-75.89479,9.04503],[-75.89479,9.04576],[-75.89416,9.04639],[-75.89288,9.04612],[-75.89415,9.04513]]],[[[-75.89079,9.04676],[-75.89024,9.04622],[-75.89061,9.04559],[-75.89006,9.04477],[-75.89033,9.04378],[-75.89097,9.04351],[-75.89243,9.04522],[-75.89088,9.04685],[-75.89098,9.04794],[-75.89152,9.04821],[-75.89152,9.04839],[-75.89089,9.0483],[-75.89088,9.04767],[-75.89025,9.04731],[-75.89079,9.04676]]],[[[-75.89671,9.04756],[-75.89744,9.04801],[-75.8968,9.04874],[-75.89644,9.04829],[-75.89598,9.04874],[-75.89553,9.04775],[-75.89671,9.04756]]],[[[-75.88461,9.04831],[-75.88625,9.04795],[-75.88507,9.0494],[-75.88416,9.04922],[-75.88379,9.05003],[-75.88288,9.04949],[-75.88461,9.04831]]],[[[-75.89362,9.04938],[-75.89407,9.04965],[-75.89435,9.04901],[-75.8948,9.04956],[-75.8938,9.05001],[-75.89335,9.05083],[-75.8928,9.05065],[-75.89289,9.04974],[-75.89362,9.04938]]],[[[-75.89254,9.05291],[-75.89217,9.05336],[-75.89144,9.05282],[-75.89135,9.05228],[-75.89254,9.05291]]],[[[-75.88617,9.0541],[-75.88681,9.05482],[-75.8859,9.05537],[-75.88581,9.05446],[-75.88517,9.05482],[-75.88508,9.05555],[-75.88463,9.05555],[-75.88444,9.05383],[-75.88617,9.0541]]],[[[-75.89273,9.05634],[-75.89273,9.05698],[-75.89236,9.05743],[-75.89155,9.05725],[-75.89073,9.05771],[-75.89072,9.05599],[-75.89145,9.05553],[-75.89273,9.05634]]],[[[-75.89391,9.05715],[-75.89318,9.05689],[-75.89318,9.05616],[-75.89445,9.05652],[-75.89391,9.05715]]],[[[-75.88554,9.05826],[-75.88572,9.05736],[-75.88454,9.05718],[-75.88445,9.05618],[-75.88672,9.05663],[-75.88754,9.05627],[-75.88763,9.05681],[-75.88854,9.05681],[-75.88564,9.05944],[-75.88463,9.05871],[-75.88463,9.05799],[-75.88554,9.05826]]],[[[-75.88445,9.05962],[-75.88354,9.05944],[-75.88391,9.05872],[-75.88445,9.05962]]],[[[-75.88137,9.06153],[-75.88237,9.06297],[-75.88201,9.06297],[-75.88137,9.06153]]],[[[-75.88094,9.07383],[-75.88176,9.0731],[-75.88221,9.07401],[-75.88195,9.07545],[-75.88149,9.07536],[-75.88094,9.07383]]],[[[-75.88277,9.07672],[-75.88204,9.07654],[-75.88204,9.0759],[-75.88258,9.07599],[-75.88277,9.07672]]],[[[-75.88159,9.07771],[-75.88214,9.07862],[-75.88132,9.07844],[-75.88104,9.07781],[-75.88159,9.07771]]],[[[-75.88747,9.10302],[-75.88665,9.10339],[-75.88638,9.10285],[-75.88729,9.10248],[-75.88747,9.10302]]],[[[-75.88884,9.10311],[-75.88902,9.10338],[-75.88802,9.10366],[-75.88747,9.1032],[-75.88884,9.10311]]],[[[-75.88523,9.1156],[-75.88513,9.11415],[-75.8855,9.11433],[-75.88523,9.1156]]],[[[-75.88488,9.12058],[-75.88542,9.11994],[-75.88588,9.12012],[-75.8856,9.11967],[-75.88615,9.11949],[-75.88679,9.11994],[-75.88779,9.11966],[-75.88979,9.12074],[-75.8887,9.12039],[-75.88642,9.12021],[-75.88588,9.12112],[-75.88379,9.12112],[-75.88288,9.12157],[-75.88242,9.12112],[-75.88297,9.12067],[-75.88488,9.12058]]],[[[-75.89125,9.12056],[-75.8917,9.12137],[-75.88979,9.12074],[-75.89125,9.12056]]],[[[-75.88249,9.15015],[-75.88286,9.15061],[-75.88195,9.15088],[-75.8814,9.15043],[-75.88249,9.15015]]],[[[-75.88559,9.15259],[-75.8855,9.15132],[-75.88368,9.15106],[-75.88449,9.14952],[-75.88549,9.1497],[-75.88595,9.14933],[-75.88595,9.15069],[-75.88687,9.15177],[-75.8875,9.15059],[-75.88768,9.15177],[-75.88841,9.15204],[-75.88869,9.15303],[-75.88696,9.15349],[-75.88559,9.15259]]],[[[-75.88259,9.1526],[-75.88186,9.15233],[-75.88213,9.15169],[-75.88295,9.15151],[-75.88259,9.1526]]],[[[-75.88486,9.15178],[-75.88496,9.15259],[-75.88359,9.15214],[-75.88368,9.1516],[-75.88486,9.15178]]],[[[-75.8845,9.15395],[-75.8846,9.15467],[-75.88341,9.15431],[-75.8835,9.15368],[-75.8845,9.15395]]],[[[-75.88979,9.15565],[-75.88888,9.15656],[-75.88906,9.15547],[-75.88979,9.1552],[-75.88979,9.15565]]],[[[-75.88688,9.1572],[-75.88624,9.15557],[-75.88724,9.15602],[-75.88715,9.15684],[-75.88815,9.15692],[-75.88743,9.15783],[-75.8867,9.15765],[-75.88579,9.1582],[-75.88588,9.15702],[-75.88688,9.1572]]],[[[-75.88225,9.16236],[-75.8817,9.16228],[-75.88197,9.16146],[-75.88252,9.16182],[-75.88225,9.16236]]],[[[-75.88354,9.16842],[-75.88299,9.16906],[-75.88235,9.16806],[-75.88272,9.16743],[-75.88354,9.16842]]],[[[-75.88291,9.17294],[-75.88118,9.17313],[-75.88145,9.17168],[-75.88291,9.17294]]],[[[-75.88819,9.17266],[-75.88874,9.17284],[-75.88892,9.17411],[-75.88756,9.17402],[-75.88819,9.17338],[-75.88819,9.17266]]],[[[-75.89156,9.17491],[-75.89101,9.1732],[-75.89274,9.17373],[-75.89393,9.17346],[-75.89366,9.17482],[-75.89421,9.17581],[-75.89156,9.17491]]],[[[-75.89411,9.175],[-75.89448,9.17427],[-75.89493,9.17427],[-75.89511,9.1749],[-75.89611,9.17472],[-75.89684,9.17517],[-75.89594,9.17644],[-75.89621,9.17743],[-75.89567,9.17716],[-75.89548,9.17753],[-75.89521,9.17617],[-75.89411,9.175]]],[[[-75.88984,9.17863],[-75.89094,9.17889],[-75.8914,9.18052],[-75.89049,9.18116],[-75.88939,9.18098],[-75.88984,9.17863]]],[[[-75.89212,9.18016],[-75.89157,9.17916],[-75.89304,9.17934],[-75.89385,9.17991],[-75.89385,9.18051],[-75.89304,9.18097],[-75.89285,9.18016],[-75.89212,9.18016]]],[[[-75.90078,9.18384],[-75.90096,9.18312],[-75.90169,9.1833],[-75.90151,9.18384],[-75.90078,9.18384]]],[[[-75.90196,9.18429],[-75.90242,9.18483],[-75.90224,9.18556],[-75.90151,9.18493],[-75.90196,9.18429]]],[[[-75.89671,9.19579],[-75.89726,9.19452],[-75.89671,9.19434],[-75.89643,9.19263],[-75.8958,9.19281],[-75.89588,9.19181],[-75.8967,9.19154],[-75.8967,9.19091],[-75.8957,9.19127],[-75.89579,9.19001],[-75.89469,9.18856],[-75.89588,9.18856],[-75.89505,9.18766],[-75.89523,9.18693],[-75.89451,9.1873],[-75.89414,9.18585],[-75.89323,9.18603],[-75.89332,9.1854],[-75.89396,9.18504],[-75.89305,9.18522],[-75.89259,9.18477],[-75.89341,9.18477],[-75.89341,9.18413],[-75.89295,9.18441],[-75.89241,9.18377],[-75.89086,9.18369],[-75.89131,9.18179],[-75.89067,9.18161],[-75.89176,9.18151],[-75.89177,9.1826],[-75.89268,9.18305],[-75.89313,9.18287],[-75.89313,9.18223],[-75.89386,9.18223],[-75.89413,9.18124],[-75.89513,9.18142],[-75.89459,9.18232],[-75.89492,9.18214],[-75.89568,9.1844],[-75.89632,9.18413],[-75.89869,9.18484],[-75.89951,9.18457],[-75.89996,9.18376],[-75.90069,9.18393],[-75.90033,9.18457],[-75.89689,9.18555],[-75.89696,9.18584],[-75.89641,9.18503],[-75.89605,9.18539],[-75.89633,9.18648],[-75.89542,9.18666],[-75.89587,9.18729],[-75.89687,9.18711],[-75.89706,9.18747],[-75.89697,9.18783],[-75.89587,9.18774],[-75.89588,9.1882],[-75.8976,9.18819],[-75.89815,9.18919],[-75.90061,9.18954],[-75.90207,9.18881],[-75.90243,9.18927],[-75.90207,9.19017],[-75.90134,9.18981],[-75.89944,9.19061],[-75.89816,9.19217],[-75.89744,9.19434],[-75.89863,9.1966],[-75.89753,9.19579],[-75.89671,9.19579]]],[[[-75.88295,9.18968],[-75.88223,9.18941],[-75.88241,9.18877],[-75.88295,9.18895],[-75.88295,9.18968]]],[[[-75.88606,9.19455],[-75.88506,9.19446],[-75.88542,9.19374],[-75.88497,9.19437],[-75.88451,9.1941],[-75.8856,9.19302],[-75.88505,9.19193],[-75.88605,9.19184],[-75.88633,9.19139],[-75.88532,9.19103],[-75.88596,9.19048],[-75.88669,9.19129],[-75.88579,9.19392],[-75.88779,9.19301],[-75.88897,9.195],[-75.88825,9.19563],[-75.88734,9.19527],[-75.8857,9.19663],[-75.88515,9.196],[-75.88606,9.19455]]],[[[-75.88396,9.19329],[-75.88415,9.19266],[-75.88487,9.19311],[-75.88388,9.19392],[-75.88424,9.19537],[-75.8837,9.19546],[-75.8837,9.19492],[-75.88288,9.19456],[-75.88305,9.19347],[-75.88396,9.19329]]],[[[-75.89364,9.20421],[-75.89427,9.20231],[-75.893,9.20204],[-75.89309,9.20105],[-75.892,9.20177],[-75.89117,9.20114],[-75.88981,9.20096],[-75.88972,9.20151],[-75.88899,9.20178],[-75.88917,9.20223],[-75.89027,9.20205],[-75.89145,9.2025],[-75.89136,9.20376],[-75.89091,9.20259],[-75.89027,9.20259],[-75.89018,9.20313],[-75.88927,9.20359],[-75.8879,9.2016],[-75.88672,9.20106],[-75.88774,9.19979],[-75.88844,9.20024],[-75.88917,9.19907],[-75.89054,9.2006],[-75.89126,9.20006],[-75.8908,9.19843],[-75.88998,9.19753],[-75.88925,9.19762],[-75.88907,9.19852],[-75.88807,9.19862],[-75.88771,9.19952],[-75.88728,9.1979],[-75.88771,9.1978],[-75.88771,9.19726],[-75.88634,9.19726],[-75.88734,9.19582],[-75.8878,9.19663],[-75.88834,9.19572],[-75.88934,9.19617],[-75.8898,9.19545],[-75.89043,9.19599],[-75.8897,9.19454],[-75.88879,9.19409],[-75.88961,9.19273],[-75.88933,9.19219],[-75.89024,9.19255],[-75.89033,9.1921],[-75.88915,9.19156],[-75.88787,9.19192],[-75.88833,9.19066],[-75.88751,9.19003],[-75.88787,9.18921],[-75.8886,9.19048],[-75.89033,9.18948],[-75.89042,9.19002],[-75.88987,9.19047],[-75.89124,9.19137],[-75.89105,9.18938],[-75.88969,9.18803],[-75.89032,9.18704],[-75.89005,9.18622],[-75.88895,9.18641],[-75.88905,9.18749],[-75.88868,9.18767],[-75.88877,9.18704],[-75.88814,9.18677],[-75.88859,9.1865],[-75.8884,9.18541],[-75.88886,9.1846],[-75.89013,9.1845],[-75.89004,9.1855],[-75.89059,9.18559],[-75.89105,9.18667],[-75.89069,9.18821],[-75.89242,9.18766],[-75.89396,9.18856],[-75.89342,9.18911],[-75.89305,9.18829],[-75.8926,9.1883],[-75.89224,9.18983],[-75.89178,9.19002],[-75.89197,9.19056],[-75.8927,9.19074],[-75.89234,9.192],[-75.89306,9.19164],[-75.89388,9.19191],[-75.89379,9.19263],[-75.89307,9.19291],[-75.89344,9.19526],[-75.89161,9.19472],[-75.89188,9.19372],[-75.89025,9.19391],[-75.89034,9.19499],[-75.89098,9.19499],[-75.89107,9.19563],[-75.89216,9.19508],[-75.8938,9.19598],[-75.89362,9.19788],[-75.89435,9.19878],[-75.89563,9.19815],[-75.89499,9.19941],[-75.8939,9.19969],[-75.89372,9.20023],[-75.89445,9.20032],[-75.89554,9.20158],[-75.89627,9.20122],[-75.89636,9.20041],[-75.89518,9.20077],[-75.895,9.20041],[-75.8959,9.19923],[-75.89673,9.20059],[-75.89727,9.20049],[-75.89745,9.1995],[-75.89845,9.19941],[-75.897,9.20122],[-75.89692,9.20402],[-75.89637,9.2042],[-75.89701,9.20556],[-75.89783,9.20601],[-75.89364,9.20421]],[[-75.89482,9.20204],[-75.89473,9.20249],[-75.89528,9.20303],[-75.89619,9.20303],[-75.89545,9.20204],[-75.89482,9.20204]],[[-75.89135,9.19924],[-75.89181,9.19942],[-75.89226,9.19834],[-75.89171,9.19816],[-75.89135,9.19924]],[[-75.89253,9.19788],[-75.89335,9.19752],[-75.89326,9.19716],[-75.89244,9.19734],[-75.89253,9.19788]],[[-75.88998,9.19744],[-75.89053,9.19716],[-75.89034,9.19662],[-75.88971,9.19662],[-75.88998,9.19744]],[[-75.89153,9.19653],[-75.89162,9.19716],[-75.89198,9.19725],[-75.89253,9.19644],[-75.89153,9.19653]]],[[[-75.88415,9.19646],[-75.88443,9.19582],[-75.88497,9.19627],[-75.88443,9.197],[-75.88288,9.19646],[-75.88415,9.19646]]],[[[-75.89407,9.19589],[-75.89508,9.19652],[-75.89608,9.19616],[-75.89544,9.1976],[-75.89444,9.19724],[-75.89407,9.19589]]],[[[-75.89945,9.19868],[-75.9,9.19868],[-75.89982,9.19922],[-75.89845,9.19859],[-75.89845,9.19805],[-75.8989,9.19796],[-75.89945,9.19868]]],[[[-75.90173,9.20175],[-75.90092,9.20193],[-75.90046,9.20148],[-75.90128,9.20085],[-75.90128,9.20003],[-75.90264,9.2012],[-75.90301,9.20301],[-75.90374,9.204],[-75.90283,9.20392],[-75.90283,9.20319],[-75.90173,9.20175]]],[[[-75.88663,9.20341],[-75.88602,9.20405],[-75.88563,9.20287],[-75.88645,9.20296],[-75.88663,9.20341]]],[[[-75.90156,9.20401],[-75.90229,9.20428],[-75.90274,9.20383],[-75.9022,9.20473],[-75.90165,9.20473],[-75.90156,9.20401]]],[[[-75.89956,9.207],[-75.8992,9.20546],[-75.90056,9.20537],[-75.90102,9.20618],[-75.90174,9.20555],[-75.90129,9.20654],[-75.90166,9.20745],[-75.90075,9.207],[-75.89956,9.207]]],[[[-75.88664,9.2083],[-75.88673,9.20884],[-75.88546,9.20821],[-75.88664,9.2083]]],[[[-75.88919,9.20892],[-75.88837,9.20893],[-75.88782,9.20839],[-75.88919,9.20892]]],[[[-75.88073,9.20973],[-75.88228,9.20939],[-75.88201,9.21066],[-75.88073,9.20973]]],[[[-75.88537,9.20948],[-75.88619,9.21038],[-75.88546,9.2102],[-75.88501,9.21065],[-75.88428,9.21011],[-75.88437,9.20948],[-75.88537,9.20948]]],[[[-75.89511,9.21136],[-75.89484,9.2118],[-75.89402,9.21135],[-75.89511,9.21136]]],[[[-75.89594,9.21271],[-75.89721,9.21234],[-75.89821,9.21282],[-75.89749,9.21306],[-75.89758,9.21406],[-75.89685,9.21433],[-75.89703,9.21307],[-75.89594,9.21271]]],[[[-75.90058,9.21423],[-75.89958,9.21306],[-75.90094,9.21278],[-75.90149,9.21323],[-75.90176,9.21251],[-75.90258,9.21314],[-75.90277,9.21405],[-75.90331,9.21377],[-75.90359,9.21468],[-75.90213,9.21504],[-75.90122,9.21387],[-75.90058,9.21423]]],[[[-75.89813,9.21478],[-75.89867,9.21559],[-75.89786,9.2155],[-75.89749,9.21478],[-75.89813,9.21478]]],[[[-75.88338,9.21626],[-75.88302,9.21681],[-75.88247,9.21654],[-75.8822,9.21536],[-75.88274,9.21482],[-75.88111,9.21546],[-75.88261,9.21428],[-75.88302,9.21446],[-75.88329,9.21337],[-75.88411,9.21436],[-75.88338,9.21617],[-75.88438,9.21581],[-75.88466,9.21671],[-75.88548,9.21644],[-75.88603,9.21707],[-75.8843,9.21771],[-75.88338,9.21626]]],[[[-75.89349,9.21561],[-75.89331,9.21615],[-75.89258,9.2157],[-75.89285,9.21516],[-75.89349,9.21561]]],[[[-75.89039,9.2157],[-75.89039,9.21534],[-75.89175,9.21453],[-75.89248,9.21498],[-75.8923,9.21543],[-75.89167,9.21543],[-75.8924,9.21678],[-75.89039,9.2157]]],[[[-75.89559,9.21822],[-75.89558,9.21741],[-75.89604,9.2175],[-75.89604,9.21813],[-75.89559,9.21822]]],[[[-75.8873,9.21689],[-75.88703,9.21779],[-75.8884,9.21833],[-75.88758,9.21842],[-75.88694,9.21915],[-75.88703,9.21797],[-75.8863,9.21834],[-75.8873,9.21689]]],[[[-75.88239,9.21798],[-75.8823,9.21916],[-75.88194,9.21925],[-75.88148,9.21826],[-75.88057,9.21962],[-75.88084,9.21808],[-75.88157,9.21808],[-75.8812,9.21735],[-75.88239,9.21798]]],[[[-75.88394,9.2197],[-75.88421,9.2187],[-75.88458,9.21925],[-75.88576,9.21897],[-75.88594,9.22042],[-75.88503,9.21997],[-75.88503,9.21934],[-75.88394,9.2197]]],[[[-75.89814,9.22039],[-75.9006,9.22083],[-75.89923,9.21993],[-75.89978,9.21966],[-75.90114,9.2202],[-75.90151,9.22156],[-75.8986,9.22111],[-75.89715,9.22256],[-75.89714,9.22075],[-75.89814,9.22039]]],[[[-75.8834,9.22133],[-75.88349,9.22169],[-75.88231,9.22151],[-75.88221,9.22079],[-75.8834,9.22133]]],[[[-75.89497,9.22582],[-75.89433,9.22447],[-75.89432,9.22266],[-75.89387,9.22194],[-75.8945,9.21985],[-75.8955,9.22139],[-75.89596,9.2232],[-75.89815,9.22419],[-75.89788,9.22464],[-75.8966,9.22428],[-75.89487,9.22465],[-75.89506,9.22546],[-75.89734,9.22708],[-75.89852,9.22708],[-75.89879,9.22654],[-75.89843,9.2278],[-75.89752,9.2279],[-75.89497,9.22582]]],[[[-75.88268,9.22694],[-75.88323,9.22648],[-75.88277,9.22567],[-75.88432,9.22522],[-75.88496,9.22576],[-75.88505,9.22675],[-75.88387,9.22684],[-75.88405,9.22775],[-75.88487,9.22766],[-75.88524,9.22856],[-75.8846,9.22865],[-75.88268,9.22694]]],[[[-75.89142,9.22782],[-75.8926,9.22619],[-75.89224,9.2271],[-75.89224,9.22755],[-75.89142,9.22782]]],[[[-75.88196,9.22748],[-75.88323,9.22793],[-75.88396,9.22892],[-75.88342,9.22929],[-75.88196,9.22748]]],[[[-75.90107,9.22843],[-75.9028,9.2287],[-75.90344,9.22969],[-75.90272,9.22987],[-75.90089,9.22915],[-75.90107,9.22843]]],[[[-75.89561,9.22862],[-75.89716,9.22898],[-75.89734,9.22943],[-75.89434,9.22935],[-75.89334,9.23017],[-75.89261,9.22999],[-75.89252,9.22908],[-75.89561,9.22862]]],[[[-75.88597,9.2291],[-75.88697,9.22937],[-75.88733,9.23054],[-75.88578,9.22946],[-75.88597,9.2291]]],[[[-75.89544,9.23043],[-75.89498,9.22998],[-75.89607,9.22989],[-75.89625,9.23025],[-75.89544,9.23043]]],[[[-75.89071,9.2347],[-75.89016,9.23406],[-75.88907,9.23416],[-75.89134,9.2318],[-75.89034,9.22972],[-75.89061,9.22818],[-75.89206,9.22927],[-75.89198,9.23035],[-75.89389,9.2308],[-75.8928,9.23243],[-75.89153,9.23325],[-75.89153,9.23388],[-75.89244,9.23442],[-75.89208,9.23587],[-75.89062,9.23578],[-75.89071,9.23524],[-75.89153,9.23497],[-75.89071,9.2347]]],[[[-75.8989,9.23287],[-75.89826,9.23278],[-75.89853,9.23196],[-75.89899,9.23223],[-75.8989,9.23287]]],[[[-75.89407,9.23206],[-75.89589,9.23188],[-75.89617,9.23278],[-75.89453,9.23324],[-75.89371,9.23261],[-75.89407,9.23206]]],[[[-75.90163,9.23268],[-75.90272,9.23286],[-75.90263,9.23331],[-75.89946,9.2343],[-75.89945,9.23476],[-75.89918,9.23413],[-75.90163,9.23268]]],[[[-75.88808,9.23624],[-75.88817,9.23714],[-75.88699,9.23697],[-75.88808,9.23624]]],[[[-75.88835,9.23606],[-75.88908,9.23588],[-75.88881,9.23642],[-75.88926,9.23714],[-75.89017,9.2375],[-75.88917,9.23741],[-75.88835,9.23606]]],[[[-75.89882,9.23856],[-75.89846,9.23893],[-75.89819,9.23784],[-75.89882,9.23775],[-75.89882,9.23856]]],[[[-75.89564,9.2393],[-75.895,9.23912],[-75.89509,9.23839],[-75.89582,9.23875],[-75.89564,9.2393]]],[[[-75.89583,9.24445],[-75.8952,9.2449],[-75.89492,9.24382],[-75.89547,9.24373],[-75.89583,9.24445]]],[[[-75.89948,9.24788],[-75.90076,9.24806],[-75.90021,9.24706],[-75.90249,9.24805],[-75.90231,9.24859],[-75.90131,9.24805],[-75.9014,9.24869],[-75.89967,9.24833],[-75.89948,9.24788]]],[[[-75.89494,9.25232],[-75.89458,9.25232],[-75.8944,9.2516],[-75.89467,9.25106],[-75.89494,9.25232]]],[[[-75.89468,9.25404],[-75.89513,9.25404],[-75.89359,9.25549],[-75.89286,9.25549],[-75.89249,9.25468],[-75.89395,9.25495],[-75.89468,9.25404]]],[[[-75.88861,9.2669],[-75.88961,9.26689],[-75.89125,9.26544],[-75.89206,9.26553],[-75.89143,9.2668],[-75.89189,9.26797],[-75.89098,9.26761],[-75.89043,9.26816],[-75.88861,9.2669]]],[[[-75.90209,9.26949],[-75.90118,9.27003],[-75.901,9.27076],[-75.89982,9.27085],[-75.90063,9.26922],[-75.90209,9.26949]]],[[[-75.89474,9.27792],[-75.89556,9.278],[-75.89501,9.27927],[-75.8952,9.28018],[-75.89465,9.28027],[-75.89438,9.27982],[-75.89492,9.27891],[-75.89474,9.27792]]],[[[-75.8942,9.28009],[-75.8931,9.28027],[-75.89347,9.27964],[-75.8942,9.28009]]],[[[-75.89684,9.2799],[-75.89702,9.27927],[-75.89784,9.27935],[-75.89802,9.2799],[-75.89775,9.2818],[-75.8972,9.28189],[-75.89702,9.28108],[-75.89756,9.28044],[-75.89684,9.2799]]],[[[-75.88757,9.28951],[-75.88849,9.29095],[-75.88621,9.29114],[-75.88575,9.29033],[-75.88757,9.28951]]],[[[-75.88513,9.29476],[-75.88522,9.29539],[-75.88595,9.29575],[-75.88513,9.29675],[-75.88431,9.29621],[-75.8844,9.29494],[-75.88513,9.29476]]],[[[-75.87976,9.29477],[-75.88322,9.29513],[-75.88176,9.29685],[-75.87976,9.29477]],[[-75.88167,9.29622],[-75.88158,9.29522],[-75.88103,9.2954],[-75.88167,9.29622]]],[[[-75.88322,9.29585],[-75.88404,9.29639],[-75.88277,9.29784],[-75.88195,9.29721],[-75.88322,9.29585]]],[[[-75.88814,9.29747],[-75.88859,9.29747],[-75.88687,9.29928],[-75.88714,9.3],[-75.88678,9.30036],[-75.88569,9.3001],[-75.88814,9.29747]]],[[[-75.88688,9.30281],[-75.88761,9.30235],[-75.88778,9.30099],[-75.8897,9.30262],[-75.88971,9.30578],[-75.88688,9.30281]]],[[[-75.88388,9.30526],[-75.88506,9.30579],[-75.88452,9.30643],[-75.88425,9.30598],[-75.88334,9.30598],[-75.88388,9.30526]]],[[[-75.88679,9.3048],[-75.88807,9.30479],[-75.88861,9.30524],[-75.88889,9.3066],[-75.88816,9.30751],[-75.88744,9.30733],[-75.88616,9.30597],[-75.88452,9.30742],[-75.88434,9.3086],[-75.88316,9.30878],[-75.88679,9.3048]]],[[[-75.88315,9.30634],[-75.88361,9.30688],[-75.8827,9.30806],[-75.88215,9.30662],[-75.88315,9.30634]]],[[[-75.89017,9.30759],[-75.89108,9.30759],[-75.89135,9.30686],[-75.89235,9.30677],[-75.89281,9.30767],[-75.89344,9.30695],[-75.89435,9.30695],[-75.89263,9.30994],[-75.89136,9.31084],[-75.89027,9.31076],[-75.89017,9.30759]]],[[[-75.88725,9.30769],[-75.88662,9.30859],[-75.88653,9.31068],[-75.88589,9.30887],[-75.88725,9.30769]]],[[[-75.88516,9.3086],[-75.8858,9.30986],[-75.88425,9.30923],[-75.88516,9.3086]]],[[[-75.88881,9.30877],[-75.88971,9.30768],[-75.88963,9.31076],[-75.88772,9.31085],[-75.88781,9.30995],[-75.8889,9.30986],[-75.88881,9.30877]]],[[[-75.88699,9.3104],[-75.88698,9.30859],[-75.88726,9.30859],[-75.88699,9.3104]]],[[[-75.89573,9.3093],[-75.896,9.31011],[-75.89445,9.30993],[-75.89518,9.30912],[-75.89573,9.3093]]],[[[-75.88462,9.31023],[-75.88517,9.31005],[-75.88581,9.31086],[-75.88399,9.31086],[-75.88362,9.30987],[-75.88416,9.30969],[-75.88462,9.31023]]],[[[-75.8818,9.31087],[-75.88316,9.31041],[-75.88362,9.31177],[-75.88344,9.31312],[-75.88253,9.31313],[-75.88253,9.31168],[-75.8818,9.31087]]],[[[-75.88882,9.31266],[-75.88763,9.31239],[-75.8879,9.3113],[-75.88963,9.31157],[-75.88964,9.31465],[-75.88855,9.31465],[-75.88882,9.31266]]],[[[-75.89019,9.31591],[-75.89228,9.31536],[-75.89229,9.31744],[-75.89183,9.31744],[-75.89137,9.31618],[-75.89019,9.31591]]],[[[-75.88964,9.316],[-75.88956,9.31745],[-75.88892,9.31736],[-75.88846,9.31592],[-75.88964,9.316]]],[[[-75.88346,9.31946],[-75.88419,9.32045],[-75.88337,9.32154],[-75.88256,9.32181],[-75.88219,9.32081],[-75.88346,9.31946]]],[[[-75.89403,9.32151],[-75.89312,9.32223],[-75.89293,9.32043],[-75.89357,9.32033],[-75.89403,9.32151]]],[[[-75.89913,9.32186],[-75.8984,9.32249],[-75.89822,9.32349],[-75.89758,9.32204],[-75.89913,9.32186]]],[[[-75.9006,9.32864],[-75.90124,9.32845],[-75.90114,9.32719],[-75.90196,9.32682],[-75.90215,9.33008],[-75.90179,9.33026],[-75.90124,9.32918],[-75.90051,9.32918],[-75.9006,9.32864]]],[[[-75.89059,9.33101],[-75.89014,9.33101],[-75.89013,9.32975],[-75.89077,9.32984],[-75.89059,9.33101]]],[[[-75.89696,9.32991],[-75.89833,9.3319],[-75.89751,9.33208],[-75.89669,9.331],[-75.89696,9.32991]]],[[[-75.90044,9.3356],[-75.90008,9.33678],[-75.89926,9.3366],[-75.89971,9.3356],[-75.90044,9.3356]]],[[[-75.86507,8.70649],[-75.86533,8.70522],[-75.8657,8.70513],[-75.8657,8.70676],[-75.86616,8.70676],[-75.86679,8.70576],[-75.86761,8.70594],[-75.86697,8.70667],[-75.86752,8.7073],[-75.86734,8.70784],[-75.86507,8.70649]]],[[[-75.86407,8.70885],[-75.86298,8.70812],[-75.86316,8.70722],[-75.86525,8.70893],[-75.86553,8.71092],[-75.86425,8.70975],[-75.86407,8.70885]]],[[[-75.86789,8.70947],[-75.86753,8.71028],[-75.86653,8.70947],[-75.86689,8.70893],[-75.86789,8.70947]]],[[[-75.87162,8.71037],[-75.87171,8.70982],[-75.87244,8.70973],[-75.87307,8.711],[-75.87408,8.71145],[-75.87444,8.71217],[-75.87344,8.71244],[-75.87162,8.71037]]],[[[-75.86982,8.71751],[-75.869,8.71752],[-75.86863,8.71661],[-75.86899,8.71498],[-75.8679,8.71354],[-75.86699,8.71345],[-75.86817,8.71236],[-75.86799,8.71164],[-75.86835,8.71137],[-75.87044,8.71172],[-75.87053,8.71209],[-75.86953,8.71272],[-75.8709,8.71453],[-75.87154,8.71471],[-75.8719,8.71371],[-75.87208,8.71434],[-75.87272,8.71425],[-75.87227,8.71507],[-75.873,8.71715],[-75.87254,8.71669],[-75.87164,8.71742],[-75.87282,8.71724],[-75.87273,8.71832],[-75.87327,8.71877],[-75.86973,8.71869],[-75.86846,8.71924],[-75.86982,8.71751]]],[[[-75.85972,8.71491],[-75.86426,8.71346],[-75.86436,8.71418],[-75.8649,8.71418],[-75.86599,8.71553],[-75.86291,8.71843],[-75.86127,8.71744],[-75.85972,8.71491]]],[[[-75.86355,8.71834],[-75.865,8.7178],[-75.865,8.71716],[-75.86609,8.71644],[-75.86627,8.71761],[-75.86791,8.72014],[-75.86419,8.72033],[-75.86364,8.72015],[-75.86355,8.71834]]],[[[-75.86783,8.72186],[-75.86792,8.72322],[-75.86747,8.72349],[-75.86537,8.72141],[-75.86683,8.72087],[-75.86792,8.72123],[-75.86937,8.72095],[-75.86946,8.72177],[-75.86847,8.72421],[-75.86819,8.72294],[-75.86865,8.72195],[-75.86783,8.72186]]],[[[-75.86392,8.72178],[-75.86456,8.72304],[-75.86547,8.72286],[-75.86574,8.72322],[-75.86501,8.72386],[-75.86411,8.72386],[-75.86374,8.72286],[-75.86319,8.72278],[-75.86392,8.72178]]],[[[-75.86701,8.72394],[-75.86774,8.72466],[-75.86729,8.72485],[-75.86647,8.72385],[-75.86701,8.72394]]],[[[-75.87921,8.9587],[-75.87966,8.95933],[-75.88021,8.95852],[-75.88084,8.95852],[-75.87994,8.95978],[-75.8793,8.9597],[-75.87866,8.95879],[-75.87921,8.9587]]],[[[-75.87066,8.9608],[-75.8713,8.95971],[-75.87184,8.96026],[-75.87275,8.96025],[-75.87294,8.96206],[-75.87166,8.96216],[-75.87166,8.96152],[-75.87239,8.96152],[-75.87066,8.9608]]],[[[-75.87476,8.96477],[-75.87413,8.96405],[-75.87467,8.96378],[-75.8744,8.96305],[-75.87485,8.96197],[-75.87539,8.96215],[-75.87521,8.96278],[-75.87631,8.96287],[-75.87639,8.96187],[-75.87721,8.96268],[-75.8773,8.96187],[-75.87639,8.96088],[-75.87666,8.96015],[-75.87748,8.96042],[-75.87721,8.96151],[-75.87839,8.9616],[-75.87857,8.96006],[-75.87957,8.96015],[-75.87957,8.96069],[-75.87749,8.96296],[-75.87767,8.96395],[-75.87967,8.96078],[-75.8803,8.96014],[-75.88103,8.96023],[-75.88112,8.96078],[-75.88021,8.96159],[-75.87985,8.96277],[-75.87867,8.96322],[-75.87895,8.96404],[-75.87858,8.96449],[-75.87731,8.96522],[-75.87658,8.9644],[-75.87476,8.96477]]],[[[-75.86703,8.96189],[-75.86857,8.9628],[-75.86867,8.96352],[-75.86721,8.96271],[-75.86703,8.96189]]],[[[-75.86676,8.96678],[-75.8644,8.96751],[-75.86331,8.96652],[-75.8634,8.96769],[-75.86295,8.96787],[-75.86212,8.96634],[-75.86222,8.96815],[-75.86158,8.96797],[-75.8613,8.9658],[-75.86094,8.96643],[-75.86122,8.96733],[-75.86067,8.96679],[-75.86094,8.96535],[-75.86257,8.96471],[-75.86358,8.96498],[-75.86366,8.96407],[-75.86439,8.96344],[-75.86521,8.96389],[-75.86412,8.96253],[-75.86612,8.96262],[-75.86894,8.96442],[-75.86912,8.96225],[-75.86976,8.96361],[-75.8703,8.96379],[-75.8693,8.96153],[-75.86966,8.96098],[-75.87121,8.96315],[-75.87058,8.96342],[-75.87076,8.96415],[-75.87003,8.96406],[-75.86967,8.96451],[-75.86967,8.96596],[-75.86795,8.96623],[-75.86658,8.96578],[-75.86676,8.96678]],[[-75.86621,8.96425],[-75.8674,8.96479],[-75.86776,8.96397],[-75.86621,8.96425]],[[-75.86776,8.96542],[-75.8663,8.96497],[-75.86667,8.96551],[-75.86813,8.96605],[-75.86776,8.96542]]],[[[-75.8714,8.96758],[-75.8704,8.96686],[-75.87031,8.96614],[-75.87131,8.96586],[-75.87049,8.96523],[-75.87049,8.96451],[-75.8724,8.9645],[-75.87295,8.96523],[-75.87386,8.96541],[-75.87368,8.9664],[-75.87431,8.96694],[-75.87404,8.96758],[-75.87341,8.96794],[-75.87204,8.96713],[-75.8714,8.96758]]],[[[-75.8674,8.96759],[-75.86813,8.96659],[-75.86858,8.96714],[-75.86904,8.96659],[-75.86913,8.96723],[-75.86986,8.96768],[-75.8695,8.96813],[-75.86877,8.96759],[-75.86859,8.96813],[-75.86922,8.96849],[-75.86795,8.96859],[-75.86795,8.9694],[-75.86713,8.9694],[-75.86804,8.96795],[-75.8674,8.96759]]],[[[-75.87833,8.97109],[-75.87769,8.97182],[-75.87723,8.97073],[-75.87587,8.97065],[-75.87551,8.97101],[-75.87587,8.96956],[-75.87541,8.96929],[-75.8755,8.96821],[-75.87659,8.96911],[-75.87687,8.9701],[-75.87769,8.9701],[-75.87787,8.96919],[-75.87832,8.9701],[-75.87868,8.96874],[-75.87969,8.96892],[-75.87996,8.96783],[-75.88059,8.96747],[-75.88069,8.96883],[-75.87987,8.9691],[-75.87932,8.9701],[-75.87996,8.97154],[-75.87933,8.97317],[-75.87815,8.97272],[-75.87833,8.97109]]],[[[-75.86741,8.97175],[-75.86832,8.97238],[-75.86705,8.97257],[-75.86641,8.97203],[-75.86741,8.97175]]],[[[-75.87024,8.97609],[-75.86888,8.97609],[-75.86806,8.97663],[-75.86624,8.97492],[-75.86633,8.97429],[-75.86705,8.97356],[-75.86915,8.97401],[-75.86969,8.97446],[-75.86933,8.97482],[-75.87024,8.97518],[-75.87061,8.97645],[-75.87106,8.97663],[-75.87152,8.97572],[-75.8706,8.97518],[-75.87087,8.97419],[-75.87024,8.97364],[-75.86933,8.97365],[-75.86978,8.97247],[-75.8706,8.97274],[-75.87096,8.97229],[-75.87087,8.97156],[-75.87041,8.97193],[-75.86996,8.97166],[-75.87014,8.97102],[-75.8715,8.97057],[-75.87169,8.9712],[-75.87232,8.97111],[-75.87332,8.97011],[-75.87086,8.96939],[-75.87195,8.96939],[-75.87241,8.96867],[-75.87432,8.9683],[-75.87396,8.97002],[-75.8735,8.97029],[-75.87414,8.97065],[-75.87414,8.97128],[-75.87287,8.97174],[-75.87315,8.97282],[-75.87142,8.97219],[-75.87105,8.97337],[-75.87187,8.97292],[-75.87224,8.97346],[-75.87315,8.97337],[-75.87315,8.97418],[-75.87388,8.974],[-75.87388,8.97481],[-75.87497,8.97562],[-75.87443,8.97608],[-75.87315,8.97599],[-75.87288,8.97753],[-75.87052,8.97771],[-75.86925,8.97835],[-75.87024,8.97609]]],[[[-75.87605,8.97209],[-75.87624,8.97264],[-75.87569,8.97327],[-75.87642,8.97453],[-75.87597,8.97544],[-75.87524,8.97508],[-75.87524,8.97372],[-75.87605,8.97209]]],[[[-75.87597,8.97634],[-75.87543,8.97607],[-75.87516,8.97689],[-75.87479,8.9768],[-75.87524,8.97571],[-75.87597,8.9758],[-75.87597,8.97634]]],[[[-75.88016,8.9776],[-75.88089,8.97796],[-75.8798,8.97814],[-75.87943,8.97688],[-75.88016,8.9776]]],[[[-75.87498,8.97942],[-75.87534,8.97951],[-75.87444,8.98105],[-75.87416,8.97997],[-75.87498,8.97942]]],[[[-75.8718,8.98079],[-75.87235,8.98106],[-75.87244,8.98033],[-75.87316,8.98051],[-75.87371,8.98006],[-75.87408,8.98141],[-75.87517,8.98141],[-75.87544,8.98186],[-75.87453,8.9825],[-75.87335,8.98178],[-75.87162,8.98269],[-75.87117,8.98223],[-75.8718,8.98079]]],[[[-75.87353,8.98259],[-75.87408,8.98259],[-75.87508,8.98458],[-75.87436,8.98485],[-75.87317,8.98386],[-75.87353,8.98259]]],[[[-75.87736,8.9834],[-75.87608,8.98439],[-75.87617,8.98376],[-75.87736,8.9834]]],[[[-75.87908,8.98393],[-75.88027,8.9852],[-75.87781,8.9852],[-75.87763,8.98484],[-75.87845,8.98493],[-75.87808,8.98412],[-75.87908,8.98393]]],[[[-75.86655,8.99165],[-75.86755,8.99147],[-75.86928,8.99155],[-75.86992,8.9921],[-75.86965,8.99291],[-75.86901,8.99273],[-75.86855,8.99318],[-75.86655,8.99246],[-75.86655,8.99165]]],[[[-75.87058,9.00141],[-75.87149,9.00132],[-75.87131,9.00349],[-75.87049,9.00249],[-75.87058,9.00141]]],[[[-75.86921,9.00259],[-75.87058,9.00322],[-75.87067,9.00367],[-75.86894,9.00395],[-75.86867,9.0034],[-75.86949,9.0034],[-75.86921,9.00259]]],[[[-75.86685,9.00305],[-75.86767,9.00404],[-75.86685,9.00395],[-75.8664,9.00495],[-75.86603,9.00431],[-75.86685,9.00305]]],[[[-75.87715,9.00971],[-75.87742,9.01044],[-75.87851,9.01034],[-75.8786,9.01071],[-75.87724,9.01107],[-75.87624,9.01062],[-75.87715,9.00971]]],[[[-75.86643,9.01743],[-75.86452,9.01734],[-75.86461,9.01716],[-75.86643,9.01743]]],[[[-75.87317,9.02166],[-75.87317,9.01985],[-75.87371,9.01985],[-75.87317,9.02166]]],[[[-75.87545,9.02346],[-75.87454,9.02419],[-75.87463,9.02329],[-75.87536,9.02265],[-75.87545,9.02346]]],[[[-75.87974,9.0287],[-75.88083,9.02888],[-75.8811,9.02852],[-75.88101,9.02797],[-75.88047,9.02816],[-75.88019,9.0277],[-75.87919,9.02798],[-75.8781,9.02735],[-75.87746,9.02753],[-75.87774,9.02852],[-75.87937,9.02861],[-75.87938,9.02915],[-75.87874,9.02897],[-75.87829,9.02952],[-75.87765,9.02889],[-75.87656,9.02916],[-75.87628,9.0288],[-75.87683,9.02871],[-75.87664,9.02826],[-75.87601,9.02817],[-75.87601,9.02871],[-75.87501,9.02817],[-75.87519,9.02763],[-75.87628,9.02789],[-75.87719,9.02744],[-75.87637,9.0269],[-75.8771,9.02645],[-75.87682,9.02554],[-75.87582,9.02672],[-75.87519,9.02672],[-75.87555,9.02591],[-75.87509,9.02564],[-75.87509,9.02509],[-75.87464,9.02509],[-75.87473,9.02473],[-75.87545,9.02491],[-75.87564,9.02591],[-75.87673,9.02536],[-75.87636,9.02401],[-75.877,9.02283],[-75.87772,9.02301],[-75.87763,9.02391],[-75.87882,9.02391],[-75.87891,9.02309],[-75.87954,9.02273],[-75.87918,9.02373],[-75.87946,9.02481],[-75.88009,9.0249],[-75.88082,9.02598],[-75.88019,9.02662],[-75.87928,9.02653],[-75.87909,9.02527],[-75.87855,9.02662],[-75.88019,9.02716],[-75.8811,9.02671],[-75.88192,9.0277],[-75.88147,9.02879],[-75.88165,9.02978],[-75.8802,9.02933],[-75.87974,9.0287]]],[[[-75.86182,9.03227],[-75.86046,9.03227],[-75.85991,9.03092],[-75.86091,9.03073],[-75.86036,9.02974],[-75.86209,9.02919],[-75.85936,9.02911],[-75.858,9.02966],[-75.85727,9.02767],[-75.85772,9.02685],[-75.85753,9.02541],[-75.8579,9.02486],[-75.85999,9.02495],[-75.85881,9.02667],[-75.86008,9.02585],[-75.86117,9.02621],[-75.86144,9.02531],[-75.86208,9.0254],[-75.86162,9.02458],[-75.8619,9.02377],[-75.86271,9.02368],[-75.86144,9.02287],[-75.86444,9.02186],[-75.86535,9.02258],[-75.8648,9.02132],[-75.86607,9.02059],[-75.86644,9.02086],[-75.86707,9.01987],[-75.86835,9.02086],[-75.86871,9.02176],[-75.86771,9.02222],[-75.86799,9.02122],[-75.86753,9.02113],[-75.86735,9.02195],[-75.86608,9.02322],[-75.86726,9.02321],[-75.86772,9.02421],[-75.86954,9.02366],[-75.86981,9.02411],[-75.86817,9.0243],[-75.8679,9.02511],[-75.86681,9.02493],[-75.86617,9.02403],[-75.86499,9.02394],[-75.86499,9.02349],[-75.86454,9.0243],[-75.86389,9.02268],[-75.86335,9.02322],[-75.86372,9.02376],[-75.86335,9.02449],[-75.86472,9.02521],[-75.86699,9.02547],[-75.86736,9.02602],[-75.86664,9.02756],[-75.86582,9.02783],[-75.86445,9.0272],[-75.86354,9.02738],[-75.86354,9.02684],[-75.86309,9.02693],[-75.86326,9.02539],[-75.86226,9.02531],[-75.86272,9.02648],[-75.86172,9.02712],[-75.86309,9.02802],[-75.86346,9.02964],[-75.86227,9.02919],[-75.86218,9.02947],[-75.86327,9.02992],[-75.86419,9.031],[-75.86364,9.03127],[-75.86373,9.03181],[-75.8621,9.03245],[-75.86474,9.03244],[-75.86474,9.03208],[-75.8651,9.03244],[-75.86465,9.03263],[-75.86474,9.03326],[-75.86428,9.0329],[-75.86419,9.03335],[-75.86337,9.03335],[-75.86383,9.0329],[-75.86346,9.03272],[-75.86319,9.03335],[-75.86174,9.03327],[-75.86156,9.03462],[-75.86101,9.03281],[-75.86182,9.03227]],[[-75.86618,9.02692],[-75.86554,9.02611],[-75.86472,9.02602],[-75.86463,9.02666],[-75.86618,9.02692]]],[[[-75.86827,9.02737],[-75.868,9.028],[-75.86855,9.02827],[-75.86709,9.02819],[-75.86745,9.02701],[-75.86827,9.02737]]],[[[-75.872,9.028],[-75.87273,9.02763],[-75.87401,9.02817],[-75.87419,9.0288],[-75.87346,9.02917],[-75.872,9.028]]],[[[-75.86927,9.02755],[-75.87082,9.02791],[-75.87137,9.02863],[-75.87073,9.02881],[-75.87128,9.02917],[-75.87001,9.02927],[-75.86927,9.02755]]],[[[-75.86555,9.0281],[-75.86646,9.02837],[-75.86664,9.029],[-75.86564,9.02955],[-75.86482,9.0291],[-75.86555,9.0281]]],[[[-75.86764,9.02873],[-75.86846,9.02882],[-75.86873,9.02954],[-75.8691,9.02936],[-75.86928,9.02945],[-75.86873,9.0299],[-75.867,9.02927],[-75.86764,9.02873]]],[[[-75.8741,9.02917],[-75.87501,9.02871],[-75.87619,9.02952],[-75.87556,9.03007],[-75.87556,9.03088],[-75.87501,9.03016],[-75.87428,9.03034],[-75.8741,9.02917]]],[[[-75.87875,9.03422],[-75.87812,9.0344],[-75.87784,9.03277],[-75.87748,9.03341],[-75.87657,9.03314],[-75.87629,9.03368],[-75.87575,9.03332],[-75.87575,9.03269],[-75.87502,9.03278],[-75.87511,9.03233],[-75.8762,9.03187],[-75.87583,9.03115],[-75.87628,9.02988],[-75.8771,9.03006],[-75.87638,9.0307],[-75.87675,9.03233],[-75.87747,9.03223],[-75.87747,9.0316],[-75.87865,9.03105],[-75.87893,9.03268],[-75.87993,9.03304],[-75.87993,9.03205],[-75.87929,9.03196],[-75.87938,9.02933],[-75.88002,9.03123],[-75.88066,9.03132],[-75.88074,9.03014],[-75.88174,9.03041],[-75.88211,9.03258],[-75.88111,9.0325],[-75.8813,9.03358],[-75.88193,9.03367],[-75.8813,9.03412],[-75.88157,9.03503],[-75.88021,9.03521],[-75.87875,9.03422]]],[[[-75.86984,9.03524],[-75.87047,9.03424],[-75.86975,9.03451],[-75.86965,9.0337],[-75.86902,9.03388],[-75.86865,9.03343],[-75.86874,9.03406],[-75.8682,9.03443],[-75.8662,9.0338],[-75.86556,9.03516],[-75.86693,9.03624],[-75.86565,9.03597],[-75.86502,9.03534],[-75.86556,9.03335],[-75.86765,9.03352],[-75.86683,9.03253],[-75.86728,9.03126],[-75.86637,9.03072],[-75.86519,9.031],[-75.86446,9.02991],[-75.86555,9.02964],[-75.86637,9.03027],[-75.86773,9.03027],[-75.86801,9.03108],[-75.86946,9.03071],[-75.87183,9.03152],[-75.87183,9.03089],[-75.87119,9.03035],[-75.87183,9.0298],[-75.87164,9.02908],[-75.8731,9.02962],[-75.87365,9.03034],[-75.87338,9.03116],[-75.87474,9.03143],[-75.87456,9.03215],[-75.87292,9.03188],[-75.87256,9.03134],[-75.87201,9.03161],[-75.87292,9.03242],[-75.87502,9.03305],[-75.87502,9.03387],[-75.87584,9.03414],[-75.87611,9.03477],[-75.8753,9.03558],[-75.87348,9.03568],[-75.87203,9.03749],[-75.8713,9.03722],[-75.87102,9.03578],[-75.86984,9.03524]],[[-75.87111,9.0355],[-75.87184,9.0355],[-75.8712,9.03451],[-75.87066,9.03469],[-75.87111,9.0355]],[[-75.87002,9.03343],[-75.87147,9.03351],[-75.87065,9.03252],[-75.8702,9.03261],[-75.87002,9.03343]]],[[[-75.8651,9.03416],[-75.86392,9.03462],[-75.86419,9.03344],[-75.8651,9.03416]]],[[[-75.8692,9.03469],[-75.86929,9.03605],[-75.86893,9.03605],[-75.86829,9.03506],[-75.8692,9.03469]]],[[[-75.87039,9.03713],[-75.87039,9.03768],[-75.86966,9.03741],[-75.86993,9.03668],[-75.87039,9.03713]]],[[[-75.88067,9.03819],[-75.87858,9.03865],[-75.87812,9.03838],[-75.87921,9.03558],[-75.88194,9.0362],[-75.88112,9.03747],[-75.88176,9.03747],[-75.88177,9.03919],[-75.88241,9.04009],[-75.88113,9.04027],[-75.88049,9.03991],[-75.88067,9.03819]]],[[[-75.86466,9.03878],[-75.86448,9.03823],[-75.8653,9.03796],[-75.86575,9.03886],[-75.86557,9.03805],[-75.86648,9.03814],[-75.86657,9.03877],[-75.86794,9.03976],[-75.86748,9.03994],[-75.86575,9.03904],[-75.86466,9.03878]]],[[[-75.87585,9.03857],[-75.87631,9.03902],[-75.87613,9.03992],[-75.87695,9.04019],[-75.87576,9.04038],[-75.87522,9.03974],[-75.87585,9.03857]]],[[[-75.86594,9.04149],[-75.86621,9.04067],[-75.86758,9.04121],[-75.86849,9.0403],[-75.86949,9.04112],[-75.86922,9.04166],[-75.86912,9.04121],[-75.86794,9.04103],[-75.86885,9.04202],[-75.86849,9.04229],[-75.86867,9.04302],[-75.86804,9.04302],[-75.86703,9.04166],[-75.86594,9.04149]]],[[[-75.87577,9.04309],[-75.87486,9.043],[-75.87495,9.04228],[-75.87577,9.04264],[-75.87577,9.04309]]],[[[-75.87832,9.04525],[-75.87741,9.04471],[-75.87687,9.0449],[-75.87687,9.04553],[-75.87496,9.04499],[-75.87541,9.04445],[-75.87678,9.0449],[-75.87622,9.04164],[-75.87686,9.04119],[-75.87822,9.04155],[-75.87831,9.04037],[-75.87749,9.0401],[-75.87749,9.0392],[-75.87849,9.03928],[-75.87868,9.04019],[-75.87995,9.04055],[-75.87932,9.04191],[-75.8785,9.04182],[-75.87759,9.04281],[-75.87759,9.04336],[-75.87841,9.04381],[-75.87805,9.04471],[-75.87905,9.04507],[-75.87869,9.04652],[-75.87742,9.04607],[-75.87832,9.04525]]],[[[-75.88005,9.04326],[-75.88169,9.04362],[-75.88141,9.04434],[-75.88041,9.0438],[-75.87987,9.04398],[-75.88005,9.04326]]],[[[-75.87504,9.04336],[-75.87359,9.04481],[-75.87323,9.04409],[-75.87504,9.04336]]],[[[-75.86904,9.04374],[-75.86977,9.04455],[-75.86913,9.04446],[-75.86859,9.04383],[-75.86904,9.04374]]],[[[-75.86386,9.04475],[-75.86404,9.04384],[-75.86467,9.0442],[-75.86386,9.04475]]],[[[-75.87478,9.04599],[-75.87423,9.04608],[-75.87396,9.04526],[-75.87477,9.04508],[-75.87478,9.04599]]],[[[-75.87523,9.04671],[-75.87578,9.04662],[-75.8766,9.04716],[-75.8776,9.04688],[-75.87669,9.04806],[-75.87514,9.04725],[-75.87523,9.04671]]],[[[-75.8645,9.04701],[-75.86532,9.04727],[-75.86559,9.04791],[-75.86687,9.04799],[-75.86696,9.04944],[-75.86614,9.04971],[-75.86569,9.04944],[-75.86596,9.04872],[-75.86514,9.04854],[-75.8645,9.04701]]],[[[-75.86387,9.04936],[-75.86368,9.04845],[-75.86432,9.04836],[-75.8647,9.04899],[-75.86387,9.04936]]],[[[-75.88098,9.05113],[-75.8797,9.04977],[-75.88024,9.04869],[-75.87988,9.04769],[-75.87897,9.04751],[-75.87842,9.04869],[-75.87952,9.05023],[-75.87697,9.04996],[-75.87779,9.05104],[-75.87752,9.05177],[-75.87716,9.05123],[-75.87652,9.0515],[-75.87661,9.05023],[-75.8757,9.05014],[-75.87352,9.05105],[-75.87297,9.05051],[-75.87251,9.05097],[-75.8727,9.05187],[-75.87124,9.05169],[-75.87179,9.05115],[-75.87115,9.04961],[-75.87251,9.04961],[-75.87288,9.05024],[-75.87406,9.04988],[-75.87315,9.04888],[-75.87406,9.04906],[-75.87414,9.04798],[-75.87324,9.04807],[-75.87287,9.0487],[-75.87223,9.04807],[-75.87178,9.04853],[-75.87169,9.04807],[-75.87242,9.04771],[-75.87314,9.04807],[-75.87414,9.04707],[-75.87506,9.04825],[-75.87442,9.0496],[-75.87697,9.04924],[-75.87842,9.04724],[-75.87978,9.04715],[-75.8796,9.04643],[-75.8806,9.04633],[-75.88005,9.04561],[-75.88051,9.04471],[-75.88169,9.04497],[-75.88169,9.04606],[-75.88233,9.04615],[-75.88224,9.04868],[-75.88179,9.04932],[-75.8827,9.04986],[-75.88334,9.05157],[-75.88262,9.05239],[-75.88298,9.05302],[-75.88235,9.05384],[-75.88198,9.05357],[-75.88117,9.05402],[-75.88107,9.05266],[-75.88034,9.05239],[-75.88098,9.05113]],[[-75.88115,9.04877],[-75.88024,9.04959],[-75.88043,9.04968],[-75.88161,9.04914],[-75.88115,9.04877]]],[[[-75.86123,9.05051],[-75.86159,9.04964],[-75.86405,9.04981],[-75.86423,9.05031],[-75.86373,9.05072],[-75.86123,9.05051]]],[[[-75.86061,9.05127],[-75.86123,9.05117],[-75.86151,9.05244],[-75.86219,9.05208],[-75.86333,9.05225],[-75.86196,9.0528],[-75.86051,9.05235],[-75.86061,9.05127]]],[[[-75.8808,9.05393],[-75.87962,9.05375],[-75.87971,9.05312],[-75.8808,9.0533],[-75.8808,9.05393]]],[[[-75.87643,9.05412],[-75.87543,9.05431],[-75.87561,9.05331],[-75.87661,9.05358],[-75.87643,9.05412]]],[[[-75.87034,9.05468],[-75.8718,9.05486],[-75.87207,9.05449],[-75.87271,9.05504],[-75.87089,9.05612],[-75.86952,9.05586],[-75.86961,9.05477],[-75.86925,9.05459],[-75.86952,9.05387],[-75.87025,9.05359],[-75.87034,9.05468]]],[[[-75.87444,9.0563],[-75.87516,9.05593],[-75.87535,9.05648],[-75.87344,9.05666],[-75.87344,9.05585],[-75.87444,9.0563]]],[[[-75.87553,9.05494],[-75.8778,9.0552],[-75.87817,9.05719],[-75.8769,9.0572],[-75.87681,9.05783],[-75.87599,9.05756],[-75.87617,9.0562],[-75.87553,9.05494]]],[[[-75.87944,9.05674],[-75.87935,9.05728],[-75.87862,9.05692],[-75.87908,9.05647],[-75.87944,9.05674]]],[[[-75.88099,9.05809],[-75.88109,9.05881],[-75.88009,9.059],[-75.88099,9.05809]]],[[[-75.87954,9.05909],[-75.87836,9.05918],[-75.87863,9.05837],[-75.87945,9.05846],[-75.87954,9.05909]]],[[[-75.86297,9.0537],[-75.86443,9.05108],[-75.86524,9.05171],[-75.86496,9.05089],[-75.86569,9.05035],[-75.86578,9.05171],[-75.86642,9.05143],[-75.86715,9.05206],[-75.86615,9.05297],[-75.86569,9.05198],[-75.86497,9.05189],[-75.86488,9.05234],[-75.86579,9.05279],[-75.86597,9.05388],[-75.86488,9.05361],[-75.86479,9.05397],[-75.8677,9.05523],[-75.86715,9.05405],[-75.86834,9.05396],[-75.86925,9.05468],[-75.8688,9.05568],[-75.86934,9.05622],[-75.86871,9.0574],[-75.86935,9.05749],[-75.86962,9.05631],[-75.87016,9.05631],[-75.8729,9.05811],[-75.87262,9.05874],[-75.87171,9.05856],[-75.87199,9.05929],[-75.87117,9.06028],[-75.87154,9.06092],[-75.87199,9.06101],[-75.87181,9.06019],[-75.87217,9.05983],[-75.8729,9.06037],[-75.87399,9.0601],[-75.87518,9.06073],[-75.87573,9.06226],[-75.87491,9.06254],[-75.87491,9.06163],[-75.87482,9.06263],[-75.87427,9.06281],[-75.87346,9.0648],[-75.87282,9.06507],[-75.87264,9.06643],[-75.87091,9.06644],[-75.87028,9.06716],[-75.87037,9.06779],[-75.86973,9.06798],[-75.87019,9.06662],[-75.87146,9.06598],[-75.871,9.06517],[-75.87182,9.06417],[-75.871,9.06291],[-75.87181,9.06191],[-75.87118,9.06218],[-75.86963,9.06155],[-75.87062,9.05893],[-75.87117,9.05875],[-75.87099,9.0583],[-75.86971,9.05848],[-75.86981,9.05965],[-75.8688,9.05966],[-75.86899,9.06101],[-75.86826,9.06038],[-75.86735,9.06038],[-75.86744,9.05894],[-75.86589,9.05804],[-75.86598,9.05632],[-75.86479,9.05596],[-75.86516,9.05659],[-75.86452,9.05695],[-75.86562,9.05804],[-75.86553,9.05885],[-75.86443,9.05777],[-75.86362,9.05831],[-75.86316,9.05795],[-75.86434,9.05695],[-75.86397,9.05605],[-75.86307,9.05641],[-75.86252,9.05542],[-75.86234,9.05669],[-75.86161,9.05651],[-75.86088,9.05467],[-75.86124,9.05452],[-75.86106,9.05325],[-75.86297,9.0537]],[[-75.86716,9.05604],[-75.86734,9.05695],[-75.86771,9.05668],[-75.8677,9.05604],[-75.86716,9.05604]]],[[[-75.87818,9.06162],[-75.87782,9.06172],[-75.87745,9.0609],[-75.87818,9.06099],[-75.87818,9.06162]]],[[[-75.86763,9.06183],[-75.86745,9.06274],[-75.86645,9.06247],[-75.86644,9.06138],[-75.86699,9.0612],[-75.86763,9.06183]]],[[[-75.87455,9.06516],[-75.87391,9.06543],[-75.874,9.06426],[-75.87473,9.06407],[-75.87455,9.06516]]],[[[-75.87892,9.06642],[-75.87774,9.06606],[-75.87755,9.06497],[-75.87655,9.06516],[-75.87646,9.06461],[-75.87773,9.06434],[-75.87801,9.06524],[-75.87965,9.06515],[-75.87874,9.06732],[-75.87701,9.0676],[-75.87656,9.06696],[-75.87747,9.06714],[-75.87892,9.06642]]],[[[-75.869,9.06608],[-75.86928,9.06662],[-75.86846,9.0668],[-75.86791,9.06626],[-75.869,9.06608]]],[[[-75.861,9.06944],[-75.86191,9.06908],[-75.862,9.06845],[-75.86127,9.06781],[-75.86227,9.06763],[-75.86191,9.06646],[-75.86291,9.06573],[-75.863,9.067],[-75.86336,9.06709],[-75.86491,9.06591],[-75.86463,9.06482],[-75.86399,9.06464],[-75.86481,9.06383],[-75.8649,9.06446],[-75.86636,9.06473],[-75.86654,9.06545],[-75.86791,9.06382],[-75.86836,9.06445],[-75.86909,9.06454],[-75.86891,9.06535],[-75.86973,9.06526],[-75.86982,9.06454],[-75.87045,9.06436],[-75.87,9.06617],[-75.86754,9.06491],[-75.86755,9.06599],[-75.86691,9.06581],[-75.86609,9.06699],[-75.865,9.06663],[-75.86546,9.06726],[-75.86474,9.07016],[-75.86392,9.06989],[-75.86482,9.06898],[-75.86364,9.06745],[-75.86273,9.06817],[-75.86291,9.06862],[-75.86237,9.06899],[-75.86273,9.06953],[-75.8621,9.07071],[-75.861,9.06944]]],[[[-75.87347,9.06833],[-75.87283,9.06878],[-75.87246,9.06743],[-75.87319,9.06706],[-75.87347,9.06833]]],[[[-75.87165,9.06878],[-75.87129,9.06951],[-75.87083,9.06933],[-75.87101,9.07014],[-75.87029,9.07042],[-75.86983,9.0696],[-75.87165,9.06878]]],[[[-75.87774,9.06787],[-75.87892,9.06768],[-75.87838,9.07013],[-75.87866,9.07085],[-75.87802,9.07166],[-75.87784,9.06976],[-75.8782,9.06949],[-75.87774,9.06787]]],[[[-75.88057,9.07256],[-75.88121,9.07247],[-75.88076,9.07374],[-75.88003,9.07302],[-75.88057,9.07211],[-75.88057,9.07256]]],[[[-75.86393,9.07405],[-75.8652,9.07414],[-75.86611,9.07522],[-75.86502,9.07549],[-75.86393,9.07405]]],[[[-75.86357,9.07785],[-75.86348,9.07866],[-75.86275,9.07821],[-75.86339,9.0774],[-75.86357,9.07785]]],[[[-75.8666,9.08797],[-75.86751,9.08779],[-75.86714,9.08715],[-75.8676,9.0867],[-75.86759,9.08544],[-75.86714,9.08526],[-75.8675,9.08453],[-75.86695,9.08399],[-75.86613,9.08435],[-75.86668,9.08508],[-75.86586,9.08526],[-75.86577,9.08218],[-75.86467,9.08155],[-75.8654,9.08056],[-75.8664,9.08083],[-75.86685,9.08001],[-75.86858,9.07983],[-75.86885,9.07928],[-75.86812,9.07919],[-75.86876,9.07883],[-75.86849,9.07847],[-75.86439,9.07956],[-75.86412,9.07875],[-75.86448,9.0783],[-75.86357,9.07758],[-75.86393,9.07703],[-75.86339,9.07667],[-75.86329,9.07559],[-75.86366,9.07532],[-75.86575,9.07667],[-75.86657,9.07657],[-75.86639,9.07549],[-75.86684,9.07522],[-75.8662,9.07495],[-75.86647,9.07377],[-75.86575,9.07395],[-75.86611,9.07323],[-75.86747,9.07305],[-75.8682,9.07241],[-75.86875,9.0734],[-75.86947,9.0734],[-75.86893,9.07214],[-75.86774,9.07151],[-75.86801,9.07042],[-75.86674,9.07106],[-75.86619,9.07015],[-75.86565,9.07016],[-75.86628,9.06934],[-75.8661,9.06871],[-75.86682,9.06816],[-75.86619,9.06771],[-75.86655,9.06726],[-75.86701,9.06825],[-75.86864,9.06825],[-75.86801,9.06934],[-75.86937,9.06906],[-75.86938,9.07015],[-75.86874,9.07078],[-75.86883,9.0716],[-75.86938,9.07132],[-75.86965,9.07186],[-75.86956,9.0725],[-75.87011,9.07186],[-75.86956,9.07123],[-75.86974,9.07078],[-75.87075,9.07195],[-75.8712,9.07078],[-75.8732,9.07059],[-75.8732,9.07267],[-75.87229,9.07285],[-75.87175,9.07213],[-75.87111,9.07268],[-75.87148,9.07512],[-75.87039,9.0753],[-75.87103,9.07656],[-75.86985,9.0763],[-75.86848,9.07729],[-75.87167,9.0772],[-75.87076,9.0781],[-75.87104,9.08027],[-75.87158,9.08018],[-75.8714,9.07946],[-75.87194,9.07864],[-75.87349,9.07864],[-75.87413,9.07999],[-75.87359,9.08027],[-75.87386,9.08108],[-75.87259,9.08054],[-75.87249,9.07973],[-75.87231,9.08045],[-75.87168,9.08072],[-75.87168,9.08154],[-75.86895,9.08163],[-75.86868,9.08218],[-75.87013,9.08235],[-75.86922,9.0829],[-75.86859,9.08272],[-75.86786,9.08345],[-75.86786,9.08399],[-75.86977,9.08453],[-75.86996,9.08389],[-75.86886,9.08353],[-75.87004,9.08317],[-75.87087,9.08407],[-75.8705,9.08326],[-75.87141,9.08262],[-75.87223,9.0828],[-75.87214,9.08398],[-75.87323,9.08425],[-75.87278,9.08524],[-75.87078,9.08525],[-75.87087,9.08561],[-75.87242,9.0856],[-75.87269,9.08597],[-75.8716,9.08687],[-75.87133,9.08832],[-75.86988,9.08941],[-75.87024,9.09013],[-75.86879,9.0905],[-75.86815,9.09014],[-75.86906,9.08968],[-75.86888,9.08923],[-75.86815,9.08932],[-75.86779,9.09014],[-75.86651,9.08996],[-75.8656,9.09078],[-75.86442,9.09024],[-75.8666,9.08797]],[[-75.86923,9.08462],[-75.86787,9.08562],[-75.86941,9.08561],[-75.86987,9.08543],[-75.86923,9.08462]],[[-75.86922,9.07946],[-75.87067,9.0791],[-75.86994,9.07838],[-75.86958,9.07838],[-75.86922,9.07946]],[[-75.86948,9.07512],[-75.86875,9.0753],[-75.87021,9.07548],[-75.86948,9.07467],[-75.86948,9.07512]]],[[[-75.86414,9.08698],[-75.86423,9.08608],[-75.86496,9.08607],[-75.86478,9.0868],[-75.86523,9.0868],[-75.86577,9.08589],[-75.8665,9.08607],[-75.86587,9.08779],[-75.86514,9.0877],[-75.86487,9.08689],[-75.86469,9.08779],[-75.86332,9.08707],[-75.86414,9.08698]]],[[[-75.86305,9.08744],[-75.86423,9.08789],[-75.86342,9.08888],[-75.8625,9.08834],[-75.86305,9.08744]]],[[[-75.8677,9.0914],[-75.86679,9.09186],[-75.8666,9.09068],[-75.8677,9.0914]]],[[[-75.86806,9.09158],[-75.86852,9.09158],[-75.86815,9.09086],[-75.86988,9.09086],[-75.87162,9.09329],[-75.87007,9.09375],[-75.87025,9.09239],[-75.86979,9.09149],[-75.86934,9.09149],[-75.86925,9.09339],[-75.86861,9.09384],[-75.86806,9.09158]]],[[[-75.87407,9.09166],[-75.87444,9.09293],[-75.87362,9.09266],[-75.87361,9.09175],[-75.87407,9.09166]]],[[[-75.85842,9.09405],[-75.85961,9.09377],[-75.85869,9.09215],[-75.85942,9.09179],[-75.8596,9.09034],[-75.86005,9.09043],[-75.85987,9.09178],[-75.86024,9.09187],[-75.86078,9.09133],[-75.86151,9.09151],[-75.86151,9.09079],[-75.86215,9.09106],[-75.86251,9.09033],[-75.86378,9.08988],[-75.86479,9.09114],[-75.8667,9.09231],[-75.86652,9.09276],[-75.8657,9.09231],[-75.86443,9.09277],[-75.86415,9.09223],[-75.86342,9.09214],[-75.86279,9.09268],[-75.86233,9.09205],[-75.8607,9.09359],[-75.86015,9.09341],[-75.86033,9.09395],[-75.85906,9.09495],[-75.85915,9.09531],[-75.8577,9.09532],[-75.8577,9.09486],[-75.85852,9.09477],[-75.85842,9.09405]]],[[[-75.87489,9.09302],[-75.87608,9.09437],[-75.87526,9.09455],[-75.87489,9.09302]]],[[[-75.86344,9.09937],[-75.86363,9.10082],[-75.86326,9.101],[-75.86226,9.10055],[-75.86235,9.09992],[-75.86344,9.09937]]],[[[-75.87054,9.10162],[-75.87054,9.10198],[-75.86973,9.10225],[-75.86918,9.10162],[-75.86936,9.10108],[-75.87054,9.10162]]],[[[-75.86383,9.10778],[-75.86337,9.10797],[-75.86355,9.10697],[-75.864,9.10679],[-75.86383,9.10778]]],[[[-75.86876,9.117],[-75.86712,9.11582],[-75.86712,9.11492],[-75.86612,9.11411],[-75.86557,9.1142],[-75.86584,9.11348],[-75.86666,9.1132],[-75.86611,9.11357],[-75.86621,9.11411],[-75.86757,9.11429],[-75.86767,9.11591],[-75.86994,9.1169],[-75.87076,9.11681],[-75.86995,9.1179],[-75.87086,9.11907],[-75.8694,9.11944],[-75.86895,9.1188],[-75.86876,9.117]]],[[[-75.87224,9.12694],[-75.87234,9.12748],[-75.87325,9.12748],[-75.87343,9.12793],[-75.87161,9.12766],[-75.87124,9.12676],[-75.87224,9.12694]]],[[[-75.87052,9.12839],[-75.87007,9.12938],[-75.86979,9.12812],[-75.87024,9.12785],[-75.87052,9.12839]]],[[[-75.87307,9.12883],[-75.87316,9.12856],[-75.87398,9.12838],[-75.87507,9.13019],[-75.87471,9.13163],[-75.87425,9.13019],[-75.87307,9.12883]]],[[[-75.87061,9.13074],[-75.87134,9.13137],[-75.87089,9.13182],[-75.87007,9.13101],[-75.87061,9.13074]]],[[[-75.87544,9.13109],[-75.87572,9.13254],[-75.87499,9.13218],[-75.87544,9.13109]]],[[[-75.86816,9.13255],[-75.86862,9.13255],[-75.86862,9.13355],[-75.86944,9.13336],[-75.86935,9.13427],[-75.86853,9.13454],[-75.86816,9.13255]]],[[[-75.87608,9.13299],[-75.87626,9.13371],[-75.87545,9.13407],[-75.87517,9.13344],[-75.87608,9.13299]]],[[[-75.87271,9.13299],[-75.87272,9.13426],[-75.8719,9.13381],[-75.87189,9.13327],[-75.87271,9.13299]]],[[[-75.86354,9.13871],[-75.86436,9.1398],[-75.86336,9.14052],[-75.86272,9.13989],[-75.86354,9.13871]]],[[[-75.87173,9.14087],[-75.87164,9.14123],[-75.87064,9.14087],[-75.87082,9.14033],[-75.87173,9.14087]]],[[[-75.86782,9.14205],[-75.86946,9.14358],[-75.86901,9.14359],[-75.86782,9.14205]]],[[[-75.86583,9.14703],[-75.86638,9.14848],[-75.86529,9.14821],[-75.86538,9.14721],[-75.86583,9.14703]]],[[[-75.87158,9.15172],[-75.87148,9.15027],[-75.87084,9.15],[-75.86984,9.1501],[-75.86957,9.15127],[-75.86821,9.15164],[-75.86775,9.15019],[-75.86839,9.14983],[-75.86829,9.14892],[-75.86884,9.14928],[-75.86884,9.15046],[-75.86966,9.15028],[-75.87011,9.14946],[-75.86902,9.14928],[-75.86829,9.14829],[-75.86747,9.14847],[-75.86702,9.1501],[-75.86629,9.15001],[-75.86602,9.15092],[-75.86466,9.15065],[-75.8642,9.15128],[-75.86284,9.15165],[-75.86174,9.15066],[-75.86247,9.15011],[-75.86183,9.14921],[-75.86183,9.14821],[-75.86283,9.14812],[-75.86201,9.14749],[-75.86155,9.14577],[-75.86191,9.14559],[-75.86264,9.14622],[-75.86237,9.14487],[-75.86401,9.14504],[-75.86382,9.14396],[-75.86437,9.14477],[-75.86519,9.14468],[-75.86583,9.14585],[-75.86473,9.14531],[-75.86455,9.14604],[-75.86328,9.14613],[-75.86374,9.14703],[-75.8631,9.14758],[-75.8632,9.14939],[-75.86438,9.15011],[-75.86465,9.14947],[-75.86656,9.14938],[-75.86647,9.14875],[-75.86693,9.14865],[-75.86656,9.14694],[-75.86537,9.14649],[-75.86574,9.14613],[-75.8672,9.14676],[-75.86665,9.14576],[-75.86701,9.14477],[-75.86646,9.14495],[-75.86637,9.14441],[-75.86764,9.14449],[-75.86792,9.14648],[-75.86819,9.14594],[-75.86847,9.14639],[-75.86938,9.14594],[-75.86919,9.14458],[-75.86956,9.14521],[-75.87019,9.14503],[-75.87065,9.14684],[-75.87147,9.14711],[-75.87275,9.14665],[-75.87075,9.1491],[-75.87375,9.14864],[-75.87385,9.15018],[-75.87312,9.15135],[-75.87367,9.15126],[-75.87485,9.15298],[-75.87322,9.15316],[-75.87158,9.15172]],[[-75.86929,9.14793],[-75.87029,9.14783],[-75.87047,9.14675],[-75.87011,9.1463],[-75.86993,9.1472],[-75.86938,9.14711],[-75.86929,9.14793]]],[[[-75.86848,9.15218],[-75.86858,9.15308],[-75.86776,9.15272],[-75.8673,9.15336],[-75.86639,9.15318],[-75.8663,9.15191],[-75.86848,9.15218]]],[[[-75.87631,9.15216],[-75.87686,9.15333],[-75.87549,9.15334],[-75.87631,9.15216]]],[[[-75.86449,9.15526],[-75.86503,9.15526],[-75.86558,9.15427],[-75.86357,9.15445],[-75.86275,9.15328],[-75.86293,9.15292],[-75.86393,9.15318],[-75.86402,9.15237],[-75.86475,9.15363],[-75.86548,9.15327],[-75.86685,9.15453],[-75.86649,9.15508],[-75.86567,9.15472],[-75.86613,9.15589],[-75.86521,9.15526],[-75.86485,9.15571],[-75.86449,9.15526]]],[[[-75.86121,9.15373],[-75.86266,9.15364],[-75.86294,9.155],[-75.86221,9.15418],[-75.86194,9.15482],[-75.8623,9.15518],[-75.86166,9.15536],[-75.86084,9.15482],[-75.86121,9.15373]]],[[[-75.86631,9.15598],[-75.86649,9.15671],[-75.86713,9.15661],[-75.86768,9.15715],[-75.86595,9.15734],[-75.86558,9.15662],[-75.86631,9.15598]]],[[[-75.87059,9.15697],[-75.87113,9.15687],[-75.87132,9.15733],[-75.87004,9.15851],[-75.87059,9.15697]]],[[[-75.87288,9.16402],[-75.87552,9.1632],[-75.87533,9.16238],[-75.87642,9.16184],[-75.87642,9.16129],[-75.87533,9.16048],[-75.87578,9.16039],[-75.8756,9.15985],[-75.87369,9.15895],[-75.87478,9.15886],[-75.87505,9.1584],[-75.87569,9.15885],[-75.87605,9.15795],[-75.87541,9.15705],[-75.87423,9.15732],[-75.87395,9.15624],[-75.87341,9.15669],[-75.87177,9.15651],[-75.87122,9.15588],[-75.87094,9.15371],[-75.87022,9.15489],[-75.86949,9.15516],[-75.86903,9.15399],[-75.86949,9.15453],[-75.87013,9.15425],[-75.86958,9.15371],[-75.86994,9.15281],[-75.87212,9.15271],[-75.87313,9.15416],[-75.87458,9.15415],[-75.87486,9.15479],[-75.87604,9.15496],[-75.87668,9.15605],[-75.8775,9.15559],[-75.87732,9.15605],[-75.87787,9.15614],[-75.87851,9.1574],[-75.8796,9.15821],[-75.87933,9.15884],[-75.88115,9.15965],[-75.88088,9.16029],[-75.87933,9.16111],[-75.87897,9.1621],[-75.87934,9.16346],[-75.87834,9.16355],[-75.87816,9.16418],[-75.87661,9.16383],[-75.87561,9.16555],[-75.87379,9.16537],[-75.87334,9.16474],[-75.87261,9.16492],[-75.87288,9.16402]],[[-75.87688,9.1631],[-75.87761,9.16319],[-75.87779,9.16247],[-75.87706,9.16238],[-75.87688,9.1631]],[[-75.87761,9.16156],[-75.8777,9.16111],[-75.87697,9.16093],[-75.87697,9.16165],[-75.87761,9.16156]],[[-75.87706,9.15966],[-75.87624,9.16012],[-75.87824,9.16057],[-75.87797,9.15993],[-75.87706,9.15966]],[[-75.87924,9.16065],[-75.87969,9.15948],[-75.87915,9.15957],[-75.87915,9.1602],[-75.87833,9.15975],[-75.87924,9.16065]],[[-75.87623,9.15795],[-75.87714,9.15813],[-75.87723,9.15749],[-75.87614,9.15686],[-75.87623,9.15795]],[[-75.87158,9.15452],[-75.8724,9.15479],[-75.87203,9.15344],[-75.87149,9.15353],[-75.87158,9.15452]]],[[[-75.86359,9.16015],[-75.86377,9.1606],[-75.86259,9.16133],[-75.86268,9.16042],[-75.86359,9.16015]]],[[[-75.8686,9.16122],[-75.8686,9.16149],[-75.86741,9.16113],[-75.86759,9.16041],[-75.8686,9.16122]]],[[[-75.86413,9.16087],[-75.86459,9.16114],[-75.8645,9.16295],[-75.8635,9.16223],[-75.86413,9.16087]]],[[[-75.87187,9.16121],[-75.87151,9.16275],[-75.8706,9.16239],[-75.87187,9.16121]]],[[[-75.8666,9.1624],[-75.8666,9.16276],[-75.86569,9.16286],[-75.86505,9.16232],[-75.86514,9.16195],[-75.8666,9.1624]]],[[[-75.87224,9.16248],[-75.87251,9.16365],[-75.87197,9.16384],[-75.87142,9.16293],[-75.87224,9.16248]]],[[[-75.86806,9.16403],[-75.86842,9.16285],[-75.86924,9.16321],[-75.86806,9.16403]]],[[[-75.86979,9.16511],[-75.87015,9.16375],[-75.87078,9.16321],[-75.87188,9.16393],[-75.8717,9.16501],[-75.87033,9.16493],[-75.86933,9.16583],[-75.86861,9.16547],[-75.8686,9.16493],[-75.86979,9.16511]]],[[[-75.8646,9.16385],[-75.86624,9.16448],[-75.8656,9.16584],[-75.86497,9.16557],[-75.8646,9.16385]]],[[[-75.87134,9.16583],[-75.87152,9.16664],[-75.86843,9.16746],[-75.86961,9.16601],[-75.87134,9.16583]]],[[[-75.87134,9.16782],[-75.87098,9.16881],[-75.87007,9.16854],[-75.87134,9.16782]]],[[[-75.86798,9.17217],[-75.8688,9.17189],[-75.86944,9.17234],[-75.87026,9.1718],[-75.86962,9.16936],[-75.87162,9.17116],[-75.87226,9.17089],[-75.87253,9.17008],[-75.87153,9.17053],[-75.87116,9.16908],[-75.87171,9.1689],[-75.87216,9.16754],[-75.87188,9.16574],[-75.87252,9.16573],[-75.87325,9.16808],[-75.87189,9.16881],[-75.8718,9.16935],[-75.87307,9.16935],[-75.87399,9.16998],[-75.87335,9.1689],[-75.87444,9.16899],[-75.87608,9.1716],[-75.87499,9.17188],[-75.87344,9.17044],[-75.87344,9.17089],[-75.87235,9.17125],[-75.87199,9.17207],[-75.87126,9.17198],[-75.87044,9.17325],[-75.86798,9.17217]]],[[[-75.86844,9.17153],[-75.86762,9.17181],[-75.86762,9.17081],[-75.86825,9.17072],[-75.86844,9.17153]]],[[[-75.86562,9.17172],[-75.86434,9.17172],[-75.86498,9.17127],[-75.86562,9.17172]]],[[[-75.86007,9.17336],[-75.86089,9.17363],[-75.86025,9.17291],[-75.86125,9.17245],[-75.86134,9.17128],[-75.86188,9.17092],[-75.86252,9.17119],[-75.86361,9.17001],[-75.86325,9.17118],[-75.86416,9.17118],[-75.86398,9.17218],[-75.86216,9.172],[-75.86262,9.17336],[-75.86167,9.17499],[-75.86135,9.17444],[-75.86162,9.17526],[-75.86117,9.17562],[-75.86007,9.17336]]],[[[-75.86698,9.17262],[-75.86817,9.17361],[-75.86717,9.17434],[-75.86699,9.17515],[-75.86617,9.1738],[-75.86698,9.17262]]],[[[-75.86835,9.17443],[-75.86945,9.17569],[-75.86781,9.17588],[-75.86835,9.17443]]],[[[-75.87318,9.17631],[-75.87291,9.17604],[-75.87336,9.17532],[-75.87409,9.17559],[-75.87318,9.17631]]],[[[-75.87683,9.17784],[-75.87628,9.17803],[-75.8761,9.17775],[-75.87673,9.17685],[-75.87683,9.17784]]],[[[-75.86554,9.17715],[-75.86472,9.1776],[-75.86445,9.17679],[-75.8659,9.17633],[-75.86654,9.17805],[-75.86773,9.17787],[-75.86746,9.17895],[-75.86655,9.17904],[-75.86664,9.17859],[-75.86554,9.17715]]],[[[-75.87136,9.17722],[-75.8721,9.17849],[-75.87164,9.17876],[-75.87091,9.17759],[-75.87136,9.17722]]],[[[-75.86509,9.17896],[-75.86518,9.17959],[-75.86327,9.18014],[-75.86336,9.17869],[-75.86509,9.17896]]],[[[-75.86536,9.17959],[-75.86655,9.17904],[-75.86591,9.18004],[-75.86555,9.18013],[-75.86536,9.17959]]],[[[-75.86937,9.18039],[-75.86982,9.17949],[-75.8711,9.17921],[-75.86937,9.18039]]],[[[-75.85965,9.19018],[-75.85965,9.18783],[-75.86056,9.18855],[-75.86074,9.18765],[-75.86202,9.18765],[-75.86174,9.18855],[-75.8622,9.18882],[-75.86256,9.18837],[-75.8622,9.18747],[-75.86238,9.18701],[-75.86265,9.18784],[-75.86266,9.18945],[-75.86338,9.18945],[-75.86393,9.18864],[-75.86438,9.18637],[-75.86374,9.18574],[-75.86292,9.18584],[-75.86273,9.18412],[-75.86474,9.1842],[-75.86473,9.18185],[-75.86364,9.18113],[-75.864,9.18032],[-75.86482,9.18059],[-75.86665,9.18284],[-75.86601,9.1833],[-75.86573,9.18257],[-75.8651,9.18266],[-75.86519,9.18384],[-75.86574,9.18411],[-75.86592,9.18501],[-75.86656,9.18483],[-75.86565,9.1861],[-75.86638,9.18601],[-75.86656,9.18664],[-75.86575,9.18746],[-75.86502,9.18746],[-75.86566,9.18782],[-75.8653,9.18963],[-75.86402,9.19026],[-75.86494,9.19126],[-75.86421,9.19189],[-75.86403,9.19099],[-75.86284,9.19117],[-75.8623,9.19045],[-75.86248,9.18973],[-75.86129,9.18973],[-75.86129,9.18937],[-75.86075,9.18964],[-75.86175,9.19027],[-75.86202,9.19108],[-75.86112,9.19208],[-75.85957,9.19181],[-75.8593,9.19227],[-75.85893,9.191],[-75.85965,9.19018]]],[[[-75.87813,9.1896],[-75.87968,9.1895],[-75.87986,9.19005],[-75.87832,9.19113],[-75.87768,9.18978],[-75.87786,9.18924],[-75.87813,9.1896]]],[[[-75.87549,9.19006],[-75.87495,9.19087],[-75.87422,9.19069],[-75.87494,9.18951],[-75.87549,9.19006]]],[[[-75.87941,9.19222],[-75.88032,9.19258],[-75.88042,9.19357],[-75.87859,9.19321],[-75.87859,9.19258],[-75.87941,9.19222]]],[[[-75.87377,9.19214],[-75.87441,9.19322],[-75.87268,9.19359],[-75.87204,9.19251],[-75.87377,9.19214]]],[[[-75.87769,9.19367],[-75.87696,9.19466],[-75.87541,9.19385],[-75.8755,9.19295],[-75.87668,9.19295],[-75.87769,9.19367]]],[[[-75.87232,9.19639],[-75.87132,9.19486],[-75.87114,9.19531],[-75.86932,9.19523],[-75.86995,9.19333],[-75.87086,9.19314],[-75.87131,9.19152],[-75.87167,9.19178],[-75.87131,9.19314],[-75.87286,9.1944],[-75.87268,9.19594],[-75.8746,9.19693],[-75.87424,9.1972],[-75.87232,9.19639]]],[[[-75.87596,9.1962],[-75.87551,9.19612],[-75.87532,9.19494],[-75.87596,9.1962]]],[[[-75.86595,9.19569],[-75.86731,9.19424],[-75.86703,9.19297],[-75.86885,9.19152],[-75.86958,9.19324],[-75.86858,9.19188],[-75.86822,9.19306],[-75.86904,9.19372],[-75.86786,9.19423],[-75.86759,9.19758],[-75.86878,9.19785],[-75.86864,9.19866],[-75.86809,9.19841],[-75.86823,9.19876],[-75.86896,9.19993],[-75.86942,9.1993],[-75.86984,9.20026],[-75.86869,9.19993],[-75.86595,9.19569]],[[-75.86762,9.19326],[-75.86755,9.19303],[-75.86731,9.19318],[-75.86762,9.19326]]],[[[-75.86204,9.19958],[-75.86232,9.20085],[-75.86278,9.20094],[-75.86332,9.19949],[-75.86441,9.19931],[-75.86705,9.2003],[-75.86541,9.20021],[-75.86414,9.20175],[-75.86278,9.20121],[-75.86223,9.20185],[-75.86132,9.20194],[-75.8615,9.20058],[-75.86114,9.20013],[-75.86204,9.19958]],[[-75.86501,9.20058],[-75.86459,9.1999],[-75.86431,9.20085],[-75.86501,9.20058]]],[[[-75.86908,9.21123],[-75.86936,9.21242],[-75.86872,9.21268],[-75.86745,9.21214],[-75.86908,9.21123]]],[[[-75.86626,9.21196],[-75.86654,9.21242],[-75.86563,9.21332],[-75.86472,9.21342],[-75.86544,9.21224],[-75.86626,9.21196]]],[[[-75.86727,9.21386],[-75.86727,9.21323],[-75.86818,9.21377],[-75.86696,9.21431],[-75.86599,9.21414],[-75.86617,9.2135],[-75.86727,9.21386]]],[[[-75.87893,9.21836],[-75.8792,9.21908],[-75.8782,9.21935],[-75.87766,9.21881],[-75.87893,9.21836]]],[[[-75.87548,9.22035],[-75.8742,9.22153],[-75.8742,9.22099],[-75.87593,9.2199],[-75.87611,9.219],[-75.87757,9.21881],[-75.87802,9.21962],[-75.87748,9.22053],[-75.8783,9.21998],[-75.87857,9.22026],[-75.87766,9.22089],[-75.87781,9.22216],[-75.8773,9.22234],[-75.87739,9.22107],[-75.87684,9.22017],[-75.87548,9.22035]]],[[[-75.86337,9.21993],[-75.8641,9.21966],[-75.8646,9.21966],[-75.86537,9.22103],[-75.86401,9.22219],[-75.86264,9.22201],[-75.86337,9.21993]]],[[[-75.87259,9.22172],[-75.87275,9.22172],[-75.87129,9.22308],[-75.87029,9.22254],[-75.87259,9.22172]]],[[[-75.87403,9.22406],[-75.8743,9.22235],[-75.87484,9.22298],[-75.87403,9.22406]]],[[[-75.87248,9.22316],[-75.87339,9.22298],[-75.8733,9.22425],[-75.87275,9.22389],[-75.87221,9.22425],[-75.87248,9.22316]]],[[[-75.86429,9.2268],[-75.86393,9.22689],[-75.8642,9.22526],[-75.86557,9.22508],[-75.86575,9.22571],[-75.86429,9.2268]]],[[[-75.87287,9.23347],[-75.87342,9.23411],[-75.87423,9.23374],[-75.87423,9.2341],[-75.87351,9.23474],[-75.8725,9.23384],[-75.87287,9.23347]]],[[[-75.88198,9.23553],[-75.88025,9.23517],[-75.87979,9.23454],[-75.87997,9.23409],[-75.88079,9.23436],[-75.88051,9.233],[-75.88234,9.23426],[-75.88207,9.23517],[-75.88252,9.23607],[-75.88189,9.2377],[-75.88134,9.23743],[-75.88198,9.23553]]],[[[-75.86432,9.23539],[-75.86295,9.23585],[-75.8635,9.23503],[-75.86432,9.23539]]],[[[-75.86269,9.24037],[-75.86287,9.23892],[-75.86296,9.24019],[-75.86415,9.24028],[-75.86406,9.24109],[-75.86497,9.24236],[-75.86433,9.24245],[-75.86269,9.24037]]],[[[-75.86487,9.24037],[-75.86605,9.24136],[-75.86533,9.24199],[-75.8646,9.241],[-75.86487,9.24037]]],[[[-75.87475,9.29433],[-75.8762,9.29415],[-75.87648,9.29352],[-75.87793,9.2936],[-75.87603,9.29569],[-75.87475,9.29433]]],[[[-75.87449,9.29859],[-75.87521,9.29795],[-75.87612,9.29858],[-75.87548,9.29732],[-75.87621,9.29677],[-75.87758,9.29677],[-75.87876,9.29568],[-75.87867,9.29523],[-75.87803,9.29532],[-75.87857,9.29487],[-75.87994,9.29586],[-75.87976,9.29658],[-75.88085,9.29676],[-75.87968,9.29857],[-75.87867,9.29812],[-75.87913,9.29912],[-75.87704,9.30075],[-75.87631,9.30084],[-75.87449,9.29859]]],[[[-75.87321,9.29904],[-75.87376,9.30013],[-75.8723,9.30031],[-75.87321,9.29904]]],[[[-75.87021,9.29941],[-75.86985,9.3005],[-75.86912,9.29977],[-75.87021,9.29941]]],[[[-75.88068,9.30047],[-75.88114,9.30092],[-75.88023,9.30201],[-75.87977,9.30129],[-75.88068,9.30047]]],[[[-75.8785,9.30129],[-75.87786,9.3021],[-75.87741,9.30174],[-75.87768,9.30102],[-75.8785,9.30129]]],[[[-75.87431,9.30076],[-75.87568,9.30184],[-75.8745,9.30311],[-75.87349,9.30212],[-75.87431,9.30076]]],[[[-75.87687,9.30355],[-75.87814,9.305],[-75.87723,9.30545],[-75.87632,9.30455],[-75.87687,9.30355]]],[[[-75.88069,9.304],[-75.88151,9.30454],[-75.88097,9.3049],[-75.88133,9.30599],[-75.88042,9.30572],[-75.88069,9.304]]],[[[-75.86358,9.30748],[-75.86367,9.30729],[-75.86504,9.30747],[-75.86586,9.30865],[-75.86568,9.30955],[-75.86358,9.30748]]],[[[-75.88025,9.30816],[-75.88079,9.3078],[-75.8817,9.30888],[-75.88061,9.30969],[-75.88016,9.30933],[-75.88025,9.30816]]],[[[-75.87433,9.30908],[-75.87406,9.30962],[-75.87315,9.30899],[-75.87314,9.30836],[-75.87433,9.30908]]],[[[-75.87916,9.31096],[-75.87871,9.31151],[-75.87788,9.31052],[-75.87861,9.31042],[-75.87916,9.31096]]],[[[-75.87506,9.31107],[-75.87552,9.31052],[-75.87652,9.31151],[-75.87761,9.31124],[-75.87807,9.31196],[-75.87698,9.31178],[-75.87707,9.31242],[-75.87652,9.3126],[-75.87506,9.31107]]],[[[-75.87333,9.31116],[-75.8736,9.31062],[-75.87561,9.31305],[-75.87333,9.31116]]],[[[-75.87544,9.31531],[-75.87635,9.31658],[-75.87407,9.31631],[-75.87544,9.31531]]],[[[-75.85436,8.71429],[-75.85545,8.71321],[-75.8559,8.71176],[-75.85808,8.71166],[-75.85826,8.7123],[-75.85672,8.71212],[-75.85581,8.71375],[-75.85727,8.71528],[-75.8579,8.71519],[-75.85826,8.71392],[-75.85908,8.71437],[-75.85909,8.71492],[-75.85809,8.71591],[-75.85527,8.7152],[-75.85454,8.71592],[-75.85499,8.71465],[-75.85563,8.71447],[-75.85436,8.71429]]],[[[-75.84536,8.71386],[-75.84736,8.71431],[-75.84881,8.71304],[-75.84863,8.71376],[-75.84917,8.71403],[-75.84918,8.71512],[-75.84854,8.71494],[-75.84772,8.71576],[-75.846,8.71576],[-75.84518,8.7154],[-75.84536,8.71386]]],[[[-75.85081,8.71575],[-75.85099,8.71457],[-75.85045,8.71376],[-75.8509,8.71294],[-75.85181,8.7133],[-75.85172,8.71403],[-75.85263,8.71339],[-75.85381,8.7143],[-75.85254,8.71439],[-75.85281,8.7152],[-75.85172,8.7152],[-75.85055,8.71711],[-75.84954,8.71684],[-75.84991,8.71602],[-75.85081,8.71575]]],[[[-75.84637,8.71784],[-75.84619,8.71856],[-75.84537,8.71838],[-75.84637,8.71784]]],[[[-75.85437,8.71909],[-75.854,8.71927],[-75.85391,8.71782],[-75.85455,8.71782],[-75.85437,8.71909]]],[[[-75.85755,8.71863],[-75.85809,8.71872],[-75.85719,8.71971],[-75.85664,8.71926],[-75.85755,8.71863]]],[[[-75.86082,8.71826],[-75.86218,8.71853],[-75.86228,8.71943],[-75.86173,8.72007],[-75.86137,8.72016],[-75.86164,8.71934],[-75.86082,8.71826]]],[[[-75.85928,8.71853],[-75.86018,8.71889],[-75.8601,8.71989],[-75.85873,8.71971],[-75.85928,8.71853]]],[[[-75.86128,8.7207],[-75.86192,8.72088],[-75.86228,8.72196],[-75.8611,8.7226],[-75.86092,8.72224],[-75.86155,8.72142],[-75.86128,8.7207]]],[[[-75.8515,8.73546],[-75.85186,8.73619],[-75.85077,8.73583],[-75.8515,8.73546]]],[[[-75.85573,8.76051],[-75.85674,8.76087],[-75.85592,8.76313],[-75.85483,8.76268],[-75.85573,8.76051]]],[[[-75.8571,8.76114],[-75.85828,8.7615],[-75.8572,8.76376],[-75.8562,8.76331],[-75.8571,8.76114]]],[[[-75.85256,9.00028],[-75.85329,9.00109],[-75.85247,9.00172],[-75.85175,9.00154],[-75.85138,9.00037],[-75.85256,9.00028]]],[[[-75.85157,9.00471],[-75.85157,9.00552],[-75.85039,9.00553],[-75.85002,9.00489],[-75.85157,9.00471]]],[[[-75.85275,9.00471],[-75.85367,9.00561],[-75.85212,9.00534],[-75.85203,9.00489],[-75.85275,9.00471]]],[[[-75.85367,9.00742],[-75.85358,9.00642],[-75.85421,9.00606],[-75.85367,9.00742]]],[[[-75.85288,9.01827],[-75.85315,9.01728],[-75.85242,9.01692],[-75.8526,9.01592],[-75.85315,9.01719],[-75.85451,9.01854],[-75.85333,9.01845],[-75.85333,9.018],[-75.85288,9.01827]]],[[[-75.85917,9.02341],[-75.85999,9.02413],[-75.8608,9.02386],[-75.86135,9.0244],[-75.86053,9.02422],[-75.86062,9.02459],[-75.86008,9.02477],[-75.85908,9.02432],[-75.85917,9.02341]]],[[[-75.85426,9.02505],[-75.85471,9.02469],[-75.85444,9.02406],[-75.85489,9.02406],[-75.85461,9.02234],[-75.85607,9.0217],[-75.85607,9.02252],[-75.85698,9.02324],[-75.85698,9.02396],[-75.85617,9.02441],[-75.85663,9.02631],[-75.8559,9.02695],[-75.85435,9.02605],[-75.85426,9.02505]]],[[[-75.85909,9.03011],[-75.85928,9.03173],[-75.85827,9.03146],[-75.858,9.03047],[-75.85909,9.03011]]],[[[-75.85727,9.03147],[-75.85709,9.03174],[-75.85618,9.03174],[-75.85645,9.03084],[-75.85782,9.03137],[-75.8581,9.03246],[-75.85637,9.03255],[-75.85637,9.03219],[-75.85746,9.03219],[-75.85727,9.03147]]],[[[-75.85246,9.03419],[-75.85337,9.03437],[-75.85374,9.03536],[-75.85419,9.035],[-75.85409,9.03355],[-75.85355,9.03383],[-75.85318,9.03329],[-75.855,9.0331],[-75.85464,9.03455],[-75.8551,9.03491],[-75.85537,9.03617],[-75.85465,9.03599],[-75.85452,9.03672],[-75.8541,9.036],[-75.85255,9.03618],[-75.85246,9.03419]]],[[[-75.8571,9.03582],[-75.8581,9.03418],[-75.85582,9.03373],[-75.85555,9.03328],[-75.85837,9.03336],[-75.85901,9.03635],[-75.85802,9.03743],[-75.8571,9.03582]]],[[[-75.84792,9.03655],[-75.84755,9.03601],[-75.8481,9.03565],[-75.84837,9.03619],[-75.84792,9.03655]]],[[[-75.86138,9.03688],[-75.86084,9.03725],[-75.86056,9.03661],[-75.8612,9.03634],[-75.86138,9.03688]]],[[[-75.84728,9.03845],[-75.8461,9.03773],[-75.8471,9.03628],[-75.84828,9.037],[-75.8481,9.03737],[-75.84728,9.03845]],[[-75.8479,9.03756],[-75.84797,9.03743],[-75.84784,9.03734],[-75.8479,9.03756]]],[[[-75.86157,9.03896],[-75.86111,9.03933],[-75.86075,9.03779],[-75.86157,9.03788],[-75.86157,9.03896]]],[[[-75.84765,9.03936],[-75.84783,9.03836],[-75.84901,9.03881],[-75.84883,9.03782],[-75.85001,9.03763],[-75.85028,9.03709],[-75.85101,9.03736],[-75.84974,9.03791],[-75.84919,9.0389],[-75.84965,9.03935],[-75.85092,9.03881],[-75.85102,9.03998],[-75.84984,9.04053],[-75.84938,9.03962],[-75.84765,9.03936]]],[[[-75.84747,9.04062],[-75.84765,9.04008],[-75.84929,9.04062],[-75.84929,9.04116],[-75.84893,9.04153],[-75.84884,9.04098],[-75.84747,9.04062]]],[[[-75.84856,9.04189],[-75.85011,9.04197],[-75.84984,9.04089],[-75.85056,9.04089],[-75.85102,9.04143],[-75.84975,9.04324],[-75.84884,9.04288],[-75.84856,9.04189]]],[[[-75.86094,9.04285],[-75.86212,9.04357],[-75.86122,9.04376],[-75.86176,9.04421],[-75.86131,9.04448],[-75.86167,9.04538],[-75.86104,9.04566],[-75.86085,9.04493],[-75.86049,9.04521],[-75.86022,9.04466],[-75.86067,9.04204],[-75.86121,9.04195],[-75.86185,9.04276],[-75.86094,9.04285]]],[[[-75.84884,9.0446],[-75.8473,9.04424],[-75.84575,9.04479],[-75.84575,9.04416],[-75.84629,9.04379],[-75.84666,9.04415],[-75.84675,9.04361],[-75.84829,9.04297],[-75.84839,9.04361],[-75.84757,9.04406],[-75.84975,9.04451],[-75.84976,9.0455],[-75.85085,9.04532],[-75.85012,9.04722],[-75.8494,9.04713],[-75.84976,9.04614],[-75.8493,9.04605],[-75.84884,9.0446]]],[[[-75.85766,9.04078],[-75.85848,9.04141],[-75.85848,9.04223],[-75.85785,9.04259],[-75.8583,9.04313],[-75.85739,9.0435],[-75.85812,9.04395],[-75.85812,9.04494],[-75.85713,9.0472],[-75.85822,9.04648],[-75.85858,9.04693],[-75.85786,9.04802],[-75.85886,9.04783],[-75.85859,9.04874],[-75.85923,9.04874],[-75.85932,9.04828],[-75.8605,9.04864],[-75.86123,9.04837],[-75.86123,9.049],[-75.85932,9.04874],[-75.86041,9.04982],[-75.85996,9.05027],[-75.85959,9.04991],[-75.85814,9.05028],[-75.85786,9.04928],[-75.85668,9.04892],[-75.85604,9.04811],[-75.85568,9.04829],[-75.85577,9.04965],[-75.8524,9.04893],[-75.85213,9.04939],[-75.85295,9.05101],[-75.85459,9.05164],[-75.85559,9.05146],[-75.85578,9.05218],[-75.85441,9.05227],[-75.85223,9.05156],[-75.85167,9.04912],[-75.85213,9.04785],[-75.85094,9.04659],[-75.85103,9.04609],[-75.85131,9.04658],[-75.85358,9.04631],[-75.85422,9.04793],[-75.85486,9.04811],[-75.8544,9.04622],[-75.85476,9.04594],[-75.85467,9.04486],[-75.85412,9.04558],[-75.85339,9.04504],[-75.85221,9.04577],[-75.85194,9.0455],[-75.85321,9.04387],[-75.85293,9.04233],[-75.85311,9.04206],[-75.85375,9.04305],[-75.85366,9.04378],[-75.8543,9.04332],[-75.85485,9.04404],[-75.85512,9.04585],[-75.85603,9.04603],[-75.85622,9.04549],[-75.85549,9.04449],[-75.8563,9.04431],[-75.85694,9.04322],[-75.8563,9.04232],[-75.85557,9.04305],[-75.85439,9.04269],[-75.85439,9.04196],[-75.85393,9.0417],[-75.85493,9.04151],[-75.85553,9.04051],[-75.85693,9.04133],[-75.85684,9.03997],[-75.85648,9.03988],[-75.85684,9.03852],[-75.85975,9.03942],[-75.85993,9.04078],[-75.86111,9.03978],[-75.86257,9.04005],[-75.86275,9.03923],[-75.8633,9.03941],[-75.86284,9.04005],[-75.86312,9.04041],[-75.86366,9.03977],[-75.86457,9.03977],[-75.86312,9.03923],[-75.86302,9.03851],[-75.86339,9.03896],[-75.86475,9.03887],[-75.86685,9.03967],[-75.86639,9.04022],[-75.86457,9.03986],[-75.86539,9.04031],[-75.86503,9.04113],[-75.86385,9.04104],[-75.86239,9.04222],[-75.86239,9.04122],[-75.86121,9.04195],[-75.86121,9.04123],[-75.85766,9.04078]],[[-75.85484,9.04169],[-75.85475,9.04242],[-75.85539,9.04241],[-75.85557,9.04187],[-75.85484,9.04169]]],[[[-75.86241,9.04773],[-75.86268,9.04873],[-75.86214,9.04846],[-75.86168,9.049],[-75.86095,9.04765],[-75.86241,9.04773]]],[[[-75.84631,9.04868],[-75.84531,9.04904],[-75.84494,9.04796],[-75.84585,9.04804],[-75.84631,9.04868]]],[[[-75.84658,9.04868],[-75.84676,9.04786],[-75.84758,9.04768],[-75.84812,9.04813],[-75.84903,9.04713],[-75.84958,9.04876],[-75.84867,9.04795],[-75.84849,9.04894],[-75.8474,9.04931],[-75.84758,9.0503],[-75.84685,9.04985],[-75.84703,9.04913],[-75.84658,9.04868]]],[[[-75.85049,9.04966],[-75.84976,9.04758],[-75.85158,9.0483],[-75.85113,9.04894],[-75.8515,9.05011],[-75.85077,9.05084],[-75.84986,9.05039],[-75.85049,9.04966]]],[[[-75.84922,9.04948],[-75.8494,9.05003],[-75.84831,9.05057],[-75.84795,9.04994],[-75.84922,9.04948]]],[[[-75.85705,9.05082],[-75.85659,9.051],[-75.85641,9.04947],[-75.85741,9.04974],[-75.85705,9.05082]]],[[[-75.86042,9.05298],[-75.86088,9.05452],[-75.8606,9.05398],[-75.86042,9.05298]]],[[[-75.85105,9.05463],[-75.85178,9.0549],[-75.85278,9.05454],[-75.8525,9.0521],[-75.85359,9.05273],[-75.85487,9.05273],[-75.85378,9.05372],[-75.85469,9.05435],[-75.85333,9.05508],[-75.85397,9.05571],[-75.85324,9.0559],[-75.85324,9.05644],[-75.85142,9.05572],[-75.85105,9.05463]]],[[[-75.85642,9.05462],[-75.85715,9.05444],[-75.85769,9.05362],[-75.85824,9.05389],[-75.85869,9.05245],[-75.85978,9.05271],[-75.85903,9.05434],[-75.85821,9.05463],[-75.85847,9.05561],[-75.85788,9.05498],[-75.85724,9.05543],[-75.85842,9.0557],[-75.85824,9.05697],[-75.85688,9.0567],[-75.85642,9.05462]]],[[[-75.85433,9.05707],[-75.85743,9.05788],[-75.85543,9.05887],[-75.85379,9.05815],[-75.85433,9.05707]]],[[[-75.85006,9.05744],[-75.8506,9.05798],[-75.84879,9.05898],[-75.84933,9.05753],[-75.85006,9.05744]]],[[[-75.84888,9.05907],[-75.84906,9.05997],[-75.84843,9.06097],[-75.84788,9.06106],[-75.84752,9.06061],[-75.84861,9.06016],[-75.84888,9.05907]]],[[[-75.84461,9.06179],[-75.84497,9.06098],[-75.84433,9.06044],[-75.84588,9.06034],[-75.84542,9.0598],[-75.84578,9.05872],[-75.84624,9.05935],[-75.84697,9.05898],[-75.8477,9.05944],[-75.84733,9.0598],[-75.84752,9.06061],[-75.84661,9.06052],[-75.84643,9.06215],[-75.84461,9.06179]]],[[[-75.84752,9.06224],[-75.84707,9.06206],[-75.84734,9.06134],[-75.84797,9.06124],[-75.84752,9.06224]]],[[[-75.85589,9.06249],[-75.85544,9.06231],[-75.85625,9.06159],[-75.8568,9.06348],[-75.85589,9.06349],[-75.85589,9.06249]]],[[[-75.84499,9.06767],[-75.84517,9.06812],[-75.84444,9.06858],[-75.84408,9.06776],[-75.8439,9.06858],[-75.84317,9.06867],[-75.84308,9.06786],[-75.84189,9.0675],[-75.84307,9.06704],[-75.84225,9.0665],[-75.84161,9.06497],[-75.84188,9.06451],[-75.84252,9.0646],[-75.84216,9.06379],[-75.84279,9.06306],[-75.84434,9.06243],[-75.8457,9.06351],[-75.84634,9.0626],[-75.84643,9.06423],[-75.84698,9.06477],[-75.84725,9.0626],[-75.84889,9.06278],[-75.84952,9.06341],[-75.84961,9.06232],[-75.84916,9.06215],[-75.85034,9.06088],[-75.8497,9.05997],[-75.85061,9.05934],[-75.85133,9.05789],[-75.85206,9.05798],[-75.85134,9.05934],[-75.85152,9.06105],[-75.85207,9.06087],[-75.85188,9.05943],[-75.85279,9.05825],[-75.85534,9.05942],[-75.85507,9.06023],[-75.85407,9.06042],[-75.85443,9.06168],[-75.85407,9.06114],[-75.8528,9.06159],[-75.8528,9.0625],[-75.85189,9.06331],[-75.8508,9.0635],[-75.85098,9.06395],[-75.85189,9.06368],[-75.85217,9.06449],[-75.85171,9.06404],[-75.85162,9.06485],[-75.8508,9.06449],[-75.85062,9.06549],[-75.84962,9.06468],[-75.84889,9.0654],[-75.84753,9.06504],[-75.84698,9.06667],[-75.84662,9.06667],[-75.84598,9.06559],[-75.84634,9.0645],[-75.8458,9.06496],[-75.84552,9.06405],[-75.8448,9.06414],[-75.84525,9.06496],[-75.84507,9.06659],[-75.84435,9.06722],[-75.84344,9.06704],[-75.84344,9.0674],[-75.84499,9.06767]],[[-75.84443,9.06478],[-75.84443,9.06424],[-75.84343,9.06469],[-75.84361,9.06406],[-75.84289,9.06469],[-75.84325,9.06578],[-75.84398,9.06614],[-75.84462,9.06613],[-75.84507,9.06514],[-75.84443,9.06478]],[[-75.85143,9.06268],[-75.85189,9.06277],[-75.8517,9.06123],[-75.85143,9.06268]]],[[[-75.84926,9.06558],[-75.8499,9.06603],[-75.84844,9.06703],[-75.84789,9.06586],[-75.84926,9.06558]]],[[[-75.8499,9.06703],[-75.85026,9.0663],[-75.85171,9.06594],[-75.85208,9.06666],[-75.8529,9.06612],[-75.8529,9.06729],[-75.85345,9.06801],[-75.85272,9.06838],[-75.85263,9.06793],[-75.85145,9.06784],[-75.85172,9.06702],[-75.8499,9.06703]]],[[[-75.84972,9.06748],[-75.85135,9.06775],[-75.85036,9.06829],[-75.84972,9.06748]]],[[[-75.85545,9.0671],[-75.8559,9.06683],[-75.85663,9.06837],[-75.85645,9.069],[-75.85746,9.06981],[-75.85682,9.06954],[-75.85636,9.06991],[-75.85545,9.0671]]],[[[-75.86082,9.07008],[-75.86146,9.07125],[-75.86001,9.07125],[-75.86082,9.07008]]],[[[-75.84318,9.07166],[-75.84245,9.0713],[-75.84117,9.07211],[-75.84127,9.07256],[-75.84199,9.0722],[-75.84254,9.07274],[-75.842,9.07383],[-75.84099,9.07256],[-75.84008,9.07248],[-75.83981,9.07429],[-75.83945,9.07429],[-75.83945,9.07275],[-75.84026,9.07157],[-75.83926,9.06976],[-75.84071,9.06913],[-75.84208,9.06994],[-75.84199,9.0703],[-75.84099,9.0703],[-75.84126,9.07139],[-75.84281,9.07066],[-75.84399,9.07093],[-75.84354,9.07274],[-75.84409,9.07446],[-75.84345,9.07419],[-75.8429,9.07283],[-75.84318,9.07166]]],[[[-75.85192,9.07589],[-75.8511,9.07553],[-75.85137,9.07498],[-75.851,9.07372],[-75.85018,9.07291],[-75.85018,9.07236],[-75.85082,9.07236],[-75.85082,9.07209],[-75.84982,9.07182],[-75.84927,9.07273],[-75.84855,9.07273],[-75.84809,9.0739],[-75.847,9.07373],[-75.84491,9.07274],[-75.84518,9.07201],[-75.84436,9.0721],[-75.84454,9.07084],[-75.84381,9.07075],[-75.84299,9.06976],[-75.84444,9.06948],[-75.84463,9.07011],[-75.84553,9.06912],[-75.84535,9.06848],[-75.84581,9.06848],[-75.84562,9.06776],[-75.84726,9.06721],[-75.84835,9.0683],[-75.84827,9.06974],[-75.8489,9.07019],[-75.84727,9.07065],[-75.84736,9.07101],[-75.84945,9.07065],[-75.84918,9.06965],[-75.84954,9.06875],[-75.85054,9.06902],[-75.85127,9.06838],[-75.853,9.06973],[-75.85281,9.06892],[-75.85372,9.06865],[-75.85382,9.071],[-75.853,9.07199],[-75.85391,9.07199],[-75.85437,9.07344],[-75.85401,9.07452],[-75.85292,9.07462],[-75.85283,9.07597],[-75.85365,9.07642],[-75.85347,9.07733],[-75.85302,9.0776],[-75.85192,9.07589]],[[-75.85328,9.07245],[-75.85219,9.07272],[-75.85237,9.07172],[-75.85127,9.072],[-75.85246,9.07417],[-75.85255,9.07335],[-75.85328,9.07245]],[[-75.84536,9.07201],[-75.84627,9.07282],[-75.84663,9.07201],[-75.84609,9.07219],[-75.8459,9.07156],[-75.84663,9.07156],[-75.84654,9.07047],[-75.84536,9.07201]],[[-75.85118,9.06874],[-75.85045,9.06983],[-75.85245,9.07064],[-75.85309,9.07037],[-75.85309,9.06991],[-75.85172,9.06992],[-75.85118,9.06874]]],[[[-75.86247,9.07306],[-75.86119,9.07306],[-75.8611,9.07207],[-75.86192,9.07215],[-75.86247,9.07306]]],[[[-75.85446,9.07208],[-75.85491,9.07072],[-75.85437,9.071],[-75.85436,9.07045],[-75.85536,9.06955],[-75.856,9.07027],[-75.85555,9.07108],[-75.85637,9.07162],[-75.8581,9.07126],[-75.85792,9.07207],[-75.85856,9.07289],[-75.8581,9.07388],[-75.85665,9.07388],[-75.85647,9.0747],[-75.85692,9.07515],[-75.8561,9.0756],[-75.85638,9.07633],[-75.85574,9.07633],[-75.85583,9.07488],[-75.85446,9.07208]],[[-75.8581,9.07289],[-75.85783,9.07234],[-75.85592,9.07271],[-75.85646,9.07361],[-75.85719,9.07298],[-75.85801,9.07334],[-75.8581,9.07289]]],[[[-75.86101,9.07378],[-75.86238,9.07369],[-75.86284,9.07468],[-75.86184,9.07487],[-75.86083,9.07424],[-75.86101,9.07378]]],[[[-75.84573,9.07481],[-75.84528,9.07509],[-75.845,9.07482],[-75.84709,9.074],[-75.84809,9.07427],[-75.84746,9.0759],[-75.8471,9.07535],[-75.8461,9.07554],[-75.84573,9.07481]]],[[[-75.86247,9.07514],[-75.86247,9.07532],[-75.86166,9.07559],[-75.86129,9.07478],[-75.86247,9.07514]]],[[[-75.85429,9.07561],[-75.85374,9.07498],[-75.85465,9.07488],[-75.85429,9.07561]]],[[[-75.84901,9.07625],[-75.84983,9.07571],[-75.84983,9.07517],[-75.85092,9.07462],[-75.8511,9.07525],[-75.85065,9.07562],[-75.85119,9.07598],[-75.85092,9.0767],[-75.85028,9.07652],[-75.8502,9.0777],[-75.84901,9.07625]]],[[[-75.85756,9.07569],[-75.85847,9.07614],[-75.85847,9.07677],[-75.85702,9.07605],[-75.85756,9.07569]]],[[[-75.8623,9.07848],[-75.86175,9.07858],[-75.86139,9.07785],[-75.86212,9.07794],[-75.8623,9.07848]]],[[[-75.8411,9.07745],[-75.84074,9.07899],[-75.83983,9.0789],[-75.8411,9.07745]]],[[[-75.84683,9.07906],[-75.84756,9.07924],[-75.84783,9.07843],[-75.84856,9.07806],[-75.84828,9.07725],[-75.84919,9.07743],[-75.8502,9.07887],[-75.84974,9.07951],[-75.84938,9.07951],[-75.84947,9.0787],[-75.84774,9.07924],[-75.84665,9.08105],[-75.84605,9.08069],[-75.84683,9.07906]]],[[[-75.85766,9.07895],[-75.85739,9.07967],[-75.85639,9.07995],[-75.85593,9.07931],[-75.8562,9.0785],[-75.85766,9.07895]]],[[[-75.8532,9.07914],[-75.85238,9.07869],[-75.85247,9.07833],[-75.85402,9.07905],[-75.85466,9.08031],[-75.85339,9.0804],[-75.8532,9.07914]]],[[[-75.85229,9.07995],[-75.85184,9.08131],[-75.85157,9.08041],[-75.85229,9.07995]]],[[[-75.85939,9.08075],[-75.86021,9.0803],[-75.8603,9.08075],[-75.85967,9.0812],[-75.85939,9.08075]]],[[[-75.84483,9.08097],[-75.84547,9.08151],[-75.84484,9.0816],[-75.84447,9.08115],[-75.84456,9.08028],[-75.84483,9.08097]]],[[[-75.84757,9.0853],[-75.84575,9.0844],[-75.8463,9.08413],[-75.84675,9.08196],[-75.84729,9.08178],[-75.84739,9.08232],[-75.84793,9.08232],[-75.84866,9.08105],[-75.84948,9.0815],[-75.85093,9.08104],[-75.8513,9.08158],[-75.85103,9.08222],[-75.85021,9.08276],[-75.84921,9.0824],[-75.84921,9.08313],[-75.84839,9.08304],[-75.84857,9.08412],[-75.8493,9.08457],[-75.85039,9.08412],[-75.85012,9.08358],[-75.84957,9.08367],[-75.84957,9.08313],[-75.8513,9.08231],[-75.85175,9.0824],[-75.85175,9.08303],[-75.85339,9.08321],[-75.8534,9.08475],[-75.85212,9.08538],[-75.85204,9.08638],[-75.85113,9.08674],[-75.85204,9.08755],[-75.85076,9.08719],[-75.8504,9.08774],[-75.84922,9.08774],[-75.84876,9.08729],[-75.84803,9.08747],[-75.84757,9.0853]],[[-75.84912,9.0853],[-75.85012,9.08566],[-75.85085,9.0852],[-75.84912,9.08485],[-75.84912,9.0853]]],[[[-75.85558,9.08447],[-75.85558,9.08375],[-75.85621,9.08329],[-75.8584,9.08383],[-75.85986,9.08473],[-75.85804,9.08618],[-75.85722,9.08537],[-75.85667,9.08555],[-75.85558,9.08447]]],[[[-75.85349,9.08628],[-75.85431,9.08682],[-75.8534,9.08674],[-75.85358,9.08728],[-75.85322,9.08746],[-75.85276,9.08674],[-75.85349,9.08628]]],[[[-75.84512,9.08621],[-75.84539,9.08576],[-75.84676,9.08612],[-75.84612,9.08648],[-75.84676,9.08747],[-75.84658,9.08847],[-75.84558,9.0882],[-75.84512,9.08621]]],[[[-75.85841,9.08763],[-75.85777,9.08817],[-75.85759,9.08673],[-75.85795,9.08654],[-75.85841,9.08763]]],[[[-75.84376,9.0882],[-75.8443,9.08775],[-75.84358,9.08712],[-75.84458,9.08667],[-75.84512,9.0873],[-75.84485,9.08847],[-75.84412,9.08848],[-75.84303,9.08803],[-75.84376,9.0882]]],[[[-75.8525,9.08891],[-75.85259,9.08836],[-75.8535,9.08818],[-75.85431,9.08719],[-75.85504,9.08727],[-75.85513,9.08773],[-75.85441,9.08791],[-75.85377,9.0889],[-75.85404,9.08945],[-75.85477,9.08926],[-75.85459,9.08981],[-75.8525,9.08891]]],[[[-75.84704,9.08928],[-75.84558,9.08901],[-75.84576,9.08865],[-75.84704,9.08928]]],[[[-75.85968,9.08871],[-75.85896,9.08971],[-75.85823,9.08871],[-75.8585,9.08835],[-75.85968,9.08871]]],[[[-75.8495,9.09009],[-75.84913,9.09018],[-75.8494,9.08801],[-75.8504,9.08801],[-75.85086,9.08846],[-75.85095,9.09],[-75.85023,9.09027],[-75.84986,9.09],[-75.85022,9.08927],[-75.84949,9.08928],[-75.8495,9.09009]]],[[[-75.86014,9.08835],[-75.86205,9.08816],[-75.86232,9.08888],[-75.86169,9.08925],[-75.86151,9.09024],[-75.86087,9.09043],[-75.86151,9.08979],[-75.86114,9.08925],[-75.86032,9.08952],[-75.86014,9.08835]]],[[[-75.85305,9.08999],[-75.85341,9.09035],[-75.85305,9.09135],[-75.85305,9.08999]]],[[[-75.85087,9.09172],[-75.85059,9.09099],[-75.85105,9.0909],[-75.85159,9.09117],[-75.85087,9.09172]]],[[[-75.84741,9.09073],[-75.84905,9.09235],[-75.84823,9.09272],[-75.84705,9.09236],[-75.84695,9.09118],[-75.84741,9.09073]]],[[[-75.84377,9.09354],[-75.84332,9.09327],[-75.84214,9.09391],[-75.83995,9.09283],[-75.84131,9.09291],[-75.84086,9.09219],[-75.84177,9.09219],[-75.84167,9.09065],[-75.84222,9.09056],[-75.84167,9.08984],[-75.84185,9.08929],[-75.84331,9.08956],[-75.84367,9.0892],[-75.84367,9.09028],[-75.84522,9.0892],[-75.84531,9.09001],[-75.84604,9.08983],[-75.84677,9.09055],[-75.84659,9.09136],[-75.84559,9.09173],[-75.84668,9.09236],[-75.84432,9.09453],[-75.84459,9.09499],[-75.8455,9.09489],[-75.84541,9.09526],[-75.84423,9.09544],[-75.84341,9.09417],[-75.84377,9.09354]],[[-75.84358,9.09128],[-75.8435,9.09309],[-75.84395,9.09273],[-75.84358,9.09128]]],[[[-75.8405,9.09472],[-75.83986,9.09427],[-75.84123,9.09418],[-75.84168,9.09454],[-75.8405,9.09472]]],[[[-75.85587,9.09369],[-75.85688,9.0946],[-75.85706,9.09568],[-75.85461,9.09623],[-75.85433,9.09532],[-75.85587,9.09369]]],[[[-75.85378,9.09487],[-75.85288,9.09551],[-75.85278,9.0946],[-75.85378,9.09487]]],[[[-75.85952,9.09595],[-75.86007,9.09585],[-75.86079,9.09404],[-75.86161,9.09404],[-75.8607,9.09522],[-75.86089,9.09621],[-75.8598,9.09739],[-75.85916,9.09685],[-75.8597,9.0964],[-75.85952,9.09595]]],[[[-75.85379,9.09587],[-75.85379,9.0965],[-75.85288,9.09696],[-75.85279,9.09641],[-75.85379,9.09587]]],[[[-75.86207,9.09621],[-75.86207,9.09703],[-75.86116,9.09667],[-75.8617,9.09594],[-75.86207,9.09621]]],[[[-75.84496,9.09752],[-75.84424,9.09851],[-75.84369,9.09852],[-75.84414,9.09598],[-75.84496,9.09752]]],[[[-75.86044,9.0982],[-75.86044,9.09902],[-75.85916,9.09857],[-75.85989,9.09793],[-75.86044,9.0982]]],[[[-75.84551,9.09824],[-75.84506,9.09869],[-75.84497,9.09824],[-75.84615,9.09788],[-75.84633,9.0986],[-75.84761,9.09923],[-75.84579,9.09987],[-75.84515,9.09924],[-75.84551,9.09824]]],[[[-75.84424,9.09888],[-75.84479,9.09869],[-75.84461,9.10068],[-75.8437,9.10032],[-75.84433,9.09978],[-75.84424,9.09888]]],[[[-75.85298,9.10202],[-75.85371,9.10184],[-75.8538,9.1003],[-75.85416,9.10012],[-75.85416,9.09768],[-75.85461,9.09677],[-75.8557,9.09668],[-75.85643,9.09794],[-75.85625,9.09668],[-75.85697,9.09658],[-75.85816,9.09776],[-75.85725,9.09749],[-75.85661,9.09876],[-75.85789,9.09857],[-75.85762,9.10011],[-75.85935,9.10291],[-75.85863,9.10382],[-75.85854,9.10508],[-75.85772,9.10472],[-75.85754,9.10527],[-75.85636,9.10545],[-75.85563,9.10409],[-75.85571,9.10265],[-75.85398,9.10238],[-75.85453,9.10401],[-75.85454,9.10536],[-75.85399,9.10564],[-75.85436,9.10645],[-75.85245,9.10781],[-75.85298,9.10202]],[[-75.85844,9.10219],[-75.85753,9.10165],[-75.85735,9.1031],[-75.85844,9.10219]]],[[[-75.84526,9.10502],[-75.84462,9.10385],[-75.8448,9.10331],[-75.8437,9.10286],[-75.84379,9.10159],[-75.84461,9.10114],[-75.8447,9.10213],[-75.8458,9.10258],[-75.84543,9.10312],[-75.8458,9.10376],[-75.84534,9.1043],[-75.84634,9.10403],[-75.84662,9.10448],[-75.84635,9.10493],[-75.84571,9.10466],[-75.84571,9.10502],[-75.84708,9.10556],[-75.84471,9.10575],[-75.84389,9.1053],[-75.84526,9.10502]]],[[[-75.84762,9.10466],[-75.84844,9.1052],[-75.84853,9.1061],[-75.84726,9.10502],[-75.84762,9.10466]]],[[[-75.84882,9.1118],[-75.84973,9.11134],[-75.84945,9.11053],[-75.84982,9.11035],[-75.85091,9.11116],[-75.85036,9.10971],[-75.8509,9.10736],[-75.85063,9.10673],[-75.84963,9.10673],[-75.85072,9.10573],[-75.84944,9.10438],[-75.84971,9.10348],[-75.84844,9.10357],[-75.84834,9.10275],[-75.84762,9.10249],[-75.8477,9.10185],[-75.84716,9.10149],[-75.84788,9.10068],[-75.84861,9.10086],[-75.84906,9.09995],[-75.84825,9.09986],[-75.84797,9.09787],[-75.84706,9.09724],[-75.84797,9.09733],[-75.84815,9.09796],[-75.84888,9.09751],[-75.85006,9.09796],[-75.85015,9.09678],[-75.85115,9.0966],[-75.85179,9.09795],[-75.85079,9.09778],[-75.8507,9.09859],[-75.85015,9.09868],[-75.84988,9.0995],[-75.85107,9.09931],[-75.85198,9.10067],[-75.85152,9.09886],[-75.85243,9.09895],[-75.85316,9.09795],[-75.85343,9.0984],[-75.85298,9.0994],[-75.85234,9.09949],[-75.8528,9.10121],[-75.85207,9.10193],[-75.85171,9.10356],[-75.85145,9.1079],[-75.85181,9.10817],[-75.85118,9.10899],[-75.85127,9.11035],[-75.85191,9.11116],[-75.85155,9.11306],[-75.85119,9.11315],[-75.85155,9.11378],[-75.85083,9.11514],[-75.8501,9.1155],[-75.85037,9.11396],[-75.85119,9.11288],[-75.84973,9.1127],[-75.84882,9.1118]]],[[[-75.85609,9.10644],[-75.85591,9.10726],[-75.85527,9.10681],[-75.85508,9.10554],[-75.85609,9.10644]]],[[[-75.84335,9.10684],[-75.8438,9.10602],[-75.84417,9.10611],[-75.84353,9.10693],[-75.84344,9.1081],[-75.84244,9.10829],[-75.84189,9.10783],[-75.84262,9.10756],[-75.84253,9.10693],[-75.84335,9.10684]]],[[[-75.84835,9.10701],[-75.84799,9.10782],[-75.84799,9.10701],[-75.84881,9.10673],[-75.85027,9.10791],[-75.84927,9.10845],[-75.84835,9.10701]]],[[[-75.85682,9.10852],[-75.85655,9.10852],[-75.85618,9.10798],[-75.85645,9.10753],[-75.85682,9.10852]]],[[[-75.84244,9.10847],[-75.84217,9.10955],[-75.84153,9.10937],[-75.84171,9.10865],[-75.84244,9.10847]]],[[[-75.84527,9.11144],[-75.84272,9.11073],[-75.84244,9.10955],[-75.84299,9.11027],[-75.84372,9.11036],[-75.8439,9.10982],[-75.84317,9.10919],[-75.84445,9.10909],[-75.84418,9.11045],[-75.84518,9.11072],[-75.8459,9.10792],[-75.84654,9.10782],[-75.84672,9.10728],[-75.84699,9.108],[-75.84817,9.10791],[-75.84781,9.10873],[-75.84708,9.10818],[-75.84645,9.10837],[-75.84772,9.11026],[-75.84809,9.11035],[-75.84836,9.10963],[-75.84973,9.10972],[-75.84872,9.11008],[-75.849,9.11062],[-75.84855,9.11153],[-75.84773,9.11153],[-75.84727,9.11072],[-75.84682,9.11189],[-75.846,9.11162],[-75.84609,9.1109],[-75.84527,9.11144]]],[[[-75.83954,9.11345],[-75.83836,9.11318],[-75.83863,9.11218],[-75.83963,9.112],[-75.84009,9.11308],[-75.84072,9.11254],[-75.84145,9.11272],[-75.84154,9.11209],[-75.84318,9.11217],[-75.842,9.11453],[-75.84073,9.11498],[-75.83954,9.11345]]],[[[-75.84454,9.1119],[-75.84627,9.11217],[-75.84682,9.11298],[-75.84737,9.11298],[-75.8461,9.11542],[-75.84446,9.11488],[-75.84391,9.11543],[-75.84264,9.11543],[-75.84255,9.11462],[-75.84454,9.1119]]],[[[-75.84846,9.1137],[-75.84855,9.11406],[-75.84728,9.11506],[-75.84773,9.11379],[-75.84846,9.1137]]],[[[-75.84155,9.1167],[-75.84146,9.11688],[-75.84037,9.11652],[-75.84046,9.11607],[-75.84109,9.11598],[-75.84155,9.1167]]],[[[-75.86258,9.11837],[-75.86176,9.11828],[-75.86157,9.11774],[-75.86239,9.11638],[-75.86084,9.11647],[-75.86111,9.11575],[-75.86075,9.11566],[-75.85984,9.11648],[-75.85947,9.11512],[-75.8602,9.11476],[-75.86075,9.11512],[-75.86156,9.11385],[-75.86193,9.11511],[-75.86157,9.11584],[-75.86248,9.11538],[-75.86293,9.11593],[-75.86302,9.11475],[-75.86247,9.11385],[-75.86311,9.11321],[-75.86339,9.11565],[-75.86294,9.11656],[-75.86248,9.11647],[-75.86248,9.11755],[-75.86339,9.11755],[-75.86312,9.11909],[-75.86376,9.11918],[-75.86385,9.11963],[-75.86331,9.11972],[-75.86294,9.11909],[-75.86231,9.11927],[-75.86258,9.11837]]],[[[-75.8401,9.11715],[-75.84082,9.11733],[-75.84165,9.11887],[-75.84047,9.11941],[-75.83928,9.11915],[-75.8401,9.11715]]],[[[-75.85248,9.12147],[-75.85376,9.12183],[-75.85403,9.12264],[-75.85631,9.12236],[-75.85667,9.12308],[-75.85613,9.12372],[-75.85713,9.12363],[-75.85777,9.12444],[-75.85704,9.1229],[-75.85749,9.12091],[-75.85458,9.12155],[-75.85476,9.12065],[-75.85221,9.12011],[-75.85312,9.11984],[-75.85378,9.11676],[-75.85493,9.11567],[-75.8554,9.11383],[-75.85275,9.11278],[-75.85291,9.11134],[-75.85227,9.11025],[-75.85209,9.10844],[-75.85409,9.10772],[-75.85509,9.10817],[-75.85464,9.10943],[-75.85555,9.10907],[-75.85655,9.11079],[-75.85592,9.11341],[-75.85547,9.11368],[-75.85592,9.11395],[-75.85565,9.1154],[-75.8562,9.11748],[-75.85566,9.11983],[-75.8573,9.11938],[-75.85812,9.12073],[-75.85803,9.12154],[-75.85876,9.12154],[-75.85931,9.12245],[-75.85986,9.12235],[-75.86022,9.12118],[-75.86131,9.12036],[-75.86149,9.1209],[-75.86095,9.12136],[-75.86213,9.12126],[-75.86277,9.12217],[-75.86268,9.1228],[-75.86195,9.12307],[-75.8615,9.1247],[-75.86214,9.12506],[-75.86296,9.1247],[-75.86287,9.12596],[-75.86342,9.1266],[-75.8616,9.1266],[-75.86305,9.12723],[-75.86196,9.12814],[-75.86051,9.12832],[-75.86015,9.12923],[-75.85887,9.12905],[-75.85978,9.12823],[-75.85941,9.1276],[-75.8586,9.12796],[-75.85823,9.12755],[-75.8595,9.12642],[-75.85941,9.12516],[-75.85868,9.12426],[-75.85859,9.12634],[-75.85768,9.12571],[-75.85668,9.12607],[-75.85541,9.12598],[-75.85504,9.12553],[-75.85122,9.12608],[-75.85022,9.12581],[-75.85231,9.12508],[-75.85431,9.12537],[-75.85485,9.12399],[-75.85431,9.12354],[-75.85276,9.12382],[-75.85303,9.12282],[-75.85221,9.12237],[-75.85248,9.12147]],[[-75.85367,9.12237],[-75.85267,9.12192],[-75.85303,9.12282],[-75.85367,9.12237]],[[-75.85859,9.1238],[-75.85785,9.12272],[-75.85777,9.12344],[-75.8585,9.12417],[-75.85859,9.1238]]],[[[-75.85848,9.11955],[-75.85684,9.11883],[-75.85684,9.11847],[-75.85857,9.11856],[-75.85966,9.11756],[-75.86039,9.11783],[-75.8603,9.11873],[-75.86167,9.11864],[-75.86203,9.11909],[-75.86003,9.11919],[-75.85967,9.11973],[-75.85939,9.11892],[-75.85848,9.11955]]],[[[-75.85668,9.12643],[-75.85741,9.12706],[-75.85632,9.12761],[-75.8555,9.12661],[-75.85668,9.12643]]],[[[-75.8425,9.1318],[-75.84032,9.13316],[-75.8405,9.13236],[-75.8425,9.1318]]],[[[-75.84414,9.13243],[-75.84477,9.13189],[-75.84487,9.1327],[-75.84241,9.13307],[-75.84368,9.13225],[-75.84414,9.13243]]],[[[-75.84523,9.13473],[-75.84569,9.13613],[-75.84505,9.13577],[-75.84415,9.13616],[-75.84444,9.13505],[-75.84523,9.13473]]],[[[-75.85781,9.1418],[-75.85663,9.14253],[-75.85672,9.14181],[-75.85608,9.14117],[-75.85508,9.14199],[-75.85417,9.14199],[-75.85435,9.14118],[-75.85526,9.14118],[-75.85608,9.13982],[-75.85571,9.13928],[-75.8548,9.13964],[-75.85543,9.13683],[-75.85698,9.13575],[-75.85743,9.13448],[-75.85861,9.13439],[-75.85824,9.1333],[-75.85852,9.13267],[-75.85933,9.13248],[-75.85815,9.13176],[-75.85915,9.13049],[-75.86033,9.1304],[-75.86087,9.12959],[-75.86215,9.12949],[-75.86233,9.12841],[-75.86369,9.12849],[-75.86415,9.12994],[-75.86342,9.1303],[-75.86251,9.12976],[-75.86188,9.13067],[-75.86233,9.13112],[-75.86215,9.13157],[-75.86161,9.1323],[-75.8607,9.13239],[-75.86134,9.13311],[-75.85988,9.13348],[-75.86007,9.13465],[-75.85888,9.13466],[-75.85925,9.13538],[-75.86007,9.1352],[-75.86034,9.13628],[-75.85861,9.13601],[-75.8587,9.13511],[-75.85761,9.13574],[-75.8598,9.13691],[-75.85798,9.13837],[-75.85817,9.13873],[-75.85917,9.13845],[-75.85871,9.13927],[-75.85899,9.14117],[-75.8579,9.14207],[-75.85809,9.1437],[-75.85718,9.14307],[-75.85781,9.1418]],[[-75.85671,9.13719],[-75.85716,9.13656],[-75.85607,9.13656],[-75.85607,9.13719],[-75.85671,9.13719]]],[[[-75.84806,9.13694],[-75.84797,9.13739],[-75.84715,9.13767],[-75.84624,9.13731],[-75.84633,9.13671],[-75.84806,9.13694]]],[[[-75.8457,9.13785],[-75.84469,9.13758],[-75.84524,9.13704],[-75.84588,9.13722],[-75.8457,9.13785]]],[[[-75.84652,9.1402],[-75.84616,9.14011],[-75.84615,9.13912],[-75.84697,9.13957],[-75.84652,9.1402]]],[[[-75.8619,9.14062],[-75.86072,9.14089],[-75.8609,9.14143],[-75.8599,9.1427],[-75.85936,9.1427],[-75.86026,9.14089],[-75.8619,9.14062]]],[[[-75.84453,9.14391],[-75.84417,9.14654],[-75.84353,9.14708],[-75.84326,9.14555],[-75.84453,9.14391]]],[[[-75.85945,9.14487],[-75.86046,9.14596],[-75.85891,9.14605],[-75.85891,9.14515],[-75.85945,9.14487]]],[[[-75.84818,9.14716],[-75.8479,9.14644],[-75.84913,9.14607],[-75.85018,9.14788],[-75.84982,9.14806],[-75.84818,9.14716]]],[[[-75.8541,9.15221],[-75.85419,9.15131],[-75.8531,9.15158],[-75.85119,9.15014],[-75.85182,9.14878],[-75.85136,9.14743],[-75.85218,9.14824],[-75.85291,9.14796],[-75.8541,9.14959],[-75.85455,9.14941],[-75.85419,9.1485],[-75.85628,9.14823],[-75.85664,9.14759],[-75.85846,9.14759],[-75.85764,9.14732],[-75.85737,9.14633],[-75.855,9.14561],[-75.85591,9.14506],[-75.85545,9.14389],[-75.85481,9.14416],[-75.85436,9.14688],[-75.85518,9.14715],[-75.85527,9.14669],[-75.85546,9.14751],[-75.85446,9.14814],[-75.85391,9.14697],[-75.85345,9.14733],[-75.85273,9.14706],[-75.85272,9.14625],[-75.85345,9.14525],[-75.85254,9.14462],[-75.85263,9.14408],[-75.85363,9.14416],[-75.8549,9.14262],[-75.85536,9.14335],[-75.85672,9.14325],[-75.85772,9.14406],[-75.85736,9.14551],[-75.85809,9.1456],[-75.85764,9.14569],[-75.85773,9.14651],[-75.859,9.14696],[-75.8591,9.14831],[-75.85856,9.14931],[-75.85737,9.14931],[-75.85756,9.14985],[-75.85828,9.14967],[-75.85838,9.1503],[-75.85719,9.15049],[-75.85683,9.15004],[-75.85647,9.15103],[-75.85583,9.15103],[-75.8551,9.14977],[-75.85483,9.15049],[-75.85583,9.15257],[-75.85519,9.15212],[-75.8541,9.15221]]],[[[-75.84281,9.14907],[-75.8429,9.14853],[-75.84226,9.14817],[-75.84253,9.14763],[-75.84335,9.14835],[-75.84318,9.14962],[-75.84263,9.14998],[-75.84145,9.14971],[-75.84163,9.14917],[-75.84281,9.14907]]],[[[-75.86029,9.15147],[-75.86056,9.15211],[-75.85893,9.15193],[-75.85902,9.15139],[-75.86029,9.15147]]],[[[-75.8602,9.1531],[-75.85911,9.15347],[-75.85875,9.15265],[-75.85947,9.15229],[-75.8602,9.1531]]],[[[-75.84874,9.15584],[-75.84856,9.15485],[-75.84956,9.15557],[-75.84956,9.15476],[-75.85228,9.15249],[-75.85365,9.1523],[-75.85429,9.15393],[-75.85293,9.15439],[-75.85347,9.1552],[-75.85248,9.15674],[-75.85156,9.15629],[-75.85211,9.15583],[-75.85202,9.15493],[-75.85092,9.15484],[-75.85092,9.1543],[-75.84992,9.15503],[-75.8502,9.15566],[-75.85165,9.15529],[-75.85048,9.15747],[-75.85066,9.15674],[-75.85011,9.15584],[-75.84874,9.15584]]],[[[-75.84119,9.1555],[-75.84164,9.15477],[-75.84219,9.15504],[-75.84264,9.15468],[-75.84301,9.15568],[-75.84119,9.1555]]],[[[-75.84455,9.15422],[-75.84519,9.15404],[-75.84692,9.15521],[-75.84538,9.1573],[-75.8451,9.15504],[-75.84455,9.15422]]],[[[-75.85385,9.15999],[-75.85302,9.15791],[-75.85375,9.15728],[-75.85366,9.15574],[-75.85457,9.15592],[-75.85566,9.15764],[-75.85648,9.15718],[-75.85475,9.15538],[-75.85593,9.15438],[-75.8583,9.15492],[-75.85875,9.15546],[-75.8603,9.15473],[-75.86276,9.15626],[-75.86258,9.1569],[-75.86313,9.15753],[-75.86358,9.15753],[-75.86376,9.1568],[-75.86458,9.1578],[-75.86458,9.15861],[-75.86349,9.15897],[-75.86277,9.15988],[-75.86277,9.15888],[-75.86176,9.15853],[-75.86076,9.15889],[-75.86103,9.15771],[-75.86049,9.15744],[-75.86012,9.15799],[-75.85876,9.15817],[-75.85848,9.15763],[-75.85776,9.15799],[-75.85675,9.15727],[-75.85666,9.1579],[-75.85576,9.15827],[-75.85703,9.1589],[-75.85712,9.15989],[-75.8564,9.16035],[-75.85531,9.16017],[-75.85512,9.15972],[-75.85385,9.15999]],[[-75.85939,9.15591],[-75.85794,9.15636],[-75.85903,9.15699],[-75.85921,9.1579],[-75.85958,9.15726],[-75.85939,9.15591]]],[[[-75.86067,9.15988],[-75.86204,9.15943],[-75.86077,9.16088],[-75.86031,9.15979],[-75.86067,9.15988]]],[[[-75.85422,9.16126],[-75.85522,9.1618],[-75.85495,9.16343],[-75.85313,9.1637],[-75.85422,9.16126]]],[[[-75.85085,9.16298],[-75.85185,9.16244],[-75.85213,9.16316],[-75.85104,9.16334],[-75.84885,9.16272],[-75.84921,9.1619],[-75.85085,9.16298]]],[[[-75.84985,9.16362],[-75.84895,9.16507],[-75.84913,9.16579],[-75.84904,9.16615],[-75.84849,9.1657],[-75.84812,9.16335],[-75.84876,9.16272],[-75.84894,9.16344],[-75.84967,9.16326],[-75.84985,9.16362]]],[[[-75.85213,9.16406],[-75.85277,9.16461],[-75.85022,9.16488],[-75.8504,9.16434],[-75.85213,9.16406]]],[[[-75.8556,9.16822],[-75.85441,9.16822],[-75.85469,9.16722],[-75.85432,9.16659],[-75.85569,9.16722],[-75.85559,9.16605],[-75.85605,9.16605],[-75.85705,9.16695],[-75.85604,9.16442],[-75.8575,9.1645],[-75.85787,9.16496],[-75.85868,9.16468],[-75.85777,9.16414],[-75.85822,9.16306],[-75.8575,9.16297],[-75.85868,9.16197],[-75.85686,9.16134],[-75.85685,9.1608],[-75.86022,9.16142],[-75.86022,9.16233],[-75.86068,9.16242],[-75.86105,9.16341],[-75.85986,9.16278],[-75.85977,9.16423],[-75.85914,9.16504],[-75.86042,9.16576],[-75.85723,9.16541],[-75.85741,9.16586],[-75.85932,9.16631],[-75.85942,9.1673],[-75.85842,9.16713],[-75.85778,9.16758],[-75.85833,9.1683],[-75.85714,9.16794],[-75.85615,9.16885],[-75.8546,9.1693],[-75.8556,9.16822]]],[[[-75.84431,9.16598],[-75.84403,9.16472],[-75.84503,9.16481],[-75.84576,9.16553],[-75.84613,9.16553],[-75.84603,9.16453],[-75.84667,9.1648],[-75.84631,9.16625],[-75.84422,9.16689],[-75.84358,9.16598],[-75.84431,9.16598]]],[[[-75.86069,9.16739],[-75.86015,9.16766],[-75.85969,9.16748],[-75.86042,9.16712],[-75.86115,9.16739],[-75.86243,9.16947],[-75.86069,9.16739]]],[[[-75.84969,9.17004],[-75.84886,9.16896],[-75.84932,9.16814],[-75.85032,9.16841],[-75.85086,9.16796],[-75.85059,9.16705],[-75.85095,9.16524],[-75.85313,9.16533],[-75.85368,9.16614],[-75.85341,9.16714],[-75.85396,9.16705],[-75.85405,9.16759],[-75.85323,9.16714],[-75.85323,9.16587],[-75.85268,9.16569],[-75.85159,9.16588],[-75.85104,9.16669],[-75.85187,9.16823],[-75.85305,9.16786],[-75.85251,9.16967],[-75.85169,9.1694],[-75.85087,9.16995],[-75.85142,9.17166],[-75.85033,9.17176],[-75.84932,9.17131],[-75.84969,9.17004]]],[[[-75.84322,9.16861],[-75.84322,9.16725],[-75.84413,9.16797],[-75.84449,9.16725],[-75.84558,9.16706],[-75.84549,9.16761],[-75.84659,9.16761],[-75.84641,9.16896],[-75.84705,9.16987],[-75.84577,9.16905],[-75.84222,9.16997],[-75.84195,9.16933],[-75.84322,9.16861]]],[[[-75.84632,9.17005],[-75.84641,9.1705],[-75.84532,9.17032],[-75.84595,9.1696],[-75.84632,9.17005]]],[[[-75.84741,9.17068],[-75.84732,9.17149],[-75.84833,9.17203],[-75.84778,9.17312],[-75.84878,9.1723],[-75.84924,9.17375],[-75.8466,9.17493],[-75.84696,9.17059],[-75.84741,9.17068]]],[[[-75.8588,9.17373],[-75.85834,9.17328],[-75.85925,9.17309],[-75.85943,9.17345],[-75.8588,9.17373]]],[[[-75.85042,9.17329],[-75.84987,9.17248],[-75.85069,9.17248],[-75.85151,9.17284],[-75.85152,9.17401],[-75.85215,9.17465],[-75.85115,9.1742],[-75.85079,9.17501],[-75.84915,9.17492],[-75.85042,9.17329]]],[[[-75.85971,9.17454],[-75.8598,9.17562],[-75.85889,9.17599],[-75.85862,9.17554],[-75.85971,9.17454]]],[[[-75.84533,9.17701],[-75.84488,9.17864],[-75.84406,9.17828],[-75.84461,9.17729],[-75.84533,9.17701]]],[[[-75.85936,9.1796],[-75.85926,9.1787],[-75.86063,9.17779],[-75.86126,9.17815],[-75.86099,9.1786],[-75.86081,9.17806],[-75.86045,9.17815],[-75.86072,9.17915],[-75.86099,9.17942],[-75.862,9.17951],[-75.86209,9.17969],[-75.86043,9.17987],[-75.85936,9.1796]]],[[[-75.84016,9.18209],[-75.84007,9.18155],[-75.84134,9.18136],[-75.84143,9.18209],[-75.84016,9.18209]]],[[[-75.85446,9.18803],[-75.8541,9.18848],[-75.85319,9.18803],[-75.85382,9.18758],[-75.85391,9.18685],[-75.85264,9.1864],[-75.85336,9.18513],[-75.85263,9.18405],[-75.85305,9.18296],[-75.85254,9.1826],[-75.85271,9.17971],[-75.85135,9.18026],[-75.85089,9.1789],[-75.84989,9.17863],[-75.84943,9.17872],[-75.84916,9.17999],[-75.8478,9.17927],[-75.84662,9.18009],[-75.84589,9.17945],[-75.84689,9.17918],[-75.84652,9.1781],[-75.84597,9.17783],[-75.84606,9.17692],[-75.84688,9.17674],[-75.8467,9.17611],[-75.84743,9.1762],[-75.84806,9.17511],[-75.84934,9.1761],[-75.84925,9.17691],[-75.84852,9.17683],[-75.8487,9.17764],[-75.85025,9.17727],[-75.85125,9.1789],[-75.8518,9.17872],[-75.85207,9.17944],[-75.85271,9.17917],[-75.85344,9.17998],[-75.85354,9.18296],[-75.85464,9.18459],[-75.85418,9.1854],[-75.85473,9.18576],[-75.85464,9.18812],[-75.85528,9.1892],[-75.85474,9.18947],[-75.85446,9.18803]],[[-75.84697,9.17674],[-75.84697,9.178],[-75.84807,9.17845],[-75.84752,9.17692],[-75.84697,9.17674]]],[[[-75.85117,9.18197],[-75.85099,9.18369],[-75.85035,9.18171],[-75.85071,9.18125],[-75.85117,9.18197]]],[[[-75.86191,9.18272],[-75.86228,9.18222],[-75.8621,9.18439],[-75.86146,9.18439],[-75.86191,9.18272]]],[[[-75.85182,9.18532],[-75.85182,9.18595],[-75.85109,9.18514],[-75.85136,9.1846],[-75.85182,9.18532]]],[[[-75.86083,9.18629],[-75.86101,9.1853],[-75.86128,9.1853],[-75.86174,9.18602],[-75.86083,9.18629]]],[[[-75.85874,9.18562],[-75.85937,9.18548],[-75.85901,9.1863],[-75.85819,9.18639],[-75.85801,9.18599],[-75.85874,9.18562]]],[[[-75.85164,9.18695],[-75.852,9.1864],[-75.85218,9.18731],[-75.85155,9.18803],[-75.85118,9.18767],[-75.85164,9.18695]]],[[[-75.84427,9.1885],[-75.84454,9.18778],[-75.84563,9.18741],[-75.84427,9.1885]]],[[[-75.85574,9.18911],[-75.85711,9.18992],[-75.85702,9.19028],[-75.85601,9.1901],[-75.85547,9.18938],[-75.85574,9.18911]]],[[[-75.84637,9.19329],[-75.84537,9.19365],[-75.84483,9.19275],[-75.84564,9.19266],[-75.84637,9.19329]]],[[[-75.84994,9.19817],[-75.84975,9.19771],[-75.8503,9.19645],[-75.85093,9.19663],[-75.8512,9.19536],[-75.85056,9.19409],[-75.85083,9.19247],[-75.85147,9.19147],[-75.85192,9.19138],[-75.85238,9.19201],[-75.85229,9.19138],[-75.8532,9.19138],[-75.85356,9.19282],[-75.85429,9.19354],[-75.85375,9.19418],[-75.85393,9.19517],[-75.85366,9.19563],[-75.8533,9.19545],[-75.85302,9.194],[-75.85275,9.19454],[-75.85175,9.19454],[-75.85139,9.19581],[-75.85193,9.19671],[-75.8513,9.1969],[-75.85194,9.19753],[-75.85185,9.19861],[-75.85148,9.19861],[-75.85157,9.19798],[-75.84994,9.19817]],[[-75.85183,9.1921],[-75.85147,9.1931],[-75.85384,9.19373],[-75.85256,9.193],[-75.85256,9.19246],[-75.85183,9.1921]]],[[[-75.83983,9.1971],[-75.84119,9.19683],[-75.84183,9.19746],[-75.84211,9.19891],[-75.84165,9.199],[-75.84147,9.19819],[-75.84038,9.19828],[-75.83983,9.1971]]],[[[-75.85231,9.19979],[-75.85231,9.19997],[-75.85103,9.19979],[-75.85067,9.19916],[-75.85231,9.19979]]],[[[-75.85085,9.20006],[-75.85067,9.2007],[-75.85122,9.2007],[-75.8514,9.20133],[-75.85067,9.20133],[-75.8503,9.20052],[-75.85085,9.20006]]],[[[-75.84576,9.20197],[-75.84548,9.20107],[-75.84475,9.20107],[-75.84457,9.20062],[-75.8453,9.20017],[-75.84739,9.2007],[-75.84839,9.19962],[-75.84839,9.1988],[-75.84912,9.19871],[-75.84967,9.20052],[-75.84721,9.2017],[-75.84785,9.20333],[-75.84685,9.20324],[-75.84658,9.20188],[-75.84576,9.20197]]],[[[-75.85213,9.20214],[-75.85193,9.20267],[-75.8525,9.20332],[-75.85195,9.20332],[-75.8514,9.20259],[-75.85213,9.20214]]],[[[-75.8606,9.20266],[-75.8616,9.20257],[-75.86251,9.20401],[-75.86205,9.20402],[-75.86169,9.2032],[-75.8606,9.2033],[-75.8606,9.20266]]],[[[-75.84876,9.20269],[-75.85022,9.20242],[-75.85122,9.20404],[-75.85004,9.20486],[-75.84995,9.20332],[-75.84885,9.20323],[-75.84876,9.20269]]],[[[-75.84521,9.2071],[-75.84322,9.20737],[-75.8444,9.20668],[-75.84486,9.20578],[-75.84549,9.20623],[-75.84521,9.2071]]],[[[-75.85133,9.20956],[-75.85188,9.2101],[-75.85179,9.21082],[-75.85051,9.21019],[-75.85133,9.20956]]],[[[-75.84805,9.2102],[-75.84869,9.21083],[-75.84996,9.21047],[-75.85042,9.21191],[-75.84706,9.21246],[-75.84733,9.21165],[-75.84796,9.21165],[-75.84805,9.2102]]],[[[-75.84651,9.21111],[-75.84651,9.21156],[-75.84551,9.2121],[-75.84496,9.21183],[-75.84651,9.21111]]],[[[-75.84087,9.21212],[-75.84177,9.21112],[-75.8425,9.21139],[-75.84268,9.21048],[-75.84332,9.21021],[-75.84277,9.21084],[-75.84332,9.21166],[-75.84278,9.21292],[-75.84096,9.21239],[-75.83914,9.21302],[-75.83914,9.21212],[-75.84087,9.21212]]],[[[-75.85898,9.21225],[-75.8587,9.21126],[-75.85952,9.21135],[-75.85962,9.21189],[-75.85898,9.21225]]],[[[-75.84442,9.21337],[-75.84415,9.21365],[-75.84342,9.21319],[-75.84342,9.21256],[-75.84442,9.21337]]],[[[-75.85672,9.21877],[-75.85663,9.21832],[-75.85517,9.21877],[-75.85527,9.21932],[-75.85481,9.21941],[-75.85508,9.21868],[-75.85426,9.21724],[-75.85435,9.21615],[-75.85507,9.21561],[-75.85507,9.21407],[-75.85744,9.21352],[-75.85671,9.21262],[-75.8578,9.21262],[-75.85734,9.21054],[-75.85743,9.20972],[-75.85806,9.20927],[-75.85843,9.20954],[-75.85788,9.20981],[-75.85825,9.21244],[-75.85962,9.21325],[-75.85962,9.21379],[-75.85862,9.21406],[-75.85826,9.21569],[-75.85753,9.21587],[-75.85753,9.21488],[-75.85698,9.21488],[-75.85526,9.21624],[-75.85508,9.21678],[-75.85562,9.21715],[-75.85626,9.21687],[-75.85644,9.21778],[-75.85727,9.21832],[-75.857,9.21958],[-75.85627,9.21968],[-75.85627,9.22013],[-75.85572,9.21968],[-75.85672,9.21877]]],[[[-75.85763,9.21741],[-75.8569,9.21732],[-75.85735,9.21651],[-75.85781,9.2166],[-75.85763,9.21741]]],[[[-75.861,9.21768],[-75.86172,9.2165],[-75.86282,9.21736],[-75.862,9.2174],[-75.86063,9.21894],[-75.85872,9.21877],[-75.861,9.21768]]],[[[-75.84339,9.24024],[-75.8443,9.23969],[-75.84667,9.23978],[-75.8463,9.24059],[-75.84545,9.24011],[-75.84339,9.24051],[-75.84248,9.24187],[-75.84212,9.24069],[-75.84139,9.24033],[-75.84339,9.24024]]],[[[-75.84486,9.2415],[-75.84549,9.24159],[-75.84613,9.24303],[-75.84486,9.2415]]],[[[-75.84085,9.24187],[-75.84103,9.24277],[-75.84149,9.24295],[-75.84039,9.24269],[-75.84021,9.24214],[-75.84085,9.24187]]],[[[-75.81824,8.61715],[-75.81715,8.61787],[-75.81634,8.61923],[-75.81606,8.61896],[-75.81661,8.6176],[-75.81833,8.61642],[-75.81733,8.61579],[-75.81987,8.61515],[-75.81987,8.61588],[-75.81915,8.61624],[-75.81979,8.61741],[-75.81906,8.61941],[-75.81861,8.61932],[-75.81888,8.61751],[-75.81824,8.61715]]],[[[-75.81354,8.71212],[-75.81454,8.7114],[-75.81617,8.71194],[-75.81635,8.71121],[-75.8169,8.71103],[-75.81736,8.7122],[-75.81845,8.71293],[-75.8179,8.7132],[-75.8179,8.71401],[-75.81354,8.71212]]],[[[-75.79949,8.86075],[-75.7995,8.86274],[-75.79913,8.86274],[-75.79822,8.86139],[-75.79949,8.86075]]],[[[-75.79804,8.86274],[-75.79713,8.86266],[-75.79722,8.86211],[-75.79813,8.86238],[-75.79804,8.86274]]],[[[-75.82576,8.89298],[-75.82603,8.89298],[-75.82567,8.89398],[-75.82458,8.8938],[-75.82466,8.89326],[-75.82576,8.89298]]],[[[-75.82931,8.89822],[-75.82868,8.89804],[-75.82904,8.8975],[-75.82959,8.8975],[-75.82931,8.89822]]],[[[-75.82622,8.89777],[-75.82822,8.89623],[-75.82831,8.89677],[-75.82758,8.89696],[-75.82813,8.89759],[-75.82841,8.8994],[-75.82777,8.89958],[-75.82695,8.89813],[-75.82622,8.89777]]],[[[-75.79733,8.90969],[-75.79742,8.91014],[-75.79542,8.91068],[-75.79533,8.90987],[-75.79733,8.90969]]],[[[-75.7999,8.92379],[-75.799,8.92469],[-75.79918,8.92379],[-75.7999,8.92379]]],[[[-75.80064,8.92578],[-75.79873,8.9265],[-75.79927,8.92551],[-75.80064,8.92578]]],[[[-75.79727,8.92578],[-75.79673,8.92678],[-75.796,8.92533],[-75.79727,8.92578]]],[[[-75.79791,8.92813],[-75.79755,8.92823],[-75.79746,8.92768],[-75.79836,8.92678],[-75.79936,8.92659],[-75.79791,8.92813]]],[[[-75.79618,8.92778],[-75.79646,8.92814],[-75.79555,8.92787],[-75.79609,8.92723],[-75.79618,8.92778]]],[[[-75.8061,8.92766],[-75.80746,8.92775],[-75.80701,8.92866],[-75.80519,8.92975],[-75.8051,8.93029],[-75.80474,8.92993],[-75.80482,8.9283],[-75.8061,8.92766]]],[[[-75.79791,8.92904],[-75.79773,8.92949],[-75.79864,8.9303],[-75.79673,8.93049],[-75.79664,8.92949],[-75.79791,8.92904]]],[[[-75.81093,8.93145],[-75.81247,8.93091],[-75.81365,8.92982],[-75.81492,8.92982],[-75.81593,8.9309],[-75.81611,8.93244],[-75.81448,8.93334],[-75.81139,8.93444],[-75.8102,8.93408],[-75.81093,8.93145]]],[[[-75.79911,8.93564],[-75.79911,8.93654],[-75.7982,8.936],[-75.79911,8.93564]]],[[[-75.82525,8.94978],[-75.82534,8.95041],[-75.82379,8.95105],[-75.82352,8.95033],[-75.82525,8.94978]]],[[[-75.81788,8.9507],[-75.81825,8.95097],[-75.81843,8.9526],[-75.81925,8.95169],[-75.81898,8.95323],[-75.81707,8.95278],[-75.81788,8.9507]]],[[[-75.823,8.96055],[-75.82391,8.96082],[-75.82391,8.96127],[-75.82291,8.96136],[-75.82245,8.96028],[-75.82245,8.95964],[-75.8229,8.95946],[-75.823,8.96055]]],[[[-75.80718,8.96592],[-75.80736,8.96655],[-75.80609,8.96755],[-75.80591,8.96628],[-75.80718,8.96592]]],[[[-75.8141,8.97006],[-75.81401,8.96898],[-75.81456,8.96925],[-75.8141,8.97006]]],[[[-75.80914,8.98617],[-75.80923,8.98654],[-75.80786,8.98663],[-75.80741,8.98573],[-75.80914,8.98617]]],[[[-75.81078,8.98834],[-75.81351,8.98879],[-75.81351,8.98924],[-75.81278,8.9896],[-75.81233,8.98879],[-75.81078,8.98834]]],[[[-75.81169,8.98979],[-75.81288,8.9906],[-75.81242,8.99159],[-75.81188,8.99159],[-75.81224,8.99205],[-75.81188,8.99304],[-75.81143,8.99286],[-75.81151,8.99141],[-75.8106,8.99124],[-75.81169,8.98979]]],[[[-75.80778,8.99106],[-75.80888,8.99205],[-75.80742,8.99233],[-75.80669,8.99188],[-75.80778,8.99106]]],[[[-75.81288,8.99259],[-75.81315,8.99268],[-75.81252,8.99367],[-75.81325,8.99349],[-75.81343,8.99412],[-75.8127,8.99412],[-75.81225,8.9934],[-75.81288,8.99259]]],[[[-75.81981,9.00162],[-75.81845,9.00225],[-75.81845,9.00135],[-75.81981,9.00162]]],[[[-75.81154,9.00154],[-75.81236,9.00199],[-75.81263,9.00145],[-75.81445,9.00136],[-75.81408,9.00199],[-75.81227,9.00227],[-75.81136,9.00353],[-75.81027,9.0029],[-75.81154,9.00154]]],[[[-75.82073,9.00225],[-75.82,9.00288],[-75.81972,9.00225],[-75.82045,9.00189],[-75.82073,9.00225]]],[[[-75.81936,9.00252],[-75.81936,9.00352],[-75.81827,9.00325],[-75.81936,9.00252]]],[[[-75.81619,9.00597],[-75.81655,9.00551],[-75.81618,9.0047],[-75.81764,9.00361],[-75.818,9.00433],[-75.81764,9.00542],[-75.81873,9.00551],[-75.81901,9.00605],[-75.8181,9.0065],[-75.81728,9.0056],[-75.81619,9.00597]]],[[[-75.80219,9.01432],[-75.80274,9.01404],[-75.80274,9.01332],[-75.80447,9.01368],[-75.80429,9.01485],[-75.80374,9.0154],[-75.80229,9.01549],[-75.80247,9.01495],[-75.80183,9.01468],[-75.80192,9.0135],[-75.80228,9.01341],[-75.80219,9.01432]]],[[[-75.82303,9.0149],[-75.82312,9.01436],[-75.82366,9.01436],[-75.82439,9.01499],[-75.82503,9.01472],[-75.82512,9.01562],[-75.82303,9.0149]]],[[[-75.80383,9.01558],[-75.80447,9.01612],[-75.80265,9.01685],[-75.80193,9.0164],[-75.80383,9.01558]]],[[[-75.81967,9.01826],[-75.82031,9.01871],[-75.81977,9.02007],[-75.81885,9.01934],[-75.81967,9.01826]]],[[[-75.82906,9.02592],[-75.82988,9.0261],[-75.82943,9.02755],[-75.83015,9.028],[-75.82897,9.02755],[-75.82906,9.02592]]],[[[-75.82788,9.02602],[-75.82743,9.02819],[-75.82697,9.02738],[-75.82733,9.0262],[-75.82788,9.02602]]],[[[-75.83206,9.02755],[-75.83079,9.02764],[-75.83097,9.02719],[-75.83206,9.02755]]],[[[-75.83425,9.02799],[-75.83316,9.02745],[-75.83334,9.027],[-75.83388,9.02745],[-75.83452,9.02709],[-75.83507,9.02917],[-75.83371,9.02917],[-75.83425,9.02799]]],[[[-75.79932,9.03078],[-75.80122,9.02816],[-75.80096,9.03006],[-75.8015,9.03024],[-75.80159,9.02969],[-75.80223,9.03078],[-75.80069,9.0315],[-75.80014,9.03132],[-75.79987,9.03232],[-75.79905,9.0325],[-75.79832,9.03115],[-75.79841,9.0306],[-75.79932,9.03078]]],[[[-75.80514,9.03122],[-75.80378,9.0315],[-75.80423,9.03068],[-75.80514,9.03122]]],[[[-75.80014,9.03196],[-75.80132,9.03168],[-75.80151,9.03349],[-75.80114,9.03367],[-75.80014,9.03196]]],[[[-75.8379,9.03486],[-75.83736,9.03513],[-75.83699,9.03396],[-75.83763,9.03413],[-75.8379,9.03486]]],[[[-75.83344,9.03369],[-75.83362,9.03324],[-75.83453,9.03369],[-75.83481,9.03604],[-75.83436,9.03595],[-75.83344,9.03369]]],[[[-75.81436,9.04504],[-75.81582,9.04567],[-75.81601,9.0473],[-75.81501,9.04766],[-75.81436,9.04504]]],[[[-75.82966,9.04862],[-75.82984,9.04944],[-75.82875,9.04953],[-75.82829,9.04908],[-75.82966,9.04862]]],[[[-75.83957,9.04806],[-75.83984,9.04742],[-75.84039,9.04742],[-75.84003,9.04824],[-75.84031,9.05041],[-75.83967,9.05104],[-75.83994,9.0505],[-75.83957,9.04806]]],[[[-75.83903,9.05168],[-75.83894,9.05113],[-75.83967,9.05104],[-75.83903,9.05168]]],[[[-75.83666,9.04969],[-75.8373,9.04915],[-75.83721,9.04806],[-75.83803,9.04824],[-75.83785,9.04978],[-75.83821,9.0505],[-75.83703,9.05114],[-75.83676,9.05051],[-75.83739,9.05032],[-75.83748,9.04978],[-75.83666,9.04969]]],[[[-75.81729,9.0501],[-75.81728,9.04928],[-75.81783,9.04946],[-75.81783,9.0501],[-75.81729,9.0501]]],[[[-75.8263,9.0518],[-75.82584,9.0518],[-75.82602,9.05071],[-75.82666,9.05125],[-75.8263,9.0518]]],[[[-75.80064,9.05185],[-75.80082,9.05095],[-75.80155,9.05104],[-75.80173,9.05194],[-75.80309,9.05122],[-75.80201,9.05276],[-75.8021,9.05348],[-75.80064,9.05185]]],[[[-75.82603,9.05333],[-75.82575,9.05243],[-75.82639,9.05234],[-75.82603,9.05333]]],[[[-75.79946,9.05357],[-75.80028,9.05511],[-75.80001,9.05511],[-75.79919,9.05412],[-75.79946,9.05357]]],[[[-75.80101,9.0561],[-75.80019,9.05583],[-75.80028,9.05538],[-75.80101,9.05565],[-75.80101,9.0561]]],[[[-75.79738,9.05738],[-75.79719,9.05684],[-75.79819,9.05665],[-75.79738,9.05738]]],[[[-75.83004,9.05803],[-75.83113,9.05757],[-75.83087,9.06011],[-75.83041,9.06038],[-75.82968,9.05975],[-75.83004,9.05803]]],[[[-75.83532,9.05964],[-75.83541,9.06019],[-75.83423,9.06082],[-75.83414,9.06028],[-75.83532,9.05964]]],[[[-75.81549,9.06204],[-75.81467,9.06222],[-75.81467,9.06105],[-75.8154,9.06123],[-75.81549,9.06204]]],[[[-75.80185,9.06307],[-75.8023,9.06388],[-75.80139,9.06406],[-75.8013,9.06343],[-75.80048,9.06343],[-75.80185,9.06307]]],[[[-75.80013,9.06768],[-75.79985,9.06687],[-75.80022,9.06623],[-75.80103,9.06605],[-75.8014,9.06659],[-75.80085,9.06687],[-75.80122,9.06723],[-75.80095,9.06795],[-75.80195,9.06786],[-75.8015,9.06922],[-75.80077,9.06868],[-75.80077,9.06795],[-75.80013,9.06768]]],[[[-75.82879,9.06934],[-75.82834,9.06952],[-75.82852,9.06834],[-75.82879,9.06934]]],[[[-75.83771,9.07031],[-75.83817,9.0695],[-75.83899,9.07004],[-75.83753,9.07067],[-75.83698,9.06995],[-75.83744,9.06977],[-75.83771,9.07031]]],[[[-75.83526,9.07059],[-75.83444,9.06996],[-75.83562,9.06923],[-75.83744,9.07104],[-75.83671,9.07049],[-75.83526,9.07059]]],[[[-75.79777,9.06922],[-75.79777,9.07058],[-75.79831,9.0704],[-75.79795,9.0713],[-75.79741,9.07058],[-75.79731,9.06923],[-75.79777,9.06922]]],[[[-75.83508,9.07122],[-75.8348,9.07186],[-75.83398,9.0715],[-75.83435,9.07095],[-75.83508,9.07122]]],[[[-75.83817,9.07194],[-75.83908,9.07194],[-75.83836,9.07266],[-75.83735,9.07266],[-75.83753,9.07113],[-75.83817,9.07194]]],[[[-75.8167,9.07162],[-75.81761,9.07153],[-75.81716,9.07398],[-75.81652,9.07362],[-75.8167,9.07162]]],[[[-75.79841,9.07302],[-75.7985,9.07221],[-75.79896,9.07248],[-75.79896,9.07329],[-75.79841,9.07302]]],[[[-75.83317,9.07285],[-75.83262,9.07286],[-75.83253,9.07358],[-75.83171,9.07322],[-75.83171,9.07286],[-75.83244,9.07295],[-75.83189,9.0724],[-75.83253,9.07159],[-75.83353,9.07177],[-75.83399,9.07267],[-75.83444,9.0724],[-75.83344,9.07376],[-75.83408,9.07448],[-75.83263,9.07403],[-75.83317,9.07285]]],[[[-75.83872,9.0742],[-75.83754,9.07429],[-75.83672,9.07366],[-75.83693,9.07266],[-75.83845,9.07357],[-75.83872,9.0742]]],[[[-75.81825,9.07443],[-75.8177,9.0737],[-75.81852,9.0728],[-75.81861,9.07451],[-75.81953,9.07515],[-75.8178,9.07533],[-75.81698,9.0747],[-75.81716,9.07425],[-75.81825,9.07443]]],[[[-75.835,9.07611],[-75.835,9.07656],[-75.8339,9.07629],[-75.83463,9.07547],[-75.835,9.07611]]],[[[-75.7996,9.07655],[-75.79815,9.07655],[-75.79824,9.07574],[-75.79942,9.07591],[-75.7996,9.07655]]],[[[-75.80342,9.07681],[-75.80242,9.07672],[-75.80269,9.07609],[-75.80342,9.07681]]],[[[-75.83245,9.07602],[-75.83117,9.07521],[-75.83226,9.07439],[-75.83363,9.0752],[-75.83254,9.07566],[-75.83373,9.07747],[-75.83373,9.07819],[-75.83309,9.07882],[-75.83254,9.07837],[-75.83245,9.07602]]],[[[-75.81898,9.0765],[-75.81962,9.07677],[-75.81971,9.07759],[-75.81871,9.07687],[-75.81898,9.0765]]],[[[-75.83536,9.07809],[-75.83582,9.07864],[-75.83582,9.07764],[-75.83627,9.07755],[-75.83846,9.07845],[-75.83846,9.0789],[-75.83619,9.07945],[-75.83582,9.07891],[-75.83491,9.07954],[-75.83446,9.07891],[-75.83536,9.07809]]],[[[-75.81963,9.07903],[-75.82017,9.07804],[-75.82081,9.08021],[-75.81963,9.07903]]],[[[-75.79742,9.07881],[-75.79852,9.07926],[-75.79706,9.07972],[-75.79642,9.07936],[-75.79742,9.07881]]],[[[-75.7987,9.07971],[-75.79897,9.08062],[-75.79788,9.08098],[-75.79788,9.08044],[-75.79724,9.08017],[-75.7987,9.07971]]],[[[-75.81362,9.08104],[-75.81326,9.08221],[-75.81308,9.0814],[-75.81253,9.08122],[-75.81281,9.08077],[-75.81362,9.08104]]],[[[-75.81272,9.08231],[-75.81199,9.08258],[-75.81181,9.08149],[-75.81226,9.0814],[-75.81272,9.08231]]],[[[-75.82109,9.08238],[-75.82082,9.08265],[-75.82045,9.08175],[-75.82109,9.08147],[-75.82109,9.08238]]],[[[-75.80607,9.08169],[-75.80707,9.08123],[-75.80726,9.08223],[-75.80844,9.08204],[-75.8089,9.0824],[-75.80808,9.08286],[-75.80598,9.08223],[-75.80607,9.08169]]],[[[-75.83983,9.08206],[-75.83983,9.08297],[-75.84056,9.0826],[-75.84102,9.08297],[-75.83993,9.08387],[-75.83993,9.08487],[-75.83938,9.08297],[-75.83983,9.08206]]],[[[-75.80508,9.0854],[-75.80508,9.08657],[-75.80418,9.08721],[-75.80508,9.0854]]],[[[-75.79999,9.08758],[-75.7989,9.08812],[-75.79899,9.08704],[-75.7999,9.08686],[-75.79999,9.08758]]],[[[-75.82492,9.08834],[-75.82447,9.08789],[-75.82529,9.08779],[-75.82574,9.08806],[-75.82492,9.08834]]],[[[-75.80582,9.08856],[-75.80563,9.08793],[-75.80691,9.08765],[-75.80663,9.08829],[-75.80582,9.08856]]],[[[-75.80946,9.08973],[-75.81092,9.09072],[-75.80946,9.09072],[-75.80983,9.09163],[-75.80892,9.09208],[-75.80864,9.091],[-75.80946,9.08973]]],[[[-75.81794,9.09785],[-75.81903,9.09848],[-75.81812,9.09894],[-75.81758,9.09812],[-75.81794,9.09785]]],[[[-75.81449,9.10075],[-75.81385,9.10066],[-75.81394,9.09994],[-75.81485,9.10003],[-75.81449,9.10075]]],[[[-75.8175,9.10328],[-75.81759,9.10427],[-75.81668,9.10382],[-75.8175,9.10328]]],[[[-75.80577,9.11063],[-75.80586,9.10954],[-75.80686,9.10963],[-75.80678,9.11036],[-75.80577,9.11063]]],[[[-75.81251,9.11052],[-75.81278,9.11116],[-75.81206,9.11179],[-75.81133,9.11134],[-75.81151,9.1108],[-75.81251,9.11052]]],[[[-75.80842,9.11162],[-75.80742,9.11234],[-75.80714,9.11171],[-75.80651,9.11208],[-75.80569,9.11162],[-75.80678,9.11036],[-75.80769,9.11035],[-75.80842,9.11162]]],[[[-75.81297,9.11278],[-75.81251,9.11324],[-75.81242,9.11233],[-75.81315,9.11215],[-75.81297,9.11278]]],[[[-75.80642,9.11406],[-75.80587,9.11407],[-75.80623,9.11262],[-75.80696,9.1128],[-75.80642,9.11406]]],[[[-75.8097,9.11415],[-75.80942,9.11333],[-75.81006,9.11252],[-75.8086,9.11261],[-75.80851,9.11189],[-75.80942,9.11216],[-75.80987,9.1118],[-75.81124,9.11252],[-75.81079,9.11369],[-75.81179,9.11423],[-75.81061,9.11496],[-75.81006,9.11424],[-75.80952,9.11523],[-75.80897,9.11524],[-75.8086,9.11397],[-75.8097,9.11415]]],[[[-75.80132,9.11326],[-75.8015,9.11281],[-75.80232,9.11308],[-75.80241,9.11263],[-75.80351,9.11425],[-75.80305,9.11525],[-75.80132,9.11326]]],[[[-75.83827,9.11499],[-75.83718,9.11463],[-75.8379,9.11354],[-75.83891,9.11372],[-75.84055,9.11534],[-75.8391,9.11725],[-75.8381,9.11743],[-75.83746,9.11617],[-75.83827,9.11499]]],[[[-75.80625,9.11886],[-75.80688,9.11741],[-75.80761,9.11732],[-75.80707,9.1184],[-75.80625,9.11886]]],[[[-75.81953,9.11901],[-75.82063,9.11901],[-75.8199,9.11973],[-75.81908,9.11964],[-75.8189,9.11856],[-75.81953,9.11901]]],[[[-75.84001,9.11978],[-75.84029,9.12023],[-75.83929,9.1205],[-75.83847,9.11996],[-75.83874,9.1196],[-75.84001,9.11978]]],[[[-75.82836,9.1198],[-75.82873,9.12053],[-75.82682,9.12071],[-75.82754,9.11981],[-75.82836,9.1198]]],[[[-75.8108,9.12156],[-75.81117,9.1221],[-75.81081,9.12274],[-75.80962,9.12292],[-75.8108,9.12156]]],[[[-75.81045,9.124],[-75.81054,9.12428],[-75.80954,9.12509],[-75.8089,9.12374],[-75.81045,9.124]]],[[[-75.83849,9.13145],[-75.83767,9.13172],[-75.83603,9.12973],[-75.83448,9.1292],[-75.83439,9.1282],[-75.83384,9.12829],[-75.83375,9.12766],[-75.83302,9.12784],[-75.83329,9.12621],[-75.83429,9.12621],[-75.83365,9.12477],[-75.83575,9.12449],[-75.83674,9.12322],[-75.83738,9.12403],[-75.83484,9.1254],[-75.83529,9.12603],[-75.83611,9.12585],[-75.83621,9.1272],[-75.83511,9.12711],[-75.83502,9.12748],[-75.83575,9.1282],[-75.8363,9.12784],[-75.8363,9.12892],[-75.83712,9.12892],[-75.83731,9.13018],[-75.83856,9.13063],[-75.84013,9.13224],[-75.83959,9.13226],[-75.83968,9.13307],[-75.83904,9.13371],[-75.83832,9.13371],[-75.83813,9.13299],[-75.83877,9.13244],[-75.83849,9.13145]]],[[[-75.80728,9.13251],[-75.80591,9.13243],[-75.80701,9.13197],[-75.8071,9.13143],[-75.80728,9.13251]]],[[[-75.80519,9.13279],[-75.80537,9.13369],[-75.80437,9.13342],[-75.80437,9.13297],[-75.80519,9.13279]]],[[[-75.8264,9.13437],[-75.8263,9.13374],[-75.82694,9.13374],[-75.82612,9.13509],[-75.82521,9.13455],[-75.82558,9.1341],[-75.8264,9.13437]]],[[[-75.80619,9.13478],[-75.80628,9.13414],[-75.80756,9.13441],[-75.80747,9.13505],[-75.80619,9.13478]]],[[[-75.82749,9.13627],[-75.82667,9.13645],[-75.82649,9.136],[-75.82703,9.13554],[-75.82749,9.13627]]],[[[-75.80583,9.13695],[-75.80401,9.13731],[-75.80465,9.13623],[-75.80583,9.1365],[-75.80583,9.13695]]],[[[-75.81631,9.14018],[-75.81612,9.13919],[-75.81703,9.13873],[-75.81712,9.13964],[-75.8164,9.14127],[-75.8154,9.14045],[-75.81631,9.14018]]],[[[-75.82541,9.1417],[-75.82596,9.14142],[-75.82623,9.14161],[-75.82541,9.14224],[-75.8255,9.14269],[-75.82487,9.14287],[-75.82432,9.14125],[-75.82541,9.1417]]],[[[-75.82341,9.14297],[-75.82287,9.14451],[-75.82223,9.14424],[-75.82205,9.14261],[-75.82341,9.14297]]],[[[-75.80904,9.14589],[-75.80804,9.14707],[-75.80831,9.14508],[-75.80904,9.14589]]],[[[-75.82178,9.1465],[-75.82169,9.14758],[-75.82042,9.14723],[-75.82033,9.14677],[-75.82178,9.1465]]],[[[-75.82315,9.14877],[-75.82343,9.14888],[-75.8237,9.15011],[-75.82243,9.14975],[-75.82315,9.14877]]],[[[-75.81815,9.1485],[-75.81951,9.14958],[-75.8207,9.14921],[-75.82042,9.15012],[-75.81888,9.1503],[-75.81861,9.15112],[-75.81815,9.15012],[-75.81897,9.14967],[-75.81815,9.1485]]],[[[-75.81283,9.15132],[-75.81324,9.15169],[-75.8132,9.15213],[-75.81269,9.15213],[-75.81297,9.15303],[-75.81251,9.15195],[-75.81283,9.15132]]],[[[-75.81997,9.15184],[-75.82052,9.15084],[-75.82188,9.15066],[-75.82152,9.15138],[-75.82307,9.15265],[-75.82136,9.155],[-75.81997,9.15184]]],[[[-75.81788,9.15239],[-75.81797,9.15148],[-75.81888,9.15157],[-75.81989,9.15311],[-75.81962,9.15546],[-75.81889,9.15546],[-75.81934,9.15455],[-75.81788,9.15239]]],[[[-75.8177,9.15347],[-75.81779,9.15401],[-75.81652,9.15378],[-75.81697,9.1532],[-75.8177,9.15347]]],[[[-75.80988,9.15448],[-75.81033,9.15331],[-75.81066,9.15362],[-75.80988,9.15448]]],[[[-75.79778,9.15623],[-75.79778,9.15551],[-75.79951,9.15595],[-75.79878,9.15686],[-75.79678,9.15659],[-75.79678,9.15596],[-75.79778,9.15623]]],[[[-75.83254,9.15543],[-75.83382,9.15579],[-75.83318,9.15696],[-75.83172,9.15633],[-75.83254,9.15543]]],[[[-75.79987,9.15686],[-75.80005,9.15613],[-75.80124,9.15604],[-75.80124,9.15676],[-75.79987,9.15686]]],[[[-75.81807,9.15546],[-75.81907,9.15609],[-75.81998,9.15591],[-75.81753,9.1579],[-75.81771,9.15718],[-75.81725,9.15655],[-75.81807,9.15546]]],[[[-75.81244,9.15882],[-75.81216,9.15792],[-75.81289,9.15656],[-75.81371,9.15701],[-75.81562,9.15655],[-75.81616,9.15736],[-75.81617,9.15791],[-75.81517,9.15863],[-75.81489,9.158],[-75.81407,9.15782],[-75.81362,9.158],[-75.81353,9.15891],[-75.81307,9.15873],[-75.81316,9.15791],[-75.81244,9.15882]]],[[[-75.80406,9.15884],[-75.80443,9.15911],[-75.8047,9.16001],[-75.80379,9.1602],[-75.80406,9.15938],[-75.80343,9.15902],[-75.80406,9.15884]]],[[[-75.80852,9.15964],[-75.80943,9.15937],[-75.80943,9.15801],[-75.81025,9.15783],[-75.80953,9.16172],[-75.80907,9.16145],[-75.80852,9.15964]]],[[[-75.80143,9.16002],[-75.80215,9.15902],[-75.8017,9.16065],[-75.80052,9.16047],[-75.8007,9.15975],[-75.80143,9.16002]]],[[[-75.82454,9.15952],[-75.82445,9.15897],[-75.82764,9.15917],[-75.82864,9.16005],[-75.82837,9.16123],[-75.82454,9.15952]]],[[[-75.822,9.16404],[-75.82328,9.16449],[-75.82391,9.16368],[-75.82382,9.16142],[-75.82209,9.16142],[-75.8209,9.16079],[-75.82227,9.16043],[-75.82245,9.16097],[-75.823,9.16097],[-75.82263,9.15939],[-75.82336,9.15871],[-75.82436,9.15961],[-75.82409,9.16069],[-75.82445,9.16078],[-75.82455,9.16223],[-75.82537,9.1625],[-75.82419,9.16567],[-75.82328,9.16594],[-75.822,9.16404]]],[[[-75.80844,9.16172],[-75.80908,9.16208],[-75.8078,9.1639],[-75.80699,9.16354],[-75.80844,9.16172]]],[[[-75.819,9.16242],[-75.81791,9.16306],[-75.81792,9.16153],[-75.81859,9.16073],[-75.82081,9.16079],[-75.82128,9.16468],[-75.82,9.16486],[-75.819,9.16242]]],[[[-75.81783,9.16514],[-75.81785,9.16369],[-75.81827,9.16396],[-75.81783,9.16514]]],[[[-75.79807,9.16428],[-75.80043,9.16423],[-75.8,9.165],[-75.7977,9.16451],[-75.79807,9.16428]]],[[[-75.7969,9.17251],[-75.79645,9.17251],[-75.79654,9.17333],[-75.79609,9.17324],[-75.79462,9.17116],[-75.79562,9.16673],[-75.79698,9.16672],[-75.79744,9.16609],[-75.79825,9.1665],[-75.80271,9.16562],[-75.8028,9.16391],[-75.80216,9.16309],[-75.8028,9.16264],[-75.80362,9.16454],[-75.80326,9.1659],[-75.80372,9.16635],[-75.80517,9.16598],[-75.80554,9.16652],[-75.80281,9.16716],[-75.80189,9.16617],[-75.80089,9.16617],[-75.7998,9.16663],[-75.79971,9.16735],[-75.79917,9.16699],[-75.79698,9.16718],[-75.7968,9.16763],[-75.79753,9.16835],[-75.79781,9.16962],[-75.79881,9.17043],[-75.79881,9.17187],[-75.79954,9.17205],[-75.79927,9.1726],[-75.79973,9.17278],[-75.80045,9.17223],[-75.80036,9.17368],[-75.8,9.17404],[-75.79955,9.17359],[-75.79891,9.17377],[-75.798,9.17576],[-75.79673,9.17586],[-75.79718,9.17459],[-75.7969,9.17251]]],[[[-75.81511,9.17211],[-75.81674,9.17201],[-75.81675,9.17328],[-75.81556,9.17392],[-75.81538,9.17464],[-75.81475,9.17446],[-75.81511,9.17211]]],[[[-75.79683,9.17966],[-75.79665,9.1802],[-75.7961,9.17984],[-75.79637,9.17776],[-75.79683,9.17966]]],[[[-75.84033,9.17929],[-75.84097,9.17965],[-75.84015,9.1801],[-75.84006,9.18073],[-75.83942,9.17992],[-75.84033,9.17929]]],[[[-75.79683,9.18165],[-75.79629,9.1821],[-75.79592,9.18138],[-75.79683,9.18165]]],[[[-75.80282,9.18634],[-75.80012,9.18652],[-75.80094,9.186],[-75.80282,9.18634]]],[[[-75.80149,9.18914],[-75.80094,9.18842],[-75.80149,9.18824],[-75.80131,9.18742],[-75.80221,9.18706],[-75.80285,9.18769],[-75.80322,9.18968],[-75.80086,9.18996],[-75.80067,9.18887],[-75.80149,9.18914]]],[[[-75.79976,9.18878],[-75.79985,9.18942],[-75.7984,9.18879],[-75.79976,9.18878]]],[[[-75.79685,9.19123],[-75.79758,9.19168],[-75.79667,9.19178],[-75.79622,9.19087],[-75.79649,9.1906],[-75.79685,9.19123]]],[[[-75.83299,9.19233],[-75.83308,9.19296],[-75.83072,9.19351],[-75.83081,9.19278],[-75.83299,9.19233]]],[[[-75.79795,9.19268],[-75.7989,9.19231],[-75.80023,9.19385],[-75.79795,9.19313],[-75.79795,9.19268]]],[[[-75.82471,9.19235],[-75.82535,9.19225],[-75.82635,9.19379],[-75.82444,9.19325],[-75.82471,9.19235]]],[[[-75.81251,9.19355],[-75.8122,9.19445],[-75.81274,9.19246],[-75.81251,9.19355]]],[[[-75.82408,9.19452],[-75.8238,9.19361],[-75.82517,9.19415],[-75.82426,9.19443],[-75.82499,9.19497],[-75.82472,9.19542],[-75.82362,9.19515],[-75.82362,9.19452],[-75.82408,9.19452]]],[[[-75.80342,9.19556],[-75.8026,9.19547],[-75.80269,9.19484],[-75.80342,9.19512],[-75.80342,9.19556]]],[[[-75.81225,9.19563],[-75.81324,9.19373],[-75.81334,9.1949],[-75.81379,9.19499],[-75.81452,9.19644],[-75.8134,9.1968],[-75.81225,9.19563]]],[[[-75.83018,9.19785],[-75.82927,9.19876],[-75.82918,9.19785],[-75.82973,9.19785],[-75.83009,9.19722],[-75.83018,9.19785]]],[[[-75.81417,9.19997],[-75.81344,9.19943],[-75.81344,9.19879],[-75.81416,9.19843],[-75.8138,9.19753],[-75.81471,9.19707],[-75.81507,9.19788],[-75.81471,9.19897],[-75.81535,9.19951],[-75.81499,9.20015],[-75.81317,9.20051],[-75.81298,9.19997],[-75.81417,9.19997]]],[[[-75.83893,9.20072],[-75.83838,9.20136],[-75.83765,9.20109],[-75.83829,9.20018],[-75.83893,9.20072]]],[[[-75.83984,9.20027],[-75.84002,9.20072],[-75.83966,9.20145],[-75.83902,9.2009],[-75.83984,9.20027]]],[[[-75.79643,9.2029],[-75.79569,9.20182],[-75.79488,9.20182],[-75.79424,9.20245],[-75.79388,9.20236],[-75.79613,9.20028],[-75.79706,9.20145],[-75.80079,9.19909],[-75.80252,9.1999],[-75.8027,9.20108],[-75.8008,9.20334],[-75.79943,9.20362],[-75.79815,9.2029],[-75.79643,9.2029]]],[[[-75.83038,9.20291],[-75.83138,9.204],[-75.83093,9.20409],[-75.83056,9.20346],[-75.82956,9.20355],[-75.83038,9.20291]]],[[[-75.80817,9.20387],[-75.80817,9.20287],[-75.80842,9.20418],[-75.80804,9.20536],[-75.80836,9.20559],[-75.80772,9.20541],[-75.80735,9.20432],[-75.80817,9.20387]]],[[[-75.81154,9.20513],[-75.81172,9.20431],[-75.8118,9.20513],[-75.81245,9.20567],[-75.81373,9.20558],[-75.81418,9.2044],[-75.81509,9.20575],[-75.81491,9.20675],[-75.81446,9.20666],[-75.815,9.20727],[-75.814,9.20747],[-75.81419,9.20797],[-75.8151,9.20783],[-75.81492,9.20847],[-75.81455,9.20865],[-75.81154,9.20513]]],[[[-75.82966,9.20771],[-75.82929,9.20735],[-75.82984,9.20699],[-75.82957,9.20626],[-75.82993,9.20626],[-75.83085,9.20961],[-75.82939,9.20898],[-75.82966,9.20771]]],[[[-75.8313,9.20816],[-75.83066,9.20789],[-75.83102,9.20716],[-75.83385,9.20734],[-75.83349,9.20906],[-75.83294,9.20806],[-75.83212,9.20798],[-75.83294,9.20951],[-75.8324,9.21042],[-75.83121,9.20888],[-75.8313,9.20816]]],[[[-75.813,9.20865],[-75.81328,9.20928],[-75.81282,9.20938],[-75.81237,9.20838],[-75.813,9.20865]]],[[[-75.81728,9.20919],[-75.81801,9.20864],[-75.81892,9.20882],[-75.8192,9.21045],[-75.81865,9.21054],[-75.81728,9.20919]]],[[[-75.79617,9.21176],[-75.7969,9.21158],[-75.79681,9.21086],[-75.79535,9.21005],[-75.79607,9.20815],[-75.79608,9.20959],[-75.79754,9.21149],[-75.79845,9.2114],[-75.79917,9.21058],[-75.79953,9.20814],[-75.8009,9.20904],[-75.79944,9.20977],[-75.79954,9.21058],[-75.79872,9.21122],[-75.79863,9.21221],[-75.79726,9.21185],[-75.79635,9.21213],[-75.79617,9.21176]]],[[[-75.80272,9.20931],[-75.80491,9.20967],[-75.8029,9.20976],[-75.80063,9.21157],[-75.80063,9.21013],[-75.80145,9.20985],[-75.80154,9.21022],[-75.80272,9.20931]]],[[[-75.81647,9.21063],[-75.81765,9.21099],[-75.81665,9.21009],[-75.81674,9.20955],[-75.81801,9.21009],[-75.81865,9.21135],[-75.81765,9.21172],[-75.81647,9.21063]]],[[[-75.80718,9.21063],[-75.80784,9.2105],[-75.80673,9.20984],[-75.80919,9.21101],[-75.80955,9.21164],[-75.80718,9.21063]]],[[[-75.83786,9.21095],[-75.83814,9.21212],[-75.8375,9.2123],[-75.8375,9.21176],[-75.83686,9.21167],[-75.83786,9.21095]]],[[[-75.80293,9.21193],[-75.80573,9.21192],[-75.80974,9.213],[-75.81101,9.21273],[-75.81147,9.21354],[-75.80865,9.21336],[-75.80719,9.21264],[-75.8061,9.21292],[-75.80455,9.21229],[-75.80364,9.21274],[-75.80364,9.21383],[-75.80228,9.21392],[-75.80169,9.21266],[-75.80293,9.21193]]],[[[-75.81365,9.21408],[-75.81357,9.21534],[-75.81284,9.21489],[-75.81302,9.21426],[-75.81365,9.21408]]],[[[-75.81584,9.21543],[-75.81684,9.21624],[-75.81603,9.21688],[-75.8153,9.21588],[-75.81584,9.21543]]],[[[-75.80301,9.21609],[-75.80228,9.21808],[-75.80201,9.21727],[-75.80301,9.21609]]],[[[-75.80867,9.22313],[-75.80831,9.22422],[-75.80685,9.22404],[-75.8073,9.22314],[-75.80867,9.22313]]],[[[-75.80631,9.22847],[-75.80622,9.22766],[-75.80722,9.22739],[-75.8074,9.22802],[-75.80631,9.22847]]],[[[-75.7973,9.22804],[-75.79712,9.22904],[-75.79676,9.22868],[-75.79639,9.22714],[-75.7973,9.22804]]],[[[-75.82962,9.22923],[-75.83007,9.2286],[-75.83162,9.22869],[-75.83118,9.23023],[-75.83017,9.23005],[-75.82962,9.22923]]],[[[-75.79615,9.24215],[-75.79624,9.24279],[-75.7966,9.24251],[-75.7967,9.24324],[-75.79579,9.24315],[-75.7956,9.24234],[-75.79615,9.24215]]],[[[-75.80957,9.25795],[-75.80975,9.25849],[-75.80902,9.2584],[-75.80847,9.2575],[-75.80957,9.25795]]],[[[-75.77477,8.64862],[-75.77569,8.64998],[-75.77414,8.65034],[-75.77369,8.65088],[-75.77396,8.6488],[-75.77477,8.64862]]],[[[-75.76478,8.64945],[-75.76451,8.65081],[-75.76387,8.65],[-75.76478,8.64945]]],[[[-75.76587,8.65208],[-75.76578,8.6509],[-75.76669,8.65063],[-75.76678,8.65189],[-75.7676,8.65207],[-75.76797,8.65334],[-75.76733,8.6537],[-75.76587,8.65208]]],[[[-75.76652,8.65434],[-75.76633,8.65497],[-75.76479,8.65488],[-75.76479,8.65389],[-75.76652,8.65434]]],[[[-75.7737,8.65532],[-75.77406,8.65522],[-75.77352,8.65514],[-75.77351,8.65441],[-75.77433,8.65459],[-75.7747,8.65522],[-75.7737,8.65758],[-75.77334,8.65713],[-75.7737,8.65532]]],[[[-75.77297,8.65676],[-75.77197,8.65686],[-75.77188,8.6564],[-75.77288,8.65577],[-75.77297,8.65676]]],[[[-75.76518,8.66664],[-75.76636,8.66673],[-75.76709,8.66745],[-75.7679,8.66727],[-75.76754,8.66636],[-75.76608,8.66591],[-75.76645,8.66501],[-75.76708,8.6651],[-75.76772,8.66437],[-75.76817,8.66446],[-75.76799,8.66537],[-75.76972,8.666],[-75.76927,8.66627],[-75.76954,8.66699],[-75.76836,8.66772],[-75.76545,8.66809],[-75.76518,8.66664]]],[[[-75.767,8.66953],[-75.76682,8.66863],[-75.76727,8.66835],[-75.76782,8.66889],[-75.76836,8.66808],[-75.77027,8.66799],[-75.76973,8.66898],[-75.76727,8.66971],[-75.76682,8.67098],[-75.766,8.67071],[-75.767,8.66953]]],[[[-75.76792,8.67432],[-75.76819,8.67324],[-75.76728,8.67387],[-75.76746,8.67278],[-75.76601,8.6717],[-75.76673,8.67125],[-75.76764,8.67233],[-75.76764,8.67052],[-75.76937,8.67061],[-75.77,8.67007],[-75.77091,8.67169],[-75.77082,8.67214],[-75.76991,8.67224],[-75.77019,8.67386],[-75.76929,8.67622],[-75.76847,8.67559],[-75.76847,8.67459],[-75.76792,8.67432]],[[-75.769,8.67142],[-75.77037,8.67142],[-75.77,8.67088],[-75.769,8.67088],[-75.769,8.67142]]],[[[-75.76437,8.67451],[-75.7651,8.67478],[-75.76501,8.67541],[-75.76392,8.67541],[-75.76374,8.67342],[-75.76437,8.67451]]],[[[-75.76756,8.67631],[-75.76792,8.67631],[-75.76874,8.67812],[-75.76793,8.67848],[-75.76884,8.67902],[-75.76666,8.67903],[-75.76756,8.67631]]],[[[-75.76329,8.67994],[-75.7622,8.67795],[-75.76247,8.67759],[-75.76266,8.6784],[-75.76338,8.67894],[-75.76356,8.67813],[-75.76302,8.67813],[-75.76274,8.67759],[-75.76347,8.67704],[-75.76429,8.67749],[-75.76375,8.67831],[-75.76411,8.67948],[-75.76375,8.68057],[-75.76548,8.68238],[-75.76366,8.68247],[-75.76329,8.67994]]],[[[-75.7653,8.68111],[-75.76548,8.68048],[-75.76675,8.68047],[-75.76757,8.67957],[-75.76712,8.68165],[-75.7663,8.68183],[-75.76621,8.68093],[-75.7653,8.68111]]],[[[-75.7644,8.68464],[-75.76412,8.68473],[-75.76385,8.68355],[-75.76476,8.68364],[-75.7644,8.68464]]],[[[-75.76477,8.69214],[-75.76477,8.69115],[-75.76414,8.69097],[-75.76422,8.69016],[-75.76322,8.68971],[-75.76331,8.68907],[-75.76413,8.68808],[-75.76649,8.68861],[-75.76758,8.68816],[-75.76868,8.6896],[-75.76786,8.69006],[-75.76823,8.69069],[-75.76705,8.69196],[-75.76641,8.69386],[-75.7655,8.69341],[-75.76541,8.69251],[-75.76477,8.69214]]],[[[-75.76951,8.69548],[-75.77041,8.6943],[-75.77132,8.6943],[-75.77151,8.69593],[-75.77287,8.69719],[-75.77187,8.6972],[-75.77178,8.69765],[-75.77106,8.69783],[-75.7706,8.69711],[-75.7707,8.69874],[-75.76978,8.69783],[-75.76951,8.69548]]],[[[-75.77115,8.69991],[-75.77061,8.70036],[-75.77006,8.69973],[-75.77124,8.69846],[-75.77288,8.69973],[-75.77197,8.70009],[-75.77325,8.70099],[-75.77343,8.70361],[-75.77298,8.70352],[-75.77115,8.69991]]],[[[-75.77443,8.70054],[-75.77561,8.7009],[-75.77552,8.70171],[-75.7747,8.7018],[-75.7747,8.70225],[-75.77434,8.70198],[-75.77443,8.70054]]],[[[-75.77561,8.7018],[-75.77643,8.70117],[-75.77679,8.70288],[-75.77616,8.70352],[-75.77507,8.70325],[-75.77471,8.70388],[-75.77425,8.7037],[-75.77434,8.70307],[-75.77589,8.7027],[-75.77561,8.7018]]],[[[-75.77234,8.70425],[-75.77225,8.70488],[-75.77162,8.70561],[-75.77234,8.70425]]],[[[-75.77217,8.70633],[-75.77298,8.7047],[-75.77362,8.70542],[-75.77434,8.70515],[-75.7748,8.7066],[-75.7758,8.70741],[-75.77598,8.70641],[-75.77535,8.70623],[-75.77434,8.70479],[-75.77516,8.70406],[-75.77625,8.70406],[-75.77725,8.70496],[-75.77808,8.70686],[-75.77944,8.70677],[-75.77908,8.70812],[-75.77826,8.70867],[-75.77653,8.70867],[-75.77217,8.70633]]],[[[-75.76462,8.70616],[-75.76535,8.70652],[-75.76581,8.70833],[-75.7649,8.70734],[-75.76462,8.70616]]],[[[-75.78117,8.70703],[-75.78198,8.70676],[-75.78189,8.70604],[-75.78244,8.70595],[-75.78217,8.70712],[-75.78317,8.70739],[-75.78326,8.70893],[-75.78144,8.70857],[-75.78117,8.70703]]],[[[-75.7708,8.70624],[-75.77153,8.7076],[-75.77226,8.70769],[-75.77044,8.70941],[-75.7699,8.7085],[-75.7708,8.70624]]],[[[-75.76472,8.70833],[-75.76481,8.70906],[-75.76426,8.70933],[-75.76399,8.70879],[-75.76472,8.70833]]],[[[-75.78499,8.71046],[-75.78408,8.70875],[-75.7848,8.70793],[-75.78362,8.70739],[-75.78298,8.70613],[-75.78371,8.70631],[-75.78416,8.70576],[-75.78653,8.70612],[-75.78717,8.70729],[-75.78662,8.70748],[-75.78645,8.71037],[-75.78563,8.71254],[-75.785,8.71236],[-75.78445,8.7111],[-75.78499,8.71046]]],[[[-75.78763,8.71037],[-75.78845,8.71046],[-75.78808,8.71118],[-75.78754,8.71127],[-75.78763,8.71037]]],[[[-75.79217,8.7109],[-75.78936,8.7119],[-75.78954,8.71073],[-75.79217,8.7109]]],[[[-75.78354,8.71219],[-75.78354,8.713],[-75.78272,8.71273],[-75.7829,8.71219],[-75.78354,8.71219]]],[[[-75.77409,8.71474],[-75.77654,8.71274],[-75.77663,8.71347],[-75.77754,8.71355],[-75.77755,8.71428],[-75.77709,8.71392],[-75.77682,8.71419],[-75.77791,8.71518],[-75.7781,8.71672],[-75.77673,8.71726],[-75.77655,8.71627],[-75.77746,8.71518],[-75.77655,8.71473],[-75.77437,8.71664],[-75.77492,8.71781],[-75.77392,8.71826],[-75.77355,8.71781],[-75.7741,8.71682],[-75.77409,8.71474]]],[[[-75.76182,8.71621],[-75.76437,8.71584],[-75.76464,8.71729],[-75.76182,8.71621]]],[[[-75.78128,8.71879],[-75.77928,8.71672],[-75.77946,8.71626],[-75.78319,8.7168],[-75.78509,8.71661],[-75.78465,8.72123],[-75.78283,8.72114],[-75.7821,8.7206],[-75.78128,8.71879]]],[[[-75.77546,8.71808],[-75.77601,8.71754],[-75.77637,8.71808],[-75.77746,8.71817],[-75.77765,8.71907],[-75.77665,8.72016],[-75.77538,8.72025],[-75.7751,8.71944],[-75.77601,8.71944],[-75.77546,8.71808]]],[[[-75.77065,8.71945],[-75.77247,8.71999],[-75.77165,8.72134],[-75.77092,8.72126],[-75.77083,8.7208],[-75.77011,8.72108],[-75.77065,8.71945]]],[[[-75.76656,8.72045],[-75.76765,8.72099],[-75.7672,8.72199],[-75.76611,8.72181],[-75.76711,8.72099],[-75.76656,8.72045]]],[[[-75.7741,8.72062],[-75.77383,8.72233],[-75.77293,8.72198],[-75.77311,8.72107],[-75.7741,8.72062]]],[[[-75.7692,8.72262],[-75.77083,8.72225],[-75.77129,8.72261],[-75.77129,8.72361],[-75.7692,8.72262]]],[[[-75.76656,8.72262],[-75.7662,8.72353],[-75.7652,8.72308],[-75.76656,8.72262]]],[[[-75.76211,8.72399],[-75.76365,8.72263],[-75.7652,8.7238],[-75.76529,8.72443],[-75.76466,8.72507],[-75.76293,8.72534],[-75.76321,8.72634],[-75.76211,8.72399]]],[[[-75.76176,8.73041],[-75.76049,8.72933],[-75.7613,8.72851],[-75.76139,8.72896],[-75.76176,8.72896],[-75.76148,8.72833],[-75.76212,8.72815],[-75.76221,8.72751],[-75.76276,8.72751],[-75.76284,8.72697],[-75.76502,8.72507],[-75.76584,8.72506],[-75.76593,8.72434],[-75.76775,8.7228],[-75.7682,8.72343],[-75.76893,8.72325],[-75.77157,8.72442],[-75.77166,8.7256],[-75.7723,8.72559],[-75.7723,8.72623],[-75.7733,8.72632],[-75.77357,8.72523],[-75.77566,8.72622],[-75.77221,8.72912],[-75.77176,8.72804],[-75.77085,8.72813],[-75.76967,8.72876],[-75.76803,8.72877],[-75.76803,8.72931],[-75.76885,8.72949],[-75.76803,8.73058],[-75.76176,8.73041]],[[-75.76621,8.72769],[-75.76603,8.72733],[-75.76539,8.7276],[-75.76603,8.72687],[-75.76575,8.72633],[-75.7653,8.72678],[-75.76357,8.72679],[-75.76303,8.72778],[-75.76376,8.72869],[-75.76385,8.72796],[-75.76485,8.7285],[-75.76621,8.72769]],[[-75.76821,8.72732],[-75.76903,8.7266],[-75.77112,8.72686],[-75.77111,8.72469],[-75.77011,8.72578],[-75.76766,8.7266],[-75.76821,8.72551],[-75.7693,8.72533],[-75.76893,8.72461],[-75.76848,8.72461],[-75.7682,8.72524],[-75.76666,8.72606],[-75.76657,8.72651],[-75.76739,8.72732],[-75.76821,8.72732]]],[[[-75.76004,8.73457],[-75.76159,8.73502],[-75.76186,8.73439],[-75.76159,8.73385],[-75.76095,8.73421],[-75.76086,8.73349],[-75.75995,8.73349],[-75.76013,8.73267],[-75.76122,8.73258],[-75.76095,8.73294],[-75.76113,8.73339],[-75.76149,8.73222],[-75.76322,8.73131],[-75.76758,8.73157],[-75.76622,8.73329],[-75.76205,8.73683],[-75.76132,8.73665],[-75.76087,8.73719],[-75.76004,8.73457]]],[[[-75.7626,8.74171],[-75.76133,8.74208],[-75.76151,8.74307],[-75.76097,8.74343],[-75.76015,8.74127],[-75.76097,8.74172],[-75.76142,8.74135],[-75.75978,8.73973],[-75.76005,8.7381],[-75.76087,8.73837],[-75.76087,8.73936],[-75.76123,8.73936],[-75.76169,8.73783],[-75.76278,8.73773],[-75.76277,8.73647],[-75.76396,8.7371],[-75.7655,8.7361],[-75.76559,8.73529],[-75.76513,8.73483],[-75.7655,8.73456],[-75.76886,8.73501],[-75.76995,8.73464],[-75.77186,8.73627],[-75.77068,8.73446],[-75.76804,8.73193],[-75.76858,8.73112],[-75.77685,8.73092],[-75.77612,8.72948],[-75.77448,8.72803],[-75.78067,8.72929],[-75.78267,8.73055],[-75.77777,8.73616],[-75.77541,8.73816],[-75.77496,8.73943],[-75.77405,8.73943],[-75.77396,8.73898],[-75.77296,8.73862],[-75.77323,8.73943],[-75.77242,8.73952],[-75.77232,8.73889],[-75.77105,8.73844],[-75.77059,8.73754],[-75.76978,8.73871],[-75.76905,8.7389],[-75.76841,8.73763],[-75.7686,8.73908],[-75.76787,8.73881],[-75.76787,8.73926],[-75.76669,8.73917],[-75.76678,8.73971],[-75.7676,8.73989],[-75.76706,8.74143],[-75.76669,8.74143],[-75.76687,8.74071],[-75.76605,8.74071],[-75.76569,8.74171],[-75.76478,8.74153],[-75.76497,8.74234],[-75.76442,8.74243],[-75.76397,8.74352],[-75.76242,8.74325],[-75.7626,8.74171]],[[-75.76241,8.73873],[-75.76269,8.73927],[-75.76305,8.73846],[-75.7625,8.7381],[-75.76241,8.73873]]],[[[-75.76479,8.74487],[-75.76524,8.74415],[-75.7687,8.74351],[-75.76879,8.74242],[-75.76679,8.74297],[-75.76751,8.74216],[-75.76869,8.74206],[-75.76787,8.74107],[-75.76805,8.74062],[-75.76896,8.7408],[-75.7706,8.73998],[-75.77142,8.74007],[-75.77151,8.74061],[-75.77242,8.74006],[-75.77315,8.74052],[-75.77287,8.74115],[-75.77115,8.74215],[-75.76906,8.74514],[-75.76815,8.74523],[-75.76815,8.7446],[-75.76606,8.74469],[-75.76606,8.74541],[-75.7667,8.74523],[-75.76661,8.74605],[-75.76479,8.74487]]],[[[-75.76425,8.74641],[-75.76343,8.74669],[-75.76243,8.74542],[-75.76279,8.74443],[-75.76443,8.74497],[-75.7647,8.74641],[-75.76616,8.74623],[-75.76698,8.74731],[-75.76634,8.74831],[-75.76571,8.74822],[-75.76425,8.74949],[-75.76362,8.75066],[-75.76217,8.7513],[-75.7638,8.74904],[-75.7638,8.74867],[-75.76325,8.74868],[-75.76425,8.74641]]],[[[-75.78294,8.77107],[-75.78394,8.77088],[-75.78321,8.7726],[-75.78239,8.77215],[-75.78294,8.77107]]],[[[-75.78421,8.77188],[-75.78394,8.77233],[-75.7843,8.77323],[-75.78367,8.77287],[-75.78394,8.77197],[-75.78421,8.77188]]],[[[-75.77696,8.78483],[-75.77724,8.78528],[-75.77597,8.78555],[-75.77506,8.78501],[-75.77533,8.78465],[-75.77696,8.78483]]],[[[-75.76636,8.80194],[-75.76554,8.8023],[-75.76545,8.80086],[-75.76618,8.80068],[-75.76636,8.80194]]],[[[-75.79548,8.81029],[-75.79575,8.81074],[-75.79384,8.81165],[-75.79357,8.81066],[-75.79393,8.8102],[-75.79548,8.81029]]],[[[-75.76439,8.8147],[-75.76357,8.81452],[-75.76384,8.81398],[-75.76439,8.8147]]],[[[-75.76748,8.81632],[-75.76812,8.81713],[-75.76658,8.81786],[-75.76585,8.81732],[-75.76585,8.81677],[-75.76748,8.81632]]],[[[-75.78372,8.84215],[-75.78345,8.84233],[-75.78336,8.84053],[-75.78381,8.84089],[-75.78372,8.84215]]],[[[-75.78427,8.84251],[-75.78418,8.84152],[-75.78499,8.84161],[-75.7849,8.84242],[-75.78427,8.84251]]],[[[-75.77899,8.84189],[-75.77881,8.84271],[-75.77827,8.84216],[-75.77863,8.84162],[-75.77899,8.84189]]],[[[-75.77163,8.8448],[-75.77082,8.84516],[-75.77081,8.84426],[-75.77136,8.8439],[-75.77163,8.8448]]],[[[-75.76511,8.85847],[-75.76666,8.85856],[-75.76648,8.86001],[-75.76694,8.86055],[-75.76511,8.85847]]],[[[-75.7644,8.86272],[-75.76349,8.86245],[-75.76349,8.86218],[-75.76467,8.86209],[-75.7644,8.86272]]],[[[-75.7694,8.86344],[-75.76994,8.86362],[-75.77076,8.86262],[-75.77213,8.8628],[-75.77222,8.8637],[-75.77113,8.86506],[-75.77004,8.86515],[-75.77022,8.86443],[-75.7694,8.86344]]],[[[-75.77242,8.87085],[-75.77396,8.87175],[-75.77351,8.87193],[-75.77242,8.87085]]],[[[-75.77471,8.88088],[-75.77471,8.87998],[-75.77562,8.88016],[-75.77526,8.88088],[-75.77471,8.88088]]],[[[-75.77527,8.88576],[-75.77563,8.88567],[-75.77636,8.88712],[-75.77709,8.88721],[-75.77691,8.88793],[-75.77745,8.88874],[-75.77509,8.88902],[-75.77518,8.88938],[-75.77582,8.88911],[-75.77627,8.88947],[-75.77591,8.89038],[-75.77336,8.88975],[-75.77527,8.88576]]],[[[-75.77201,8.89246],[-75.77337,8.89246],[-75.77428,8.89336],[-75.77201,8.89246]]],[[[-75.7701,8.89455],[-75.76955,8.89464],[-75.76937,8.89419],[-75.76864,8.89392],[-75.76864,8.89374],[-75.76955,8.89383],[-75.7701,8.89455]]],[[[-75.76375,8.9008],[-75.76611,8.90125],[-75.76384,8.90234],[-75.76266,8.90198],[-75.76238,8.90117],[-75.76375,8.9008]]],[[[-75.78905,8.90826],[-75.78868,8.90889],[-75.78768,8.90889],[-75.78741,8.90844],[-75.78786,8.90808],[-75.78905,8.90826]]],[[[-75.76814,8.91237],[-75.76923,8.91282],[-75.76878,8.91517],[-75.76778,8.91481],[-75.76814,8.91237]]],[[[-75.76778,8.91563],[-75.76805,8.91626],[-75.76869,8.91635],[-75.76769,8.9168],[-75.76696,8.91635],[-75.76696,8.91581],[-75.76778,8.91563]]],[[[-75.76896,8.91671],[-75.77015,8.91689],[-75.77115,8.91788],[-75.77006,8.91806],[-75.76896,8.91671]]],[[[-75.7696,8.91852],[-75.76988,8.91915],[-75.76851,8.9187],[-75.7686,8.91807],[-75.7696,8.91852]]],[[[-75.76789,8.92259],[-75.76707,8.92286],[-75.7667,8.92187],[-75.76743,8.92151],[-75.76789,8.92259]]],[[[-75.796,8.9294],[-75.79573,8.9295],[-75.79527,8.92823],[-75.79618,8.92841],[-75.796,8.9294]]],[[[-75.79401,8.93248],[-75.79437,8.93248],[-75.79456,8.93339],[-75.79401,8.93393],[-75.79401,8.93248]]],[[[-75.79302,8.93864],[-75.79302,8.93918],[-75.7923,8.93945],[-75.79211,8.93909],[-75.79302,8.93864]]],[[[-75.76574,8.93851],[-75.7661,8.93887],[-75.76701,8.9386],[-75.76801,8.93968],[-75.76683,8.94077],[-75.76592,8.9405],[-75.76529,8.94086],[-75.76474,8.93996],[-75.76574,8.93851]]],[[[-75.79439,8.9418],[-75.79321,8.9428],[-75.79312,8.94153],[-75.79439,8.9418]]],[[[-75.78003,8.94445],[-75.78085,8.94526],[-75.77967,8.94554],[-75.77903,8.94463],[-75.78003,8.94445]]],[[[-75.76321,8.94711],[-75.76312,8.94801],[-75.76266,8.94792],[-75.76275,8.94702],[-75.76321,8.94711]]],[[[-75.7749,8.96897],[-75.77408,8.96952],[-75.77389,8.96852],[-75.77426,8.96834],[-75.7749,8.96897]]],[[[-75.78108,8.96995],[-75.7809,8.96914],[-75.78154,8.96905],[-75.7819,8.96959],[-75.78108,8.96995]]],[[[-75.77317,8.96988],[-75.77217,8.9697],[-75.77244,8.96925],[-75.77317,8.96988]]],[[[-75.7792,8.98208],[-75.77993,8.9819],[-75.77938,8.98262],[-75.77975,8.98361],[-75.77793,8.98443],[-75.77775,8.98516],[-75.7773,8.98525],[-75.77775,8.98371],[-75.7792,8.98208]]],[[[-75.78193,8.98424],[-75.78166,8.98424],[-75.78139,8.98334],[-75.78211,8.98352],[-75.78193,8.98424]]],[[[-75.78939,8.98359],[-75.78921,8.98468],[-75.78848,8.98441],[-75.78939,8.98359]]],[[[-75.78075,8.98425],[-75.78075,8.98488],[-75.77948,8.98461],[-75.77975,8.98416],[-75.78075,8.98425]]],[[[-75.76565,8.98337],[-75.76701,8.98337],[-75.76674,8.98599],[-75.76629,8.98599],[-75.76556,8.98455],[-75.76565,8.98337]]],[[[-75.78566,8.98496],[-75.78521,8.98568],[-75.78457,8.98523],[-75.78484,8.98451],[-75.78566,8.98496]]],[[[-75.76529,8.98618],[-75.76493,8.98663],[-75.76465,8.98527],[-75.76529,8.98618]]],[[[-75.77476,8.99023],[-75.77412,8.98987],[-75.77439,8.98932],[-75.77594,8.9895],[-75.77476,8.99023]]],[[[-75.77803,8.99031],[-75.77767,8.98968],[-75.7784,8.98941],[-75.77858,8.98995],[-75.77803,8.99031]]],[[[-75.76852,9.0077],[-75.76852,9.00824],[-75.76816,9.00824],[-75.76761,9.00716],[-75.76852,9.0077]]],[[[-75.77016,9.00887],[-75.77007,9.01068],[-75.76952,9.01014],[-75.76979,9.00878],[-75.77016,9.00887]]],[[[-75.79338,9.0194],[-75.79156,9.01968],[-75.79165,9.01877],[-75.79329,9.01886],[-75.79338,9.0194]]],[[[-75.79484,9.02021],[-75.7932,9.02021],[-75.79374,9.01958],[-75.79484,9.02021]]],[[[-75.7831,9.02069],[-75.78247,9.02087],[-75.78219,9.0197],[-75.78292,9.01988],[-75.7831,9.02069]]],[[[-75.78956,9.02185],[-75.78884,9.02203],[-75.78911,9.02122],[-75.78947,9.02104],[-75.78956,9.02185]]],[[[-75.78738,9.0214],[-75.78829,9.02176],[-75.7882,9.02222],[-75.78502,9.02322],[-75.78511,9.02231],[-75.78738,9.0214]]],[[[-75.79038,9.0223],[-75.79175,9.0223],[-75.79221,9.02347],[-75.79057,9.02384],[-75.79038,9.0223]]],[[[-75.78402,9.0234],[-75.78484,9.0253],[-75.7832,9.02449],[-75.78402,9.0234]]],[[[-75.78321,9.02738],[-75.7823,9.0282],[-75.78157,9.0282],[-75.78166,9.02748],[-75.78321,9.02738]]],[[[-75.78868,9.03524],[-75.78832,9.03587],[-75.78696,9.0356],[-75.78768,9.03497],[-75.78868,9.03524]]],[[[-75.79023,9.03578],[-75.78978,9.03668],[-75.78887,9.03705],[-75.78887,9.03614],[-75.79023,9.03578]]],[[[-75.79315,9.04093],[-75.79516,9.04219],[-75.79334,9.04391],[-75.79261,9.04355],[-75.79315,9.04093]]],[[[-75.79407,9.04436],[-75.7938,9.04391],[-75.79534,9.04309],[-75.79607,9.04454],[-75.79498,9.04499],[-75.79507,9.04418],[-75.79407,9.04436]]],[[[-75.79189,9.04645],[-75.79144,9.04735],[-75.79171,9.04816],[-75.79099,9.0478],[-75.79135,9.04672],[-75.79189,9.04645]]],[[[-75.7929,9.05024],[-75.79181,9.05034],[-75.79217,9.0497],[-75.7929,9.05024]]],[[[-75.77225,9.05047],[-75.77216,9.0511],[-75.77116,9.05101],[-75.77143,9.05038],[-75.77106,9.04984],[-75.77225,9.05047]]],[[[-75.7748,9.05001],[-75.77534,9.04983],[-75.77616,9.05055],[-75.77598,9.05118],[-75.7748,9.05001]]],[[[-75.794,9.05169],[-75.79354,9.05187],[-75.79308,9.05069],[-75.79399,9.05042],[-75.794,9.05169]]],[[[-75.78781,9.05116],[-75.78899,9.05224],[-75.78936,9.05161],[-75.78854,9.05088],[-75.79008,9.05088],[-75.79018,9.05224],[-75.78918,9.05269],[-75.78927,9.05351],[-75.78836,9.05351],[-75.78772,9.05242],[-75.78781,9.05116]]],[[[-75.77325,9.0511],[-75.77462,9.05119],[-75.77471,9.05064],[-75.77516,9.05118],[-75.77389,9.05273],[-75.77417,9.05399],[-75.77362,9.0539],[-75.77325,9.0511]]],[[[-75.79092,9.05857],[-75.79083,9.0602],[-75.79019,9.05965],[-75.79092,9.05857]]],[[[-75.77766,9.07126],[-75.77839,9.07216],[-75.77739,9.07207],[-75.77712,9.07117],[-75.77766,9.07126]]],[[[-75.76348,9.07509],[-75.76293,9.07536],[-75.76256,9.07464],[-75.76193,9.07455],[-75.76193,9.07419],[-75.76311,9.07427],[-75.76348,9.07509]]],[[[-75.76676,9.07698],[-75.76712,9.07607],[-75.76593,9.0758],[-75.76602,9.07481],[-75.76748,9.07508],[-75.76775,9.07571],[-75.76893,9.07471],[-75.77012,9.07498],[-75.77039,9.07652],[-75.76985,9.07715],[-75.77021,9.0776],[-75.76958,9.07761],[-75.76921,9.07697],[-75.76676,9.07698]]],[[[-75.77249,9.07597],[-75.77258,9.07543],[-75.77367,9.07525],[-75.77394,9.07561],[-75.77322,9.07706],[-75.77094,9.07706],[-75.77249,9.07597]]],[[[-75.77468,9.08076],[-75.77423,9.08112],[-75.77395,9.08004],[-75.77449,9.07931],[-75.77468,9.08076]]],[[[-75.76631,9.08195],[-75.7654,9.08178],[-75.76576,9.08132],[-75.76649,9.0815],[-75.76631,9.08195]]],[[[-75.76695,9.0825],[-75.7674,9.08195],[-75.76749,9.08249],[-75.76722,9.08322],[-75.76695,9.0825]]],[[[-75.76641,9.08367],[-75.76813,9.08394],[-75.76859,9.08511],[-75.76796,9.0853],[-75.7675,9.08439],[-75.7665,9.08449],[-75.76641,9.08367]]],[[[-75.76623,9.08783],[-75.7665,9.08648],[-75.76714,9.08584],[-75.76878,9.08566],[-75.76905,9.08611],[-75.76905,9.08493],[-75.76996,9.08493],[-75.77014,9.0862],[-75.76969,9.08746],[-75.76841,9.08729],[-75.76814,9.08801],[-75.76751,9.08783],[-75.7676,9.08711],[-75.76623,9.08783]]],[[[-75.76733,9.09145],[-75.76733,9.09082],[-75.76779,9.0909],[-75.76643,9.09407],[-75.7657,9.09371],[-75.76733,9.09145]]],[[[-75.77116,9.09334],[-75.77098,9.09379],[-75.76988,9.09343],[-75.77015,9.09244],[-75.77061,9.09244],[-75.77116,9.09334]]],[[[-75.78572,9.09421],[-75.78435,9.0944],[-75.78463,9.09367],[-75.78508,9.09349],[-75.78572,9.09421]]],[[[-75.76779,9.09407],[-75.7677,9.0947],[-75.76706,9.09407],[-75.76734,9.09335],[-75.76779,9.09407]]],[[[-75.76879,9.09407],[-75.76907,9.09515],[-75.76825,9.09488],[-75.76879,9.09407]]],[[[-75.77016,9.09443],[-75.77071,9.09443],[-75.77052,9.09524],[-75.77007,9.09542],[-75.77016,9.09443]]],[[[-75.78682,9.09665],[-75.78572,9.09684],[-75.78554,9.09602],[-75.78682,9.09665]]],[[[-75.76955,9.10591],[-75.77119,9.10727],[-75.77002,9.10716],[-75.76955,9.10591]]],[[[-75.78011,9.10815],[-75.77874,9.10788],[-75.77856,9.10752],[-75.77983,9.1077],[-75.78011,9.10815]]],[[[-75.77637,9.10735],[-75.77646,9.10699],[-75.77738,9.10725],[-75.77356,9.10925],[-75.77337,9.10844],[-75.77637,9.10735]]],[[[-75.78149,9.11738],[-75.78177,9.11719],[-75.78295,9.11963],[-75.7815,9.11909],[-75.78149,9.11738]]],[[[-75.76024,9.12152],[-75.76148,9.12158],[-75.76211,9.12013],[-75.76185,9.12239],[-75.76376,9.12112],[-75.76421,9.11985],[-75.7633,9.11913],[-75.76329,9.11841],[-75.7622,9.11787],[-75.76211,9.11593],[-75.76447,9.11515],[-75.76393,9.11588],[-75.7632,9.11579],[-75.76284,9.11714],[-75.76311,9.1176],[-75.76366,9.11714],[-75.76384,9.11814],[-75.7659,9.11867],[-75.76656,9.12028],[-75.76548,9.12121],[-75.76531,9.12284],[-75.76594,9.1232],[-75.76622,9.12269],[-75.76767,9.1231],[-75.76986,9.12292],[-75.77004,9.1221],[-75.76912,9.12123],[-75.76867,9.11957],[-75.76734,9.11858],[-75.76702,9.11695],[-75.76366,9.11705],[-75.76347,9.1166],[-75.76502,9.11578],[-75.7652,9.11488],[-75.76483,9.11465],[-75.76569,9.11433],[-75.7656,9.11343],[-75.76583,9.11415],[-75.76629,9.11406],[-75.76611,9.11361],[-75.76665,9.11379],[-75.76683,9.11288],[-75.76592,9.11261],[-75.76565,9.11316],[-75.76465,9.11284],[-75.76483,9.11226],[-75.76437,9.11171],[-75.76419,9.1119],[-75.7631,9.11195],[-75.76375,9.11137],[-75.76628,9.11225],[-75.76646,9.11153],[-75.76707,9.11137],[-75.76773,9.11166],[-75.76801,9.1127],[-75.76902,9.11315],[-75.77029,9.1127],[-75.77084,9.11098],[-75.77329,9.11034],[-75.77356,9.1098],[-75.77465,9.10943],[-75.7742,9.11025],[-75.77256,9.11115],[-75.77429,9.11205],[-75.77548,9.11359],[-75.77512,9.11504],[-75.77658,9.11648],[-75.77676,9.11847],[-75.77631,9.11947],[-75.77895,9.11946],[-75.77931,9.1181],[-75.78086,9.11828],[-75.78113,9.11882],[-75.77995,9.11982],[-75.77977,9.12091],[-75.78068,9.12072],[-75.78123,9.12145],[-75.78177,9.12135],[-75.78196,9.12253],[-75.78132,9.12289],[-75.78014,9.12525],[-75.77924,9.1257],[-75.77769,9.12552],[-75.77795,9.12172],[-75.77877,9.12181],[-75.77868,9.12254],[-75.77914,9.12263],[-75.77941,9.12199],[-75.77904,9.12091],[-75.77813,9.121],[-75.77813,9.11991],[-75.77758,9.11974],[-75.77777,9.121],[-75.77713,9.122],[-75.7775,9.12335],[-75.77705,9.12426],[-75.77514,9.12535],[-75.7735,9.12517],[-75.77323,9.12472],[-75.7725,9.1249],[-75.77223,9.12771],[-75.77396,9.1277],[-75.77469,9.12842],[-75.7736,9.12806],[-75.77223,9.12879],[-75.77187,9.12979],[-75.77124,9.12979],[-75.7716,9.13096],[-75.77097,9.13169],[-75.7717,9.13268],[-75.77179,9.13449],[-75.77143,9.13431],[-75.77043,9.13513],[-75.77034,9.13639],[-75.77116,9.1363],[-75.77152,9.13558],[-75.77261,9.13584],[-75.77307,9.1353],[-75.77343,9.13629],[-75.7748,9.13647],[-75.77535,9.13747],[-75.7749,9.13855],[-75.77398,9.13846],[-75.77371,9.13973],[-75.77308,9.14],[-75.77289,9.13928],[-75.77344,9.13856],[-75.77244,9.13838],[-75.77225,9.13747],[-75.77189,9.13747],[-75.77207,9.13838],[-75.77135,9.13901],[-75.77153,9.13955],[-75.77071,9.14118],[-75.77089,9.14028],[-75.7698,9.14055],[-75.76971,9.13974],[-75.77035,9.13883],[-75.76971,9.13811],[-75.76752,9.1383],[-75.76689,9.13884],[-75.76597,9.13794],[-75.76761,9.13784],[-75.76779,9.13676],[-75.76715,9.13528],[-75.7696,9.13296],[-75.76924,9.13132],[-75.76949,9.12786],[-75.76859,9.12844],[-75.76806,9.13204],[-75.76714,9.13088],[-75.76605,9.13152],[-75.7667,9.1349],[-75.76543,9.1364],[-75.76542,9.13713],[-75.7647,9.13704],[-75.76533,9.13514],[-75.76424,9.13541],[-75.76352,9.13686],[-75.76126,9.13695],[-75.76243,9.13252],[-75.76314,9.13184],[-75.76396,9.13195],[-75.76382,9.13306],[-75.76287,9.1336],[-75.76278,9.13433],[-75.76333,9.1348],[-75.76442,9.13441],[-75.76496,9.13369],[-75.76518,9.13071],[-75.76732,9.12889],[-75.7675,9.12536],[-75.76476,9.1232],[-75.76303,9.12429],[-75.76286,9.12598],[-75.76122,9.12619],[-75.7613,9.12905],[-75.75968,9.13035],[-75.75996,9.13188],[-75.75914,9.13334],[-75.7595,9.13533],[-75.75906,9.13687],[-75.75969,9.1375],[-75.76097,9.13732],[-75.76124,9.13813],[-75.76088,9.13876],[-75.76006,9.13858],[-75.75933,9.13922],[-75.75852,9.13922],[-75.75788,9.13859],[-75.75851,9.13759],[-75.75805,9.13606],[-75.75896,9.13488],[-75.75869,9.1337],[-75.75905,9.13325],[-75.75905,9.13226],[-75.75813,9.13135],[-75.75759,9.13144],[-75.75787,9.13307],[-75.75714,9.13298],[-75.75677,9.13353],[-75.75678,9.13506],[-75.75614,9.13651],[-75.75441,9.13643],[-75.75396,9.13588],[-75.75414,9.13516],[-75.75532,9.13516],[-75.75532,9.13434],[-75.75395,9.13389],[-75.75322,9.13272],[-75.75095,9.13245],[-75.75031,9.13164],[-75.74994,9.13173],[-75.75031,9.13245],[-75.75004,9.13309],[-75.74858,9.13255],[-75.74831,9.13481],[-75.74722,9.1359],[-75.74813,9.1321],[-75.74731,9.13192],[-75.7464,9.13264],[-75.74585,9.13391],[-75.74531,9.13346],[-75.74531,9.13265],[-75.74439,9.1321],[-75.74467,9.13165],[-75.74403,9.13132],[-75.74585,9.13138],[-75.74658,9.13065],[-75.74803,9.13074],[-75.74885,9.13002],[-75.74894,9.1292],[-75.74839,9.12902],[-75.74812,9.12947],[-75.74794,9.12893],[-75.74839,9.12766],[-75.74939,9.12775],[-75.74976,9.1301],[-75.75067,9.1301],[-75.75122,9.13137],[-75.75158,9.13137],[-75.75212,9.1291],[-75.75285,9.12838],[-75.75267,9.12784],[-75.75321,9.12765],[-75.75613,9.12882],[-75.75722,9.12756],[-75.75804,9.12755],[-75.75877,9.12846],[-75.75767,9.12864],[-75.75786,9.13009],[-75.7595,9.12999],[-75.7604,9.12854],[-75.76031,9.12701],[-75.76103,9.12565],[-75.76258,9.12519],[-75.76285,9.12429],[-75.7623,9.12266],[-75.76112,9.12294],[-75.76121,9.12239],[-75.76066,9.12203],[-75.7603,9.12321],[-75.76076,9.12339],[-75.76103,9.12529],[-75.7594,9.12511],[-75.75899,9.12583],[-75.75933,9.12231],[-75.76024,9.12152]],[[-75.7547,9.13127],[-75.75486,9.13183],[-75.75413,9.13227],[-75.75413,9.13326],[-75.75477,9.1338],[-75.75595,9.13353],[-75.7555,9.1317],[-75.75613,9.13109],[-75.75558,9.13063],[-75.75322,9.13073],[-75.75268,9.13191],[-75.75295,9.13227],[-75.7547,9.13127]],[[-75.76907,9.13775],[-75.7697,9.13657],[-75.76898,9.13649],[-75.76825,9.13775],[-75.76907,9.13775]],[[-75.77422,9.12182],[-75.77277,9.12282],[-75.7735,9.123],[-75.7745,9.12209],[-75.77422,9.12182]],[[-75.77431,9.11866],[-75.77477,9.11662],[-75.77311,9.11582],[-75.77248,9.11649],[-75.77191,9.11865],[-75.77082,9.11969],[-75.77185,9.12011],[-75.77431,9.11866]],[[-75.77073,9.11488],[-75.77003,9.11858],[-75.77112,9.11785],[-75.77203,9.11613],[-75.77175,9.11463],[-75.77073,9.11488]],[[-75.77896,9.12398],[-75.7795,9.12362],[-75.77914,9.12281],[-75.77832,9.12344],[-75.77832,9.12489],[-75.77878,9.12507],[-75.77896,9.12398]],[[-75.77978,9.12344],[-75.77969,9.1247],[-75.78014,9.12461],[-75.78032,9.12344],[-75.77978,9.12344]]],[[[-75.79454,9.13173],[-75.79381,9.13191],[-75.79426,9.13073],[-75.79517,9.13091],[-75.79454,9.13173]]],[[[-75.79054,9.13563],[-75.79054,9.13608],[-75.78945,9.13653],[-75.7899,9.13572],[-75.79054,9.13563]]],[[[-75.7931,9.13906],[-75.79355,9.13896],[-75.79355,9.1396],[-75.79447,9.14059],[-75.79374,9.14005],[-75.79292,9.14014],[-75.7931,9.13906]]],[[[-75.79283,9.14322],[-75.79083,9.14304],[-75.79074,9.14241],[-75.79283,9.14322]]],[[[-75.78291,9.14188],[-75.78446,9.1426],[-75.78428,9.14405],[-75.78282,9.14396],[-75.78291,9.14188]]],[[[-75.78128,9.14369],[-75.78191,9.1417],[-75.78236,9.14161],[-75.78255,9.14224],[-75.78173,9.1436],[-75.78228,9.14414],[-75.78301,9.14731],[-75.7821,9.14632],[-75.78128,9.14369]]],[[[-75.79575,9.14529],[-75.7953,9.14547],[-75.79511,9.14457],[-75.79584,9.14421],[-75.79575,9.14529]]],[[[-75.78565,9.14549],[-75.78474,9.14631],[-75.78519,9.14568],[-75.78483,9.14513],[-75.78501,9.14396],[-75.78546,9.14396],[-75.78565,9.14549]]],[[[-75.78184,9.15002],[-75.78211,9.15048],[-75.78047,9.15039],[-75.7802,9.15003],[-75.78184,9.15002]]],[[[-75.77938,9.15048],[-75.77829,9.15085],[-75.77874,9.14976],[-75.77929,9.14976],[-75.77938,9.15048]]],[[[-75.78912,9.15173],[-75.78876,9.15191],[-75.78875,9.15073],[-75.78939,9.15064],[-75.78912,9.15173]]],[[[-75.78923,9.1596],[-75.79014,9.15869],[-75.78986,9.15797],[-75.78959,9.15869],[-75.78814,9.15887],[-75.78867,9.15489],[-75.78973,9.15498],[-75.79004,9.15724],[-75.79114,9.15871],[-75.7916,9.16068],[-75.79087,9.16095],[-75.78923,9.1596]]],[[[-75.78768,9.16068],[-75.78905,9.16032],[-75.79024,9.16167],[-75.79133,9.16149],[-75.7916,9.16212],[-75.79033,9.16249],[-75.78996,9.16194],[-75.78914,9.16249],[-75.78778,9.16177],[-75.78768,9.16068]]],[[[-75.77435,9.18106],[-75.77235,9.18089],[-75.77226,9.1817],[-75.77463,9.18569],[-75.77482,9.18667],[-75.77473,9.18676],[-75.7729,9.18324],[-75.77089,9.18125],[-75.77098,9.17998],[-75.77034,9.17872],[-75.77052,9.17727],[-75.77179,9.17673],[-75.77252,9.17709],[-75.77252,9.176],[-75.7717,9.17573],[-75.77106,9.17682],[-75.77024,9.17438],[-75.76969,9.17411],[-75.76942,9.17528],[-75.77006,9.17646],[-75.76961,9.17682],[-75.7687,9.17646],[-75.76824,9.17737],[-75.76624,9.17583],[-75.76605,9.17484],[-75.76533,9.17457],[-75.76651,9.17421],[-75.76816,9.17116],[-75.76722,9.16489],[-75.76459,9.15982],[-75.76456,9.1592],[-75.76547,9.15901],[-75.76574,9.15793],[-75.76665,9.15765],[-75.76665,9.1572],[-75.76583,9.15684],[-75.76511,9.15766],[-75.76433,9.15766],[-75.76401,9.15531],[-75.76291,9.1538],[-75.76501,9.15449],[-75.76555,9.15359],[-75.76373,9.15332],[-75.763,9.15233],[-75.76197,9.15224],[-75.76141,9.15157],[-75.76145,9.14835],[-75.75971,9.14501],[-75.75771,9.14383],[-75.75269,9.14326],[-75.75171,9.14692],[-75.75244,9.15036],[-75.75637,9.1555],[-75.7581,9.15695],[-75.75999,9.15713],[-75.76074,9.15813],[-75.76029,9.16128],[-75.76102,9.16083],[-75.76157,9.16173],[-75.76238,9.16092],[-75.76374,9.1657],[-75.76476,9.16629],[-75.76323,9.1715],[-75.76323,9.17331],[-75.76396,9.17421],[-75.76195,9.17322],[-75.76204,9.17259],[-75.76049,9.16933],[-75.75885,9.16934],[-75.75703,9.16835],[-75.75684,9.16554],[-75.75602,9.16346],[-75.7562,9.16247],[-75.75702,9.16183],[-75.75719,9.15885],[-75.75783,9.15821],[-75.75619,9.15686],[-75.75473,9.15659],[-75.75491,9.15506],[-75.75363,9.15316],[-75.75254,9.15316],[-75.75254,9.15253],[-75.75172,9.15199],[-75.75044,9.15199],[-75.75044,9.15145],[-75.75153,9.15099],[-75.75244,9.15162],[-75.75235,9.15063],[-75.74926,9.15064],[-75.75089,9.15027],[-75.75144,9.14936],[-75.75134,9.1471],[-75.75094,9.1472],[-75.75025,9.14566],[-75.75097,9.1443],[-75.74951,9.14286],[-75.74978,9.13879],[-75.75096,9.13688],[-75.75169,9.13797],[-75.7516,9.13878],[-75.75333,9.1395],[-75.75515,9.13805],[-75.75578,9.13805],[-75.75615,9.13914],[-75.7557,9.13986],[-75.75724,9.14031],[-75.75734,9.14248],[-75.7577,9.14266],[-75.75998,9.14229],[-75.75997,9.14048],[-75.76089,9.14102],[-75.76334,9.14021],[-75.76398,9.14138],[-75.76389,9.14219],[-75.76325,9.14274],[-75.76398,9.14292],[-75.76462,9.14201],[-75.76526,9.14301],[-75.76526,9.14337],[-75.76462,9.14319],[-75.76481,9.14427],[-75.76426,9.14599],[-75.76508,9.14617],[-75.76572,9.14762],[-75.76654,9.14816],[-75.76727,9.14752],[-75.76745,9.14816],[-75.76827,9.14797],[-75.76891,9.14924],[-75.76846,9.1506],[-75.76964,9.15077],[-75.77056,9.15294],[-75.76965,9.15294],[-75.76755,9.1515],[-75.76792,9.15286],[-75.76919,9.15331],[-75.76919,9.15385],[-75.76801,9.15376],[-75.76601,9.15539],[-75.76592,9.15621],[-75.76665,9.15675],[-75.76738,9.15666],[-75.76738,9.15611],[-75.76647,9.1563],[-75.76729,9.15503],[-75.7682,9.15539],[-75.76883,9.15475],[-75.76974,9.15548],[-75.77002,9.15719],[-75.76893,9.15747],[-75.76856,9.15738],[-75.76856,9.15647],[-75.76811,9.15638],[-75.76874,9.15584],[-75.76774,9.15593],[-75.76802,9.15747],[-75.76711,9.1582],[-75.76748,9.15883],[-75.76811,9.15837],[-75.76902,9.15873],[-75.76957,9.1581],[-75.77048,9.15873],[-75.77057,9.15647],[-75.77102,9.15611],[-75.77257,9.15674],[-75.77221,9.15873],[-75.77157,9.15882],[-75.77121,9.16162],[-75.77012,9.16199],[-75.77094,9.16289],[-75.76994,9.16325],[-75.77022,9.16389],[-75.76967,9.16533],[-75.76977,9.16705],[-75.77159,9.16786],[-75.77232,9.16958],[-75.77369,9.16976],[-75.77305,9.17084],[-75.7736,9.17184],[-75.77287,9.17202],[-75.77351,9.17292],[-75.77679,9.17237],[-75.77661,9.17283],[-75.7777,9.17346],[-75.77962,9.17843],[-75.77908,9.18024],[-75.77863,9.18042],[-75.77881,9.18096],[-75.77963,9.18123],[-75.7789,9.18196],[-75.77909,9.18277],[-75.77982,9.18304],[-75.78063,9.18213],[-75.78082,9.18367],[-75.78173,9.18331],[-75.78137,9.18448],[-75.78246,9.18394],[-75.784,9.18421],[-75.78437,9.18466],[-75.783,9.18457],[-75.78024,9.18626],[-75.77953,9.18621],[-75.77691,9.18482],[-75.77435,9.18106]],[[-75.77718,9.18359],[-75.77708,9.18305],[-75.77563,9.18223],[-75.77636,9.1835],[-75.77718,9.18359]],[[-75.77508,9.18007],[-75.77389,9.17862],[-75.77353,9.17871],[-75.77499,9.18025],[-75.77462,9.18106],[-75.77635,9.18124],[-75.77608,9.18043],[-75.77508,9.18007]],[[-75.77571,9.17654],[-75.77506,9.17482],[-75.77561,9.174],[-75.77688,9.17418],[-75.77606,9.17346],[-75.77497,9.17364],[-75.77497,9.175],[-75.77425,9.17509],[-75.77416,9.17564],[-75.77315,9.17555],[-75.77307,9.17681],[-75.77425,9.17817],[-75.77425,9.1788],[-75.77507,9.1788],[-75.77571,9.17654]],[[-75.77057,9.16036],[-75.77075,9.15936],[-75.7703,9.15927],[-75.77003,9.16045],[-75.77057,9.16036]],[[-75.76474,9.15558],[-75.7651,9.15558],[-75.76483,9.15476],[-75.76446,9.15495],[-75.76474,9.15558]],[[-75.75451,9.14095],[-75.75506,9.14167],[-75.75579,9.14194],[-75.75624,9.14158],[-75.75615,9.1404],[-75.75515,9.13995],[-75.75451,9.14095]],[[-75.75345,9.15189],[-75.75281,9.15208],[-75.75308,9.15289],[-75.75381,9.15253],[-75.75345,9.15189]]],[[[-75.79434,9.16465],[-75.79479,9.16374],[-75.79716,9.16347],[-75.79725,9.16437],[-75.79661,9.16428],[-75.7957,9.16501],[-75.7955,9.16664],[-75.79516,9.16582],[-75.79443,9.1661],[-75.79434,9.16465]]],[[[-75.79015,9.16439],[-75.78969,9.16375],[-75.79033,9.16384],[-75.79024,9.16439],[-75.79143,9.16583],[-75.79116,9.16827],[-75.79061,9.16782],[-75.79015,9.16439]]],[[[-75.7775,9.16667],[-75.7765,9.16686],[-75.77678,9.16767],[-75.77605,9.16704],[-75.77559,9.16596],[-75.77595,9.16532],[-75.7765,9.16514],[-75.77759,9.16604],[-75.77805,9.16559],[-75.77887,9.16577],[-75.77914,9.16676],[-75.77869,9.1674],[-75.77933,9.16739],[-75.77942,9.16803],[-75.77732,9.16785],[-75.7775,9.16667]]],[[[-75.79416,9.16781],[-75.79444,9.16781],[-75.79407,9.16935],[-75.79416,9.16781]]],[[[-75.76515,9.17891],[-75.76451,9.17855],[-75.76178,9.17874],[-75.75923,9.17793],[-75.75914,9.1773],[-75.75768,9.17685],[-75.75777,9.17567],[-75.75695,9.17531],[-75.75805,9.17531],[-75.75868,9.17476],[-75.7595,9.17603],[-75.76041,9.17594],[-75.76142,9.17711],[-75.76333,9.17693],[-75.76406,9.17738],[-75.76615,9.17719],[-75.76661,9.17773],[-75.7677,9.17764],[-75.7687,9.17963],[-75.76962,9.18035],[-75.77062,9.18306],[-75.77026,9.18306],[-75.76989,9.18143],[-75.76953,9.18152],[-75.7699,9.18433],[-75.76515,9.17891]]],[[[-75.78827,9.17913],[-75.78864,9.18004],[-75.78936,9.17949],[-75.79009,9.17985],[-75.79055,9.18103],[-75.7891,9.18202],[-75.78773,9.18094],[-75.78682,9.18212],[-75.78664,9.18085],[-75.78827,9.17913]]],[[[-75.78509,9.18321],[-75.78591,9.18357],[-75.78591,9.18276],[-75.78691,9.18311],[-75.78691,9.1823],[-75.78764,9.18212],[-75.78819,9.18221],[-75.78846,9.18302],[-75.78928,9.18266],[-75.79019,9.18347],[-75.79019,9.18392],[-75.78919,9.18392],[-75.78965,9.18311],[-75.78901,9.18311],[-75.78901,9.18374],[-75.78801,9.1842],[-75.78737,9.18366],[-75.78737,9.18438],[-75.78674,9.1842],[-75.78683,9.1852],[-75.78619,9.18438],[-75.78482,9.1843],[-75.78509,9.18321]]],[[[-75.7892,9.18546],[-75.7902,9.18528],[-75.79029,9.18691],[-75.78902,9.18619],[-75.7892,9.18546]]],[[[-75.78585,9.18572],[-75.78501,9.18502],[-75.7861,9.18556],[-75.78665,9.18664],[-75.78675,9.18917],[-75.78608,9.18836],[-75.78585,9.18572]]],[[[-75.78739,9.19107],[-75.7872,9.1899],[-75.78811,9.1899],[-75.78802,9.19062],[-75.78739,9.19107]]],[[[-75.79149,9.19224],[-75.79067,9.19206],[-75.78994,9.19251],[-75.78966,9.19188],[-75.79021,9.19125],[-75.79112,9.19116],[-75.79212,9.19215],[-75.79222,9.19387],[-75.79149,9.19224]]],[[[-75.78994,9.1926],[-75.79022,9.19468],[-75.78967,9.19441],[-75.78958,9.19288],[-75.78994,9.1926]]],[[[-75.77884,9.19335],[-75.7782,9.19272],[-75.77701,9.19254],[-75.7761,9.19101],[-75.77783,9.192],[-75.78217,9.19154],[-75.78421,9.19289],[-75.78557,9.19216],[-75.78466,9.19325],[-75.78539,9.19497],[-75.7843,9.19361],[-75.78403,9.19406],[-75.78348,9.1937],[-75.78284,9.19461],[-75.78148,9.19371],[-75.78093,9.19452],[-75.78129,9.19289],[-75.77902,9.19281],[-75.77957,9.19407],[-75.77911,9.19498],[-75.77939,9.19625],[-75.77875,9.19688],[-75.77848,9.19625],[-75.77884,9.19335]]],[[[-75.79268,9.19525],[-75.79213,9.19396],[-75.7945,9.19648],[-75.79268,9.19525]]],[[[-75.7854,9.19641],[-75.78594,9.19596],[-75.78604,9.19723],[-75.78686,9.19777],[-75.78531,9.19813],[-75.78494,9.19741],[-75.78549,9.19696],[-75.7854,9.19641]]],[[[-75.78258,9.19995],[-75.78213,9.19995],[-75.78308,9.19841],[-75.78385,9.19868],[-75.78322,9.19886],[-75.78258,9.19995]]],[[[-75.7915,9.19957],[-75.79077,9.19975],[-75.79041,9.19875],[-75.79114,9.19875],[-75.7915,9.19957]]],[[[-75.78786,9.20102],[-75.78896,9.20093],[-75.79023,9.19984],[-75.79005,9.20147],[-75.78905,9.20256],[-75.78796,9.2031],[-75.78705,9.20292],[-75.78769,9.20238],[-75.78786,9.20102]]],[[[-75.77622,9.20304],[-75.77758,9.20294],[-75.77749,9.20195],[-75.7784,9.20149],[-75.77831,9.20032],[-75.77994,9.19923],[-75.77937,9.20058],[-75.78004,9.20104],[-75.77849,9.20122],[-75.77849,9.2033],[-75.77768,9.20385],[-75.77741,9.20511],[-75.77777,9.20569],[-75.77736,9.20629],[-75.77622,9.20304]]],[[[-75.78386,9.20311],[-75.78459,9.20266],[-75.78377,9.2023],[-75.78477,9.20202],[-75.78395,9.20112],[-75.78559,9.20093],[-75.78659,9.20202],[-75.7855,9.20238],[-75.7855,9.20274],[-75.78696,9.20301],[-75.78678,9.20446],[-75.78715,9.20491],[-75.7856,9.2051],[-75.78386,9.20311]]],[[[-75.79561,9.2058],[-75.79534,9.20616],[-75.79434,9.20571],[-75.79361,9.20643],[-75.7927,9.2058],[-75.79215,9.20626],[-75.79206,9.20571],[-75.79288,9.20562],[-75.7937,9.20607],[-75.79342,9.20454],[-75.7937,9.20372],[-75.79424,9.20363],[-75.79497,9.20381],[-75.79443,9.20399],[-75.79488,9.20471],[-75.79425,9.20499],[-75.79434,9.20553],[-75.79871,9.20534],[-75.79871,9.2066],[-75.79798,9.20606],[-75.79561,9.2058]]],[[[-75.76421,9.20596],[-75.76394,9.20641],[-75.7633,9.20587],[-75.76348,9.20537],[-75.76421,9.20596]]],[[[-75.79407,9.2077],[-75.79389,9.20716],[-75.79507,9.20724],[-75.79407,9.2077]]],[[[-75.78879,9.20789],[-75.78915,9.20789],[-75.7886,9.20885],[-75.7867,9.20966],[-75.78679,9.20853],[-75.78806,9.20898],[-75.78879,9.20789]]],[[[-75.79107,9.2078],[-75.79153,9.21069],[-75.79235,9.21078],[-75.79317,9.21186],[-75.79144,9.21123],[-75.79126,9.21214],[-75.79107,9.2078]]],[[[-75.77952,9.21352],[-75.7777,9.21398],[-75.77779,9.21361],[-75.77843,9.2137],[-75.77853,9.21289],[-75.77952,9.21352]]],[[[-75.79127,9.21566],[-75.79236,9.21684],[-75.79227,9.21747],[-75.79127,9.21566]]],[[[-75.77907,9.21651],[-75.78007,9.21623],[-75.78162,9.21677],[-75.78189,9.21731],[-75.7808,9.21732],[-75.78071,9.21668],[-75.77907,9.21651]]],[[[-75.78363,9.22111],[-75.78445,9.22129],[-75.78354,9.2221],[-75.78373,9.22264],[-75.78327,9.22328],[-75.78163,9.22392],[-75.78145,9.22346],[-75.78363,9.22111]]],[[[-75.77647,9.22429],[-75.77577,9.22437],[-75.77555,9.2238],[-75.77686,9.22157],[-75.77808,9.2213],[-75.7789,9.2222],[-75.77972,9.22202],[-75.77809,9.22438],[-75.77837,9.22337],[-75.77647,9.22429]]],[[[-75.77991,9.22419],[-75.78136,9.22473],[-75.78045,9.22546],[-75.77918,9.22555],[-75.77891,9.22483],[-75.77991,9.22419]]],[[[-75.77918,9.22736],[-75.77946,9.22799],[-75.77782,9.22899],[-75.77782,9.22808],[-75.77918,9.22736]]],[[[-75.76972,9.23072],[-75.76581,9.23037],[-75.76426,9.23128],[-75.76317,9.23128],[-75.7629,9.23083],[-75.76199,9.23146],[-75.75853,9.2312],[-75.75762,9.23202],[-75.7579,9.23301],[-75.75726,9.23274],[-75.75716,9.23186],[-75.75862,9.23079],[-75.76101,9.23013],[-75.76499,9.2301],[-75.76836,9.22946],[-75.76844,9.22507],[-75.77135,9.22566],[-75.77421,9.22415],[-75.77461,9.22455],[-75.77287,9.22576],[-75.7729,9.22629],[-75.77445,9.22646],[-75.77618,9.22592],[-75.77781,9.22447],[-75.776,9.22646],[-75.77591,9.22682],[-75.77663,9.22673],[-75.77673,9.22718],[-75.77282,9.22918],[-75.77309,9.23027],[-75.77254,9.22963],[-75.76972,9.23072]]],[[[-75.77664,9.22908],[-75.77728,9.22863],[-75.777,9.22926],[-75.776,9.22963],[-75.77564,9.22908],[-75.77664,9.22908]]],[[[-75.77428,9.23135],[-75.77364,9.23144],[-75.77309,9.23027],[-75.77364,9.23044],[-75.77418,9.22999],[-75.77428,9.23135]]],[[[-75.7876,9.24443],[-75.78687,9.24443],[-75.78723,9.24353],[-75.78796,9.24389],[-75.7876,9.24443]]],[[[-75.79479,9.24378],[-75.79625,9.24469],[-75.79543,9.24568],[-75.79461,9.24487],[-75.79479,9.24378]]],[[[-75.79379,9.2455],[-75.79252,9.24569],[-75.79279,9.24496],[-75.79379,9.2455]]],[[[-75.78888,9.24669],[-75.79061,9.24633],[-75.79042,9.24587],[-75.78951,9.24588],[-75.78978,9.24497],[-75.79051,9.24488],[-75.79152,9.24669],[-75.79215,9.24641],[-75.79252,9.24677],[-75.7917,9.24687],[-75.79152,9.24831],[-75.78988,9.24851],[-75.78961,9.24732],[-75.78861,9.24778],[-75.78888,9.24669]]],[[[-75.73709,8.62066],[-75.73773,8.61966],[-75.73882,8.61975],[-75.73973,8.6202],[-75.73982,8.62083],[-75.73864,8.6212],[-75.73809,8.62029],[-75.73709,8.62066]]],[[[-75.75001,8.62705],[-75.75037,8.62597],[-75.75201,8.62642],[-75.75165,8.62832],[-75.75001,8.62705]]],[[[-75.74232,8.64253],[-75.74177,8.64263],[-75.74131,8.64172],[-75.74222,8.64199],[-75.74232,8.64253]]],[[[-75.76068,8.64286],[-75.76186,8.64385],[-75.7604,8.64395],[-75.76068,8.64286]]],[[[-75.74441,8.64434],[-75.74432,8.64524],[-75.74259,8.64534],[-75.74223,8.64425],[-75.74123,8.64398],[-75.74295,8.64362],[-75.74368,8.64371],[-75.74414,8.64434],[-75.74495,8.64371],[-75.7455,8.64443],[-75.74614,8.64397],[-75.74613,8.64298],[-75.74732,8.64388],[-75.74705,8.64515],[-75.74632,8.64569],[-75.74441,8.64434]]],[[[-75.75578,8.64956],[-75.75578,8.6502],[-75.75533,8.65038],[-75.75487,8.64956],[-75.75578,8.64956]]],[[[-75.7626,8.65308],[-75.76324,8.65335],[-75.76315,8.65416],[-75.76197,8.65434],[-75.7617,8.6538],[-75.7626,8.65308]]],[[[-75.7571,8.67425],[-75.75692,8.67353],[-75.75747,8.67362],[-75.75801,8.67298],[-75.75773,8.67045],[-75.75828,8.66991],[-75.75891,8.67072],[-75.75846,8.67208],[-75.75946,8.67235],[-75.75955,8.6728],[-75.75892,8.6747],[-75.75819,8.67407],[-75.7571,8.67425]]],[[[-75.76001,8.67162],[-75.76119,8.67253],[-75.76147,8.67397],[-75.76001,8.67162]]],[[[-75.75793,8.6766],[-75.75856,8.67751],[-75.75711,8.6776],[-75.75674,8.67669],[-75.75793,8.6766]]],[[[-75.74875,8.68105],[-75.74812,8.68286],[-75.74739,8.68178],[-75.74785,8.68151],[-75.74748,8.68078],[-75.74875,8.68105]],[[-75.74812,8.6816],[-75.74812,8.68151],[-75.74785,8.68151],[-75.74812,8.6816]]],[[[-75.76012,8.68248],[-75.75966,8.68184],[-75.7603,8.68239],[-75.76121,8.68238],[-75.76094,8.68338],[-75.76185,8.68464],[-75.76112,8.68437],[-75.76094,8.68483],[-75.76049,8.68474],[-75.76039,8.68392],[-75.75976,8.68338],[-75.76012,8.68248]]],[[[-75.75814,8.69198],[-75.75904,8.6898],[-75.75941,8.69071],[-75.75896,8.69189],[-75.75914,8.69315],[-75.75778,8.69315],[-75.75832,8.6927],[-75.75814,8.69198]]],[[[-75.75732,8.69352],[-75.75651,8.69352],[-75.75623,8.69307],[-75.75641,8.6927],[-75.75723,8.69288],[-75.75732,8.69352]]],[[[-75.76142,8.69532],[-75.76151,8.69405],[-75.76032,8.69252],[-75.76105,8.69206],[-75.76214,8.6936],[-75.76242,8.69486],[-75.7616,8.69704],[-75.76006,8.69704],[-75.76142,8.69532]]],[[[-75.75651,8.69551],[-75.75733,8.69569],[-75.7586,8.69469],[-75.75842,8.69433],[-75.75778,8.6946],[-75.75787,8.69388],[-75.75896,8.69369],[-75.75969,8.69442],[-75.75951,8.69586],[-75.75897,8.69632],[-75.75824,8.69614],[-75.75869,8.69641],[-75.75851,8.69695],[-75.7556,8.69705],[-75.7566,8.69668],[-75.75651,8.69551]]],[[[-75.75406,8.6975],[-75.75488,8.6975],[-75.75552,8.69904],[-75.75434,8.69949],[-75.75379,8.69904],[-75.75406,8.6975]]],[[[-75.75662,8.70419],[-75.75725,8.70392],[-75.7577,8.70247],[-75.75825,8.70211],[-75.75807,8.7012],[-75.7587,8.70084],[-75.75661,8.69885],[-75.75851,8.69776],[-75.75933,8.69948],[-75.75916,8.70048],[-75.76034,8.70228],[-75.75825,8.70292],[-75.7578,8.70374],[-75.7588,8.70545],[-75.75726,8.70609],[-75.75771,8.70681],[-75.75717,8.70735],[-75.75717,8.70826],[-75.75653,8.70799],[-75.75662,8.70419]]],[[[-75.75417,8.70655],[-75.75426,8.70483],[-75.75534,8.70338],[-75.75507,8.7022],[-75.75625,8.70184],[-75.75588,8.70057],[-75.75643,8.69994],[-75.7577,8.70193],[-75.75616,8.7032],[-75.75535,8.70528],[-75.75544,8.70808],[-75.75417,8.70655]]],[[[-75.76108,8.70617],[-75.76144,8.70581],[-75.76335,8.70608],[-75.76281,8.70825],[-75.76226,8.70825],[-75.76226,8.70762],[-75.76108,8.70617]]],[[[-75.75753,8.70744],[-75.75808,8.70744],[-75.75817,8.70699],[-75.75935,8.70699],[-75.76062,8.70599],[-75.76098,8.70626],[-75.76072,8.70861],[-75.76117,8.70897],[-75.75835,8.70871],[-75.75753,8.70808],[-75.75753,8.70744]]],[[[-75.762,8.71585],[-75.76155,8.71603],[-75.76146,8.71503],[-75.76246,8.71494],[-75.762,8.71585]]],[[[-75.75819,8.71685],[-75.75937,8.71766],[-75.76028,8.71766],[-75.75983,8.71875],[-75.7601,8.71938],[-75.75865,8.7201],[-75.75819,8.71685]]],[[[-75.75911,8.72083],[-75.76038,8.72073],[-75.76111,8.72209],[-75.76002,8.72218],[-75.75965,8.72291],[-75.75875,8.72327],[-75.75856,8.72237],[-75.75911,8.72083]]],[[[-75.75948,8.72689],[-75.75912,8.72662],[-75.76039,8.72535],[-75.76166,8.72525],[-75.76248,8.72616],[-75.7623,8.72715],[-75.76039,8.72869],[-75.75967,8.72851],[-75.75921,8.72743],[-75.75948,8.72689]]],[[[-75.75812,8.73051],[-75.75758,8.73006],[-75.75758,8.72969],[-75.75903,8.72978],[-75.75812,8.73051]]],[[[-75.76076,8.73095],[-75.75931,8.73168],[-75.75922,8.73069],[-75.75976,8.73014],[-75.76076,8.73095]]],[[[-75.75886,8.73231],[-75.75932,8.73503],[-75.75832,8.73494],[-75.75886,8.73231]]],[[[-75.75741,8.7372],[-75.75905,8.73711],[-75.75895,8.73638],[-75.75941,8.73602],[-75.75977,8.73702],[-75.75923,8.73883],[-75.75878,8.73901],[-75.75741,8.73829],[-75.75741,8.7372]]],[[[-75.75705,8.73919],[-75.75732,8.73874],[-75.7586,8.73937],[-75.75914,8.73991],[-75.75896,8.74109],[-75.7586,8.73982],[-75.75742,8.73973],[-75.75705,8.73919]]],[[[-75.75997,8.74235],[-75.76015,8.74371],[-75.75879,8.74353],[-75.75951,8.74226],[-75.75997,8.74235]]],[[[-75.75862,8.74932],[-75.76043,8.74895],[-75.76016,8.74841],[-75.75889,8.7485],[-75.75861,8.74778],[-75.75761,8.74796],[-75.75825,8.7476],[-75.7577,8.74697],[-75.75825,8.74633],[-75.75834,8.74453],[-75.76152,8.74434],[-75.7628,8.74768],[-75.76098,8.74986],[-75.76016,8.74977],[-75.7598,8.75067],[-75.75826,8.74995],[-75.75862,8.74932]]],[[[-75.75271,8.7496],[-75.75171,8.74969],[-75.75125,8.74924],[-75.75134,8.74888],[-75.75271,8.7496]]],[[[-75.75589,8.74905],[-75.75644,8.74968],[-75.75535,8.74987],[-75.75489,8.7505],[-75.7548,8.74978],[-75.75589,8.74905]]],[[[-75.74707,8.74997],[-75.74707,8.75061],[-75.74617,8.75133],[-75.74607,8.74961],[-75.74771,8.74889],[-75.74835,8.74979],[-75.74834,8.74898],[-75.74898,8.74843],[-75.75016,8.74915],[-75.75062,8.75006],[-75.74953,8.75169],[-75.74707,8.74997]]],[[[-75.75735,8.75023],[-75.75762,8.75077],[-75.75726,8.75104],[-75.75707,8.74959],[-75.75771,8.74932],[-75.75735,8.75023]]],[[[-75.74044,8.75333],[-75.74153,8.75315],[-75.74217,8.75387],[-75.74226,8.75333],[-75.74326,8.75333],[-75.74335,8.75269],[-75.74489,8.75179],[-75.74644,8.75187],[-75.74708,8.75115],[-75.74826,8.75133],[-75.74935,8.75232],[-75.74881,8.75305],[-75.74717,8.75251],[-75.74726,8.7535],[-75.7459,8.75396],[-75.74563,8.7535],[-75.7449,8.75396],[-75.74381,8.75351],[-75.74354,8.75396],[-75.74417,8.75486],[-75.74308,8.75541],[-75.74263,8.75478],[-75.7419,8.75505],[-75.74044,8.75333]]],[[[-75.76035,8.75329],[-75.75972,8.7542],[-75.75899,8.75393],[-75.75953,8.75321],[-75.76035,8.75329]]],[[[-75.75526,8.75358],[-75.75544,8.75258],[-75.75644,8.75303],[-75.75544,8.75367],[-75.75526,8.75475],[-75.75445,8.75502],[-75.75399,8.75367],[-75.75526,8.75358]]],[[[-75.7469,8.75495],[-75.74808,8.75486],[-75.74614,8.75604],[-75.74599,8.75567],[-75.7469,8.75495]]],[[[-75.74218,8.75622],[-75.74118,8.75794],[-75.741,8.75749],[-75.74218,8.75622]]],[[[-75.76046,8.76225],[-75.75992,8.76288],[-75.7601,8.76388],[-75.75956,8.76388],[-75.75928,8.76306],[-75.76046,8.76225]]],[[[-75.74002,8.77052],[-75.74093,8.77034],[-75.74193,8.77205],[-75.74112,8.77242],[-75.74002,8.77052]]],[[[-75.73912,8.77269],[-75.7393,8.77341],[-75.73985,8.77323],[-75.74003,8.77359],[-75.73912,8.77432],[-75.7383,8.77351],[-75.73912,8.77269]]],[[[-75.74963,8.80243],[-75.74909,8.8027],[-75.7489,8.80198],[-75.74945,8.80188],[-75.74963,8.80243]]],[[[-75.74848,8.81654],[-75.74784,8.81681],[-75.74739,8.81609],[-75.7483,8.81554],[-75.74848,8.81654]]],[[[-75.76239,8.81579],[-75.76285,8.8166],[-75.76257,8.81705],[-75.76175,8.81651],[-75.76239,8.81579]]],[[[-75.74994,8.81708],[-75.74994,8.81789],[-75.74857,8.8178],[-75.74903,8.81699],[-75.74994,8.81708]]],[[[-75.75012,8.8188],[-75.75076,8.81934],[-75.74985,8.82024],[-75.74921,8.82015],[-75.75012,8.8188]]],[[[-75.7534,8.82033],[-75.75313,8.82132],[-75.75249,8.82078],[-75.7534,8.82033]]],[[[-75.75167,8.82087],[-75.75121,8.82015],[-75.75158,8.82033],[-75.75222,8.82196],[-75.75076,8.8216],[-75.75167,8.82087]]],[[[-75.75485,8.82041],[-75.75504,8.82195],[-75.75413,8.82168],[-75.75485,8.82041]]],[[[-75.76022,8.8242],[-75.75986,8.82438],[-75.75977,8.82276],[-75.76022,8.82285],[-75.76022,8.8242]]],[[[-75.73976,8.82379],[-75.74013,8.82533],[-75.73968,8.82533],[-75.73922,8.82443],[-75.73976,8.82379]]],[[[-75.74741,8.82604],[-75.74686,8.82622],[-75.74641,8.82523],[-75.74713,8.82531],[-75.74741,8.82604]]],[[[-75.75441,8.8253],[-75.75341,8.82684],[-75.75314,8.82621],[-75.75441,8.8253]]],[[[-75.74677,8.82667],[-75.74741,8.82848],[-75.74641,8.82812],[-75.74623,8.82676],[-75.74677,8.82667]]],[[[-75.74768,8.8283],[-75.74805,8.82757],[-75.74878,8.82793],[-75.74995,8.82667],[-75.75141,8.82757],[-75.74996,8.82938],[-75.74896,8.82884],[-75.74814,8.82902],[-75.74768,8.8283]]],[[[-75.7476,8.83002],[-75.74933,8.83028],[-75.74969,8.83137],[-75.74887,8.83173],[-75.74915,8.83255],[-75.74833,8.83228],[-75.74823,8.83047],[-75.7476,8.83002]]],[[[-75.7396,8.83166],[-75.73878,8.83184],[-75.73896,8.83094],[-75.73978,8.83076],[-75.7396,8.83166]]],[[[-75.73933,8.83573],[-75.73879,8.83573],[-75.7376,8.83501],[-75.73651,8.83257],[-75.73769,8.83166],[-75.73815,8.83311],[-75.73896,8.83302],[-75.73842,8.83383],[-75.7376,8.83402],[-75.73797,8.83456],[-75.73997,8.8332],[-75.74106,8.83356],[-75.74105,8.83229],[-75.73996,8.83293],[-75.73942,8.83247],[-75.7396,8.83211],[-75.7406,8.8322],[-75.74023,8.83157],[-75.74069,8.83121],[-75.74124,8.83166],[-75.74178,8.8312],[-75.74169,8.82949],[-75.74123,8.8294],[-75.74114,8.83003],[-75.74005,8.82949],[-75.74013,8.82705],[-75.74114,8.82723],[-75.7415,8.82677],[-75.74168,8.8275],[-75.74241,8.8274],[-75.74206,8.83473],[-75.74133,8.83537],[-75.74061,8.83482],[-75.74052,8.836],[-75.73933,8.8351],[-75.73933,8.83573]]],[[[-75.74415,8.83174],[-75.74415,8.83364],[-75.74333,8.83229],[-75.74351,8.83174],[-75.74415,8.83174]]],[[[-75.75333,8.83444],[-75.75206,8.83435],[-75.75233,8.83372],[-75.75333,8.83444]]],[[[-75.74735,8.84214],[-75.74689,8.84196],[-75.74762,8.84141],[-75.74835,8.8415],[-75.74735,8.84214]]],[[[-75.74872,8.84358],[-75.74817,8.8434],[-75.7489,8.84277],[-75.74935,8.84295],[-75.74872,8.84358]]],[[[-75.7389,8.84532],[-75.73735,8.84514],[-75.73808,8.8446],[-75.73917,8.84496],[-75.73981,8.8464],[-75.73936,8.84785],[-75.73872,8.84758],[-75.73844,8.84586],[-75.7389,8.84532]]],[[[-75.75354,8.84683],[-75.75381,8.84592],[-75.75545,8.84664],[-75.75509,8.84764],[-75.75436,8.84773],[-75.75464,8.84836],[-75.75345,8.84873],[-75.75327,8.84837],[-75.754,8.84782],[-75.75354,8.84683]]],[[[-75.73637,8.85274],[-75.73664,8.85211],[-75.73791,8.8521],[-75.73773,8.85156],[-75.73691,8.85183],[-75.73673,8.85147],[-75.74027,8.85065],[-75.73982,8.85165],[-75.74046,8.8521],[-75.73973,8.85228],[-75.7401,8.85264],[-75.73973,8.85346],[-75.74092,8.854],[-75.73919,8.85463],[-75.73901,8.85373],[-75.73937,8.85337],[-75.73828,8.85382],[-75.73637,8.85274]]],[[[-75.74477,8.86946],[-75.74504,8.87009],[-75.74441,8.87072],[-75.74341,8.87082],[-75.74322,8.87027],[-75.74386,8.86919],[-75.74477,8.86946]]],[[[-75.74795,8.87072],[-75.74877,8.87099],[-75.74795,8.86963],[-75.74813,8.86891],[-75.74922,8.86909],[-75.74931,8.86954],[-75.74877,8.86972],[-75.74932,8.87117],[-75.75014,8.87089],[-75.74959,8.86963],[-75.75095,8.87017],[-75.75032,8.87134],[-75.75086,8.87198],[-75.7505,8.87279],[-75.74968,8.87198],[-75.74923,8.87198],[-75.74932,8.87288],[-75.74805,8.87261],[-75.74795,8.87072]]],[[[-75.74741,8.8747],[-75.7485,8.87424],[-75.74905,8.87325],[-75.75105,8.8736],[-75.75087,8.87505],[-75.75042,8.87442],[-75.75014,8.87505],[-75.74823,8.87497],[-75.74778,8.87632],[-75.74715,8.8766],[-75.74678,8.87587],[-75.74742,8.87551],[-75.74741,8.8747]]],[[[-75.75416,8.88074],[-75.75461,8.88128],[-75.75561,8.88137],[-75.75552,8.88228],[-75.75371,8.8831],[-75.75389,8.884],[-75.75316,8.88355],[-75.75416,8.88074]]],[[[-75.74698,8.88374],[-75.74816,8.88419],[-75.74862,8.885],[-75.74762,8.88537],[-75.74652,8.88447],[-75.74698,8.88374]]],[[[-75.75435,8.88517],[-75.75553,8.88499],[-75.75535,8.8859],[-75.75417,8.88563],[-75.75435,8.88517]]],[[[-75.75226,8.88572],[-75.75226,8.8869],[-75.75062,8.88681],[-75.75226,8.88572]]],[[[-75.75437,8.89521],[-75.75464,8.89539],[-75.75328,8.89675],[-75.7531,8.89612],[-75.75401,8.89585],[-75.75437,8.89521]]],[[[-75.74973,8.89649],[-75.75001,8.89676],[-75.74992,8.89694],[-75.74946,8.89658],[-75.74955,8.89558],[-75.7501,8.89595],[-75.74973,8.89649]]],[[[-75.75182,8.89621],[-75.75182,8.89667],[-75.75083,8.89712],[-75.75037,8.89604],[-75.75182,8.89621]]],[[[-75.75392,8.89748],[-75.75328,8.89748],[-75.75419,8.89657],[-75.75392,8.89748]]],[[[-75.74919,8.89794],[-75.74919,8.8973],[-75.7501,8.89739],[-75.74919,8.89794]]],[[[-75.75092,8.89875],[-75.75046,8.89793],[-75.75192,8.89712],[-75.75174,8.89802],[-75.75119,8.89811],[-75.75137,8.89875],[-75.75074,8.90029],[-75.7491,8.90092],[-75.74992,8.9002],[-75.75019,8.89911],[-75.75092,8.89875]]],[[[-75.74438,8.90175],[-75.74474,8.90247],[-75.7431,8.90229],[-75.74329,8.90175],[-75.74438,8.90175]]],[[[-75.74047,8.90374],[-75.7412,8.90437],[-75.74156,8.90383],[-75.74265,8.9041],[-75.74384,8.90365],[-75.74484,8.90464],[-75.74411,8.90509],[-75.74147,8.90428],[-75.74129,8.90492],[-75.73993,8.9051],[-75.7392,8.90411],[-75.74047,8.90374]]],[[[-75.73947,8.90573],[-75.74011,8.90555],[-75.74002,8.90628],[-75.73866,8.90628],[-75.73838,8.90556],[-75.73757,8.90637],[-75.73783,8.90474],[-75.73947,8.90573]]],[[[-75.75012,8.90788],[-75.74985,8.90734],[-75.74984,8.90671],[-75.75075,8.90616],[-75.74984,8.90463],[-75.75066,8.90399],[-75.75121,8.90508],[-75.75129,8.90444],[-75.75193,8.90462],[-75.75266,8.90345],[-75.75339,8.90471],[-75.75321,8.90688],[-75.75403,8.90661],[-75.75421,8.90733],[-75.75285,8.90933],[-75.75212,8.90833],[-75.75012,8.90788]]],[[[-75.74566,8.90853],[-75.74539,8.90907],[-75.74476,8.90889],[-75.74457,8.90817],[-75.74566,8.90853]]],[[[-75.74704,8.91341],[-75.74913,8.91259],[-75.74904,8.91313],[-75.7484,8.91331],[-75.74868,8.91395],[-75.74731,8.91377],[-75.74741,8.91558],[-75.74641,8.91576],[-75.74631,8.91422],[-75.74704,8.91341]]],[[[-75.74795,8.91449],[-75.74931,8.91449],[-75.74904,8.91566],[-75.74841,8.91494],[-75.74795,8.9154],[-75.74795,8.91449]]],[[[-75.7505,8.91593],[-75.74995,8.91584],[-75.75032,8.9153],[-75.75095,8.91557],[-75.7505,8.91593]]],[[[-75.75214,8.91602],[-75.75195,8.91457],[-75.75368,8.9152],[-75.75468,8.91638],[-75.75496,8.91855],[-75.75433,8.91891],[-75.75323,8.91801],[-75.75214,8.91602]]],[[[-75.74959,8.91756],[-75.75078,8.91774],[-75.75033,8.92009],[-75.74969,8.92037],[-75.74914,8.9201],[-75.74959,8.91756]]],[[[-75.75396,8.91936],[-75.7536,8.92045],[-75.75315,8.92009],[-75.75333,8.919],[-75.75396,8.91936]]],[[[-75.75069,8.92244],[-75.75233,8.92226],[-75.75297,8.9209],[-75.75342,8.92271],[-75.75179,8.92308],[-75.75252,8.92425],[-75.75106,8.92525],[-75.75042,8.92389],[-75.75069,8.92244]]],[[[-75.76202,8.94476],[-75.76257,8.94503],[-75.76121,8.94684],[-75.76038,8.94531],[-75.76202,8.94476]]],[[[-75.76311,8.94539],[-75.76357,8.94566],[-75.76157,8.94811],[-75.7613,8.94757],[-75.76311,8.94539]]],[[[-75.76066,8.94712],[-75.76048,8.94784],[-75.75975,8.94721],[-75.76011,8.9463],[-75.76066,8.94712]]],[[[-75.75848,8.95001],[-75.75839,8.94929],[-75.75912,8.94911],[-75.75848,8.95001]]],[[[-75.76066,8.9482],[-75.76166,8.94874],[-75.75985,8.95073],[-75.75994,8.95146],[-75.75976,8.95083],[-75.75903,8.95065],[-75.76066,8.9482]]],[[[-75.7625,8.99875],[-75.76195,8.99867],[-75.76177,8.9974],[-75.76295,8.9974],[-75.7624,8.99812],[-75.76313,8.99902],[-75.76195,9.00002],[-75.76159,8.99921],[-75.7625,8.99875]]],[[[-75.74352,9.01923],[-75.74371,9.01959],[-75.74262,9.01996],[-75.74289,9.01933],[-75.74352,9.01923]]],[[[-75.74198,9.01978],[-75.74226,9.02141],[-75.74134,9.02114],[-75.74198,9.01978]]],[[[-75.75556,9.03404],[-75.75574,9.03323],[-75.75665,9.03323],[-75.75647,9.03395],[-75.75556,9.03404]]],[[[-75.74747,9.03379],[-75.7481,9.03333],[-75.74929,9.03387],[-75.74893,9.03577],[-75.74847,9.03559],[-75.74856,9.03496],[-75.74756,9.0346],[-75.74747,9.03379]]],[[[-75.7603,9.03575],[-75.76039,9.03647],[-75.75912,9.0362],[-75.75921,9.03566],[-75.7603,9.03575]]],[[[-75.75497,9.05231],[-75.75597,9.05231],[-75.75615,9.0534],[-75.75588,9.05385],[-75.75533,9.05349],[-75.7547,9.05376],[-75.75497,9.05231]]],[[[-75.75835,9.05945],[-75.75789,9.0599],[-75.7588,9.06017],[-75.75762,9.06045],[-75.75735,9.05927],[-75.75835,9.05945]]],[[[-75.74389,9.06301],[-75.74407,9.06427],[-75.74225,9.06401],[-75.74252,9.0631],[-75.74389,9.06301]]],[[[-75.74525,9.06309],[-75.74589,9.06481],[-75.74453,9.06454],[-75.74443,9.06346],[-75.74525,9.06309]]],[[[-75.754,9.06697],[-75.75463,9.06742],[-75.75436,9.06814],[-75.75345,9.06724],[-75.754,9.06697]]],[[[-75.7438,9.06635],[-75.74426,9.06635],[-75.74481,9.06816],[-75.74454,9.06879],[-75.74399,9.06871],[-75.7438,9.06635]]],[[[-75.757,9.0675],[-75.75754,9.06741],[-75.75773,9.06822],[-75.75646,9.06913],[-75.75564,9.06886],[-75.756,9.06841],[-75.75673,9.06859],[-75.757,9.0675]]],[[[-75.74445,9.06988],[-75.74518,9.07006],[-75.74572,9.07123],[-75.74518,9.07142],[-75.74445,9.06988]]],[[[-75.75237,9.07131],[-75.75246,9.07041],[-75.75309,9.07059],[-75.75237,9.07131]]],[[[-75.75573,9.0713],[-75.7551,9.07176],[-75.75491,9.0704],[-75.75573,9.0713]]],[[[-75.75383,9.07402],[-75.7531,9.0742],[-75.7531,9.07285],[-75.75383,9.07402]]],[[[-75.75638,9.07393],[-75.75492,9.07402],[-75.75474,9.07321],[-75.75638,9.07393]]],[[[-75.76156,9.07455],[-75.7602,9.07446],[-75.76047,9.07374],[-75.76174,9.074],[-75.76156,9.07455]]],[[[-75.74464,9.07404],[-75.74364,9.07468],[-75.74464,9.0754],[-75.74637,9.07377],[-75.74673,9.07277],[-75.74755,9.0734],[-75.7451,9.07585],[-75.74328,9.07585],[-75.74309,9.07422],[-75.74464,9.07404]]],[[[-75.74145,9.07332],[-75.74091,9.07341],[-75.74081,9.07278],[-75.74154,9.07305],[-75.742,9.07251],[-75.742,9.07613],[-75.741,9.0754],[-75.74145,9.07332]]],[[[-75.76257,9.07572],[-75.76166,9.07608],[-75.76102,9.07572],[-75.7612,9.07527],[-75.76257,9.07572]]],[[[-75.75975,9.07627],[-75.75938,9.07519],[-75.75965,9.07455],[-75.76047,9.07554],[-75.76029,9.07645],[-75.7612,9.07663],[-75.7592,9.0769],[-75.75838,9.07618],[-75.75975,9.07627]]],[[[-75.74283,9.07938],[-75.74165,9.08002],[-75.74174,9.07974],[-75.74283,9.07938]]],[[[-75.73928,9.07893],[-75.74028,9.07938],[-75.74038,9.08074],[-75.74083,9.08119],[-75.74038,9.08119],[-75.73928,9.07893]]],[[[-75.75029,9.08043],[-75.74838,9.08145],[-75.74829,9.08045],[-75.74892,9.07901],[-75.75029,9.08043]]],[[[-75.73828,9.07975],[-75.73883,9.07948],[-75.7401,9.0811],[-75.7392,9.08219],[-75.73883,9.0821],[-75.73901,9.08102],[-75.73828,9.07975]]],[[[-75.74721,9.08543],[-75.74739,9.08362],[-75.74784,9.08371],[-75.74721,9.08543]]],[[[-75.7442,9.0839],[-75.74557,9.08326],[-75.74502,9.08453],[-75.74566,9.08444],[-75.74575,9.08507],[-75.74457,9.0858],[-75.74411,9.08517],[-75.7442,9.0839]]],[[[-75.74284,9.08463],[-75.74302,9.0849],[-75.74221,9.08562],[-75.74102,9.08517],[-75.74138,9.08472],[-75.74284,9.08463]]],[[[-75.74976,9.08597],[-75.74975,9.08425],[-75.75111,9.08591],[-75.75122,9.08687],[-75.75049,9.08732],[-75.74921,9.08719],[-75.75058,9.08678],[-75.75076,9.08633],[-75.74976,9.08597]]],[[[-75.74675,9.08552],[-75.7463,9.08597],[-75.74648,9.08679],[-75.74566,9.08561],[-75.74675,9.08552]]],[[[-75.74276,9.09213],[-75.74366,9.09322],[-75.7435,9.0943],[-75.74304,9.09367],[-75.7424,9.09367],[-75.74276,9.09213]]],[[[-75.74978,9.0942],[-75.7506,9.09465],[-75.75023,9.09583],[-75.74978,9.0942]]],[[[-75.75497,9.09835],[-75.75424,9.0988],[-75.75406,9.09745],[-75.75451,9.09735],[-75.75497,9.09835]]],[[[-75.74318,9.09774],[-75.74369,9.09801],[-75.74441,9.09737],[-75.74378,9.09864],[-75.7426,9.09955],[-75.74214,9.09905],[-75.74318,9.09774]]],[[[-75.75989,9.09997],[-75.76053,9.10114],[-75.75889,9.1016],[-75.75925,9.10033],[-75.75989,9.09997]]],[[[-75.74872,9.10174],[-75.74833,9.10008],[-75.74751,9.09945],[-75.74806,9.0989],[-75.74906,9.0989],[-75.74933,9.10071],[-75.74979,9.10089],[-75.75015,9.0989],[-75.75179,9.09854],[-75.75206,9.09896],[-75.75106,9.09899],[-75.7507,9.09944],[-75.75097,9.10035],[-75.74988,9.10279],[-75.75034,9.10433],[-75.74872,9.10174]]],[[[-75.75735,9.10504],[-75.75826,9.1044],[-75.75835,9.10599],[-75.75728,9.10657],[-75.75626,9.10637],[-75.75735,9.10504]]],[[[-75.74508,9.10967],[-75.74489,9.10859],[-75.74398,9.10832],[-75.74434,9.10741],[-75.74562,9.10741],[-75.74598,9.10696],[-75.74789,9.10777],[-75.74834,9.10641],[-75.74743,9.10542],[-75.74824,9.10593],[-75.74871,9.10569],[-75.7488,9.10641],[-75.74953,9.10632],[-75.74926,9.10722],[-75.7499,9.1084],[-75.7479,9.10976],[-75.74699,9.11148],[-75.74417,9.1113],[-75.74408,9.11076],[-75.74508,9.10967]]],[[[-75.74052,9.10815],[-75.73971,9.1095],[-75.73961,9.10797],[-75.73998,9.10769],[-75.74052,9.10815]]],[[[-75.75272,9.10812],[-75.75217,9.10848],[-75.75199,9.10785],[-75.75508,9.10803],[-75.7546,9.1093],[-75.7549,9.10992],[-75.75272,9.10812]]],[[[-75.74262,9.10805],[-75.74271,9.1095],[-75.74071,9.10977],[-75.74062,9.10896],[-75.74262,9.10805]]],[[[-75.75775,9.10956],[-75.75864,9.11014],[-75.75864,9.11028],[-75.75809,9.1101],[-75.75809,9.11082],[-75.75691,9.11101],[-75.75718,9.10988],[-75.75775,9.10956]]],[[[-75.7388,9.11095],[-75.73871,9.11014],[-75.73962,9.10987],[-75.7398,9.11077],[-75.7388,9.11095]]],[[[-75.754,9.11128],[-75.75145,9.11134],[-75.75054,9.11011],[-75.7509,9.10966],[-75.75236,9.1102],[-75.75363,9.11002],[-75.75436,9.11137],[-75.75536,9.11191],[-75.756,9.112],[-75.75655,9.11146],[-75.75615,9.1126],[-75.75534,9.11273],[-75.754,9.11128]]],[[[-75.74026,9.11086],[-75.74107,9.11122],[-75.74198,9.11095],[-75.74117,9.11194],[-75.74045,9.11121],[-75.73954,9.11258],[-75.73935,9.11195],[-75.74026,9.11086]]],[[[-75.75919,9.11211],[-75.75935,9.11181],[-75.76019,9.11281],[-75.76255,9.11302],[-75.76122,9.11335],[-75.75955,9.11298],[-75.75919,9.11211]]],[[[-75.74069,9.11312],[-75.7419,9.11276],[-75.74244,9.11321],[-75.74254,9.11456],[-75.74194,9.11538],[-75.74164,9.11315],[-75.74108,9.11393],[-75.74136,9.11538],[-75.74078,9.11484],[-75.74069,9.11312]]],[[[-75.74727,9.116],[-75.74654,9.11564],[-75.746,9.116],[-75.746,9.11564],[-75.74709,9.11528],[-75.7469,9.11392],[-75.74799,9.11283],[-75.74808,9.11166],[-75.74945,9.11057],[-75.7489,9.11383],[-75.74778,9.11509],[-75.74955,9.11752],[-75.74951,9.11844],[-75.74727,9.116]]],[[[-75.74018,9.11647],[-75.73936,9.11611],[-75.74054,9.11619],[-75.74182,9.118],[-75.74095,9.11791],[-75.74018,9.11647]]],[[[-75.75829,9.11648],[-75.75843,9.11589],[-75.75928,9.11598],[-75.75937,9.11526],[-75.76156,9.1162],[-75.75947,9.11652],[-75.76011,9.11724],[-75.76083,9.11715],[-75.75965,9.11787],[-75.76039,9.12004],[-75.76157,9.12017],[-75.76006,9.12055],[-75.75957,9.11864],[-75.75829,9.11648]]],[[[-75.74346,9.12062],[-75.74164,9.11927],[-75.74328,9.11945],[-75.74337,9.12053],[-75.74537,9.12197],[-75.74456,9.12288],[-75.7441,9.1212],[-75.74346,9.12062]]],[[[-75.74055,9.1228],[-75.74146,9.1237],[-75.74037,9.12334],[-75.74055,9.1228]]],[[[-75.75166,9.12549],[-75.7512,9.12458],[-75.75193,9.12485],[-75.75193,9.1244],[-75.75129,9.12305],[-75.75439,9.12711],[-75.7523,9.12666],[-75.75166,9.12703],[-75.75212,9.12757],[-75.75162,9.12766],[-75.75166,9.12549]],[[-75.75239,9.12585],[-75.75284,9.12594],[-75.75257,9.12494],[-75.75202,9.12494],[-75.75239,9.12585]]],[[[-75.75831,9.12656],[-75.75876,9.12656],[-75.75912,9.12583],[-75.75931,9.12683],[-75.75831,9.12656]]],[[[-75.75658,9.12638],[-75.75794,9.12648],[-75.75658,9.12647],[-75.7564,9.12729],[-75.75713,9.12756],[-75.75618,9.12774],[-75.75541,9.12774],[-75.75567,9.1267],[-75.75658,9.12638]]],[[[-75.74212,9.13356],[-75.74112,9.13401],[-75.74154,9.13274],[-75.74212,9.13356]]],[[[-75.74058,9.13546],[-75.74108,9.13419],[-75.74149,9.13464],[-75.74122,9.13537],[-75.74058,9.13546]]],[[[-75.74524,9.14594],[-75.74533,9.1444],[-75.74569,9.14467],[-75.7457,9.14594],[-75.74524,9.14594]]],[[[-75.74216,9.15327],[-75.74225,9.15246],[-75.73998,9.15283],[-75.73979,9.15156],[-75.74343,9.15137],[-75.74617,9.15218],[-75.74798,9.15172],[-75.74881,9.15254],[-75.74944,9.15235],[-75.74862,9.15317],[-75.74844,9.15416],[-75.74726,9.15471],[-75.74608,9.15462],[-75.74535,9.15562],[-75.74208,9.1559],[-75.74126,9.15554],[-75.74089,9.15472],[-75.74216,9.15327]]],[[[-75.75282,9.15949],[-75.75173,9.15868],[-75.75182,9.15741],[-75.75045,9.15669],[-75.75099,9.15398],[-75.75245,9.15398],[-75.75345,9.15515],[-75.75328,9.1575],[-75.7551,9.15804],[-75.75574,9.15903],[-75.75556,9.16003],[-75.75282,9.15949]],[[-75.75446,9.15895],[-75.75464,9.15831],[-75.75346,9.15813],[-75.75346,9.15886],[-75.75446,9.15895]]],[[[-75.74703,9.17198],[-75.74602,9.17163],[-75.74502,9.17009],[-75.7451,9.1672],[-75.74592,9.16529],[-75.74674,9.16511],[-75.74901,9.16248],[-75.75119,9.16121],[-75.75501,9.16066],[-75.75465,9.16193],[-75.75292,9.16157],[-75.75183,9.16311],[-75.7522,9.16392],[-75.75083,9.16447],[-75.75102,9.16501],[-75.75238,9.16492],[-75.75356,9.16401],[-75.75365,9.16311],[-75.75456,9.16329],[-75.75575,9.16636],[-75.75494,9.16835],[-75.75394,9.16908],[-75.75284,9.16881],[-75.75148,9.16917],[-75.75103,9.17008],[-75.75003,9.17035],[-75.74921,9.17126],[-75.74921,9.17252],[-75.74812,9.17162],[-75.74703,9.17198]]],[[[-75.75904,9.17259],[-75.75731,9.17269],[-75.75795,9.17232],[-75.75813,9.17142],[-75.75931,9.17151],[-75.75904,9.17259]]],[[[-75.75203,9.1717],[-75.75212,9.17252],[-75.75121,9.17315],[-75.75076,9.17288],[-75.75203,9.1717]]],[[[-75.75341,9.17622],[-75.75258,9.17505],[-75.75249,9.17414],[-75.75431,9.17442],[-75.75523,9.17586],[-75.75677,9.17685],[-75.75341,9.17622]]],[[[-75.74922,9.17515],[-75.75004,9.17505],[-75.74976,9.17433],[-75.75076,9.17469],[-75.75049,9.17505],[-75.75113,9.17541],[-75.75104,9.17578],[-75.74976,9.1756],[-75.74977,9.17668],[-75.74831,9.17641],[-75.74831,9.17596],[-75.74922,9.17515]]],[[[-75.75168,9.17713],[-75.75104,9.17731],[-75.75104,9.17659],[-75.75195,9.17613],[-75.75168,9.17713]]],[[[-75.73913,9.1843],[-75.7384,9.18421],[-75.73904,9.18367],[-75.73758,9.18195],[-75.73803,9.18132],[-75.73758,9.18023],[-75.7394,9.18123],[-75.74131,9.18131],[-75.74249,9.17878],[-75.74258,9.17724],[-75.74066,9.17462],[-75.74257,9.17471],[-75.74275,9.17407],[-75.7405,9.17272],[-75.73828,9.17036],[-75.73773,9.16852],[-75.73812,9.16786],[-75.73893,9.16784],[-75.73992,9.16883],[-75.74065,9.16892],[-75.74019,9.16938],[-75.74065,9.17001],[-75.73974,9.17064],[-75.73983,9.171],[-75.74074,9.17055],[-75.74074,9.16992],[-75.74138,9.17001],[-75.74147,9.16937],[-75.74192,9.16973],[-75.74247,9.17127],[-75.74165,9.171],[-75.74147,9.17046],[-75.74102,9.17055],[-75.74102,9.17127],[-75.74275,9.17263],[-75.74403,9.17543],[-75.74494,9.17506],[-75.74613,9.17687],[-75.74504,9.17823],[-75.74458,9.17751],[-75.74494,9.17696],[-75.74449,9.17642],[-75.74476,9.1757],[-75.74339,9.17579],[-75.74248,9.17661],[-75.74358,9.17796],[-75.74458,9.17832],[-75.74449,9.17959],[-75.74495,9.18004],[-75.74659,9.17931],[-75.7464,9.17868],[-75.74695,9.17813],[-75.74649,9.17759],[-75.74658,9.17569],[-75.74731,9.17669],[-75.74722,9.17741],[-75.74804,9.17741],[-75.74822,9.17804],[-75.74913,9.17732],[-75.75013,9.17813],[-75.75031,9.17759],[-75.75095,9.17749],[-75.75132,9.1784],[-75.75232,9.17785],[-75.75496,9.17785],[-75.75368,9.17921],[-75.75268,9.17858],[-75.75305,9.17966],[-75.75378,9.18011],[-75.75168,9.18002],[-75.75132,9.18066],[-75.75087,9.18057],[-75.75141,9.18156],[-75.75332,9.18111],[-75.75243,9.18183],[-75.75087,9.18201],[-75.74905,9.18124],[-75.74905,9.18084],[-75.74723,9.18121],[-75.74741,9.18058],[-75.74695,9.18049],[-75.74668,9.18121],[-75.7424,9.18185],[-75.74168,9.18267],[-75.74168,9.18339],[-75.74013,9.18339],[-75.73968,9.18412],[-75.73995,9.18484],[-75.74032,9.18484],[-75.74041,9.18403],[-75.74184,9.18411],[-75.74341,9.18502],[-75.74743,9.18537],[-75.75024,9.18672],[-75.75425,9.18698],[-75.75452,9.18816],[-75.75343,9.18834],[-75.75334,9.18879],[-75.75298,9.18861],[-75.75297,9.18744],[-75.75234,9.18708],[-75.75097,9.18699],[-75.74933,9.18781],[-75.74797,9.18682],[-75.74578,9.187],[-75.74551,9.18745],[-75.74414,9.18565],[-75.74341,9.18574],[-75.74305,9.1852],[-75.74095,9.18484],[-75.74096,9.18538],[-75.73941,9.18566],[-75.73913,9.1843]]],[[[-75.74378,9.18619],[-75.74414,9.18655],[-75.74187,9.18647],[-75.74096,9.18538],[-75.74205,9.18619],[-75.74378,9.18619]]],[[[-75.7518,9.19024],[-75.75189,9.19124],[-75.75125,9.19115],[-75.75089,9.19043],[-75.7518,9.19024]]],[[[-75.7477,9.19188],[-75.7488,9.19115],[-75.75016,9.19179],[-75.75053,9.19251],[-75.7477,9.19188]]],[[[-75.74698,9.19188],[-75.74461,9.19225],[-75.74561,9.19161],[-75.74698,9.19188]]],[[[-75.73952,9.19425],[-75.74061,9.19352],[-75.74052,9.19506],[-75.73952,9.19425]]],[[[-75.74316,9.19587],[-75.74352,9.1946],[-75.74389,9.1946],[-75.7438,9.19569],[-75.74316,9.19587]]],[[[-75.73907,9.19705],[-75.74189,9.1966],[-75.7408,9.19913],[-75.73907,9.19705]]],[[[-75.74908,9.19875],[-75.74844,9.19731],[-75.75035,9.1964],[-75.75081,9.19782],[-75.74951,9.20174],[-75.7489,9.19993],[-75.74908,9.19875]]],[[[-75.7419,9.2003],[-75.74144,9.20049],[-75.74135,9.19931],[-75.7419,9.2003]]],[[[-75.74463,9.20184],[-75.74363,9.20238],[-75.74354,9.2022],[-75.74517,9.20021],[-75.74444,9.19948],[-75.74471,9.19867],[-75.74535,9.19849],[-75.74654,9.20057],[-75.74572,9.2021],[-75.74609,9.20319],[-75.74463,9.20184]]],[[[-75.73972,9.20356],[-75.74163,9.20284],[-75.74127,9.20483],[-75.73972,9.20356]]],[[[-75.75793,9.20705],[-75.75829,9.20642],[-75.75793,9.20714],[-75.75821,9.20805],[-75.75711,9.20751],[-75.75793,9.20705]]],[[[-75.75438,9.20778],[-75.75384,9.20724],[-75.75415,9.20643],[-75.75475,9.20733],[-75.75611,9.20733],[-75.75456,9.20797],[-75.75348,9.20923],[-75.75366,9.21095],[-75.75303,9.21321],[-75.7532,9.21014],[-75.75338,9.20896],[-75.75438,9.20778]]],[[[-75.76167,9.20967],[-75.76104,9.21157],[-75.76067,9.2103],[-75.76167,9.20967]]],[[[-75.75039,9.21186],[-75.75175,9.21168],[-75.75121,9.21331],[-75.75021,9.21421],[-75.74912,9.21395],[-75.75039,9.21186]]],[[[-75.74848,9.21585],[-75.74684,9.21404],[-75.74675,9.21332],[-75.75003,9.21639],[-75.75149,9.21575],[-75.75303,9.21339],[-75.75176,9.21557],[-75.75222,9.21616],[-75.7505,9.21711],[-75.74848,9.21585]]],[[[-75.75052,9.23077],[-75.74815,9.22959],[-75.75324,9.22936],[-75.75461,9.23049],[-75.75316,9.23094],[-75.75234,9.23031],[-75.75052,9.23077]]],[[[-75.76208,9.23336],[-75.76227,9.23436],[-75.75981,9.23373],[-75.75972,9.23445],[-75.7589,9.23455],[-75.7579,9.23301],[-75.76208,9.23336]]],[[[-75.73702,8.76891],[-75.73684,8.76917],[-75.73611,8.7689],[-75.7362,8.76817],[-75.73702,8.76891]]],[[[-75.73648,8.77116],[-75.73575,8.77125],[-75.73648,8.77025],[-75.73684,8.77053],[-75.73648,8.77116]]],[[[-75.72802,8.77217],[-75.72721,8.77244],[-75.72721,8.77217],[-75.72821,8.77199],[-75.72848,8.77117],[-75.73039,8.77189],[-75.72994,8.77298],[-75.72912,8.77289],[-75.72903,8.77244],[-75.72848,8.7728],[-75.72802,8.77217]]],[[[-75.72194,8.77453],[-75.72239,8.77372],[-75.72339,8.77426],[-75.72312,8.77489],[-75.72103,8.77508],[-75.72085,8.7758],[-75.72058,8.77508],[-75.72194,8.77453]]],[[[-75.71403,8.77636],[-75.71403,8.77663],[-75.71249,8.77672],[-75.7123,8.77618],[-75.71403,8.77636]]],[[[-75.7115,8.7836],[-75.71232,8.78342],[-75.71141,8.78324],[-75.71159,8.7817],[-75.71004,8.78206],[-75.70968,8.78134],[-75.70931,8.78179],[-75.7085,8.7817],[-75.70932,8.78234],[-75.70905,8.78559],[-75.70614,8.78442],[-75.70595,8.78406],[-75.70759,8.78379],[-75.70768,8.78333],[-75.70668,8.78306],[-75.70595,8.78361],[-75.70595,8.78298],[-75.70849,8.7799],[-75.7094,8.77953],[-75.70986,8.78035],[-75.71022,8.77944],[-75.71176,8.77908],[-75.71322,8.78115],[-75.71295,8.78341],[-75.71341,8.78468],[-75.71268,8.78414],[-75.71287,8.78495],[-75.7125,8.78531],[-75.70941,8.78568],[-75.70959,8.78433],[-75.71132,8.78414],[-75.7115,8.7836]]],[[[-75.71577,8.78449],[-75.71505,8.78477],[-75.71396,8.78459],[-75.71405,8.78405],[-75.71559,8.78413],[-75.71577,8.78449]]],[[[-75.71296,8.78549],[-75.71369,8.78676],[-75.71314,8.78694],[-75.71278,8.78613],[-75.71187,8.78595],[-75.71296,8.78549]]],[[[-75.71587,8.78576],[-75.71469,8.78531],[-75.71596,8.78504],[-75.71678,8.78594],[-75.71724,8.78766],[-75.71578,8.78739],[-75.71533,8.78775],[-75.71505,8.78712],[-75.71587,8.78576]]],[[[-75.7135,8.78549],[-75.71405,8.78549],[-75.71441,8.78612],[-75.7146,8.78811],[-75.7135,8.78549]]],[[[-75.70987,8.78767],[-75.70923,8.78767],[-75.70869,8.78921],[-75.70824,8.78885],[-75.70833,8.78804],[-75.70878,8.78722],[-75.70942,8.78713],[-75.70932,8.78622],[-75.7106,8.78595],[-75.7106,8.78667],[-75.71123,8.78685],[-75.71133,8.78921],[-75.71069,8.7893],[-75.71069,8.78984],[-75.70969,8.78957],[-75.71006,8.79029],[-75.7096,8.79057],[-75.70851,8.79039],[-75.70987,8.78767]]],[[[-75.71251,8.78812],[-75.71342,8.78839],[-75.71378,8.7892],[-75.71242,8.78857],[-75.71251,8.78812]]],[[[-75.72269,8.789],[-75.72369,8.7881],[-75.72388,8.789],[-75.72451,8.78882],[-75.72479,8.79099],[-75.72406,8.78981],[-75.72269,8.789]]],[[[-75.70897,8.79084],[-75.70861,8.79165],[-75.70779,8.79129],[-75.70833,8.79066],[-75.70897,8.79084]]],[[[-75.71864,8.81027],[-75.71973,8.81026],[-75.71901,8.81271],[-75.71856,8.81253],[-75.71864,8.81027]]],[[[-75.73839,8.82072],[-75.73903,8.82081],[-75.73794,8.8228],[-75.7374,8.82244],[-75.7374,8.82172],[-75.7383,8.82126],[-75.73839,8.82072]]],[[[-75.72441,8.82861],[-75.72495,8.82825],[-75.72586,8.82997],[-75.72514,8.83006],[-75.72441,8.82861]]],[[[-75.73087,8.8296],[-75.73059,8.83023],[-75.72968,8.83005],[-75.73041,8.82933],[-75.73087,8.8296]]],[[[-75.71859,8.83197],[-75.72041,8.83305],[-75.7196,8.83486],[-75.71842,8.83451],[-75.71859,8.83197]]],[[[-75.71796,8.83315],[-75.71796,8.83451],[-75.71742,8.83496],[-75.71751,8.83424],[-75.71705,8.83415],[-75.7166,8.83514],[-75.71623,8.83388],[-75.71796,8.83315]]],[[[-75.72788,8.83548],[-75.7286,8.83521],[-75.72969,8.8353],[-75.72924,8.83457],[-75.72769,8.83476],[-75.72833,8.83349],[-75.73033,8.83412],[-75.72997,8.83539],[-75.73133,8.83529],[-75.73097,8.83602],[-75.73015,8.83575],[-75.72888,8.83666],[-75.72788,8.83548]]],[[[-75.72343,8.83838],[-75.72288,8.8383],[-75.72324,8.83721],[-75.72388,8.83739],[-75.72343,8.83838]]],[[[-75.72644,8.84372],[-75.72598,8.84426],[-75.72526,8.84399],[-75.72507,8.84308],[-75.72589,8.8429],[-75.72626,8.84363],[-75.72735,8.8438],[-75.72671,8.84507],[-75.72598,8.84471],[-75.72644,8.84372]]],[[[-75.71889,8.84319],[-75.71916,8.84391],[-75.71816,8.84482],[-75.7178,8.84364],[-75.71889,8.84319]]],[[[-75.71234,8.8451],[-75.71271,8.84392],[-75.71334,8.84374],[-75.71234,8.8451]]],[[[-75.72498,8.84498],[-75.72471,8.84544],[-75.72408,8.84508],[-75.72444,8.84453],[-75.72498,8.84498]]],[[[-75.72726,8.84625],[-75.72653,8.8458],[-75.72662,8.84525],[-75.7279,8.84543],[-75.72726,8.84625]]],[[[-75.72899,8.84507],[-75.73035,8.84561],[-75.73026,8.84633],[-75.72908,8.84633],[-75.72899,8.84697],[-75.72808,8.8467],[-75.72899,8.84507]]],[[[-75.72026,8.84599],[-75.7219,8.84617],[-75.72253,8.8458],[-75.72271,8.84625],[-75.72217,8.84725],[-75.72144,8.84653],[-75.72017,8.84662],[-75.72026,8.84599]]],[[[-75.71226,8.84664],[-75.71235,8.84745],[-75.71135,8.84772],[-75.71071,8.84718],[-75.71153,8.84637],[-75.71226,8.84664]]],[[[-75.73663,8.84722],[-75.73654,8.84777],[-75.7359,8.84777],[-75.73663,8.84722]]],[[[-75.73736,8.84668],[-75.73763,8.84767],[-75.73663,8.84722],[-75.73736,8.84668]]],[[[-75.71799,8.84699],[-75.71807,8.84527],[-75.71907,8.84545],[-75.71853,8.84726],[-75.71999,8.84834],[-75.7179,8.84934],[-75.71844,8.84726],[-75.71799,8.84699]]],[[[-75.72818,8.85086],[-75.72636,8.85122],[-75.727,8.85095],[-75.72663,8.85032],[-75.72754,8.85032],[-75.72818,8.85086]]],[[[-75.71672,8.8526],[-75.7169,8.85169],[-75.71763,8.85169],[-75.71781,8.85124],[-75.71699,8.85088],[-75.71763,8.85052],[-75.71872,8.85088],[-75.71845,8.8497],[-75.72117,8.84825],[-75.72145,8.84906],[-75.7209,8.84951],[-75.72127,8.85033],[-75.72054,8.8506],[-75.72045,8.8516],[-75.71872,8.85151],[-75.71818,8.85232],[-75.71754,8.85223],[-75.71745,8.85368],[-75.71645,8.8535],[-75.71727,8.85296],[-75.71672,8.8526]]],[[[-75.72782,8.85185],[-75.72636,8.85195],[-75.72709,8.8514],[-75.72782,8.85131],[-75.72782,8.85185]]],[[[-75.72782,8.85203],[-75.72773,8.85285],[-75.727,8.85276],[-75.72664,8.8533],[-75.72573,8.85312],[-75.72573,8.85258],[-75.72782,8.85203]]],[[[-75.71036,8.85324],[-75.70963,8.85315],[-75.70972,8.85261],[-75.71036,8.85261],[-75.71036,8.85324]]],[[[-75.72454,8.85159],[-75.72491,8.85168],[-75.72537,8.85448],[-75.72437,8.85412],[-75.72454,8.85159]]],[[[-75.71173,8.85451],[-75.71263,8.85378],[-75.71227,8.85315],[-75.714,8.85315],[-75.714,8.85387],[-75.71436,8.85387],[-75.715,8.85233],[-75.71572,8.85224],[-75.71518,8.85332],[-75.71609,8.85387],[-75.715,8.85486],[-75.71328,8.85595],[-75.71237,8.85577],[-75.71173,8.85451]]],[[[-75.72327,8.85394],[-75.72409,8.85503],[-75.72391,8.85566],[-75.72282,8.8543],[-75.72327,8.85394]]],[[[-75.714,8.8564],[-75.71673,8.85667],[-75.7171,8.85621],[-75.71682,8.85567],[-75.716,8.85613],[-75.71546,8.85586],[-75.716,8.85504],[-75.71873,8.85431],[-75.71991,8.85458],[-75.71973,8.85549],[-75.71746,8.85558],[-75.71755,8.85621],[-75.7161,8.85748],[-75.7151,8.85712],[-75.71364,8.85821],[-75.71301,8.85785],[-75.714,8.8564]]],[[[-75.71855,8.85576],[-75.71919,8.85594],[-75.71901,8.85666],[-75.71828,8.85657],[-75.71782,8.85721],[-75.71755,8.85694],[-75.71855,8.85576]]],[[[-75.72019,8.85793],[-75.71946,8.85784],[-75.72046,8.85621],[-75.72155,8.85666],[-75.72255,8.85639],[-75.72182,8.85593],[-75.72191,8.85521],[-75.72328,8.85575],[-75.72328,8.85638],[-75.72292,8.85629],[-75.72128,8.85811],[-75.72092,8.85747],[-75.72128,8.85693],[-75.72064,8.85675],[-75.72019,8.85793]]],[[[-75.71055,8.85831],[-75.71137,8.85785],[-75.71164,8.85858],[-75.71246,8.85848],[-75.71346,8.85912],[-75.71083,8.85885],[-75.71055,8.85831]]],[[[-75.71483,8.85957],[-75.71565,8.85911],[-75.71565,8.8602],[-75.7161,8.86029],[-75.71583,8.86101],[-75.71483,8.85957]]],[[[-75.71229,8.86201],[-75.71174,8.86165],[-75.71147,8.86229],[-75.71056,8.8603],[-75.70974,8.8603],[-75.70974,8.86093],[-75.70937,8.86084],[-75.70955,8.85939],[-75.71092,8.85921],[-75.71065,8.85994],[-75.71146,8.8603],[-75.71155,8.85939],[-75.71419,8.85984],[-75.71556,8.86137],[-75.7152,8.86183],[-75.71383,8.86183],[-75.71356,8.86056],[-75.71292,8.86002],[-75.71265,8.86065],[-75.71228,8.86011],[-75.71238,8.8612],[-75.71165,8.86138],[-75.7132,8.86219],[-75.71302,8.86337],[-75.71174,8.86256],[-75.71229,8.86201]]],[[[-75.71074,8.86183],[-75.71056,8.86274],[-75.70956,8.86238],[-75.70983,8.86166],[-75.71074,8.86183]]],[[[-75.70802,8.86374],[-75.70856,8.86365],[-75.70884,8.86446],[-75.7102,8.86563],[-75.70957,8.866],[-75.7082,8.86528],[-75.70802,8.86374]]],[[[-75.73288,8.88214],[-75.73279,8.88241],[-75.73188,8.88187],[-75.73242,8.88151],[-75.73288,8.88214]]],[[[-75.73115,8.88088],[-75.73151,8.88088],[-75.73143,8.88296],[-75.73024,8.88215],[-75.73115,8.88088]]],[[[-75.71606,8.88335],[-75.7146,8.8829],[-75.71478,8.882],[-75.71551,8.88163],[-75.71669,8.88181],[-75.71714,8.88109],[-75.71833,8.88136],[-75.71824,8.88289],[-75.7176,8.88271],[-75.71688,8.88353],[-75.71678,8.8819],[-75.71606,8.88335]]],[[[-75.71069,8.88445],[-75.71006,8.88571],[-75.70933,8.88472],[-75.70951,8.88427],[-75.71069,8.88445]]],[[[-75.71081,8.89756],[-75.70981,8.89865],[-75.70954,8.89774],[-75.71081,8.89756]]],[[[-75.73374,8.90222],[-75.73492,8.90312],[-75.73392,8.90312],[-75.73292,8.90276],[-75.73374,8.90222]]],[[[-75.70928,8.90507],[-75.70982,8.90462],[-75.70937,8.90579],[-75.70846,8.9057],[-75.70782,8.9048],[-75.70928,8.90507]]],[[[-75.73493,8.90701],[-75.73475,8.90746],[-75.73402,8.90701],[-75.73456,8.90665],[-75.73493,8.90701]]],[[[-75.72274,8.90631],[-75.72301,8.90685],[-75.72356,8.90685],[-75.72347,8.90821],[-75.72311,8.90848],[-75.72193,8.90803],[-75.72174,8.90731],[-75.72274,8.90631]]],[[[-75.70892,8.90896],[-75.70874,8.91023],[-75.7082,8.91032],[-75.70792,8.9095],[-75.70892,8.90896]]],[[[-75.72202,8.90912],[-75.72247,8.90939],[-75.72184,8.91074],[-75.72138,8.91047],[-75.72138,8.90975],[-75.72202,8.90912]]],[[[-75.72166,8.91138],[-75.72393,8.90984],[-75.72411,8.91047],[-75.72357,8.9111],[-75.72393,8.91137],[-75.72394,8.91309],[-75.72284,8.91309],[-75.72166,8.91138]]],[[[-75.73076,8.91525],[-75.72995,8.91624],[-75.72985,8.9148],[-75.7304,8.91444],[-75.73076,8.91525]]],[[[-75.73031,8.91923],[-75.72959,8.91896],[-75.72995,8.91842],[-75.73077,8.9185],[-75.73031,8.91923]]],[[[-75.72922,8.91824],[-75.72922,8.91869],[-75.72768,8.91941],[-75.72749,8.91833],[-75.72922,8.91824]]],[[[-75.7205,8.92214],[-75.71968,8.92169],[-75.72013,8.92097],[-75.72168,8.92151],[-75.72296,8.92349],[-75.72095,8.92314],[-75.7205,8.92214]]],[[[-75.71577,8.92378],[-75.71586,8.92297],[-75.71623,8.92369],[-75.71768,8.9245],[-75.71723,8.92504],[-75.71695,8.92423],[-75.71577,8.92378]]],[[[-75.71278,8.92731],[-75.71296,8.9284],[-75.71187,8.92876],[-75.71169,8.92831],[-75.71278,8.92731]]],[[[-75.73843,8.92907],[-75.73834,8.92952],[-75.73888,8.92916],[-75.73925,8.93025],[-75.73734,8.92971],[-75.73752,8.92916],[-75.73843,8.92907]]],[[[-75.73425,8.93071],[-75.73452,8.93025],[-75.73525,8.93062],[-75.73443,8.93161],[-75.73316,8.93125],[-75.73334,8.93071],[-75.73425,8.93071]]],[[[-75.71643,8.93337],[-75.71634,8.93418],[-75.71516,8.93491],[-75.71506,8.93391],[-75.71643,8.93337]]],[[[-75.72859,8.96771],[-75.72941,8.96807],[-75.72787,8.96997],[-75.72723,8.96952],[-75.72859,8.96771]]],[[[-75.73572,8.98488],[-75.73663,8.98587],[-75.73609,8.98597],[-75.735,8.98533],[-75.73572,8.98488]]],[[[-75.71553,8.98673],[-75.71408,8.987],[-75.71507,8.98583],[-75.71562,8.98619],[-75.71553,8.98673]]],[[[-75.71872,8.98835],[-75.71708,8.98808],[-75.71717,8.9879],[-75.71872,8.98835]]],[[[-75.73464,8.98859],[-75.73537,8.99031],[-75.73419,8.98995],[-75.73409,8.98923],[-75.73464,8.98859]]],[[[-75.73219,8.99466],[-75.7322,8.99574],[-75.7311,8.99493],[-75.73101,8.99457],[-75.73219,8.99466]]],[[[-75.73401,8.99519],[-75.73429,8.99447],[-75.73493,8.99646],[-75.73283,8.9961],[-75.73265,8.99547],[-75.73401,8.99519]]],[[[-75.71291,8.9975],[-75.71273,8.9984],[-75.71182,8.99822],[-75.71219,8.99732],[-75.71291,8.9975]]],[[[-75.73066,9.00063],[-75.73075,9.00189],[-75.72993,9.00144],[-75.73066,9.00063]]],[[[-75.72448,9.00326],[-75.72421,9.00326],[-75.72402,9.00254],[-75.72475,9.00182],[-75.72448,9.00326]]],[[[-75.72721,9.00308],[-75.72621,9.00326],[-75.72529,9.00209],[-75.72693,9.00272],[-75.72766,9.00244],[-75.7293,9.00407],[-75.72721,9.00308]]],[[[-75.72985,9.00425],[-75.73012,9.00361],[-75.72912,9.0028],[-75.7303,9.00298],[-75.73076,9.00361],[-75.73085,9.00542],[-75.72976,9.00524],[-75.72939,9.00416],[-75.72985,9.00425]]],[[[-75.73306,9.01808],[-75.73324,9.01907],[-75.73197,9.01871],[-75.73306,9.01808]]],[[[-75.72125,9.02434],[-75.72061,9.02525],[-75.7197,9.02444],[-75.72015,9.02389],[-75.72125,9.02434]]],[[[-75.72262,9.02705],[-75.72244,9.02868],[-75.72225,9.02742],[-75.7218,9.02715],[-75.72262,9.02705]]],[[[-75.72217,9.03248],[-75.72217,9.03311],[-75.72135,9.03321],[-75.72053,9.03239],[-75.72217,9.03248]]],[[[-75.72364,9.04026],[-75.72355,9.03998],[-75.72237,9.03863],[-75.724,9.03934],[-75.72355,9.03953],[-75.72428,9.04007],[-75.72385,9.04098],[-75.72301,9.04088],[-75.72291,9.04026],[-75.72364,9.04026]]],[[[-75.73047,9.04205],[-75.72865,9.04242],[-75.72874,9.04205],[-75.73047,9.04205]]],[[[-75.71938,9.04587],[-75.71883,9.04596],[-75.71874,9.04506],[-75.71947,9.04506],[-75.71938,9.04587]]],[[[-75.71929,9.04678],[-75.71956,9.04605],[-75.72056,9.04569],[-75.72065,9.04469],[-75.7211,9.04469],[-75.72202,9.04578],[-75.72138,9.04623],[-75.7222,9.04704],[-75.7212,9.04768],[-75.72129,9.04804],[-75.72056,9.04768],[-75.72065,9.04705],[-75.71929,9.04678]]],[[[-75.72857,9.04667],[-75.72675,9.04694],[-75.72693,9.04613],[-75.72857,9.04667]]],[[[-75.71966,9.04831],[-75.71938,9.04732],[-75.72011,9.04831],[-75.72175,9.04903],[-75.72139,9.04949],[-75.72157,9.05039],[-75.71929,9.04967],[-75.71966,9.04831]]],[[[-75.71493,9.05131],[-75.71602,9.05112],[-75.71548,9.05321],[-75.71475,9.05411],[-75.71439,9.05402],[-75.71484,9.0533],[-75.71493,9.05131]]],[[[-75.72686,9.05843],[-75.72632,9.05834],[-75.72631,9.05716],[-75.72686,9.05752],[-75.72686,9.05843]]],[[[-75.71668,9.06008],[-75.7164,9.05981],[-75.71558,9.05999],[-75.71604,9.05908],[-75.71759,9.05989],[-75.71677,9.06107],[-75.71595,9.06044],[-75.71649,9.06053],[-75.71668,9.06008]]],[[[-75.71467,9.06008],[-75.71449,9.06099],[-75.71349,9.06108],[-75.71349,9.06054],[-75.71467,9.06008]]],[[[-75.70913,9.06154],[-75.70913,9.06091],[-75.71013,9.06108],[-75.70913,9.06154]]],[[[-75.71595,9.06171],[-75.71877,9.06161],[-75.71895,9.06107],[-75.71832,9.06098],[-75.71831,9.06053],[-75.71977,9.06052],[-75.72005,9.06251],[-75.72068,9.06233],[-75.7205,9.06305],[-75.72005,9.0626],[-75.71959,9.06351],[-75.71759,9.06433],[-75.71632,9.06361],[-75.71595,9.06171]]],[[[-75.71869,9.06423],[-75.71951,9.06441],[-75.71942,9.06487],[-75.71869,9.06496],[-75.71869,9.06423]]],[[[-75.71833,9.06613],[-75.71896,9.06613],[-75.71797,9.06821],[-75.71769,9.06731],[-75.71833,9.06613]]],[[[-75.70923,9.06805],[-75.70823,9.06787],[-75.7085,9.06733],[-75.70932,9.0676],[-75.70923,9.06805]]],[[[-75.71724,9.06758],[-75.71697,9.06849],[-75.71624,9.06786],[-75.71669,9.06731],[-75.71724,9.06758]]],[[[-75.72179,9.06848],[-75.72197,9.07002],[-75.72115,9.06947],[-75.72097,9.06839],[-75.72142,9.06812],[-75.72179,9.06848]]],[[[-75.71142,9.06922],[-75.71087,9.06968],[-75.71051,9.06859],[-75.71132,9.06877],[-75.71142,9.06922]]],[[[-75.71597,9.07039],[-75.71724,9.0703],[-75.71724,9.07102],[-75.71688,9.07066],[-75.71615,9.0712],[-75.71588,9.07283],[-75.71524,9.07247],[-75.71597,9.07039]]],[[[-75.73491,9.07641],[-75.736,9.07632],[-75.73618,9.07777],[-75.73582,9.0784],[-75.73554,9.07695],[-75.73482,9.07686],[-75.73491,9.07641]]],[[[-75.71607,9.07735],[-75.71662,9.07762],[-75.71608,9.07871],[-75.71553,9.07817],[-75.71607,9.07735]]],[[[-75.71153,9.07908],[-75.7108,9.07881],[-75.71125,9.07827],[-75.71189,9.07845],[-75.71225,9.07709],[-75.71271,9.07727],[-75.71262,9.07808],[-75.71416,9.07736],[-75.71362,9.07908],[-75.71289,9.07908],[-75.71253,9.07835],[-75.71153,9.07908]]],[[[-75.7329,9.07642],[-75.734,9.07614],[-75.73354,9.07714],[-75.73446,9.07931],[-75.73519,9.07985],[-75.73437,9.08066],[-75.7329,9.07642]]],[[[-75.73746,9.07948],[-75.73746,9.07993],[-75.73692,9.08039],[-75.73637,9.08021],[-75.73746,9.07948]]],[[[-75.73309,9.0803],[-75.73328,9.08085],[-75.73273,9.08148],[-75.73173,9.08166],[-75.73182,9.08121],[-75.73246,9.08112],[-75.73246,9.08031],[-75.73309,9.0803]]],[[[-75.70698,9.07972],[-75.70743,9.0799],[-75.70744,9.0809],[-75.70871,9.08126],[-75.70807,9.08162],[-75.70808,9.08261],[-75.70762,9.08262],[-75.70762,9.08198],[-75.70689,9.08144],[-75.70698,9.07972]]],[[[-75.73783,9.08183],[-75.73665,9.08238],[-75.73674,9.08147],[-75.73728,9.0812],[-75.73783,9.08183]]],[[[-75.71208,9.08224],[-75.71308,9.08161],[-75.71363,9.08206],[-75.71426,9.08179],[-75.71399,9.08373],[-75.71345,9.08514],[-75.71363,9.08315],[-75.71208,9.08224]]],[[[-75.70863,9.08433],[-75.70835,9.08487],[-75.70726,9.08442],[-75.70863,9.08433]]],[[[-75.71846,9.08576],[-75.71891,9.08494],[-75.71955,9.08549],[-75.72046,9.08548],[-75.71982,9.0863],[-75.72001,9.08766],[-75.71846,9.08576]]],[[[-75.71355,9.08993],[-75.71319,9.08993],[-75.71309,9.08948],[-75.714,9.08884],[-75.71355,9.08993]]],[[[-75.70791,9.09012],[-75.70691,9.08886],[-75.70745,9.08813],[-75.70873,9.08885],[-75.70882,9.0894],[-75.70818,9.08958],[-75.70918,9.09021],[-75.70855,9.09066],[-75.70918,9.09075],[-75.708,9.09094],[-75.70718,9.09048],[-75.70791,9.09012]]],[[[-75.71628,9.09128],[-75.71656,9.09191],[-75.71792,9.09173],[-75.71811,9.09245],[-75.71601,9.09255],[-75.71565,9.09182],[-75.71628,9.09128]]],[[[-75.71483,9.09264],[-75.71428,9.09201],[-75.71437,9.09156],[-75.71537,9.09173],[-75.71483,9.09264]]],[[[-75.71401,9.09264],[-75.71347,9.09291],[-75.71301,9.09201],[-75.71392,9.09192],[-75.71401,9.09264]]],[[[-75.72039,9.09552],[-75.72066,9.09444],[-75.72093,9.09444],[-75.72102,9.09543],[-75.72039,9.09552]]],[[[-75.72586,9.1004],[-75.72531,9.10049],[-75.72585,9.09931],[-75.7274,9.0994],[-75.72586,9.1004]]],[[[-75.7288,9.10636],[-75.72969,9.10678],[-75.72931,9.10735],[-75.7286,9.10736],[-75.72769,9.107],[-75.7288,9.10636]]],[[[-75.73643,9.11069],[-75.73463,9.10973],[-75.73424,9.10869],[-75.73506,9.10553],[-75.7342,9.10487],[-75.73396,9.10535],[-75.73327,9.10535],[-75.73496,9.10427],[-75.73669,9.10481],[-75.73669,9.10535],[-75.73551,9.10644],[-75.73588,9.10834],[-75.73525,9.10861],[-75.73525,9.10915],[-75.73661,9.10996],[-75.73734,9.11123],[-75.73816,9.11095],[-75.73844,9.11211],[-75.73716,9.11162],[-75.73643,9.11069]]],[[[-75.73891,9.11837],[-75.73772,9.11955],[-75.73781,9.11873],[-75.73736,9.11837],[-75.73754,9.11774],[-75.73818,9.11765],[-75.73891,9.11837]]],[[[-75.72262,9.11912],[-75.72198,9.11976],[-75.72252,9.11777],[-75.72307,9.11795],[-75.72262,9.11912]]],[[[-75.70851,9.12051],[-75.70933,9.1206],[-75.70897,9.12141],[-75.70779,9.12123],[-75.70851,9.12051]]],[[[-75.7218,9.12121],[-75.72107,9.1232],[-75.72026,9.12356],[-75.72071,9.12166],[-75.7218,9.12121]]],[[[-75.72908,9.12201],[-75.72918,9.12291],[-75.72681,9.12261],[-75.72908,9.12201]]],[[[-75.71489,9.12276],[-75.7158,9.1233],[-75.71617,9.12465],[-75.71571,9.12457],[-75.71489,9.12276]]],[[[-75.70904,9.12259],[-75.70907,9.12376],[-75.70843,9.12494],[-75.70779,9.12331],[-75.70825,9.12268],[-75.70904,9.12259]]],[[[-75.7381,9.12606],[-75.7381,9.12497],[-75.73646,9.12561],[-75.7361,9.12461],[-75.73473,9.12471],[-75.73473,9.12398],[-75.73245,9.12272],[-75.73436,9.12236],[-75.73473,9.12344],[-75.73619,9.12317],[-75.7371,9.1238],[-75.73801,9.12371],[-75.73883,9.12479],[-75.74074,9.12442],[-75.74011,9.1266],[-75.73938,9.12651],[-75.73938,9.12551],[-75.7381,9.12606]]],[[[-75.72178,9.12572],[-75.72027,9.12646],[-75.72017,9.12492],[-75.72108,9.12383],[-75.72178,9.12572]]],[[[-75.7331,9.12724],[-75.7331,9.12752],[-75.73219,9.12797],[-75.73228,9.12725],[-75.7331,9.12724]]],[[[-75.73338,9.12887],[-75.73438,9.12878],[-75.73483,9.12787],[-75.73538,9.12823],[-75.73556,9.12929],[-75.73474,9.13004],[-75.7342,9.13014],[-75.73338,9.12887]]],[[[-75.70853,9.1291],[-75.70935,9.12928],[-75.70844,9.13055],[-75.70762,9.12992],[-75.70853,9.1291]]],[[[-75.71574,9.13696],[-75.71555,9.13641],[-75.71428,9.13614],[-75.71464,9.13479],[-75.71528,9.13587],[-75.71573,9.13551],[-75.71537,9.13343],[-75.71454,9.13226],[-75.71427,9.13325],[-75.71473,9.13406],[-75.71327,9.13416],[-75.71337,9.13461],[-75.71409,9.13479],[-75.71382,9.13569],[-75.71282,9.1357],[-75.71264,9.13615],[-75.712,9.1357],[-75.71141,9.1363],[-75.71173,9.13651],[-75.71046,9.13615],[-75.712,9.13434],[-75.71136,9.13389],[-75.71182,9.13353],[-75.71154,9.13317],[-75.71082,9.13335],[-75.71109,9.13389],[-75.71064,9.13443],[-75.70966,9.13416],[-75.70945,9.13353],[-75.711,9.1328],[-75.71081,9.13163],[-75.71017,9.13136],[-75.71017,9.13181],[-75.70954,9.13136],[-75.71026,9.13027],[-75.71108,9.13036],[-75.71008,9.12946],[-75.71336,9.13036],[-75.71399,9.12846],[-75.71317,9.12737],[-75.71105,9.1281],[-75.71107,9.12642],[-75.71189,9.1262],[-75.71207,9.12566],[-75.71116,9.12537],[-75.71107,9.12477],[-75.71262,9.12457],[-75.71299,9.12638],[-75.71386,9.12484],[-75.7138,9.12547],[-75.71444,9.12577],[-75.71399,9.12629],[-75.71435,9.12674],[-75.71562,9.12565],[-75.7159,9.12773],[-75.71508,9.12855],[-75.71509,9.12981],[-75.71463,9.1299],[-75.71472,9.13063],[-75.71409,9.13135],[-75.71463,9.13153],[-75.715,9.13108],[-75.71527,9.13162],[-75.71573,9.13126],[-75.71591,9.13198],[-75.717,9.13207],[-75.71591,9.1328],[-75.71673,9.13316],[-75.71746,9.13288],[-75.71746,9.13379],[-75.71628,9.13424],[-75.71646,9.13487],[-75.71755,9.13514],[-75.71755,9.13551],[-75.71819,9.13496],[-75.71937,9.13514],[-75.71901,9.1365],[-75.71919,9.13604],[-75.71983,9.13659],[-75.72083,9.1364],[-75.72147,9.13722],[-75.71974,9.13785],[-75.71974,9.13713],[-75.71574,9.13696]],[[-75.71336,9.13271],[-75.714,9.13226],[-75.71327,9.13153],[-75.71272,9.1319],[-75.71336,9.13271]]],[[[-75.73094,9.1372],[-75.72984,9.13629],[-75.72975,9.13494],[-75.72875,9.13413],[-75.72711,9.13485],[-75.72729,9.13332],[-75.72555,9.13159],[-75.72592,9.1308],[-75.72637,9.13169],[-75.72883,9.13114],[-75.72974,9.1296],[-75.73065,9.12924],[-75.73028,9.12743],[-75.73165,9.12869],[-75.73201,9.13041],[-75.73292,9.12969],[-75.73311,9.13231],[-75.73429,9.1333],[-75.73465,9.13457],[-75.73412,9.13511],[-75.73412,9.1362],[-75.73509,9.13647],[-75.7353,9.13737],[-75.73449,9.13837],[-75.73412,9.13701],[-75.73348,9.13674],[-75.73348,9.13755],[-75.73239,9.13792],[-75.73185,9.13918],[-75.73057,9.13846],[-75.73094,9.1372]],[[-75.73321,9.13556],[-75.73384,9.13529],[-75.73411,9.13412],[-75.73366,9.13357],[-75.73175,9.13448],[-75.73221,9.13539],[-75.73148,9.13575],[-75.73139,9.13692],[-75.73185,9.1372],[-75.7323,9.13629],[-75.73294,9.13638],[-75.73321,9.13556]],[[-75.73047,9.13204],[-75.73065,9.13078],[-75.72992,9.13051],[-75.72938,9.1315],[-75.72965,9.1334],[-75.7312,9.13349],[-75.73147,9.13276],[-75.73047,9.13204]]],[[[-75.70737,9.13815],[-75.70816,9.13778],[-75.70855,9.13914],[-75.70737,9.13815]]],[[[-75.71347,9.14184],[-75.71174,9.14085],[-75.71174,9.14158],[-75.71117,9.14185],[-75.7111,9.14085],[-75.71023,9.14095],[-75.70965,9.14013],[-75.71074,9.13978],[-75.71056,9.1404],[-75.71101,9.14067],[-75.71138,9.14031],[-75.71242,9.14058],[-75.70976,9.13827],[-75.71196,9.13751],[-75.71246,9.13814],[-75.7141,9.13696],[-75.7151,9.13723],[-75.71474,9.13786],[-75.71501,9.13849],[-75.71583,9.13741],[-75.71738,9.1384],[-75.71801,9.13813],[-75.71883,9.13849],[-75.71847,9.13921],[-75.71747,9.13876],[-75.71756,9.13939],[-75.72011,9.13921],[-75.71938,9.13984],[-75.71948,9.14108],[-75.71875,9.14229],[-75.71574,9.14057],[-75.71684,9.14012],[-75.71629,9.13913],[-75.71574,9.13931],[-75.71556,9.14039],[-75.71511,9.14021],[-75.71501,9.1394],[-75.7142,9.13985],[-75.71429,9.14076],[-75.71584,9.14184],[-75.71529,9.14293],[-75.71429,9.14266],[-75.71411,9.14157],[-75.71347,9.14184]]],[[[-75.73622,9.1408],[-75.73513,9.14144],[-75.73486,9.14108],[-75.73558,9.1399],[-75.73622,9.1408]]],[[[-75.73559,9.14551],[-75.73487,9.14506],[-75.73568,9.14316],[-75.73495,9.14253],[-75.73559,9.14171],[-75.73622,9.14171],[-75.73613,9.14243],[-75.73686,9.14343],[-75.73632,9.14505],[-75.73678,9.14623],[-75.7366,9.14813],[-75.73605,9.14804],[-75.73559,9.14551]]],[[[-75.73086,9.14687],[-75.7315,9.1476],[-75.73059,9.14769],[-75.7305,9.14841],[-75.72905,9.14869],[-75.72959,9.14688],[-75.72986,9.14733],[-75.73086,9.14687]]],[[[-75.70459,9.15868],[-75.70313,9.15778],[-75.70276,9.15643],[-75.70367,9.15606],[-75.70367,9.15525],[-75.70275,9.15326],[-75.70148,9.15372],[-75.70212,9.15462],[-75.70167,9.15543],[-75.7003,9.15414],[-75.70148,9.1529],[-75.70111,9.15091],[-75.69993,9.14911],[-75.70038,9.14811],[-75.70129,9.14811],[-75.70138,9.14757],[-75.70074,9.14775],[-75.69992,9.14678],[-75.70067,9.1463],[-75.70238,9.14661],[-75.70174,9.14738],[-75.70192,9.14775],[-75.70327,9.1472],[-75.70447,9.14812],[-75.70485,9.15217],[-75.70785,9.1509],[-75.70684,9.14862],[-75.70757,9.14737],[-75.70647,9.14513],[-75.70777,9.14421],[-75.70918,9.14763],[-75.70948,9.14999],[-75.70985,9.14999],[-75.71158,9.14963],[-75.71281,9.14867],[-75.71463,9.1492],[-75.71656,9.14846],[-75.71248,9.14447],[-75.7123,9.14329],[-75.71366,9.14447],[-75.71557,9.14455],[-75.71594,9.14582],[-75.71694,9.14555],[-75.71712,9.145],[-75.71976,9.1459],[-75.72131,9.14554],[-75.72149,9.14436],[-75.72085,9.14409],[-75.72249,9.14409],[-75.72312,9.14354],[-75.72303,9.14291],[-75.72184,9.14209],[-75.72248,9.13993],[-75.72138,9.13921],[-75.72348,9.13974],[-75.72421,9.13947],[-75.72457,9.1401],[-75.72594,9.14037],[-75.72594,9.14101],[-75.72475,9.14092],[-75.72421,9.14146],[-75.72412,9.14228],[-75.72321,9.14219],[-75.72394,9.14291],[-75.72403,9.14417],[-75.7264,9.14318],[-75.72667,9.14236],[-75.72785,9.14281],[-75.72786,9.14444],[-75.72658,9.14489],[-75.72749,9.1458],[-75.72714,9.14842],[-75.72614,9.14951],[-75.72632,9.15068],[-75.72578,9.15105],[-75.72505,9.15078],[-75.72396,9.15195],[-75.72295,9.15096],[-75.72268,9.15232],[-75.72323,9.15313],[-75.7225,9.15223],[-75.72177,9.15259],[-75.72059,9.15051],[-75.72059,9.15133],[-75.71959,9.15214],[-75.71959,9.1526],[-75.72014,9.1525],[-75.71968,9.15323],[-75.71859,9.15341],[-75.71741,9.15296],[-75.71677,9.15378],[-75.71704,9.1526],[-75.71586,9.15152],[-75.71413,9.15279],[-75.71477,9.15405],[-75.71459,9.15487],[-75.71168,9.15469],[-75.71222,9.15578],[-75.71177,9.15777],[-75.71105,9.15777],[-75.71095,9.15732],[-75.71032,9.15777],[-75.7095,9.15759],[-75.70877,9.15804],[-75.70859,9.15886],[-75.70668,9.15841],[-75.70659,9.15796],[-75.70459,9.15868]],[[-75.7185,9.15196],[-75.71841,9.15151],[-75.7175,9.15197],[-75.71804,9.15269],[-75.7185,9.15196]],[[-75.72194,9.1449],[-75.72212,9.14535],[-75.72349,9.14526],[-75.72349,9.14481],[-75.7224,9.14454],[-75.72194,9.1449]]],[[[-75.73242,9.14877],[-75.73278,9.14949],[-75.73051,9.15031],[-75.73242,9.14877]]],[[[-75.72987,9.15013],[-75.73042,9.1504],[-75.72969,9.15104],[-75.72914,9.15059],[-75.72987,9.15013]]],[[[-75.73543,9.15193],[-75.73615,9.15274],[-75.73561,9.15274],[-75.73552,9.1532],[-75.73452,9.15311],[-75.73433,9.15257],[-75.73543,9.15193]]],[[[-75.72442,9.15566],[-75.72533,9.15629],[-75.72406,9.15629],[-75.72297,9.1572],[-75.72442,9.15566]]],[[[-75.72688,9.15755],[-75.72797,9.15746],[-75.72852,9.15791],[-75.72734,9.15918],[-75.72625,9.15828],[-75.72688,9.15755]]],[[[-75.72143,9.16046],[-75.72133,9.15919],[-75.72179,9.15847],[-75.72106,9.15784],[-75.72133,9.15739],[-75.72033,9.15766],[-75.72014,9.15639],[-75.72105,9.15594],[-75.7216,9.15494],[-75.72178,9.15576],[-75.72124,9.15657],[-75.72251,9.15747],[-75.72261,9.15946],[-75.72397,9.15973],[-75.72434,9.16054],[-75.72488,9.16036],[-75.72394,9.1619],[-75.72325,9.16091],[-75.72143,9.16046]]],[[[-75.7197,9.16336],[-75.71861,9.16345],[-75.71888,9.16255],[-75.71624,9.16318],[-75.71497,9.16246],[-75.71524,9.16129],[-75.7166,9.16029],[-75.7166,9.15929],[-75.71505,9.15939],[-75.71496,9.1602],[-75.71542,9.1602],[-75.71497,9.16102],[-75.71369,9.16048],[-75.71315,9.16229],[-75.71287,9.16111],[-75.71141,9.16039],[-75.71359,9.15776],[-75.71332,9.1565],[-75.71487,9.15622],[-75.71523,9.15523],[-75.71586,9.15541],[-75.7165,9.15387],[-75.71714,9.15549],[-75.71841,9.15459],[-75.71741,9.15477],[-75.71759,9.15414],[-75.71959,9.15413],[-75.72123,9.15313],[-75.72096,9.15494],[-75.72032,9.15576],[-75.71951,9.1563],[-75.7186,9.15603],[-75.71842,9.15685],[-75.71796,9.15694],[-75.71833,9.15775],[-75.71787,9.15848],[-75.71733,9.15794],[-75.71741,9.15676],[-75.71623,9.15604],[-75.71541,9.15713],[-75.71578,9.15794],[-75.71551,9.15884],[-75.71742,9.15884],[-75.71742,9.15993],[-75.71815,9.15974],[-75.71869,9.15875],[-75.71988,9.15838],[-75.71842,9.15956],[-75.71833,9.16029],[-75.7187,9.16119],[-75.72052,9.16173],[-75.72043,9.16263],[-75.72089,9.16281],[-75.72062,9.16435],[-75.72153,9.16516],[-75.72089,9.16516],[-75.7208,9.16562],[-75.71934,9.1649],[-75.7187,9.16399],[-75.71797,9.1639],[-75.71852,9.16381],[-75.71989,9.16417],[-75.7197,9.16336]],[[-75.71833,9.16128],[-75.71779,9.16119],[-75.7177,9.162],[-75.71806,9.16237],[-75.71833,9.16128]],[[-75.71332,9.15921],[-75.71287,9.15939],[-75.71351,9.16011],[-75.71396,9.16011],[-75.71332,9.15921]]],[[[-75.73773,9.16531],[-75.73577,9.16495],[-75.73345,9.16369],[-75.73354,9.16224],[-75.73189,9.1599],[-75.73198,9.15935],[-75.72925,9.15746],[-75.72888,9.15601],[-75.73106,9.15538],[-75.73179,9.15348],[-75.73425,9.15428],[-75.73625,9.15347],[-75.73652,9.15491],[-75.73716,9.15518],[-75.73662,9.15609],[-75.73716,9.15672],[-75.7378,9.15672],[-75.73753,9.15762],[-75.73817,9.15898],[-75.74036,9.16006],[-75.74018,9.16106],[-75.74091,9.16151],[-75.7419,9.15988],[-75.74236,9.15987],[-75.74273,9.16114],[-75.74318,9.16132],[-75.74391,9.16078],[-75.74418,9.15978],[-75.74536,9.1596],[-75.74636,9.15833],[-75.747,9.15842],[-75.74745,9.15914],[-75.74727,9.16005],[-75.746,9.16131],[-75.74154,9.16223],[-75.74173,9.1634],[-75.74064,9.16395],[-75.74182,9.1644],[-75.74201,9.1653],[-75.74155,9.16576],[-75.73955,9.16567],[-75.73873,9.16621],[-75.7391,9.16676],[-75.73982,9.16657],[-75.74037,9.16702],[-75.73892,9.16682],[-75.73773,9.16531]],[[-75.73827,9.16106],[-75.73845,9.16187],[-75.73945,9.16142],[-75.73927,9.1607],[-75.73827,9.16106]]],[[[-75.72534,9.16027],[-75.72771,9.16082],[-75.72657,9.1609],[-75.72534,9.16027]]],[[[-75.72962,9.16044],[-75.72871,9.16017],[-75.7288,9.15972],[-75.72998,9.1599],[-75.73162,9.1618],[-75.73199,9.16324],[-75.73145,9.16478],[-75.73108,9.16223],[-75.72962,9.16044]]],[[[-75.7167,9.16409],[-75.71798,9.16399],[-75.71734,9.16436],[-75.71725,9.16526],[-75.7167,9.16409]]],[[[-75.71743,9.16662],[-75.71798,9.16743],[-75.71753,9.16816],[-75.71689,9.16689],[-75.71743,9.16662]]],[[[-75.72682,9.16995],[-75.72636,9.17049],[-75.72563,9.16977],[-75.7259,9.16913],[-75.72682,9.16995]]],[[[-75.7239,9.16941],[-75.72372,9.17049],[-75.72418,9.17067],[-75.72418,9.17095],[-75.72327,9.17013],[-75.72199,9.16986],[-75.7229,9.16896],[-75.7239,9.16941]]],[[[-75.71989,9.17168],[-75.71936,9.17141],[-75.7189,9.17249],[-75.71931,9.17114],[-75.72044,9.16996],[-75.72026,9.16779],[-75.7219,9.16833],[-75.72145,9.16969],[-75.72199,9.16991],[-75.71989,9.17168]]],[[[-75.72673,9.17248],[-75.7277,9.1737],[-75.72733,9.17474],[-75.72558,9.17519],[-75.726,9.17402],[-75.72582,9.17275],[-75.72673,9.17248]]],[[[-75.71527,9.1772],[-75.71446,9.17766],[-75.71374,9.17685],[-75.71445,9.17639],[-75.71545,9.17684],[-75.71691,9.17675],[-75.71836,9.17521],[-75.7189,9.17267],[-75.71936,9.17315],[-75.71882,9.17657],[-75.71656,9.17847],[-75.71581,9.17853],[-75.71609,9.17756],[-75.71527,9.1772]]],[[[-75.7282,9.17762],[-75.7282,9.17691],[-75.72856,9.17691],[-75.72828,9.17627],[-75.72901,9.17636],[-75.72883,9.17547],[-75.7296,9.17473],[-75.73071,9.17491],[-75.73065,9.17586],[-75.72974,9.1769],[-75.72965,9.17799],[-75.72911,9.17817],[-75.73048,9.17934],[-75.73084,9.18061],[-75.7282,9.17762]]],[[[-75.72465,9.17746],[-75.72519,9.17682],[-75.72529,9.17872],[-75.72429,9.18053],[-75.72465,9.17746]]],[[[-75.72683,9.17962],[-75.72547,9.17981],[-75.7262,9.1789],[-75.72683,9.17962]]],[[[-75.72904,9.19156],[-75.7265,9.19138],[-75.72758,9.18984],[-75.72749,9.18776],[-75.72869,9.18544],[-75.7283,9.18432],[-75.72547,9.18195],[-75.72593,9.18116],[-75.72748,9.18161],[-75.72784,9.18224],[-75.72766,9.18351],[-75.72976,9.1836],[-75.72885,9.18477],[-75.72931,9.18568],[-75.72849,9.18803],[-75.72904,9.18848],[-75.72831,9.18921],[-75.72795,9.19084],[-75.7315,9.1902],[-75.73259,9.18956],[-75.73286,9.18866],[-75.73213,9.18848],[-75.73204,9.18739],[-75.73268,9.18685],[-75.73222,9.1854],[-75.73276,9.18368],[-75.7344,9.1844],[-75.73749,9.18421],[-75.73777,9.18584],[-75.73914,9.18557],[-75.73886,9.18611],[-75.73986,9.1862],[-75.74005,9.18701],[-75.74096,9.1871],[-75.74169,9.18791],[-75.74333,9.18746],[-75.7456,9.18827],[-75.74706,9.18998],[-75.74679,9.19035],[-75.74524,9.19017],[-75.74534,9.19089],[-75.74434,9.19116],[-75.74215,9.18936],[-75.74097,9.19081],[-75.74006,9.1909],[-75.74006,9.19199],[-75.74061,9.19271],[-75.74033,9.19325],[-75.73905,9.19063],[-75.74042,9.18991],[-75.74024,9.18927],[-75.73933,9.18955],[-75.73815,9.19127],[-75.73714,9.191],[-75.73778,9.19253],[-75.73605,9.1919],[-75.73405,9.19245],[-75.73369,9.19173],[-75.73259,9.19119],[-75.73078,9.19273],[-75.73223,9.19398],[-75.73041,9.194],[-75.73041,9.19318],[-75.72904,9.19156]],[[-75.73341,9.18847],[-75.73404,9.1882],[-75.73395,9.18748],[-75.73313,9.18793],[-75.73341,9.18847]]],[[[-75.73095,9.18821],[-75.73122,9.18938],[-75.72977,9.18957],[-75.73095,9.18821]]],[[[-75.72786,9.19255],[-75.72732,9.19265],[-75.72713,9.1921],[-75.72777,9.19192],[-75.72786,9.19255]]],[[[-75.72686,9.19391],[-75.72586,9.1941],[-75.72568,9.1931],[-75.7265,9.19319],[-75.72686,9.19391]]],[[[-75.72404,9.19473],[-75.72397,9.19428],[-75.72514,9.19419],[-75.72459,9.19482],[-75.72487,9.19555],[-75.72059,9.19573],[-75.72132,9.19546],[-75.72141,9.19495],[-75.72332,9.19515],[-75.72404,9.19473]]],[[[-75.71842,9.20162],[-75.71759,9.19882],[-75.72042,9.20207],[-75.71842,9.20162]]],[[[-75.73307,9.20301],[-75.73327,9.20258],[-75.73399,9.20421],[-75.73307,9.20301]]],[[[-75.73362,9.20575],[-75.73435,9.20665],[-75.73408,9.20683],[-75.73299,9.20602],[-75.73362,9.20575]]],[[[-75.72589,9.20658],[-75.72585,9.20585],[-75.72632,9.20622],[-75.7264,9.20762],[-75.72562,9.20746],[-75.72589,9.20658]]],[[[-75.70959,9.20625],[-75.70914,9.20851],[-75.70905,9.20679],[-75.70959,9.20625]]],[[[-75.71962,9.21256],[-75.71962,9.21193],[-75.71852,9.21093],[-75.71698,9.21193],[-75.71561,9.21157],[-75.71516,9.21239],[-75.71461,9.21203],[-75.71452,9.21076],[-75.71516,9.21004],[-75.71397,9.20986],[-75.71488,9.20841],[-75.71579,9.20868],[-75.71697,9.20795],[-75.71451,9.20759],[-75.71442,9.20705],[-75.71351,9.20678],[-75.71333,9.20597],[-75.71232,9.20579],[-75.71269,9.20543],[-75.7125,9.20461],[-75.70968,9.20381],[-75.70877,9.20534],[-75.70832,9.20498],[-75.70859,9.20426],[-75.70822,9.20336],[-75.70686,9.203],[-75.70595,9.20354],[-75.70595,9.20417],[-75.7044,9.20472],[-75.70404,9.20309],[-75.70631,9.20146],[-75.70618,9.20257],[-75.70704,9.20273],[-75.71403,9.20117],[-75.71414,9.2019],[-75.71459,9.20226],[-75.71544,9.20189],[-75.7156,9.20271],[-75.71651,9.20343],[-75.71787,9.20307],[-75.71888,9.20406],[-75.72006,9.2036],[-75.72334,9.20484],[-75.72279,9.20541],[-75.71897,9.20496],[-75.71915,9.20578],[-75.72025,9.20686],[-75.72125,9.20659],[-75.72316,9.20694],[-75.72398,9.20631],[-75.72416,9.20646],[-75.72322,9.20758],[-75.72225,9.20785],[-75.72171,9.20912],[-75.72198,9.21038],[-75.72071,9.21002],[-75.71998,9.20921],[-75.7188,9.20958],[-75.71889,9.21012],[-75.72035,9.21084],[-75.72026,9.21419],[-75.71962,9.21455],[-75.71889,9.21301],[-75.71962,9.21256]],[[-75.71697,9.20614],[-75.71569,9.20633],[-75.71542,9.20696],[-75.71651,9.20705],[-75.71715,9.2065],[-75.71697,9.20614]],[[-75.7156,9.20379],[-75.71469,9.20407],[-75.71487,9.20434],[-75.71569,9.20434],[-75.7156,9.20379]]],[[[-75.73427,9.21036],[-75.73254,9.20991],[-75.73118,9.21082],[-75.731,9.21254],[-75.73054,9.21236],[-75.73008,9.21055],[-75.72945,9.21154],[-75.72899,9.21136],[-75.72936,9.20919],[-75.73026,9.20964],[-75.73208,9.20846],[-75.73445,9.20954],[-75.73536,9.21045],[-75.73582,9.21135],[-75.73528,9.21262],[-75.73455,9.21181],[-75.73427,9.21036]]],[[[-75.7371,9.21135],[-75.73728,9.21234],[-75.73655,9.21343],[-75.73637,9.2128],[-75.7371,9.21135]]],[[[-75.70925,9.21376],[-75.70943,9.21294],[-75.71134,9.21267],[-75.71325,9.21167],[-75.71434,9.21194],[-75.71307,9.21456],[-75.7118,9.21493],[-75.70925,9.21376]]],[[[-75.71498,9.21564],[-75.71589,9.21456],[-75.71644,9.21446],[-75.71498,9.21564]]],[[[-75.70943,9.21683],[-75.70816,9.21701],[-75.70834,9.21611],[-75.70943,9.21683]]],[[[-75.723,9.21771],[-75.72746,9.21896],[-75.72455,9.21879],[-75.723,9.21771]]],[[[-75.72183,9.22513],[-75.72101,9.22513],[-75.72047,9.22567],[-75.72028,9.22486],[-75.71956,9.22594],[-75.71883,9.22486],[-75.71664,9.22405],[-75.713,9.22388],[-75.71118,9.22451],[-75.7109,9.22361],[-75.70981,9.22352],[-75.70899,9.22452],[-75.7079,9.22443],[-75.70763,9.22307],[-75.7069,9.22335],[-75.70736,9.22443],[-75.70672,9.2247],[-75.70608,9.22452],[-75.70617,9.2229],[-75.70398,9.22209],[-75.70326,9.22263],[-75.70216,9.22191],[-75.70098,9.223],[-75.69925,9.22354],[-75.69789,9.223],[-75.69925,9.22255],[-75.6987,9.22092],[-75.70016,9.22155],[-75.70306,9.22048],[-75.70644,9.22235],[-75.70853,9.22226],[-75.70999,9.22147],[-75.71555,9.22387],[-75.71931,9.22405],[-75.7262,9.22665],[-75.72511,9.22702],[-75.72183,9.22513]]],[[[-75.73649,9.22573],[-75.73594,9.22501],[-75.73767,9.22577],[-75.73931,9.22717],[-75.73877,9.22753],[-75.73822,9.22645],[-75.73649,9.22573]]],[[[-75.72848,9.22559],[-75.72966,9.22562],[-75.72784,9.22683],[-75.72666,9.22693],[-75.72848,9.22559]]],[[[-75.73605,9.23233],[-75.73714,9.23278],[-75.73632,9.23297],[-75.73596,9.23233],[-75.73514,9.23224],[-75.73532,9.23182],[-75.73605,9.23233]]],[[[-75.70595,8.78008],[-75.70558,8.78035],[-75.7054,8.77954],[-75.70595,8.77918],[-75.70595,8.78008]]],[[[-75.70522,8.78198],[-75.70549,8.78081],[-75.70595,8.78117],[-75.70649,8.7808],[-75.70667,8.77908],[-75.70776,8.77935],[-75.70758,8.78062],[-75.70686,8.78098],[-75.70686,8.78144],[-75.70577,8.78153],[-75.7055,8.78243],[-75.7045,8.78189],[-75.70486,8.78153],[-75.70522,8.78198]]],[[[-75.70286,8.78289],[-75.70332,8.78325],[-75.70368,8.78244],[-75.70422,8.78244],[-75.70523,8.78307],[-75.70423,8.78461],[-75.70432,8.78497],[-75.70505,8.78479],[-75.70478,8.78605],[-75.70305,8.78587],[-75.70268,8.78506],[-75.70286,8.78289]]],[[[-75.70478,8.79057],[-75.7046,8.78931],[-75.70532,8.78696],[-75.70632,8.78641],[-75.7065,8.78514],[-75.70778,8.78632],[-75.70878,8.78614],[-75.70769,8.78858],[-75.70724,8.78822],[-75.70723,8.78713],[-75.70651,8.78704],[-75.70605,8.78759],[-75.70687,8.7884],[-75.70578,8.78831],[-75.70524,8.78958],[-75.70533,8.78994],[-75.70597,8.78976],[-75.70624,8.79039],[-75.70597,8.79193],[-75.70561,8.79229],[-75.70388,8.79211],[-75.70478,8.79057]]],[[[-75.70296,8.78913],[-75.70451,8.78831],[-75.70387,8.79012],[-75.70296,8.78913]]],[[[-75.70651,8.79148],[-75.70724,8.79111],[-75.70779,8.79147],[-75.70806,8.79292],[-75.70725,8.79355],[-75.70643,8.79247],[-75.70651,8.79148]]],[[[-75.70524,8.79311],[-75.70443,8.79347],[-75.70443,8.79284],[-75.70524,8.79311]]],[[[-75.70416,8.79483],[-75.70352,8.79456],[-75.70352,8.79365],[-75.70443,8.79383],[-75.70416,8.79483]]],[[[-75.70561,8.79329],[-75.70597,8.7932],[-75.70597,8.7941],[-75.7067,8.79437],[-75.70652,8.79518],[-75.70589,8.79564],[-75.70579,8.7951],[-75.70507,8.79537],[-75.70479,8.79501],[-75.70561,8.79329]]],[[[-75.70253,8.79899],[-75.70189,8.79754],[-75.70398,8.7979],[-75.70308,8.80035],[-75.70217,8.80044],[-75.70162,8.79935],[-75.70253,8.79899]]],[[[-75.70098,8.80008],[-75.6998,8.80044],[-75.70035,8.79954],[-75.70098,8.80008]]],[[[-75.70835,8.80187],[-75.70636,8.80369],[-75.70635,8.80287],[-75.70717,8.80224],[-75.70717,8.8017],[-75.70844,8.80133],[-75.70835,8.80187]]],[[[-75.70035,8.80225],[-75.70162,8.80225],[-75.70117,8.80162],[-75.70153,8.80098],[-75.70308,8.80161],[-75.70281,8.8027],[-75.70172,8.80306],[-75.70126,8.80406],[-75.6999,8.80325],[-75.70035,8.80225]]],[[[-75.69853,8.80262],[-75.69917,8.80261],[-75.69881,8.80433],[-75.69945,8.80515],[-75.69899,8.80596],[-75.69826,8.80388],[-75.69853,8.80262]]],[[[-75.68154,8.80726],[-75.68245,8.80726],[-75.68263,8.80789],[-75.68336,8.80753],[-75.68327,8.80689],[-75.68572,8.80363],[-75.68562,8.80318],[-75.6849,8.80327],[-75.68499,8.80264],[-75.68562,8.80237],[-75.68616,8.80056],[-75.68707,8.79956],[-75.68835,8.8001],[-75.68853,8.80227],[-75.68644,8.80291],[-75.68644,8.80327],[-75.6888,8.80272],[-75.68935,8.80345],[-75.68935,8.80263],[-75.69008,8.80245],[-75.69017,8.802],[-75.68926,8.802],[-75.68907,8.80019],[-75.68971,8.7991],[-75.69071,8.7991],[-75.69107,8.79992],[-75.69162,8.80001],[-75.69153,8.80154],[-75.69044,8.80227],[-75.69144,8.80209],[-75.69217,8.80326],[-75.69326,8.80362],[-75.69453,8.80344],[-75.69317,8.80516],[-75.6919,8.80525],[-75.69072,8.80607],[-75.68981,8.80399],[-75.68926,8.8039],[-75.68935,8.80498],[-75.6889,8.80535],[-75.68963,8.80553],[-75.68954,8.80652],[-75.6889,8.80661],[-75.68854,8.80734],[-75.68763,8.80707],[-75.6869,8.80743],[-75.68654,8.80843],[-75.686,8.80816],[-75.68654,8.80698],[-75.68509,8.80807],[-75.68499,8.80716],[-75.68399,8.80753],[-75.68472,8.80843],[-75.68427,8.80897],[-75.68354,8.80897],[-75.68345,8.80988],[-75.68272,8.80898],[-75.68154,8.80862],[-75.68154,8.80726]]],[[[-75.69463,8.80497],[-75.6939,8.80688],[-75.69336,8.80597],[-75.69463,8.80497]]],[[[-75.69745,8.8066],[-75.69718,8.80723],[-75.69663,8.80696],[-75.69663,8.8056],[-75.69745,8.8066]]],[[[-75.69309,8.80769],[-75.69191,8.80787],[-75.692,8.80742],[-75.69309,8.80679],[-75.69309,8.80769]]],[[[-75.69073,8.80851],[-75.68936,8.80842],[-75.68963,8.80779],[-75.69045,8.80797],[-75.69073,8.80851]]],[[[-75.68682,8.80996],[-75.68564,8.80997],[-75.68763,8.80888],[-75.68764,8.8096],[-75.689,8.80915],[-75.69137,8.81104],[-75.69028,8.81095],[-75.6911,8.81195],[-75.68955,8.81132],[-75.68928,8.81222],[-75.68682,8.80996]]],[[[-75.69719,8.81202],[-75.69673,8.81139],[-75.69737,8.8113],[-75.69846,8.8132],[-75.69792,8.81338],[-75.69755,8.81293],[-75.69665,8.81374],[-75.6961,8.81293],[-75.69719,8.81202]]],[[[-75.69164,8.81357],[-75.69165,8.81439],[-75.69092,8.8139],[-75.69164,8.81357]]],[[[-75.68692,8.81512],[-75.68637,8.81503],[-75.68664,8.81449],[-75.68737,8.81439],[-75.68692,8.81512]]],[[[-75.69429,8.81691],[-75.69365,8.81673],[-75.69392,8.81601],[-75.69438,8.81628],[-75.69429,8.81691]]],[[[-75.69567,8.82632],[-75.69494,8.82668],[-75.69449,8.82587],[-75.69476,8.82532],[-75.69567,8.82632]]],[[[-75.69285,8.82524],[-75.69358,8.82533],[-75.69358,8.82686],[-75.69212,8.8266],[-75.69131,8.82705],[-75.69121,8.8266],[-75.69212,8.82632],[-75.69285,8.82524]]],[[[-75.6884,8.82769],[-75.68794,8.82724],[-75.68866,8.82497],[-75.69012,8.82542],[-75.69058,8.82669],[-75.6904,8.82705],[-75.68921,8.82705],[-75.68849,8.82787],[-75.6894,8.82868],[-75.68931,8.82922],[-75.68985,8.8285],[-75.69094,8.8285],[-75.6914,8.82786],[-75.69185,8.82813],[-75.69158,8.82895],[-75.69076,8.82913],[-75.6904,8.82877],[-75.68949,8.82977],[-75.68813,8.82932],[-75.6884,8.82769]]],[[[-75.68776,8.83013],[-75.68686,8.8304],[-75.68686,8.83004],[-75.68758,8.82932],[-75.68776,8.83013]]],[[[-75.68767,8.83085],[-75.68849,8.83167],[-75.68749,8.83158],[-75.68722,8.83239],[-75.68668,8.83203],[-75.68658,8.83122],[-75.68767,8.83085]]],[[[-75.68459,8.83701],[-75.68532,8.83764],[-75.68569,8.83683],[-75.68614,8.83692],[-75.68569,8.83791],[-75.68487,8.83828],[-75.68423,8.83819],[-75.68405,8.83755],[-75.68341,8.83783],[-75.68459,8.83701]]],[[[-75.68479,8.84162],[-75.68488,8.84198],[-75.68397,8.84235],[-75.68315,8.84208],[-75.68378,8.84153],[-75.68479,8.84162]]],[[[-75.7027,8.84439],[-75.70334,8.84557],[-75.70225,8.84575],[-75.70189,8.84485],[-75.7027,8.84439]]],[[[-75.70698,8.84701],[-75.70662,8.8461],[-75.70725,8.84619],[-75.70698,8.84701]]],[[[-75.70571,8.84593],[-75.70726,8.84809],[-75.7058,8.84792],[-75.70571,8.84593]]],[[[-75.70489,8.84701],[-75.70508,8.84801],[-75.70471,8.84837],[-75.70417,8.84801],[-75.70489,8.84701]]],[[[-75.7059,8.85253],[-75.70609,8.85325],[-75.70418,8.85362],[-75.7039,8.85253],[-75.70481,8.85208],[-75.7059,8.85253]]],[[[-75.70691,8.85406],[-75.70773,8.8546],[-75.70663,8.85461],[-75.70627,8.85434],[-75.70691,8.85406]]],[[[-75.69855,8.85715],[-75.69718,8.85761],[-75.69709,8.85716],[-75.69818,8.85634],[-75.69855,8.85715]]],[[[-75.69182,8.86133],[-75.69201,8.86277],[-75.69101,8.86223],[-75.69182,8.86133]]],[[[-75.70128,8.86285],[-75.70047,8.86267],[-75.70074,8.86212],[-75.70137,8.8623],[-75.70128,8.86285]]],[[[-75.70265,8.86257],[-75.70256,8.86357],[-75.70183,8.86321],[-75.70201,8.86248],[-75.70265,8.86257]]],[[[-75.70365,8.86221],[-75.70456,8.86248],[-75.70474,8.86311],[-75.70547,8.86302],[-75.70592,8.86383],[-75.70383,8.86311],[-75.70365,8.86221]]],[[[-75.69228,8.86449],[-75.69283,8.86467],[-75.69147,8.86495],[-75.69119,8.86431],[-75.69083,8.86513],[-75.69074,8.86368],[-75.69101,8.86287],[-75.69146,8.86296],[-75.69228,8.86449]]],[[[-75.70138,8.86438],[-75.69992,8.86457],[-75.69983,8.86394],[-75.70065,8.86402],[-75.70101,8.86357],[-75.70138,8.86438]]],[[[-75.6881,8.86323],[-75.68837,8.86369],[-75.68838,8.86504],[-75.68737,8.8645],[-75.68764,8.86342],[-75.6881,8.86323]]],[[[-75.6941,8.86386],[-75.69465,8.86376],[-75.69492,8.86494],[-75.69419,8.86485],[-75.6941,8.86386]]],[[[-75.69383,8.86458],[-75.69365,8.86494],[-75.69283,8.86413],[-75.69337,8.86395],[-75.69383,8.86458]]],[[[-75.69383,8.86548],[-75.69392,8.86585],[-75.69302,8.86666],[-75.69238,8.86594],[-75.69383,8.86548]]],[[[-75.69229,8.86739],[-75.69229,8.8682],[-75.69147,8.86874],[-75.69074,8.86757],[-75.69074,8.86694],[-75.69229,8.86739]]],[[[-75.70238,8.86737],[-75.70266,8.86719],[-75.70257,8.86845],[-75.70339,8.86872],[-75.70257,8.86881],[-75.7023,8.86936],[-75.70148,8.86909],[-75.70211,8.86872],[-75.70238,8.86737]]],[[[-75.69278,8.88665],[-75.69342,8.88674],[-75.69269,8.88737],[-75.69333,8.88782],[-75.69306,8.88864],[-75.69215,8.88765],[-75.69278,8.88665]]],[[[-75.69433,8.88891],[-75.69497,8.88954],[-75.69442,8.88981],[-75.69488,8.89026],[-75.69452,8.89108],[-75.69352,8.89063],[-75.69433,8.88891]]],[[[-75.69616,8.89334],[-75.69607,8.89442],[-75.69543,8.89397],[-75.69616,8.89334]]],[[[-75.69007,8.89543],[-75.68898,8.89525],[-75.68907,8.89498],[-75.69007,8.89489],[-75.69007,8.89543]]],[[[-75.7059,8.89703],[-75.70553,8.89748],[-75.7039,8.89766],[-75.70481,8.89703],[-75.7059,8.89703]]],[[[-75.68625,8.89724],[-75.68653,8.89733],[-75.68607,8.89842],[-75.68434,8.89842],[-75.68625,8.89724]]],[[[-75.69526,8.89831],[-75.69462,8.89813],[-75.69453,8.89886],[-75.69417,8.89886],[-75.69389,8.89759],[-75.69462,8.89741],[-75.69526,8.89831]]],[[[-75.69672,8.8994],[-75.69681,8.89885],[-75.69781,8.89903],[-75.69672,8.8994]]],[[[-75.6858,8.90005],[-75.68526,8.89978],[-75.68535,8.89933],[-75.68644,8.89951],[-75.6858,8.90005]]],[[[-75.69272,8.90076],[-75.6929,8.90121],[-75.69135,8.90031],[-75.69272,8.90076]]],[[[-75.69363,8.90085],[-75.69463,8.90103],[-75.69563,8.9022],[-75.6949,8.90329],[-75.69363,8.90239],[-75.69363,8.90085]]],[[[-75.695,8.90501],[-75.69545,8.9051],[-75.69655,8.90645],[-75.69591,8.90672],[-75.695,8.90501]]],[[[-75.69301,8.9117],[-75.69319,8.91315],[-75.69219,8.91243],[-75.69228,8.91143],[-75.69301,8.9117]]],[[[-75.70312,8.92064],[-75.70358,8.92055],[-75.70349,8.92154],[-75.70494,8.92199],[-75.70567,8.92289],[-75.70458,8.92299],[-75.7044,8.92235],[-75.7034,8.92245],[-75.70312,8.92064]]],[[[-75.69859,8.92607],[-75.6994,8.92634],[-75.69913,8.92716],[-75.69877,8.92716],[-75.6984,8.9258],[-75.69886,8.92553],[-75.69859,8.92607]]],[[[-75.68777,8.92917],[-75.68813,8.93007],[-75.68659,8.92989],[-75.68658,8.92926],[-75.68777,8.92917]]],[[[-75.70133,8.93204],[-75.70151,8.93131],[-75.70223,8.93095],[-75.70232,8.9314],[-75.70133,8.93204]]],[[[-75.69479,8.93702],[-75.69551,8.93657],[-75.69633,8.93711],[-75.69524,8.93748],[-75.69379,8.93712],[-75.69397,8.9363],[-75.69479,8.93702]]],[[[-75.6917,8.94309],[-75.69262,8.94435],[-75.69143,8.94418],[-75.6917,8.94309]]],[[[-75.68338,8.96391],[-75.68256,8.96391],[-75.68274,8.96337],[-75.68365,8.96327],[-75.68338,8.96391]]],[[[-75.68868,8.97864],[-75.68832,8.979],[-75.68804,8.97828],[-75.68713,8.97783],[-75.68731,8.97692],[-75.68786,8.97738],[-75.68849,8.97674],[-75.6894,8.97692],[-75.68895,8.97755],[-75.68831,8.97756],[-75.68922,8.97828],[-75.68959,8.97773],[-75.69104,8.97746],[-75.69214,8.97918],[-75.69123,8.97927],[-75.69104,8.97845],[-75.6895,8.97891],[-75.68868,8.97864]]],[[[-75.70179,8.98232],[-75.70124,8.98205],[-75.7016,8.98151],[-75.70242,8.98151],[-75.70179,8.98232]]],[[[-75.68732,8.98344],[-75.68778,8.98344],[-75.68723,8.98461],[-75.68696,8.98425],[-75.68732,8.98344]]],[[[-75.68751,8.98678],[-75.6877,8.98769],[-75.68597,8.98715],[-75.68606,8.98669],[-75.68751,8.98678]]],[[[-75.70184,9.01317],[-75.70203,9.0128],[-75.70357,9.01334],[-75.70394,9.01497],[-75.70285,9.01461],[-75.70266,9.0138],[-75.70184,9.01317]]],[[[-75.70276,9.01687],[-75.70158,9.01742],[-75.70122,9.01814],[-75.7014,9.01624],[-75.70276,9.01687]]],[[[-75.70595,9.01795],[-75.70477,9.01822],[-75.70476,9.01705],[-75.70595,9.01795]]],[[[-75.70086,9.01995],[-75.70095,9.01941],[-75.70213,9.01968],[-75.70186,9.02022],[-75.70086,9.01995]]],[[[-75.70121,9.02176],[-75.70086,9.02058],[-75.69949,9.02041],[-75.69949,9.01905],[-75.70049,9.01932],[-75.7004,9.01977],[-75.70159,9.02058],[-75.70121,9.02176]]],[[[-75.70277,9.02185],[-75.70192,9.02275],[-75.70177,9.02221],[-75.70222,9.02149],[-75.70277,9.02185]]],[[[-75.68568,9.02758],[-75.68513,9.02586],[-75.68704,9.02567],[-75.68822,9.02612],[-75.68822,9.02703],[-75.68695,9.02775],[-75.68695,9.02893],[-75.68614,9.02893],[-75.68659,9.02794],[-75.68568,9.02758]]],[[[-75.69551,9.02937],[-75.69505,9.02837],[-75.69687,9.02846],[-75.6976,9.03],[-75.69623,9.029],[-75.69551,9.02937]]],[[[-75.69842,9.03018],[-75.69924,9.03045],[-75.69806,9.03045],[-75.69778,9.02981],[-75.69824,9.02972],[-75.69842,9.03018]]],[[[-75.68678,9.03074],[-75.68659,9.02965],[-75.68705,9.02956],[-75.68705,9.02902],[-75.69042,9.03251],[-75.6895,9.03263],[-75.68678,9.03074]]],[[[-75.68204,9.03066],[-75.68213,9.02993],[-75.68304,9.02948],[-75.68396,9.03065],[-75.68505,9.03101],[-75.68532,9.03183],[-75.68423,9.03219],[-75.68204,9.03066]]],[[[-75.69751,9.03162],[-75.69679,9.03172],[-75.69633,9.03117],[-75.69642,9.03081],[-75.69724,9.0309],[-75.69751,9.03162]]],[[[-75.68587,9.0311],[-75.68705,9.03155],[-75.68769,9.03282],[-75.68632,9.0321],[-75.68587,9.0311]]],[[[-75.68769,9.03318],[-75.68842,9.03354],[-75.68833,9.03508],[-75.68751,9.0339],[-75.68769,9.03318]]],[[[-75.70444,9.03631],[-75.70389,9.03631],[-75.70334,9.03559],[-75.70407,9.03568],[-75.70444,9.03631]]],[[[-75.70281,9.03993],[-75.70272,9.04057],[-75.70326,9.04075],[-75.70263,9.04093],[-75.70226,9.04012],[-75.70172,9.04021],[-75.70208,9.03957],[-75.70281,9.03993]]],[[[-75.68525,9.04142],[-75.68616,9.04087],[-75.68662,9.04322],[-75.68525,9.04241],[-75.68525,9.04142]]],[[[-75.68744,9.04349],[-75.68716,9.04376],[-75.68734,9.04195],[-75.68771,9.04204],[-75.68744,9.04349]]],[[[-75.70081,9.04265],[-75.70081,9.04383],[-75.69972,9.04356],[-75.70081,9.04265]]],[[[-75.69726,9.04411],[-75.6979,9.04438],[-75.69836,9.04401],[-75.69745,9.0461],[-75.69726,9.04411]]],[[[-75.69818,9.04637],[-75.69909,9.04483],[-75.69918,9.04537],[-75.69818,9.04637]]],[[[-75.68598,9.04512],[-75.68626,9.04702],[-75.68553,9.04621],[-75.68598,9.04512]]],[[[-75.69882,9.04908],[-75.69864,9.04854],[-75.69973,9.04844],[-75.69882,9.04908]]],[[[-75.69646,9.04971],[-75.69628,9.05008],[-75.69555,9.04981],[-75.69564,9.04899],[-75.69646,9.04971]]],[[[-75.70592,9.05024],[-75.7061,9.05096],[-75.7052,9.05232],[-75.70537,9.0506],[-75.70592,9.05024]]],[[[-75.70083,9.05305],[-75.70101,9.05396],[-75.69938,9.05423],[-75.69947,9.05306],[-75.70083,9.05305]]],[[[-75.69537,9.05469],[-75.69619,9.05505],[-75.69483,9.05533],[-75.69481,9.05578],[-75.69447,9.05526],[-75.69537,9.05469]]],[[[-75.70375,9.05522],[-75.70475,9.0563],[-75.70357,9.05748],[-75.70329,9.05594],[-75.70375,9.05522]]],[[[-75.70785,9.06109],[-75.70849,9.06199],[-75.70704,9.06218],[-75.70712,9.06154],[-75.7064,9.06109],[-75.70785,9.06109]]],[[[-75.6843,9.06683],[-75.68393,9.0662],[-75.68429,9.06529],[-75.68375,9.06421],[-75.68429,9.06376],[-75.68502,9.06611],[-75.68485,9.07027],[-75.6843,9.06991],[-75.6843,9.06683]]],[[[-75.68494,9.07036],[-75.68658,9.07094],[-75.68704,9.07189],[-75.68494,9.07036]]],[[[-75.70468,9.06652],[-75.70541,9.06616],[-75.70741,9.06769],[-75.70686,9.06815],[-75.70651,9.07032],[-75.70587,9.07059],[-75.70642,9.07086],[-75.70642,9.07149],[-75.70542,9.07195],[-75.70551,9.07294],[-75.70624,9.07375],[-75.70652,9.07629],[-75.70634,9.07737],[-75.7057,9.07764],[-75.70506,9.07765],[-75.70468,9.06652]]],[[[-75.68549,9.07413],[-75.68367,9.0747],[-75.68231,9.07615],[-75.68376,9.07389],[-75.68458,9.07407],[-75.68531,9.07361],[-75.68549,9.07413]]],[[[-75.68495,9.07488],[-75.68459,9.07597],[-75.68532,9.07609],[-75.68371,9.07786],[-75.6844,9.07518],[-75.68495,9.07488]]],[[[-75.69178,9.07912],[-75.68969,9.07794],[-75.68832,9.07623],[-75.68645,9.07578],[-75.68595,9.07524],[-75.68795,9.07496],[-75.68868,9.07578],[-75.68868,9.0765],[-75.68932,9.0765],[-75.69023,9.0774],[-75.69114,9.07632],[-75.69186,9.07423],[-75.69214,9.07435],[-75.69187,9.07541],[-75.6946,9.07772],[-75.69342,9.07749],[-75.69178,9.07821],[-75.69196,9.07758],[-75.69087,9.07749],[-75.69224,9.07885],[-75.69288,9.08083],[-75.69415,9.08201],[-75.69379,9.08282],[-75.69178,9.07912]]],[[[-75.69442,9.07848],[-75.69469,9.07803],[-75.69551,9.07956],[-75.69651,9.07929],[-75.69606,9.08029],[-75.6957,9.07965],[-75.69478,9.07947],[-75.69442,9.07848]]],[[[-75.69498,9.08409],[-75.69607,9.08282],[-75.69716,9.08282],[-75.69734,9.08345],[-75.6967,9.08399],[-75.69689,9.08517],[-75.69625,9.08472],[-75.69552,9.08499],[-75.69498,9.08409]]],[[[-75.69534,9.08599],[-75.69461,9.08553],[-75.69429,9.08599],[-75.69418,9.08535],[-75.69552,9.08508],[-75.69534,9.08599]]],[[[-75.69143,9.08599],[-75.69207,9.08536],[-75.69152,9.08608],[-75.69198,9.08672],[-75.69076,9.08645],[-75.69143,9.08599]]],[[[-75.68615,9.08621],[-75.68588,9.087],[-75.68679,9.08709],[-75.68661,9.08736],[-75.68579,9.08736],[-75.6857,9.08646],[-75.68488,9.08646],[-75.68615,9.08621]]],[[[-75.70545,9.08714],[-75.70472,9.08741],[-75.70454,9.08705],[-75.70508,9.0866],[-75.70545,9.08714]]],[[[-75.68688,9.08672],[-75.68697,9.08627],[-75.68761,9.08653],[-75.68807,9.0879],[-75.68734,9.08672],[-75.68688,9.08672]]],[[[-75.70154,9.08941],[-75.70008,9.08874],[-75.70042,9.08851],[-75.70172,9.08932],[-75.70099,9.09095],[-75.70081,9.09001],[-75.70154,9.08941]]],[[[-75.7039,9.08977],[-75.70381,9.09049],[-75.70272,9.09058],[-75.70309,9.08995],[-75.7039,9.08977]]],[[[-75.70109,9.09122],[-75.70254,9.0914],[-75.70236,9.09203],[-75.6999,9.09204],[-75.70118,9.09167],[-75.70109,9.09122]]],[[[-75.70346,9.09764],[-75.70492,9.09754],[-75.70474,9.09881],[-75.70365,9.09963],[-75.70256,9.09881],[-75.70346,9.09764]]],[[[-75.7063,9.10622],[-75.70548,9.10623],[-75.70585,9.10514],[-75.7063,9.10622]]],[[[-75.70731,9.11022],[-75.70804,9.1102],[-75.70831,9.1111],[-75.70741,9.11174],[-75.70731,9.11022]]],[[[-75.68439,9.11171],[-75.68461,9.1116],[-75.68566,9.11386],[-75.68439,9.11171]]],[[[-75.69122,9.11234],[-75.69166,9.11267],[-75.69207,9.11213],[-75.69258,9.11363],[-75.6923,9.1143],[-75.6913,9.11349],[-75.69122,9.11234]]],[[[-75.6975,9.12076],[-75.69695,9.12136],[-75.69714,9.12171],[-75.69641,9.12144],[-75.69679,9.12071],[-75.6975,9.12076]]],[[[-75.67758,9.1266],[-75.67686,9.12753],[-75.67649,9.12752],[-75.67677,9.12654],[-75.67767,9.12618],[-75.67767,9.12509],[-75.67913,9.12464],[-75.67931,9.12554],[-75.68068,9.12508],[-75.68168,9.12563],[-75.68186,9.12499],[-75.68113,9.12391],[-75.68195,9.124],[-75.68195,9.12364],[-75.68113,9.12318],[-75.68077,9.12418],[-75.68013,9.12382],[-75.6794,9.12445],[-75.67913,9.124],[-75.67985,9.12328],[-75.67949,9.12301],[-75.67731,9.12455],[-75.67667,9.12328],[-75.67822,9.12328],[-75.67903,9.12246],[-75.67985,9.12237],[-75.68039,9.12074],[-75.68139,9.11975],[-75.68239,9.11947],[-75.68258,9.12002],[-75.68312,9.12002],[-75.68394,9.11947],[-75.68449,9.12001],[-75.68567,9.12001],[-75.68682,9.11884],[-75.68722,9.11946],[-75.68776,9.1191],[-75.68713,9.12028],[-75.68768,9.12154],[-75.68977,9.12064],[-75.68986,9.11993],[-75.69058,9.12001],[-75.69077,9.12036],[-75.68986,9.12064],[-75.6895,9.12272],[-75.68777,9.12227],[-75.68759,9.12163],[-75.68649,9.12118],[-75.6854,9.12318],[-75.68568,9.12372],[-75.68513,9.12354],[-75.68586,9.12475],[-75.68557,9.12526],[-75.68486,9.12535],[-75.68522,9.12426],[-75.6824,9.12499],[-75.68185,9.1278],[-75.68152,9.12761],[-75.68177,9.12662],[-75.68084,9.12541],[-75.67901,9.12635],[-75.67849,9.12599],[-75.67895,9.12654],[-75.678,9.12661],[-75.67904,9.12816],[-75.67758,9.1266]]],[[[-75.69441,9.12235],[-75.69424,9.12488],[-75.6936,9.12334],[-75.69396,9.12226],[-75.69441,9.12235]]],[[[-75.7037,9.12459],[-75.70306,9.12269],[-75.70388,9.12142],[-75.70397,9.12233],[-75.70506,9.12287],[-75.70624,9.12241],[-75.70679,9.12395],[-75.70552,9.1244],[-75.70543,9.12513],[-75.70652,9.12585],[-75.70752,9.12587],[-75.70621,9.12621],[-75.70589,9.12558],[-75.70434,9.12572],[-75.70379,9.12477],[-75.70312,9.12622],[-75.70234,9.12534],[-75.7037,9.12459]]],[[[-75.68883,9.1257],[-75.68923,9.12643],[-75.68832,9.12616],[-75.68823,9.12525],[-75.68883,9.1257]]],[[[-75.70698,9.12657],[-75.70647,9.12766],[-75.70625,9.12674],[-75.70698,9.12657]]],[[[-75.70698,9.12874],[-75.70744,9.12802],[-75.70771,9.1282],[-75.70689,9.12938],[-75.70635,9.12829],[-75.70698,9.12874]]],[[[-75.69115,9.12796],[-75.69151,9.12832],[-75.69151,9.12959],[-75.69097,9.12923],[-75.69078,9.12823],[-75.69115,9.12796]]],[[[-75.68451,9.12879],[-75.68478,9.12939],[-75.6836,9.12978],[-75.68451,9.12879]]],[[[-75.68833,9.1305],[-75.68769,9.13021],[-75.68742,9.12941],[-75.68669,9.12933],[-75.68743,9.12883],[-75.68678,9.12797],[-75.68787,9.12824],[-75.68769,9.12987],[-75.68842,9.13041],[-75.68824,9.13113],[-75.68788,9.1314],[-75.68697,9.13131],[-75.68817,9.13094],[-75.68833,9.1305]]],[[[-75.69434,9.12949],[-75.6947,9.1303],[-75.69325,9.13067],[-75.69434,9.12949]]],[[[-75.69315,9.13076],[-75.69307,9.13194],[-75.69225,9.1313],[-75.69243,9.13058],[-75.69315,9.13076]]],[[[-75.68606,9.13267],[-75.68497,9.13358],[-75.68577,9.13231],[-75.68661,9.1324],[-75.68606,9.13267]]],[[[-75.69558,9.13365],[-75.69416,9.13374],[-75.69489,9.13311],[-75.69513,9.13229],[-75.69558,9.13365]]],[[[-75.68361,9.13476],[-75.68479,9.13403],[-75.68434,9.13503],[-75.68164,9.13449],[-75.68361,9.13476]]],[[[-75.6908,9.13628],[-75.69016,9.13628],[-75.68998,9.13583],[-75.68889,9.13628],[-75.68834,9.13556],[-75.69016,9.13574],[-75.6908,9.13628]]],[[[-75.69217,9.137],[-75.69326,9.13748],[-75.69335,9.13881],[-75.69217,9.137]]],[[[-75.69481,9.1385],[-75.69354,9.1398],[-75.69372,9.13853],[-75.69411,9.13799],[-75.69481,9.1385]]],[[[-75.68889,9.13809],[-75.6888,9.13882],[-75.68753,9.13972],[-75.68762,9.13864],[-75.68889,9.13809]]],[[[-75.6871,9.14291],[-75.68602,9.14258],[-75.68517,9.14081],[-75.68844,9.14144],[-75.68944,9.13936],[-75.69108,9.13854],[-75.69062,9.13999],[-75.68953,9.14053],[-75.68835,9.14207],[-75.68817,9.14379],[-75.68881,9.14442],[-75.68756,9.14478],[-75.6869,9.14416],[-75.6871,9.14291]]],[[[-75.69354,9.14279],[-75.69473,9.14306],[-75.69345,9.14315],[-75.69281,9.14243],[-75.69354,9.14279]]],[[[-75.69619,9.14577],[-75.69482,9.14568],[-75.69509,9.14505],[-75.69391,9.14505],[-75.69418,9.14432],[-75.69543,9.14342],[-75.69637,9.14504],[-75.6984,9.14432],[-75.69974,9.14553],[-75.69919,9.14639],[-75.69956,9.14694],[-75.69719,9.14676],[-75.69619,9.14577]]],[[[-75.69128,9.14605],[-75.69118,9.14469],[-75.69191,9.14605],[-75.69291,9.14623],[-75.69327,9.14586],[-75.69273,9.14659],[-75.69291,9.14713],[-75.69128,9.14605]]],[[[-75.70062,9.15738],[-75.7008,9.15643],[-75.70076,9.15734],[-75.70158,9.15779],[-75.70158,9.15833],[-75.70062,9.15738]]],[[[-75.70359,9.16104],[-75.70104,9.16059],[-75.70231,9.16005],[-75.70213,9.15914],[-75.70268,9.15932],[-75.70268,9.15986],[-75.70422,9.15959],[-75.70486,9.16113],[-75.70659,9.16076],[-75.70769,9.16139],[-75.70969,9.1613],[-75.71005,9.16057],[-75.71123,9.16057],[-75.71014,9.16093],[-75.70969,9.16205],[-75.70876,9.16238],[-75.70612,9.16212],[-75.70359,9.16104]]],[[[-75.70091,9.18564],[-75.70027,9.18592],[-75.70072,9.18456],[-75.70236,9.18293],[-75.70208,9.18166],[-75.70135,9.18094],[-75.70199,9.18012],[-75.70435,9.17976],[-75.70426,9.1784],[-75.7029,9.17868],[-75.70262,9.17822],[-75.70562,9.17768],[-75.70599,9.17713],[-75.70581,9.17393],[-75.70671,9.17351],[-75.70707,9.17451],[-75.70754,9.17461],[-75.70781,9.17297],[-75.70868,9.17288],[-75.70871,9.17378],[-75.7093,9.17306],[-75.70953,9.17388],[-75.71118,9.17323],[-75.71372,9.17425],[-75.71372,9.17458],[-75.71181,9.17459],[-75.71154,9.17513],[-75.7119,9.17567],[-75.71108,9.17567],[-75.70998,9.17731],[-75.70893,9.17794],[-75.70573,9.17893],[-75.7049,9.17831],[-75.70418,9.18157],[-75.70463,9.18283],[-75.70591,9.18346],[-75.70345,9.18501],[-75.70296,9.1871],[-75.70364,9.18718],[-75.70255,9.18727],[-75.70182,9.18682],[-75.70173,9.18618],[-75.70091,9.18564]],[[-75.70753,9.17668],[-75.70753,9.17713],[-75.70836,9.17785],[-75.70899,9.17767],[-75.70881,9.17595],[-75.70835,9.17604],[-75.70835,9.17677],[-75.70753,9.17668]]],[[[-75.69635,9.18484],[-75.69672,9.18574],[-75.69608,9.18556],[-75.69581,9.18457],[-75.69626,9.18366],[-75.69635,9.18484]]],[[[-75.69247,9.18572],[-75.69226,9.18494],[-75.69262,9.18476],[-75.69271,9.1853],[-75.69371,9.18358],[-75.69426,9.18363],[-75.69463,9.18493],[-75.6939,9.18584],[-75.69426,9.18656],[-75.69327,9.18765],[-75.69245,9.18783],[-75.69254,9.18711],[-75.69176,9.18693],[-75.69247,9.18572]]],[[[-75.69108,9.18792],[-75.68996,9.1891],[-75.68967,9.18883],[-75.68974,9.18765],[-75.69108,9.18792]]],[[[-75.69199,9.18819],[-75.69123,9.1891],[-75.69026,9.1891],[-75.69108,9.18829],[-75.69199,9.18819]]],[[[-75.70637,9.1888],[-75.70565,9.1888],[-75.7041,9.18713],[-75.70502,9.1871],[-75.7066,9.18793],[-75.70893,9.19042],[-75.70811,9.19097],[-75.70702,9.19088],[-75.70637,9.1888]]],[[[-75.69495,9.19],[-75.69536,9.19027],[-75.69422,9.19171],[-75.69374,9.19172],[-75.69382,9.19126],[-75.69436,9.19135],[-75.69495,9.19]]],[[[-75.68922,9.19046],[-75.69072,9.19019],[-75.69063,9.19127],[-75.6899,9.19163],[-75.68972,9.19236],[-75.69027,9.19245],[-75.69082,9.19154],[-75.69136,9.19165],[-75.69026,9.19358],[-75.68922,9.1935],[-75.68922,9.19046]]],[[[-75.69591,9.19189],[-75.69619,9.19207],[-75.69542,9.19297],[-75.6951,9.19274],[-75.69591,9.19189]]],[[[-75.70128,9.19206],[-75.70147,9.19306],[-75.70229,9.19288],[-75.70229,9.19324],[-75.70192,9.19387],[-75.70092,9.19396],[-75.70129,9.19351],[-75.7001,9.19333],[-75.69983,9.19261],[-75.70128,9.19206]]],[[[-75.70428,9.19079],[-75.7052,9.19169],[-75.70592,9.19151],[-75.70593,9.19196],[-75.70483,9.19269],[-75.70457,9.1954],[-75.70428,9.19079]]],[[[-75.70044,9.19614],[-75.69994,9.1963],[-75.69965,9.19469],[-75.70038,9.1946],[-75.70044,9.19614]]],[[[-75.70812,9.19593],[-75.70657,9.1964],[-75.7063,9.19585],[-75.70721,9.19549],[-75.70812,9.19593]]],[[[-75.69532,9.19741],[-75.69501,9.19673],[-75.69587,9.19587],[-75.69674,9.19614],[-75.69719,9.19569],[-75.69702,9.19795],[-75.69638,9.19741],[-75.69632,9.19642],[-75.69532,9.19741]]],[[[-75.70119,9.1976],[-75.70078,9.19625],[-75.70211,9.19586],[-75.70138,9.19677],[-75.70193,9.19848],[-75.7002,9.19831],[-75.69981,9.19892],[-75.69893,9.19867],[-75.70119,9.1976]]],[[[-75.6952,9.19911],[-75.69377,9.19986],[-75.69338,9.19977],[-75.69429,9.19931],[-75.6952,9.19792],[-75.69638,9.19741],[-75.6952,9.19911]]],[[[-75.68346,9.20006],[-75.68209,9.20006],[-75.682,9.19946],[-75.68282,9.1987],[-75.68263,9.1978],[-75.68223,9.19782],[-75.68245,9.19852],[-75.68141,9.19843],[-75.68128,9.19797],[-75.68149,9.19762],[-75.68172,9.19755],[-75.68154,9.19816],[-75.68191,9.19825],[-75.68218,9.19762],[-75.68254,9.19753],[-75.6829,9.19581],[-75.68434,9.19761],[-75.68418,9.19834],[-75.68564,9.19962],[-75.68492,9.20123],[-75.68371,9.20094],[-75.68305,9.20141],[-75.68346,9.20006]]],[[[-75.70512,9.20029],[-75.70467,9.20047],[-75.7043,9.20011],[-75.70494,9.19812],[-75.70512,9.20029]]],[[[-75.70103,9.20057],[-75.70084,9.20011],[-75.69994,9.20008],[-75.70112,9.19957],[-75.70103,9.20057]]],[[[-75.68585,9.20141],[-75.68683,9.20273],[-75.68632,9.20277],[-75.68574,9.20222],[-75.68585,9.20141]]],[[[-75.69803,9.20425],[-75.69848,9.20383],[-75.69839,9.20356],[-75.69661,9.20419],[-75.69642,9.20356],[-75.69818,9.20327],[-75.69639,9.20316],[-75.69676,9.20259],[-75.69848,9.20283],[-75.69804,9.20075],[-75.69994,9.20183],[-75.70012,9.20238],[-75.70012,9.20292],[-75.69912,9.20283],[-75.69949,9.20437],[-75.69917,9.20464],[-75.69867,9.20399],[-75.69803,9.20425]]],[[[-75.70176,9.2021],[-75.70158,9.20418],[-75.70112,9.20328],[-75.70176,9.2021]]],[[[-75.70149,9.20518],[-75.69967,9.20563],[-75.70167,9.20454],[-75.70268,9.20554],[-75.70286,9.20653],[-75.70149,9.20518]]],[[[-75.68722,9.20575],[-75.68602,9.20548],[-75.68602,9.20494],[-75.68675,9.20521],[-75.68647,9.20358],[-75.6892,9.20451],[-75.68857,9.20593],[-75.68871,9.20698],[-75.69039,9.20873],[-75.69148,9.20791],[-75.6913,9.20715],[-75.69234,9.2046],[-75.69603,9.20528],[-75.69764,9.20449],[-75.69903,9.20473],[-75.69922,9.20563],[-75.69831,9.20573],[-75.69867,9.20662],[-75.69749,9.20555],[-75.6963,9.20555],[-75.69658,9.20654],[-75.69339,9.20601],[-75.69248,9.20628],[-75.69226,9.20781],[-75.69012,9.21008],[-75.6903,9.20891],[-75.68921,9.20863],[-75.68722,9.20575]]],[[[-75.70304,9.20671],[-75.7035,9.20734],[-75.70386,9.20734],[-75.70504,9.20644],[-75.70404,9.20762],[-75.70341,9.20744],[-75.70304,9.20671]]],[[[-75.69858,9.20772],[-75.69931,9.20884],[-75.6984,9.20868],[-75.69807,9.20808],[-75.69858,9.20772]]],[[[-75.70614,9.20861],[-75.7076,9.20842],[-75.70724,9.21068],[-75.7059,9.21087],[-75.70532,9.21042],[-75.70334,9.21241],[-75.70316,9.21197],[-75.70614,9.20861]]],[[[-75.68354,9.21384],[-75.68585,9.21335],[-75.68321,9.21516],[-75.6823,9.21525],[-75.6823,9.21435],[-75.68354,9.21384]]],[[[-75.68694,9.21425],[-75.68622,9.21489],[-75.68576,9.21407],[-75.68672,9.21389],[-75.68694,9.21425]]],[[[-75.68977,9.21723],[-75.68895,9.2175],[-75.68868,9.21669],[-75.68922,9.21651],[-75.68977,9.21723]]],[[[-75.69214,9.2175],[-75.69159,9.21732],[-75.69177,9.21677],[-75.69278,9.21677],[-75.69214,9.2175]]],[[[-75.69033,9.22058],[-75.68896,9.22065],[-75.68996,9.21913],[-75.69041,9.2194],[-75.69033,9.22058]]],[[[-75.69167,9.22546],[-75.69194,9.22557],[-75.69279,9.22663],[-75.69179,9.22627],[-75.69167,9.22546]]],[[[-75.68979,9.22555],[-75.69006,9.22654],[-75.68961,9.22691],[-75.68888,9.2261],[-75.68979,9.22555]]],[[[-75.69717,9.22798],[-75.69626,9.22834],[-75.69617,9.22888],[-75.69498,9.22754],[-75.69626,9.22744],[-75.69634,9.22644],[-75.69799,9.22771],[-75.69835,9.22861],[-75.69926,9.22885],[-75.69884,9.22924],[-75.69717,9.22798]]],[[[-75.70591,9.23086],[-75.70728,9.23167],[-75.70555,9.23158],[-75.70591,9.23086]]],[[[-75.66782,8.81461],[-75.66837,8.81497],[-75.66873,8.81361],[-75.67009,8.81216],[-75.671,8.81171],[-75.67218,8.81216],[-75.67318,8.81198],[-75.67464,8.81098],[-75.67509,8.80989],[-75.67573,8.8108],[-75.67636,8.81071],[-75.67636,8.81134],[-75.67773,8.81107],[-75.678,8.81143],[-75.67737,8.81233],[-75.67746,8.81505],[-75.6781,8.81541],[-75.67783,8.81613],[-75.67692,8.81595],[-75.67637,8.81279],[-75.67573,8.81342],[-75.67573,8.81451],[-75.67419,8.81451],[-75.67382,8.81496],[-75.67291,8.81297],[-75.67,8.81334],[-75.66982,8.81379],[-75.67028,8.81391],[-75.669,8.8147],[-75.66898,8.81633],[-75.66819,8.81624],[-75.66755,8.81497],[-75.66782,8.81461]],[[-75.67555,8.81134],[-75.675,8.8108],[-75.67491,8.81197],[-75.67437,8.81234],[-75.67446,8.81378],[-75.67491,8.81378],[-75.67555,8.81134]]],[[[-75.67065,8.81834],[-75.67065,8.8184],[-75.66937,8.81813],[-75.66946,8.81741],[-75.67065,8.81834]]],[[[-75.67129,8.81877],[-75.67199,8.81925],[-75.67199,8.82039],[-75.67129,8.81877]]],[[[-75.66058,8.83018],[-75.6613,8.83099],[-75.66103,8.83117],[-75.65983,8.83045],[-75.66058,8.83018]]],[[[-75.65685,8.83127],[-75.65648,8.83073],[-75.65458,8.83055],[-75.65439,8.8292],[-75.65539,8.82883],[-75.65648,8.82946],[-75.65667,8.8301],[-75.65794,8.82973],[-75.66085,8.83208],[-75.65976,8.83253],[-75.65685,8.83127]]],[[[-75.65512,8.8329],[-75.65222,8.83607],[-75.65258,8.83372],[-75.6544,8.83318],[-75.65403,8.83254],[-75.65458,8.83236],[-75.65512,8.8329]]],[[[-75.68232,8.83358],[-75.68341,8.83394],[-75.68314,8.83548],[-75.68204,8.83503],[-75.68204,8.8343],[-75.6825,8.83448],[-75.68232,8.83358]]],[[[-75.65704,8.83661],[-75.65613,8.83661],[-75.65668,8.8357],[-75.65758,8.8357],[-75.65704,8.83661]]],[[[-75.65377,8.83607],[-75.65431,8.83562],[-75.6544,8.83652],[-75.65377,8.83607]]],[[[-75.66086,8.83597],[-75.66186,8.83633],[-75.66259,8.83587],[-75.66295,8.83705],[-75.66159,8.83769],[-75.66068,8.83669],[-75.66086,8.83597]],[[-75.66141,8.83651],[-75.66123,8.83723],[-75.66232,8.83714],[-75.66195,8.83651],[-75.66141,8.83651]]],[[[-75.65922,8.83615],[-75.65977,8.83651],[-75.65868,8.83787],[-75.65813,8.83787],[-75.65795,8.83733],[-75.65922,8.83615]]],[[[-75.6595,8.83787],[-75.65914,8.83877],[-75.65805,8.83896],[-75.6595,8.83787]]],[[[-75.64168,8.84125],[-75.64177,8.84079],[-75.64268,8.84079],[-75.64241,8.83971],[-75.64313,8.83916],[-75.64404,8.8398],[-75.64604,8.83925],[-75.64704,8.83979],[-75.6475,8.83898],[-75.64895,8.83897],[-75.64895,8.8397],[-75.65023,8.83979],[-75.65041,8.8387],[-75.64968,8.83825],[-75.64986,8.83644],[-75.65049,8.83599],[-75.65131,8.83644],[-75.65213,8.83616],[-75.65149,8.83707],[-75.65049,8.83716],[-75.6505,8.8377],[-75.65104,8.83788],[-75.65095,8.83906],[-75.65168,8.83969],[-75.64787,8.84205],[-75.64841,8.8406],[-75.64895,8.84033],[-75.64859,8.84006],[-75.64623,8.84232],[-75.6476,8.84323],[-75.64805,8.84268],[-75.64914,8.84277],[-75.64696,8.84404],[-75.64168,8.84125]]],[[[-75.65577,8.83996],[-75.65659,8.83923],[-75.65696,8.84023],[-75.65387,8.84086],[-75.65486,8.84005],[-75.65577,8.83996]]],[[[-75.64305,8.84269],[-75.64268,8.84324],[-75.64114,8.84315],[-75.64132,8.84242],[-75.64305,8.84269]]],[[[-75.65596,8.8424],[-75.65587,8.84376],[-75.65505,8.84421],[-75.65523,8.84294],[-75.65596,8.8424]]],[[[-75.66087,8.84375],[-75.66105,8.84311],[-75.6626,8.84338],[-75.66251,8.84474],[-75.66087,8.84375]]],[[[-75.67933,8.84317],[-75.67951,8.84236],[-75.6816,8.84253],[-75.68033,8.84434],[-75.68197,8.84443],[-75.68251,8.84335],[-75.68451,8.8428],[-75.68397,8.84398],[-75.68333,8.8438],[-75.68261,8.84497],[-75.68206,8.84488],[-75.6817,8.84588],[-75.68052,8.84552],[-75.67933,8.84317]]],[[[-75.65123,8.84322],[-75.65169,8.84358],[-75.65096,8.84431],[-75.65069,8.84557],[-75.64987,8.84512],[-75.65123,8.84322]]],[[[-75.67961,8.84498],[-75.67961,8.84552],[-75.67879,8.84516],[-75.67888,8.84399],[-75.67961,8.84498]]],[[[-75.65223,8.84412],[-75.65278,8.84349],[-75.65405,8.84493],[-75.65451,8.84629],[-75.65397,8.84629],[-75.65397,8.84557],[-75.65223,8.84412]]],[[[-75.66024,8.84492],[-75.66024,8.84556],[-75.65897,8.84529],[-75.66024,8.84492]]],[[[-75.63814,8.84496],[-75.63923,8.84523],[-75.6405,8.84369],[-75.64232,8.84423],[-75.64169,8.84486],[-75.64169,8.84568],[-75.63933,8.8474],[-75.63851,8.84704],[-75.63778,8.84758],[-75.63705,8.84551],[-75.63814,8.84496]],[[-75.64023,8.84532],[-75.63969,8.84559],[-75.63978,8.84595],[-75.64087,8.84478],[-75.6405,8.84432],[-75.64023,8.84532]]],[[[-75.66715,8.84609],[-75.66815,8.8459],[-75.66815,8.84545],[-75.66888,8.84608],[-75.67006,8.84599],[-75.66961,8.84662],[-75.66861,8.84681],[-75.66852,8.84771],[-75.66779,8.84636],[-75.66715,8.84609]]],[[[-75.66479,8.84709],[-75.66452,8.84636],[-75.66524,8.84609],[-75.66533,8.84672],[-75.66479,8.84709]]],[[[-75.65242,8.84684],[-75.6526,8.84783],[-75.65179,8.84756],[-75.65115,8.84874],[-75.65051,8.84874],[-75.65069,8.84765],[-75.65197,8.84666],[-75.65242,8.84684]]],[[[-75.66952,8.84861],[-75.66834,8.84844],[-75.6687,8.84789],[-75.66952,8.84861]]],[[[-75.64789,8.85562],[-75.64716,8.8558],[-75.64662,8.85508],[-75.6468,8.85426],[-75.64616,8.8539],[-75.6458,8.85417],[-75.64607,8.85598],[-75.64434,8.85562],[-75.64489,8.85662],[-75.64389,8.85662],[-75.64316,8.85572],[-75.64171,8.85554],[-75.6417,8.8549],[-75.64052,8.85364],[-75.64061,8.85283],[-75.63906,8.85283],[-75.63897,8.8522],[-75.63806,8.85256],[-75.63752,8.85202],[-75.63888,8.85201],[-75.63933,8.85075],[-75.6407,8.85047],[-75.64061,8.85111],[-75.6417,8.85201],[-75.64133,8.8502],[-75.64233,8.8493],[-75.64115,8.84903],[-75.64088,8.84993],[-75.64015,8.84912],[-75.64133,8.84875],[-75.64115,8.84821],[-75.64051,8.84812],[-75.64087,8.84722],[-75.64196,8.84685],[-75.6436,8.8454],[-75.6446,8.84522],[-75.64478,8.84594],[-75.64705,8.84576],[-75.64715,8.84621],[-75.64751,8.84576],[-75.64833,8.84621],[-75.64942,8.84567],[-75.6506,8.84666],[-75.64951,8.84693],[-75.64797,8.84938],[-75.64961,8.8491],[-75.64879,8.84974],[-75.64879,8.85046],[-75.65024,8.84992],[-75.65043,8.8501],[-75.64915,8.851],[-75.64979,8.85182],[-75.64789,8.85562]],[[-75.64916,8.85155],[-75.64834,8.85137],[-75.64843,8.85209],[-75.64925,8.85218],[-75.64916,8.85155]],[[-75.64679,8.84884],[-75.64706,8.84829],[-75.64333,8.84884],[-75.64279,8.8502],[-75.64406,8.85038],[-75.64488,8.84956],[-75.64679,8.84884]],[[-75.6477,8.85263],[-75.64834,8.85263],[-75.64843,8.85218],[-75.64716,8.85191],[-75.64698,8.85327],[-75.64779,8.85309],[-75.6477,8.85263]],[[-75.64498,8.85454],[-75.64552,8.85327],[-75.64425,8.854],[-75.64498,8.85454]],[[-75.6427,8.85382],[-75.6437,8.85382],[-75.64388,8.85282],[-75.64307,8.85291],[-75.6427,8.85382]],[[-75.6417,8.85237],[-75.64188,8.85328],[-75.64225,8.85328],[-75.64216,8.85237],[-75.6417,8.85237]],[[-75.64807,8.85381],[-75.64761,8.85363],[-75.64725,8.85471],[-75.64807,8.85381]]],[[[-75.61234,8.85767],[-75.61161,8.85731],[-75.61034,8.85785],[-75.61006,8.85767],[-75.61133,8.85622],[-75.61324,8.85577],[-75.61415,8.85604],[-75.61434,8.85685],[-75.6137,8.85712],[-75.61425,8.85784],[-75.6137,8.85875],[-75.61398,8.8592],[-75.61325,8.85893],[-75.61289,8.85975],[-75.61216,8.85984],[-75.61234,8.85767]]],[[[-75.6308,8.86071],[-75.63017,8.8608],[-75.62989,8.86153],[-75.62962,8.86098],[-75.63035,8.86026],[-75.6308,8.86071]]],[[[-75.64481,8.8606],[-75.64608,8.86096],[-75.64463,8.86232],[-75.64317,8.86187],[-75.64299,8.86241],[-75.64326,8.86141],[-75.64426,8.86123],[-75.64481,8.8606]]],[[[-75.64181,8.86277],[-75.6409,8.8625],[-75.64099,8.86151],[-75.64163,8.86187],[-75.64181,8.86277]]],[[[-75.63262,8.86143],[-75.63353,8.86134],[-75.63417,8.86206],[-75.63462,8.86152],[-75.63599,8.86143],[-75.63626,8.86179],[-75.63462,8.86197],[-75.63381,8.86306],[-75.63162,8.86261],[-75.63262,8.86143]]],[[[-75.64063,8.86268],[-75.64054,8.86305],[-75.63954,8.86269],[-75.63953,8.86214],[-75.64063,8.86268]]],[[[-75.64554,8.86367],[-75.64617,8.86141],[-75.64681,8.86123],[-75.64754,8.86367],[-75.64663,8.86503],[-75.64672,8.86376],[-75.64608,8.86331],[-75.64554,8.86367]]],[[[-75.63581,8.86351],[-75.63563,8.86405],[-75.6349,8.8636],[-75.63499,8.86315],[-75.63581,8.86351]]],[[[-75.63435,8.86378],[-75.6339,8.86414],[-75.63417,8.86469],[-75.63335,8.86433],[-75.63344,8.8636],[-75.63435,8.86378]]],[[[-75.63981,8.86431],[-75.63899,8.86341],[-75.64026,8.86359],[-75.64063,8.86314],[-75.64054,8.86449],[-75.64127,8.86504],[-75.64018,8.86504],[-75.64018,8.86585],[-75.63945,8.86603],[-75.63908,8.86495],[-75.63963,8.86495],[-75.63981,8.86431]]],[[[-75.6369,8.86568],[-75.63763,8.86549],[-75.63918,8.86694],[-75.63827,8.86712],[-75.6369,8.86568]]],[[[-75.63281,8.86722],[-75.63254,8.86722],[-75.63299,8.86568],[-75.63372,8.8655],[-75.63381,8.8664],[-75.63281,8.86722]]],[[[-75.66128,8.86808],[-75.66083,8.8679],[-75.6611,8.86717],[-75.66173,8.86717],[-75.66128,8.86808]]],[[[-75.62936,8.86686],[-75.62954,8.86876],[-75.62836,8.86877],[-75.62854,8.8675],[-75.62936,8.86686]]],[[[-75.67019,8.86896],[-75.66956,8.86933],[-75.66947,8.86869],[-75.67119,8.86869],[-75.67101,8.86923],[-75.67019,8.86896]]],[[[-75.62372,8.86923],[-75.62272,8.87004],[-75.62245,8.86968],[-75.62309,8.86905],[-75.62372,8.86923]]],[[[-75.62445,8.87049],[-75.625,8.86986],[-75.624,8.86986],[-75.62418,8.86913],[-75.625,8.86868],[-75.62591,8.86913],[-75.62636,8.86823],[-75.6269,8.86859],[-75.628,8.86795],[-75.62818,8.86877],[-75.62754,8.86877],[-75.62709,8.8694],[-75.62718,8.8703],[-75.62655,8.87148],[-75.62464,8.87103],[-75.62445,8.87049]]],[[[-75.66519,8.86988],[-75.66583,8.8696],[-75.66538,8.8697],[-75.66528,8.86906],[-75.66601,8.8687],[-75.66674,8.8696],[-75.6661,8.87078],[-75.66638,8.87132],[-75.66574,8.87205],[-75.66511,8.87187],[-75.66574,8.87132],[-75.66519,8.86988]]],[[[-75.66774,8.87069],[-75.66793,8.87186],[-75.66756,8.87241],[-75.66638,8.87232],[-75.66774,8.87069]]],[[[-75.67766,8.87121],[-75.67738,8.87221],[-75.67629,8.87194],[-75.67766,8.87121]]],[[[-75.67529,8.87266],[-75.67493,8.8723],[-75.67366,8.87285],[-75.67411,8.87158],[-75.67538,8.87185],[-75.67602,8.87275],[-75.67557,8.87366],[-75.67393,8.87375],[-75.67429,8.87321],[-75.67502,8.87321],[-75.67529,8.87266]]],[[[-75.67684,8.87266],[-75.67702,8.87402],[-75.6763,8.87329],[-75.67684,8.87266]]],[[[-75.66147,8.87359],[-75.66147,8.87423],[-75.66193,8.87441],[-75.66157,8.8754],[-75.66084,8.87522],[-75.66147,8.87359]]],[[[-75.64901,8.87443],[-75.64983,8.8747],[-75.64956,8.87551],[-75.64883,8.87542],[-75.64865,8.87624],[-75.64811,8.87642],[-75.64802,8.87542],[-75.64901,8.87443]]],[[[-75.6703,8.87674],[-75.67239,8.87683],[-75.67294,8.87755],[-75.67203,8.87882],[-75.67012,8.87864],[-75.66976,8.87765],[-75.6703,8.87674]]],[[[-75.66248,8.8801],[-75.66339,8.87992],[-75.66349,8.88263],[-75.66303,8.88146],[-75.66249,8.88146],[-75.66248,8.8801]]],[[[-75.67542,8.89129],[-75.67469,8.89238],[-75.67442,8.89121],[-75.67542,8.89129]]],[[[-75.67997,8.89291],[-75.67851,8.89274],[-75.67906,8.89255],[-75.67951,8.89201],[-75.67997,8.89291]]],[[[-75.67761,8.894],[-75.67661,8.89437],[-75.67633,8.89337],[-75.67724,8.89274],[-75.67761,8.894]]],[[[-75.67897,8.89436],[-75.67952,8.89509],[-75.67852,8.89563],[-75.67797,8.89446],[-75.67897,8.89436]]],[[[-75.62368,8.89636],[-75.62459,8.8969],[-75.62459,8.89826],[-75.62386,8.89826],[-75.62413,8.89762],[-75.62359,8.89772],[-75.62368,8.89636]]],[[[-75.65897,8.89738],[-75.6587,8.89802],[-75.65806,8.89748],[-75.65815,8.89684],[-75.65897,8.89738]]],[[[-75.66988,8.89727],[-75.66943,8.89845],[-75.6687,8.89809],[-75.66879,8.89673],[-75.66988,8.89727]]],[[[-75.62359,8.89889],[-75.62295,8.89889],[-75.62323,8.89826],[-75.62359,8.89889]]],[[[-75.62432,8.89871],[-75.6245,8.89889],[-75.62359,8.89889],[-75.62432,8.89871]]],[[[-75.67616,8.90034],[-75.67626,8.90151],[-75.67498,8.90152],[-75.6748,8.90052],[-75.67616,8.90034]]],[[[-75.61014,8.9019],[-75.61086,8.90253],[-75.60941,8.90262],[-75.60886,8.90217],[-75.60913,8.90172],[-75.61014,8.9019]]],[[[-75.68372,8.90331],[-75.68272,8.90358],[-75.68235,8.9025],[-75.68363,8.90286],[-75.68372,8.90331]]],[[[-75.68144,8.90304],[-75.68235,8.90304],[-75.68208,8.90385],[-75.68117,8.9034],[-75.68144,8.90304]]],[[[-75.61697,8.91093],[-75.61624,8.90985],[-75.61724,8.90876],[-75.61888,8.91075],[-75.61807,8.91193],[-75.61752,8.91138],[-75.61797,8.91066],[-75.61761,8.91039],[-75.61697,8.91093]]],[[[-75.61316,8.91483],[-75.61289,8.91564],[-75.61325,8.91609],[-75.61216,8.91573],[-75.61243,8.91483],[-75.61316,8.91483]]],[[[-75.65865,8.92316],[-75.65965,8.92361],[-75.65884,8.92479],[-75.65756,8.92443],[-75.65865,8.92316]]],[[[-75.60283,8.93682],[-75.60346,8.93682],[-75.60401,8.93736],[-75.60401,8.93863],[-75.60265,8.93836],[-75.60283,8.93682]]],[[[-75.60068,8.95844],[-75.60068,8.9589],[-75.60054,8.9589],[-75.60068,8.95844]]],[[[-75.68137,8.96174],[-75.6811,8.96111],[-75.68173,8.96111],[-75.6821,8.96147],[-75.68137,8.96174]]],[[[-75.61897,8.96104],[-75.62042,8.95995],[-75.62206,8.95995],[-75.62215,8.9623],[-75.62124,8.96257],[-75.62179,8.9632],[-75.62061,8.96329],[-75.62033,8.96257],[-75.61888,8.9623],[-75.61897,8.96104]]],[[[-75.62361,8.96157],[-75.6237,8.96257],[-75.62261,8.9623],[-75.62261,8.96139],[-75.62361,8.96157]]],[[[-75.68056,8.965],[-75.68101,8.96509],[-75.68174,8.96662],[-75.68074,8.96663],[-75.68056,8.965]]],[[[-75.6178,8.96773],[-75.61743,8.96791],[-75.61734,8.96656],[-75.61798,8.96637],[-75.6178,8.96773]]],[[[-75.62571,8.96727],[-75.62689,8.96708],[-75.62844,8.96835],[-75.62635,8.96889],[-75.62535,8.96844],[-75.62453,8.96908],[-75.62426,8.96835],[-75.62571,8.96727]]],[[[-75.61852,8.96809],[-75.62016,8.96836],[-75.62016,8.96917],[-75.61907,8.97108],[-75.61826,8.97053],[-75.61852,8.96809]]],[[[-75.61818,8.98103],[-75.61773,8.98112],[-75.61782,8.9803],[-75.61882,8.98039],[-75.61818,8.98103]]],[[[-75.60654,8.98484],[-75.60591,8.98494],[-75.60536,8.98403],[-75.60609,8.98313],[-75.60746,8.98611],[-75.60646,8.98629],[-75.606,8.98575],[-75.606,8.98512],[-75.60654,8.98484]]],[[[-75.61528,8.98555],[-75.61501,8.987],[-75.61464,8.98709],[-75.61419,8.98619],[-75.61528,8.98555]]],[[[-75.61601,8.98745],[-75.61583,8.98863],[-75.61501,8.98854],[-75.6151,8.98754],[-75.61601,8.98745]]],[[[-75.60337,8.98901],[-75.60309,8.98765],[-75.60345,8.98702],[-75.60282,8.9863],[-75.60245,8.98639],[-75.60273,8.98675],[-75.60265,8.98702],[-75.60163,8.9863],[-75.60054,8.9862],[-75.60054,8.98503],[-75.60227,8.98494],[-75.60254,8.98539],[-75.60336,8.98476],[-75.60454,8.98566],[-75.60464,8.98666],[-75.60564,8.98747],[-75.60582,8.98882],[-75.605,8.98846],[-75.60509,8.98774],[-75.60473,8.98765],[-75.60364,8.98865],[-75.60419,8.99],[-75.60392,8.991],[-75.60255,8.99109],[-75.60191,8.99055],[-75.6011,8.99227],[-75.60054,8.992],[-75.60055,8.99119],[-75.60101,8.99127],[-75.60337,8.98901]]],[[[-75.68306,8.98842],[-75.6836,8.98887],[-75.68233,8.98887],[-75.68306,8.98842]]],[[[-75.60919,8.98927],[-75.60828,8.98846],[-75.61055,8.98827],[-75.61155,8.98773],[-75.61155,8.9871],[-75.61246,8.98836],[-75.61374,8.988],[-75.61419,8.98981],[-75.61501,8.99017],[-75.61429,8.99053],[-75.61456,8.99161],[-75.61347,8.99261],[-75.61238,8.99216],[-75.61347,8.99098],[-75.61301,8.98917],[-75.61301,8.99089],[-75.60938,8.99289],[-75.60865,8.99126],[-75.60919,8.98927]]],[[[-75.6202,8.98934],[-75.62211,8.98916],[-75.62238,8.98988],[-75.62211,8.99133],[-75.62157,8.99124],[-75.62102,8.99187],[-75.62056,8.99151],[-75.62074,8.9898],[-75.6202,8.98934]]],[[[-75.61047,8.99578],[-75.61102,8.99497],[-75.6102,8.99443],[-75.6102,8.99388],[-75.61147,8.99243],[-75.61256,8.99279],[-75.61302,8.99352],[-75.61429,8.99297],[-75.6142,8.99397],[-75.61456,8.99397],[-75.6152,8.99315],[-75.6152,8.99188],[-75.61711,8.99179],[-75.61675,8.99351],[-75.61402,8.99668],[-75.61193,8.99705],[-75.61047,8.99578]]],[[[-75.62112,8.99538],[-75.62094,8.9954],[-75.62075,8.9945],[-75.62148,8.99414],[-75.62112,8.99538]]],[[[-75.66684,9.02616],[-75.66757,9.02643],[-75.66739,9.02725],[-75.66684,9.02616]]],[[[-75.62464,9.03347],[-75.62419,9.03366],[-75.62455,9.03203],[-75.62582,9.03175],[-75.62464,9.03347]]],[[[-75.62628,9.03275],[-75.62682,9.03347],[-75.62637,9.03419],[-75.6251,9.03474],[-75.62546,9.03284],[-75.62628,9.03275]]],[[[-75.62737,9.03492],[-75.62746,9.03573],[-75.62664,9.03528],[-75.62683,9.03456],[-75.62737,9.03492]]],[[[-75.66359,9.03956],[-75.66414,9.04028],[-75.66286,9.04019],[-75.66268,9.03983],[-75.66359,9.03956]]],[[[-75.66342,9.04254],[-75.66441,9.04154],[-75.66441,9.04073],[-75.6656,9.04055],[-75.6656,9.0419],[-75.66433,9.04305],[-75.66283,9.04341],[-75.66157,9.043],[-75.66342,9.04254]]],[[[-75.65714,9.04508],[-75.65887,9.04445],[-75.65941,9.04345],[-75.6606,9.04327],[-75.66013,9.04454],[-75.65861,9.0447],[-75.66015,9.04562],[-75.65933,9.04653],[-75.65823,9.04544],[-75.65714,9.04508]]],[[[-75.6818,9.04811],[-75.68189,9.04631],[-75.68253,9.04576],[-75.68335,9.04621],[-75.68417,9.04603],[-75.6838,9.04675],[-75.68317,9.04685],[-75.68299,9.04784],[-75.6829,9.04902],[-75.68361,9.04938],[-75.6837,9.05019],[-75.6818,9.04811]]],[[[-75.67507,9.04731],[-75.67616,9.04731],[-75.67625,9.04785],[-75.67744,9.04821],[-75.67789,9.04921],[-75.67644,9.04921],[-75.6758,9.04984],[-75.67507,9.04731]]],[[[-75.65843,9.05078],[-75.65843,9.05042],[-75.65943,9.05015],[-75.65843,9.05078]]],[[[-75.67254,9.05519],[-75.67353,9.05319],[-75.67226,9.05238],[-75.67244,9.05184],[-75.67444,9.05202],[-75.67426,9.05283],[-75.67472,9.05328],[-75.67417,9.05356],[-75.67445,9.05434],[-75.67381,9.05627],[-75.675,9.05889],[-75.674,9.05853],[-75.67345,9.05889],[-75.67254,9.05519]]],[[[-75.64078,9.0557],[-75.6416,9.05678],[-75.64051,9.05778],[-75.63997,9.05642],[-75.64078,9.0557]]],[[[-75.65453,9.05875],[-75.65453,9.05938],[-75.65389,9.06038],[-75.65271,9.06056],[-75.6528,9.05956],[-75.65371,9.05947],[-75.65453,9.05875]]],[[[-75.6479,9.06636],[-75.6469,9.06645],[-75.64708,9.06518],[-75.6479,9.06636]]],[[[-75.66992,9.06731],[-75.66983,9.06677],[-75.67119,9.06658],[-75.67074,9.06731],[-75.66992,9.06731]]],[[[-75.66028,9.07095],[-75.66037,9.07022],[-75.66119,9.06986],[-75.66073,9.06914],[-75.66073,9.06751],[-75.66264,9.06642],[-75.66291,9.06524],[-75.66409,9.06488],[-75.66437,9.06569],[-75.66364,9.06651],[-75.66419,9.06795],[-75.6651,9.0684],[-75.66447,9.07003],[-75.66465,9.07103],[-75.66411,9.07139],[-75.66383,9.07257],[-75.66147,9.07275],[-75.66028,9.07095]]],[[[-75.66666,9.07311],[-75.66538,9.06985],[-75.66792,9.06885],[-75.66974,9.06939],[-75.67156,9.06903],[-75.67266,9.07047],[-75.67293,9.07192],[-75.67375,9.07264],[-75.67002,9.0731],[-75.66902,9.07464],[-75.66775,9.07518],[-75.66702,9.07528],[-75.66511,9.07437],[-75.66666,9.07311]]],[[[-75.65838,9.07457],[-75.6602,9.07547],[-75.66029,9.07592],[-75.65838,9.07629],[-75.65838,9.07547],[-75.65774,9.07493],[-75.65838,9.07457]]],[[[-75.65829,9.07764],[-75.65857,9.07864],[-75.66011,9.07882],[-75.66148,9.07746],[-75.66084,9.07899],[-75.65866,9.07963],[-75.65793,9.07936],[-75.65829,9.07764]]],[[[-75.66557,9.07817],[-75.66694,9.07781],[-75.66627,9.07873],[-75.66658,9.08034],[-75.66557,9.07817]]],[[[-75.6785,9.08312],[-75.67905,9.0843],[-75.67832,9.0843],[-75.6785,9.08312]]],[[[-75.66692,9.08387],[-75.6675,9.08513],[-75.66631,9.08523],[-75.6664,9.0836],[-75.66692,9.08387]]],[[[-75.65949,9.0846],[-75.6604,9.08397],[-75.6614,9.08451],[-75.6614,9.08569],[-75.66058,9.08578],[-75.66049,9.08732],[-75.65913,9.08696],[-75.65894,9.08587],[-75.65949,9.0846]]],[[[-75.67796,9.08511],[-75.67905,9.08502],[-75.67932,9.0843],[-75.67978,9.08556],[-75.6806,9.08574],[-75.68096,9.08538],[-75.68033,9.08475],[-75.68158,9.08511],[-75.68068,9.08599],[-75.67969,9.08611],[-75.67842,9.08746],[-75.67796,9.08692],[-75.67742,9.0871],[-75.67796,9.08511]]],[[[-75.66777,9.08567],[-75.66804,9.08583],[-75.66878,9.08839],[-75.66777,9.08567]]],[[[-75.68297,9.08673],[-75.68306,9.088],[-75.68224,9.08818],[-75.68297,9.08673]]],[[[-75.67217,9.08784],[-75.67351,9.08802],[-75.67447,9.08694],[-75.67533,9.08684],[-75.6746,9.08711],[-75.67505,9.08774],[-75.67433,9.0882],[-75.67269,9.08811],[-75.67233,9.08874],[-75.67042,9.08865],[-75.67217,9.08784]]],[[[-75.67806,9.08775],[-75.67606,9.08928],[-75.67678,9.08846],[-75.67651,9.0872],[-75.67806,9.08775]]],[[[-75.65795,9.09166],[-75.65805,9.09293],[-75.65705,9.0932],[-75.65623,9.09284],[-75.65623,9.09221],[-75.65795,9.09166]]],[[[-75.66888,9.09589],[-75.66852,9.09481],[-75.66761,9.09517],[-75.66724,9.09499],[-75.66761,9.0949],[-75.66742,9.094],[-75.66788,9.09336],[-75.66897,9.09363],[-75.66869,9.09282],[-75.67033,9.09019],[-75.67096,9.0901],[-75.67169,9.09073],[-75.67397,9.09028],[-75.67451,9.091],[-75.67442,9.09009],[-75.67497,9.09009],[-75.67542,9.09196],[-75.67516,9.09443],[-75.6766,9.09466],[-75.67682,9.09344],[-75.67779,9.09325],[-75.67725,9.09434],[-75.67753,9.09524],[-75.67598,9.09507],[-75.67543,9.09606],[-75.67398,9.09534],[-75.6738,9.09588],[-75.6727,9.0958],[-75.67225,9.09661],[-75.67116,9.09706],[-75.66888,9.09589]],[[-75.67361,9.09263],[-75.67297,9.09326],[-75.67252,9.09272],[-75.67197,9.09281],[-75.67261,9.09489],[-75.67307,9.09489],[-75.67388,9.09371],[-75.67361,9.09263]]],[[[-75.66133,9.09627],[-75.66087,9.09527],[-75.66114,9.09365],[-75.6616,9.09328],[-75.66296,9.09373],[-75.66406,9.09599],[-75.66379,9.09753],[-75.66133,9.09627]]],[[[-75.67073,9.11117],[-75.67155,9.1109],[-75.67155,9.11045],[-75.67091,9.11036],[-75.67045,9.10964],[-75.67054,9.10701],[-75.67209,9.10602],[-75.67345,9.10674],[-75.67363,9.1052],[-75.67454,9.10493],[-75.67554,9.10384],[-75.67691,9.10411],[-75.67709,9.10438],[-75.67627,9.1042],[-75.67518,9.10502],[-75.67418,9.10647],[-75.67543,9.1071],[-75.67518,9.108],[-75.67369,9.10817],[-75.673,9.10746],[-75.67091,9.10765],[-75.67178,9.11137],[-75.67282,9.11149],[-75.67225,9.11232],[-75.67192,9.11235],[-75.67191,9.11172],[-75.67064,9.11208],[-75.67073,9.11117]]],[[[-75.67964,9.10781],[-75.67964,9.10817],[-75.67828,9.10926],[-75.67837,9.10827],[-75.67964,9.10781]]],[[[-75.67801,9.11078],[-75.67719,9.11143],[-75.6771,9.11104],[-75.67801,9.11078]]],[[[-75.68129,9.11097],[-75.68045,9.11206],[-75.67931,9.11215],[-75.67956,9.11143],[-75.68129,9.11097]]],[[[-75.64152,9.11204],[-75.64161,9.11385],[-75.6407,9.11385],[-75.64011,9.11449],[-75.6401,9.11388],[-75.64107,9.11358],[-75.64152,9.11204]]],[[[-75.6549,9.1131],[-75.65363,9.11292],[-75.65408,9.1122],[-75.65544,9.11184],[-75.65717,9.11283],[-75.65863,9.11228],[-75.65672,9.11464],[-75.65654,9.1159],[-75.65518,9.11482],[-75.6549,9.1131]]],[[[-75.67124,9.11307],[-75.67181,9.11349],[-75.67147,9.11506],[-75.67083,9.11452],[-75.67124,9.11307]]],[[[-75.66373,9.11535],[-75.66327,9.11481],[-75.66363,9.11173],[-75.66491,9.11137],[-75.66591,9.11164],[-75.66627,9.11218],[-75.66573,9.11299],[-75.666,9.1139],[-75.66519,9.1148],[-75.66519,9.11607],[-75.66446,9.1158],[-75.66446,9.11797],[-75.66365,9.11815],[-75.66301,9.11725],[-75.66373,9.11535]]],[[[-75.67247,9.11651],[-75.67374,9.1137],[-75.67346,9.11298],[-75.67274,9.11307],[-75.67341,9.11207],[-75.67437,9.11225],[-75.67355,9.11253],[-75.67447,9.11336],[-75.67424,9.11491],[-75.67456,9.11519],[-75.67411,9.11614],[-75.67669,9.11637],[-75.67936,9.11559],[-75.6782,9.11623],[-75.67929,9.11616],[-75.67748,9.11813],[-75.67693,9.11786],[-75.67702,9.11659],[-75.67575,9.11695],[-75.67474,9.11641],[-75.67393,9.11669],[-75.67438,9.11786],[-75.67411,9.1184],[-75.67329,9.11813],[-75.67329,9.1175],[-75.67265,9.1175],[-75.67247,9.11651]]],[[[-75.63807,9.11684],[-75.6397,9.11468],[-75.63934,9.11621],[-75.63871,9.11639],[-75.63853,9.11702],[-75.63753,9.11775],[-75.6368,9.11757],[-75.63743,9.11671],[-75.63807,9.11684]]],[[[-75.68055,9.11695],[-75.68048,9.11731],[-75.68412,9.11793],[-75.68103,9.11794],[-75.68021,9.11767],[-75.68055,9.11695]]],[[[-75.66018,9.11653],[-75.65964,9.11753],[-75.65964,9.12006],[-75.65939,9.11716],[-75.66018,9.11653]]],[[[-75.67966,9.11939],[-75.67966,9.11975],[-75.67894,9.11984],[-75.67866,9.11912],[-75.67966,9.11939]]],[[[-75.63271,9.12065],[-75.63253,9.1202],[-75.63416,9.12019],[-75.63216,9.1211],[-75.63189,9.12047],[-75.63271,9.12065]]],[[[-75.67767,9.12174],[-75.6773,9.12165],[-75.67757,9.12075],[-75.67803,9.12129],[-75.67767,9.12174]]],[[[-75.67366,9.12184],[-75.6733,9.12112],[-75.67584,9.11985],[-75.67658,9.12328],[-75.67558,9.12319],[-75.67366,9.12184]]],[[[-75.63471,9.12182],[-75.63362,9.12228],[-75.63344,9.12173],[-75.63416,9.12101],[-75.63471,9.12182]]],[[[-75.65356,9.12604],[-75.6541,9.12332],[-75.65301,9.1226],[-75.65273,9.1217],[-75.65364,9.12188],[-75.65455,9.12124],[-75.65482,9.12043],[-75.65418,9.12007],[-75.65409,9.11935],[-75.655,9.11925],[-75.65527,9.11808],[-75.65609,9.11753],[-75.6567,9.11627],[-75.65537,9.11998],[-75.65546,9.12151],[-75.65637,9.12305],[-75.65715,9.12324],[-75.65702,9.12594],[-75.65796,9.12513],[-75.6582,9.12567],[-75.65702,9.12685],[-75.65638,9.12676],[-75.65629,9.12757],[-75.65356,9.12604]]],[[[-75.65887,9.12105],[-75.65902,9.12494],[-75.65856,9.12335],[-75.65887,9.12105]]],[[[-75.64102,9.12389],[-75.63972,9.12404],[-75.63981,9.12344],[-75.64236,9.12362],[-75.642,9.12461],[-75.64084,9.12498],[-75.64102,9.12389]]],[[[-75.64182,9.12579],[-75.64246,9.12615],[-75.64191,9.12705],[-75.64182,9.12579]]],[[[-75.67577,9.12817],[-75.67495,9.12799],[-75.67449,9.12853],[-75.67458,9.12754],[-75.67631,9.12753],[-75.67592,9.12779],[-75.67641,9.12897],[-75.67537,9.12898],[-75.67491,9.12995],[-75.67413,9.13034],[-75.67577,9.12817]]],[[[-75.64024,9.12845],[-75.64036,9.12887],[-75.63882,9.12914],[-75.63818,9.12869],[-75.63818,9.12937],[-75.63746,9.12941],[-75.63788,9.12842],[-75.64024,9.12845]]],[[[-75.63154,9.12979],[-75.63145,9.12843],[-75.62972,9.12807],[-75.62973,9.12753],[-75.63135,9.12794],[-75.63181,9.12917],[-75.63073,9.13223],[-75.63063,9.13151],[-75.63154,9.12979]]],[[[-75.631,9.13353],[-75.63091,9.13368],[-75.63073,9.13223],[-75.631,9.13353]]],[[[-75.6754,9.13061],[-75.67723,9.13241],[-75.67669,9.1335],[-75.67714,9.13359],[-75.67723,9.13314],[-75.6776,9.13347],[-75.67696,9.13386],[-75.67788,9.13396],[-75.6776,9.13296],[-75.67903,9.13296],[-75.6796,9.13413],[-75.67945,9.13458],[-75.67878,9.13404],[-75.6786,9.13459],[-75.67787,9.13441],[-75.67733,9.13495],[-75.67751,9.13703],[-75.6767,9.13766],[-75.67661,9.13839],[-75.67551,9.13902],[-75.67543,9.13993],[-75.6751,9.13972],[-75.67547,9.13841],[-75.67633,9.13766],[-75.67488,9.13758],[-75.67471,9.13803],[-75.67342,9.13622],[-75.67405,9.13577],[-75.67469,9.13667],[-75.67551,9.13658],[-75.6756,9.1355],[-75.67496,9.1355],[-75.67532,9.13477],[-75.67487,9.13441],[-75.67405,9.13477],[-75.6735,9.13432],[-75.67359,9.13378],[-75.67268,9.13351],[-75.67396,9.13269],[-75.6745,9.1317],[-75.67413,9.13107],[-75.67304,9.13134],[-75.67295,9.13053],[-75.67413,9.13034],[-75.67453,9.13079],[-75.6754,9.13061]],[[-75.67705,9.13441],[-75.6766,9.13396],[-75.67569,9.13459],[-75.67578,9.13522],[-75.67705,9.13441]]],[[[-75.64266,9.1361],[-75.64266,9.13628],[-75.64193,9.13673],[-75.64147,9.13619],[-75.64174,9.13574],[-75.64266,9.1361]]],[[[-75.67142,9.13804],[-75.67243,9.13812],[-75.67342,9.13984],[-75.67424,9.13984],[-75.67397,9.14029],[-75.67288,9.14038],[-75.67197,9.13993],[-75.67142,9.13804]]],[[[-75.63986,9.14867],[-75.63885,9.14696],[-75.63867,9.14551],[-75.63611,9.14298],[-75.63731,9.14373],[-75.6373,9.14253],[-75.63768,9.14254],[-75.63879,9.14409],[-75.63959,9.14415],[-75.63988,9.14671],[-75.64122,9.14867],[-75.6415,9.14813],[-75.64192,9.14836],[-75.64238,9.1474],[-75.6414,9.14715],[-75.64158,9.1465],[-75.64094,9.1461],[-75.64162,9.14601],[-75.64176,9.14523],[-75.64131,9.14514],[-75.64149,9.1446],[-75.64042,9.14314],[-75.64061,9.1418],[-75.64231,9.14442],[-75.64367,9.14442],[-75.64257,9.14035],[-75.6413,9.14053],[-75.64092,9.14135],[-75.64032,9.14075],[-75.64039,9.14135],[-75.63911,9.14151],[-75.63642,9.14031],[-75.63665,9.13825],[-75.63874,9.13629],[-75.63856,9.13583],[-75.6378,9.13602],[-75.63797,9.13556],[-75.63721,9.13544],[-75.63628,9.13349],[-75.63673,9.13369],[-75.63694,9.13303],[-75.63733,9.13334],[-75.63787,9.13186],[-75.6386,9.13189],[-75.63849,9.13139],[-75.63787,9.13131],[-75.63786,9.12996],[-75.63982,9.12941],[-75.63955,9.13041],[-75.64119,9.13176],[-75.64037,9.13285],[-75.64147,9.13284],[-75.64147,9.13402],[-75.64029,9.13538],[-75.63847,9.13493],[-75.63838,9.13547],[-75.63938,9.13583],[-75.63938,9.13692],[-75.64084,9.13637],[-75.64175,9.13782],[-75.63993,9.13737],[-75.63893,9.139],[-75.63957,9.13882],[-75.64066,9.13972],[-75.64157,9.13936],[-75.64494,9.13944],[-75.64585,9.14061],[-75.64667,9.14097],[-75.64749,9.1407],[-75.64758,9.14143],[-75.64694,9.14179],[-75.64722,9.14323],[-75.64886,9.14468],[-75.6474,9.14477],[-75.64704,9.14387],[-75.64549,9.1445],[-75.64468,9.14586],[-75.64504,9.14713],[-75.64632,9.14722],[-75.64677,9.14658],[-75.64795,9.14658],[-75.64832,9.14586],[-75.65305,9.14458],[-75.65414,9.1434],[-75.65359,9.14313],[-75.65395,9.14268],[-75.65541,9.14322],[-75.65614,9.14268],[-75.65659,9.14367],[-75.6555,9.14421],[-75.65514,9.14494],[-75.65642,9.14593],[-75.65587,9.14638],[-75.65405,9.14521],[-75.65214,9.14513],[-75.64752,9.14739],[-75.64996,9.14766],[-75.64932,9.14775],[-75.64905,9.14848],[-75.64532,9.14912],[-75.63986,9.14867]],[[-75.63892,9.13149],[-75.63955,9.13113],[-75.63946,9.13077],[-75.63864,9.13095],[-75.63892,9.13149]]],[[[-75.62624,9.1392],[-75.62708,9.1364],[-75.63192,9.13838],[-75.63247,9.14055],[-75.63193,9.14127],[-75.63256,9.14227],[-75.6312,9.14308],[-75.63129,9.14254],[-75.62624,9.1392]]],[[[-75.63365,9.13919],[-75.63338,9.13838],[-75.63475,9.14217],[-75.63393,9.14181],[-75.63365,9.13919]]],[[[-75.67816,9.14336],[-75.67716,9.142],[-75.67952,9.14191],[-75.67994,9.14082],[-75.68325,9.14029],[-75.68398,9.14054],[-75.68135,9.14268],[-75.68007,9.1429],[-75.67998,9.14336],[-75.68125,9.1444],[-75.68106,9.14479],[-75.68044,9.1448],[-75.68035,9.14399],[-75.67898,9.14363],[-75.67889,9.14318],[-75.67816,9.14336]]],[[[-75.62883,9.14291],[-75.62838,9.1439],[-75.62747,9.14354],[-75.62765,9.14291],[-75.62883,9.14291]]],[[[-75.6342,9.14344],[-75.63484,9.14461],[-75.63621,9.14524],[-75.63612,9.14588],[-75.63466,9.14588],[-75.6342,9.14344]]],[[[-75.65633,9.14675],[-75.65751,9.14638],[-75.65796,9.14566],[-75.65851,9.14602],[-75.65878,9.14748],[-75.65815,9.1481],[-75.65779,9.14991],[-75.65688,9.14981],[-75.65697,9.14783],[-75.65633,9.14675]]],[[[-75.63649,9.15013],[-75.63685,9.14967],[-75.63886,9.1494],[-75.64277,9.14994],[-75.64268,9.15057],[-75.64359,9.15075],[-75.64359,9.15111],[-75.63822,9.1513],[-75.63649,9.15013]]],[[[-75.67646,9.15964],[-75.67691,9.15639],[-75.67624,9.15675],[-75.67509,9.15609],[-75.67549,9.15422],[-75.67617,9.15373],[-75.67509,9.15346],[-75.67499,9.15223],[-75.67253,9.1469],[-75.67044,9.14661],[-75.66898,9.14727],[-75.66999,9.15124],[-75.66871,9.15079],[-75.6675,9.15439],[-75.66535,9.15532],[-75.66496,9.1584],[-75.66214,9.15737],[-75.66119,9.15822],[-75.6593,9.1575],[-75.65916,9.15551],[-75.65852,9.15434],[-75.65702,9.15398],[-75.65703,9.15263],[-75.65808,9.15182],[-75.65961,9.15171],[-75.66102,9.1493],[-75.66197,9.14972],[-75.6622,9.14922],[-75.66143,9.14881],[-75.66269,9.14565],[-75.66334,9.1489],[-75.66125,9.15017],[-75.66052,9.15226],[-75.66271,9.15442],[-75.66344,9.15343],[-75.66271,9.15252],[-75.66371,9.1527],[-75.66498,9.15125],[-75.66562,9.15134],[-75.66617,9.15252],[-75.66689,9.15242],[-75.66698,9.15161],[-75.66625,9.1508],[-75.66816,9.14998],[-75.66789,9.14917],[-75.6688,9.14853],[-75.66807,9.14745],[-75.66843,9.14681],[-75.66761,9.14673],[-75.66761,9.14636],[-75.66916,9.14573],[-75.6687,9.14365],[-75.66806,9.14293],[-75.66742,9.14293],[-75.66778,9.14166],[-75.66961,9.14229],[-75.67097,9.14174],[-75.67134,9.14346],[-75.67015,9.14283],[-75.67006,9.14374],[-75.67079,9.1441],[-75.67088,9.14491],[-75.67307,9.14726],[-75.67545,9.15241],[-75.67745,9.15421],[-75.67709,9.15494],[-75.67791,9.15575],[-75.67828,9.15864],[-75.67728,9.15856],[-75.67665,9.15919],[-75.67674,9.15996],[-75.67583,9.16037],[-75.67556,9.16114],[-75.67492,9.16108],[-75.67646,9.15964]],[[-75.6648,9.15415],[-75.66444,9.15306],[-75.66353,9.15343],[-75.66344,9.15469],[-75.6638,9.15487],[-75.6648,9.15415]]],[[[-75.6334,9.1514],[-75.63486,9.15131],[-75.63468,9.15257],[-75.63377,9.15339],[-75.63477,9.15366],[-75.63504,9.15429],[-75.63313,9.15457],[-75.63286,9.1524],[-75.6334,9.1514]]],[[[-75.63623,9.15393],[-75.6355,9.15375],[-75.6354,9.1532],[-75.63632,9.1532],[-75.63623,9.15393]]],[[[-75.65635,9.16113],[-75.65537,9.16203],[-75.65399,9.1614],[-75.65535,9.16022],[-75.6548,9.15887],[-75.65534,9.15679],[-75.65488,9.15308],[-75.65597,9.15127],[-75.65597,9.15036],[-75.6546,9.14847],[-75.65141,9.14829],[-75.65196,9.14793],[-75.65141,9.14752],[-75.65407,9.14756],[-75.65578,9.14883],[-75.65649,9.1482],[-75.65678,9.14861],[-75.65588,9.15326],[-75.65762,9.15494],[-75.65634,9.15516],[-75.65559,9.159],[-75.65818,9.16311],[-75.65635,9.16113]]],[[[-75.64078,9.15781],[-75.64088,9.15844],[-75.6416,9.15862],[-75.63978,9.15835],[-75.64078,9.15781]]],[[[-75.64006,9.15989],[-75.63897,9.16007],[-75.63951,9.1589],[-75.64033,9.15889],[-75.64006,9.15989]]],[[[-75.65365,9.17651],[-75.65483,9.1765],[-75.65535,9.17615],[-75.65547,9.17623],[-75.65292,9.17796],[-75.65286,9.17597],[-75.65365,9.17651]]],[[[-75.67656,9.21282],[-75.67611,9.21219],[-75.67674,9.21174],[-75.67629,9.21092],[-75.6772,9.21092],[-75.67692,9.20857],[-75.67646,9.20812],[-75.67537,9.20821],[-75.67519,9.20731],[-75.67419,9.20722],[-75.67437,9.20668],[-75.67373,9.20668],[-75.67318,9.20487],[-75.67345,9.20397],[-75.67309,9.20388],[-75.67336,9.20234],[-75.67263,9.20089],[-75.6719,9.2008],[-75.67099,9.19972],[-75.67008,9.19999],[-75.66953,9.19963],[-75.66953,9.19891],[-75.66871,9.19828],[-75.66725,9.19855],[-75.66662,9.19819],[-75.66443,9.19937],[-75.66225,9.19946],[-75.66097,9.19766],[-75.65933,9.19712],[-75.65951,9.1963],[-75.65878,9.19549],[-75.65842,9.19558],[-75.65842,9.19712],[-75.65815,9.19676],[-75.65687,9.19712],[-75.65678,9.19667],[-75.65824,9.19567],[-75.65741,9.19405],[-75.65605,9.19423],[-75.65577,9.19333],[-75.65732,9.19115],[-75.65723,9.19016],[-75.65777,9.1897],[-75.65741,9.18952],[-75.65659,9.19025],[-75.65622,9.18925],[-75.65486,9.18899],[-75.65486,9.18826],[-75.65586,9.18763],[-75.65577,9.18892],[-75.66014,9.18899],[-75.65926,9.19069],[-75.65947,9.19166],[-75.65741,9.19151],[-75.65741,9.19323],[-75.65796,9.19423],[-75.65869,9.19425],[-75.65997,9.19567],[-75.66068,9.1959],[-75.66168,9.1954],[-75.66206,9.19587],[-75.66152,9.1972],[-75.66197,9.19784],[-75.66361,9.19829],[-75.66498,9.19783],[-75.66616,9.19647],[-75.66646,9.1946],[-75.66743,9.19558],[-75.66789,9.1971],[-75.66852,9.19692],[-75.66892,9.19557],[-75.66941,9.19547],[-75.66971,9.19746],[-75.6739,9.199],[-75.67472,9.20025],[-75.67435,9.19935],[-75.67462,9.19899],[-75.67525,9.20005],[-75.67545,9.20294],[-75.67473,9.20514],[-75.67546,9.20605],[-75.67555,9.20731],[-75.67619,9.20785],[-75.67856,9.20821],[-75.67856,9.20749],[-75.6811,9.20603],[-75.6822,9.20594],[-75.68228,9.20512],[-75.68092,9.20458],[-75.67936,9.20128],[-75.67901,9.19999],[-75.67919,9.19663],[-75.67954,9.19654],[-75.67662,9.19202],[-75.67516,9.19112],[-75.67186,9.19131],[-75.67024,9.19092],[-75.66781,9.18903],[-75.6675,9.18587],[-75.66944,9.18263],[-75.67113,9.18082],[-75.67126,9.17844],[-75.67213,9.17566],[-75.66903,9.17548],[-75.66794,9.17594],[-75.66658,9.17738],[-75.66576,9.17667],[-75.66639,9.17657],[-75.66648,9.17594],[-75.66566,9.17603],[-75.66521,9.17649],[-75.66541,9.17762],[-75.66013,9.17107],[-75.65973,9.16863],[-75.65358,9.16682],[-75.65254,9.1671],[-75.65245,9.16969],[-75.65173,9.17117],[-75.65191,9.17235],[-75.65344,9.17226],[-75.65246,9.17361],[-75.65228,9.17497],[-75.65183,9.17452],[-75.65192,9.17334],[-75.65064,9.17208],[-75.65099,9.16765],[-75.65227,9.16602],[-75.65154,9.16593],[-75.65054,9.16702],[-75.64981,9.16611],[-75.64726,9.16567],[-75.64598,9.16395],[-75.64724,9.15716],[-75.64852,9.15807],[-75.65016,9.15788],[-75.65125,9.15833],[-75.65216,9.15788],[-75.65325,9.15833],[-75.65362,9.15788],[-75.65389,9.15851],[-75.65434,9.15815],[-75.65335,9.16077],[-75.65153,9.16123],[-75.65208,9.16231],[-75.65144,9.16385],[-75.65272,9.16556],[-75.6563,9.16566],[-75.6601,9.16773],[-75.66092,9.1708],[-75.66398,9.17341],[-75.6653,9.17567],[-75.66639,9.17585],[-75.66707,9.17458],[-75.66878,9.17431],[-75.66984,9.17479],[-75.67203,9.17394],[-75.67239,9.17358],[-75.67212,9.17249],[-75.67121,9.17208],[-75.67143,9.1697],[-75.66971,9.17059],[-75.66866,9.17005],[-75.67047,9.16864],[-75.67182,9.16824],[-75.67484,9.16896],[-75.67548,9.16869],[-75.67557,9.16796],[-75.6702,9.16731],[-75.66828,9.16514],[-75.66719,9.16219],[-75.66514,9.16129],[-75.66436,9.15921],[-75.66563,9.15915],[-75.66609,9.16048],[-75.66687,9.16011],[-75.66767,9.16059],[-75.66844,9.16029],[-75.66846,9.16138],[-75.66946,9.16264],[-75.67301,9.16164],[-75.66955,9.16345],[-75.66974,9.16427],[-75.67001,9.16499],[-75.67174,9.16634],[-75.6751,9.16718],[-75.67587,9.16671],[-75.67611,9.16362],[-75.67565,9.16335],[-75.67405,9.16534],[-75.67347,9.16493],[-75.6752,9.16326],[-75.6741,9.16317],[-75.67226,9.16413],[-75.67183,9.16408],[-75.67205,9.16364],[-75.67374,9.16272],[-75.6743,9.16191],[-75.67474,9.16206],[-75.67474,9.16281],[-75.67775,9.16362],[-75.67767,9.16269],[-75.67665,9.16229],[-75.67756,9.16045],[-75.67847,9.16054],[-75.67819,9.15946],[-75.67965,9.15982],[-75.68175,9.16126],[-75.6832,9.1609],[-75.6842,9.15972],[-75.68393,9.15909],[-75.68274,9.15945],[-75.67992,9.1571],[-75.67982,9.15475],[-75.67918,9.15439],[-75.67964,9.15258],[-75.67918,9.15204],[-75.67754,9.15177],[-75.67581,9.15024],[-75.67572,9.14988],[-75.67654,9.14942],[-75.67644,9.14861],[-75.6759,9.14897],[-75.67499,9.14861],[-75.67653,9.14834],[-75.6769,9.14725],[-75.67516,9.14481],[-75.6737,9.144],[-75.67316,9.14255],[-75.67425,9.14273],[-75.67416,9.14382],[-75.67507,9.14346],[-75.67807,9.14444],[-75.67698,9.14481],[-75.67699,9.14707],[-75.67932,9.15023],[-75.67963,9.15159],[-75.67927,9.15195],[-75.67978,9.15186],[-75.68053,9.15294],[-75.68083,9.15584],[-75.68165,9.15737],[-75.68502,9.15963],[-75.68855,9.16107],[-75.68985,9.16279],[-75.68903,9.16333],[-75.68931,9.16423],[-75.68985,9.16405],[-75.69012,9.16305],[-75.69197,9.16316],[-75.69312,9.16241],[-75.69358,9.16278],[-75.69231,9.16413],[-75.69202,9.16525],[-75.68872,9.16854],[-75.69177,9.16911],[-75.69105,9.17029],[-75.6916,9.17137],[-75.69272,9.17092],[-75.69396,9.17155],[-75.69651,9.1714],[-75.69588,9.17326],[-75.69615,9.17417],[-75.69743,9.17444],[-75.6987,9.17389],[-75.69977,9.17443],[-75.70016,9.17486],[-75.69973,9.17687],[-75.70116,9.17624],[-75.70135,9.17741],[-75.70208,9.17809],[-75.70089,9.17931],[-75.69861,9.17669],[-75.69752,9.1767],[-75.69861,9.17534],[-75.69852,9.1747],[-75.69715,9.17498],[-75.69633,9.17435],[-75.69506,9.17453],[-75.69488,9.17616],[-75.69598,9.17769],[-75.69461,9.17661],[-75.69352,9.17688],[-75.69306,9.17761],[-75.69516,9.17842],[-75.69525,9.1795],[-75.69653,9.17995],[-75.69626,9.1814],[-75.69471,9.18264],[-75.6948,9.18213],[-75.69426,9.18229],[-75.69407,9.18183],[-75.69536,9.17987],[-75.69489,9.17996],[-75.69419,9.18122],[-75.69449,9.17997],[-75.69371,9.18],[-75.69398,9.17905],[-75.69343,9.17915],[-75.69322,9.17978],[-75.69316,9.17897],[-75.69275,9.17884],[-75.69234,9.18078],[-75.69277,9.18148],[-75.69191,9.18126],[-75.69216,9.18041],[-75.6917,9.1811],[-75.69061,9.18123],[-75.69026,9.18059],[-75.68966,9.18331],[-75.68985,9.18091],[-75.68907,9.18169],[-75.68916,9.18404],[-75.69035,9.18606],[-75.69013,9.1863],[-75.68931,9.18511],[-75.68926,9.18602],[-75.68876,9.18612],[-75.68883,9.18275],[-75.68825,9.18286],[-75.68798,9.18386],[-75.68761,9.18381],[-75.68792,9.18248],[-75.68717,9.18267],[-75.68675,9.18211],[-75.68502,9.18396],[-75.6848,9.18314],[-75.68594,9.18151],[-75.68907,9.18142],[-75.68979,9.17951],[-75.68879,9.17897],[-75.6886,9.17816],[-75.68924,9.17644],[-75.69015,9.17572],[-75.68641,9.17527],[-75.68587,9.1769],[-75.68642,9.17762],[-75.6856,9.17771],[-75.68533,9.17835],[-75.68597,9.1804],[-75.68461,9.18296],[-75.6846,9.18423],[-75.68455,9.18242],[-75.68582,9.1802],[-75.68488,9.18079],[-75.68443,9.18224],[-75.684,9.18215],[-75.68433,9.18137],[-75.68274,9.18342],[-75.68279,9.18306],[-75.68197,9.18324],[-75.68115,9.18442],[-75.68207,9.18776],[-75.68253,9.1881],[-75.68216,9.18866],[-75.68242,9.1893],[-75.68343,9.18951],[-75.68376,9.1887],[-75.68307,9.1885],[-75.68317,9.18715],[-75.68434,9.18726],[-75.68478,9.18782],[-75.68485,9.18884],[-75.68408,9.18883],[-75.68502,9.18911],[-75.68517,9.19237],[-75.68572,9.19228],[-75.68626,9.19357],[-75.6858,9.1939],[-75.68436,9.19334],[-75.6841,9.19264],[-75.68399,9.19181],[-75.68462,9.19101],[-75.68435,9.18947],[-75.6838,9.1902],[-75.68317,9.18962],[-75.68341,9.1902],[-75.68298,9.19038],[-75.68254,9.18964],[-75.68128,9.18975],[-75.67982,9.18476],[-75.68024,9.18324],[-75.67824,9.18388],[-75.67787,9.18695],[-75.67737,9.18628],[-75.67777,9.18431],[-75.67606,9.18433],[-75.67615,9.1875],[-75.67506,9.18813],[-75.67479,9.1894],[-75.67611,9.18976],[-75.67625,9.1903],[-75.67807,9.19139],[-75.67921,9.19138],[-75.67862,9.19166],[-75.67898,9.19229],[-75.67944,9.19283],[-75.68041,9.19294],[-75.67981,9.19355],[-75.68045,9.19505],[-75.68008,9.19509],[-75.68036,9.1969],[-75.68136,9.19662],[-75.68072,9.19536],[-75.68166,9.19548],[-75.68117,9.19499],[-75.68145,9.19445],[-75.67999,9.19391],[-75.68117,9.19405],[-75.68108,9.19347],[-75.68254,9.19374],[-75.68281,9.19481],[-75.68245,9.19445],[-75.68181,9.19472],[-75.682,9.19689],[-75.68117,9.19689],[-75.68127,9.19758],[-75.68063,9.19807],[-75.68136,9.19966],[-75.68091,9.19979],[-75.68091,9.20033],[-75.68219,9.2025],[-75.68264,9.20259],[-75.68255,9.20196],[-75.68283,9.20222],[-75.68292,9.20286],[-75.68246,9.20313],[-75.68274,9.20368],[-75.68365,9.20313],[-75.68392,9.20395],[-75.68556,9.20461],[-75.68274,9.20449],[-75.68256,9.20494],[-75.68383,9.20521],[-75.68456,9.20593],[-75.68529,9.20539],[-75.68565,9.20575],[-75.68518,9.20825],[-75.68435,9.20835],[-75.6832,9.20697],[-75.68338,9.20657],[-75.68283,9.20639],[-75.68129,9.20675],[-75.67874,9.20974],[-75.67802,9.21083],[-75.67802,9.21255],[-75.67966,9.21435],[-75.67848,9.21454],[-75.67648,9.21382],[-75.67656,9.21282]],[[-75.67524,9.18723],[-75.67533,9.18352],[-75.67605,9.18334],[-75.6769,9.18216],[-75.67842,9.18243],[-75.67969,9.18198],[-75.67972,9.18053],[-75.68031,9.18098],[-75.68024,9.18179],[-75.68115,9.18143],[-75.68071,9.18116],[-75.68109,9.18108],[-75.68105,9.18044],[-75.67898,9.17755],[-75.67822,9.17548],[-75.67853,9.17257],[-75.67977,9.17315],[-75.67913,9.17375],[-75.67913,9.17574],[-75.68138,9.17866],[-75.68139,9.17942],[-75.68242,9.18034],[-75.68487,9.17907],[-75.68451,9.1782],[-75.68495,9.17786],[-75.68418,9.17795],[-75.68287,9.17926],[-75.68187,9.17856],[-75.68269,9.17862],[-75.68305,9.17787],[-75.68205,9.17777],[-75.68314,9.17718],[-75.68215,9.17718],[-75.68314,9.17654],[-75.68316,9.17592],[-75.68307,9.17546],[-75.68225,9.17522],[-75.68275,9.17521],[-75.68206,9.17374],[-75.68497,9.17229],[-75.68571,9.17251],[-75.6856,9.17108],[-75.68292,9.17229],[-75.68249,9.17211],[-75.68568,9.17039],[-75.6854,9.16894],[-75.68479,9.16902],[-75.68468,9.16864],[-75.68567,9.16858],[-75.68522,9.16765],[-75.68568,9.16695],[-75.68503,9.1672],[-75.68534,9.16611],[-75.67939,9.16741],[-75.6783,9.16805],[-75.6781,9.16961],[-75.67716,9.17083],[-75.67621,9.17004],[-75.67512,9.17005],[-75.67284,9.17086],[-75.67239,9.17177],[-75.67258,9.17285],[-75.67431,9.17359],[-75.67458,9.17499],[-75.6734,9.1781],[-75.67312,9.18226],[-75.67096,9.18462],[-75.67069,9.18914],[-75.67224,9.19004],[-75.67394,9.18978],[-75.67524,9.18723]],[[-75.67358,9.17557],[-75.67376,9.17566],[-75.67422,9.17376],[-75.67331,9.17385],[-75.67358,9.17557]],[[-75.68649,9.16722],[-75.68594,9.16758],[-75.68667,9.16822],[-75.68704,9.16794],[-75.68649,9.16722]],[[-75.6874,9.16903],[-75.68649,9.16858],[-75.68704,9.17029],[-75.68741,9.1702],[-75.6874,9.16903]],[[-75.68759,9.17147],[-75.68704,9.17102],[-75.6875,9.17183],[-75.68641,9.17192],[-75.68632,9.17274],[-75.68732,9.17256],[-75.68778,9.17292],[-75.68878,9.17228],[-75.68895,9.16912],[-75.68795,9.16912],[-75.68768,9.17038],[-75.68814,9.17102],[-75.68759,9.17147]],[[-75.6865,9.16993],[-75.68613,9.16993],[-75.68604,9.17102],[-75.68668,9.17102],[-75.6865,9.16993]],[[-75.68896,9.17409],[-75.68969,9.17508],[-75.69133,9.1758],[-75.69242,9.17399],[-75.69069,9.17391],[-75.6896,9.17309],[-75.68769,9.17382],[-75.68769,9.17436],[-75.68896,9.17409]],[[-75.68951,9.1778],[-75.69079,9.17843],[-75.69206,9.17716],[-75.69379,9.17643],[-75.69406,9.17571],[-75.69279,9.17535],[-75.6917,9.17635],[-75.69051,9.17644],[-75.68951,9.1778]],[[-75.68687,9.17491],[-75.68687,9.17409],[-75.68623,9.17382],[-75.68623,9.17455],[-75.68687,9.17491]],[[-75.68496,9.17437],[-75.68541,9.17455],[-75.68577,9.17355],[-75.68496,9.17437]],[[-75.69088,9.17933],[-75.69161,9.17951],[-75.69161,9.1787],[-75.69088,9.17933]],[[-75.68812,9.16288],[-75.68903,9.16251],[-75.68857,9.16188],[-75.68803,9.16188],[-75.68812,9.16288]],[[-75.67736,9.14978],[-75.67636,9.15024],[-75.67654,9.15051],[-75.67736,9.14978]]],[[[-75.65885,9.18473],[-75.65912,9.18373],[-75.65958,9.18328],[-75.65857,9.18129],[-75.65839,9.17894],[-75.65766,9.17804],[-75.65793,9.17704],[-75.65684,9.17704],[-75.65684,9.17625],[-75.65881,9.17745],[-75.6592,9.17803],[-75.6603,9.18156],[-75.66312,9.18221],[-75.66308,9.183],[-75.66058,9.18301],[-75.65922,9.184],[-75.66029,9.18578],[-75.65995,9.18725],[-75.65935,9.18714],[-75.65931,9.18645],[-75.65986,9.18536],[-75.65885,9.18473]]],[[[-75.64793,9.18402],[-75.64875,9.18475],[-75.64939,9.18474],[-75.64948,9.18429],[-75.64802,9.18303],[-75.64729,9.18104],[-75.64674,9.18077],[-75.64774,9.18086],[-75.6481,9.17905],[-75.64756,9.17833],[-75.64819,9.1776],[-75.64892,9.17778],[-75.64947,9.17896],[-75.65038,9.17941],[-75.65038,9.1814],[-75.65193,9.18148],[-75.65175,9.18212],[-75.6502,9.18158],[-75.64966,9.18212],[-75.65148,9.18248],[-75.65212,9.18347],[-75.65339,9.1832],[-75.65275,9.18248],[-75.65357,9.18067],[-75.65402,9.18148],[-75.6553,9.18103],[-75.65475,9.18247],[-75.65348,9.18329],[-75.65294,9.18474],[-75.65175,9.1851],[-75.65203,9.18564],[-75.65076,9.187],[-75.65021,9.18682],[-75.65012,9.18565],[-75.6493,9.18547],[-75.64793,9.18402]]],[[[-75.64775,9.18339],[-75.64784,9.18393],[-75.64565,9.18367],[-75.64583,9.18303],[-75.64775,9.18339]]],[[[-75.68206,9.19153],[-75.68144,9.19165],[-75.68144,9.19138],[-75.68208,9.19147],[-75.68235,9.19092],[-75.68231,9.19148],[-75.68286,9.1914],[-75.6827,9.19355],[-75.68163,9.19336],[-75.68168,9.19174],[-75.68206,9.19153]]],[[[-75.65177,9.19379],[-75.65077,9.19451],[-75.6505,9.19388],[-75.65131,9.19351],[-75.65177,9.19379]]],[[[-75.65177,9.19577],[-75.65232,9.19632],[-75.65214,9.1974],[-75.65296,9.19695],[-75.65323,9.19794],[-75.65196,9.19767],[-75.65096,9.19849],[-75.6505,9.1956],[-75.65177,9.19577]]],[[[-75.64595,9.19741],[-75.64623,9.19814],[-75.64541,9.19859],[-75.64459,9.19823],[-75.64449,9.19651],[-75.64595,9.19741]]],[[[-75.64559,9.20022],[-75.64541,9.20121],[-75.64486,9.20049],[-75.64523,9.19968],[-75.64559,9.20022]]],[[[-75.65743,9.20029],[-75.65752,9.20155],[-75.65716,9.20155],[-75.65643,9.20074],[-75.65743,9.20029]]],[[[-75.66426,9.20462],[-75.66417,9.20344],[-75.66517,9.20398],[-75.66417,9.20525],[-75.66262,9.20498],[-75.66426,9.20462]]],[[[-75.65052,9.20455],[-75.65061,9.2041],[-75.65215,9.20473],[-75.65179,9.20572],[-75.65216,9.20708],[-75.65052,9.20455]]],[[[-75.65635,9.2096],[-75.65799,9.2106],[-75.65835,9.21023],[-75.65818,9.20883],[-75.65899,9.20879],[-75.65908,9.21034],[-75.65824,9.21162],[-75.65618,9.21313],[-75.65509,9.21666],[-75.65581,9.21214],[-75.65644,9.21123],[-75.65635,9.2096]]],[[[-75.68148,9.21426],[-75.6803,9.21553],[-75.68021,9.21508],[-75.68148,9.21426]]],[[[-75.67684,9.21617],[-75.67785,9.2177],[-75.67667,9.21825],[-75.67566,9.21735],[-75.67575,9.21662],[-75.67684,9.21617]]],[[[-75.67976,9.21662],[-75.6804,9.2177],[-75.68113,9.21761],[-75.68176,9.21824],[-75.68222,9.21724],[-75.68267,9.21733],[-75.68322,9.21866],[-75.68213,9.21833],[-75.68186,9.21874],[-75.67885,9.2187],[-75.6794,9.21806],[-75.67921,9.21725],[-75.67976,9.21662]]],[[[-75.654,9.21911],[-75.65337,9.2211],[-75.65355,9.22226],[-75.65346,9.22245],[-75.65309,9.2201],[-75.654,9.21911]]],[[[-75.65401,9.22327],[-75.65563,9.22308],[-75.65574,9.22317],[-75.6541,9.22399],[-75.65365,9.22354],[-75.65374,9.22281],[-75.65401,9.22327]]],[[[-75.6724,9.2235],[-75.6718,9.22466],[-75.66785,9.22523],[-75.66876,9.2246],[-75.67122,9.22441],[-75.6724,9.2235]]],[[[-75.66631,9.23138],[-75.6664,9.23048],[-75.66567,9.23003],[-75.66558,9.22885],[-75.66467,9.22813],[-75.66503,9.22686],[-75.66676,9.22577],[-75.66612,9.22677],[-75.66603,9.22822],[-75.66695,9.23183],[-75.66887,9.23445],[-75.66987,9.23463],[-75.67118,9.23385],[-75.67187,9.23373],[-75.67187,9.23381],[-75.6706,9.23427],[-75.67023,9.23509],[-75.66823,9.23418],[-75.66631,9.23138]]]]}}
]
}
